=== [1/2] Scrapers principales (medicamentos-alto-costo) ===
================================================================
 RD FarmaValue → medicamentos_altos_costos_america
================================================================
Descargando catálogo FarmaValue (https://fd-app.3c.group/api/v1/producto) …
Catálogo vivo: 12402 productos
  cruzando catálogo 2000/12402
  cruzando catálogo 4000/12402
  cruzando catálogo 6000/12402
  cruzando catálogo 8000/12402
  cruzando catálogo 10000/12402
  cruzando catálogo 12000/12402
Lista DAMAC/FOMAC: 88 medicamentos
Coincidencias a guardar: 34  (ok=23, revisar=11)
Tabla lista: P_aguila.medicamentos_altos_costos_america
MERGE 34 filas · obsoletos: 16 · RD FarmaValue en tabla: 34 · total tabla: 1090
   6  Bicalutamida
   5  Acetato de leuprorelina
   5  Inmunoglobulina humana
   5  Tacrolimus
   2  Adalimumab
   2  Micofenolato mofetilo
   2  Ácido zoledrónico
   1  Acetato de abiraterona
   1  Acetato de goserelina
   1  Bosentán
   1  Filgrastim
   1  Letrozol
   1  Micofenolato sódico
   1  Pirfenidona
================================================================
 RD Farmacia Carol → medicamentos_altos_costos_america
================================================================
Búsquedas Carol: 326
  [3/326] zytiga: 1 producto(s)
  [4/326] acetato de abiraterona: 30 producto(s)
  [10/326] zoladex: 2 producto(s)
  [12/326] prozoladex la: 26 producto(s)
  [15/326] leuprolide: 2 producto(s)
  [18/326] lupron: 4 producto(s)
  [19/326] lectrum: 4 producto(s)
  [20/326] lupron depot: 8 producto(s)
  [21/326] eligard: 2 producto(s)
  [22/326] zoledronico: 1 producto(s)
  [25/326] zometa: 1 producto(s)
  [26/326] aclasta: 1 producto(s)
  [27/326] acido zoledronico: 29 producto(s)
  [29/326] humira: 1 producto(s)
  [30/326] amgevita: 1 producto(s)
  [32/326] hyrimoz: 1 producto(s)
  [50/326] …
  [53/326] avastin: 3 producto(s)
  [57/326] bicalutamida: 1 producto(s)
  [59/326] casodex: 2 producto(s)
  [75/326] …
  [95/326] revolade: 1 producto(s)
  [100/326] …
  [101/326] xtandi: 1 producto(s)
  [103/326] enbrel: 1 producto(s)
  [111/326] factor viii: 4 producto(s)
  [112/326] factor 8: 22 producto(s)
  [121/326] epidermal growth factor: 2 producto(s)
  [122/326] heberprot: 1 producto(s)
  [125/326] …
  [126/326] factor ix: 30 producto(s)
  [127/326] factor 9: 9 producto(s)
  [131/326] filgrastim: 1 producto(s)
  [147/326] imbruvica: 1 producto(s)
  [150/326] glivec: 1 producto(s)
  [159/326] inmunoglobulina: 2 producto(s)
  [167/326] interferon beta 1a: 30 producto(s)
  [175/326] …
  [180/326] tykerb: 1 producto(s)
  [185/326] letrozol: 1 producto(s)
  [187/326] femara: 1 producto(s)
  [188/326] micofenolato mofetilo: 2 producto(s)
  [190/326] cellcept: 1 producto(s)
  [196/326] myfortic: 1 producto(s)
  [200/326] …
  [208/326] sandostatin: 2 producto(s)
  [210/326] sandostatin lar: 26 producto(s)
  [214/326] xolair: 1 producto(s)
  [216/326] tagrisso: 1 producto(s)
  [222/326] invega: 3 producto(s)
  [225/326] …
  [235/326] pertuzumab y trastuzumab: 14 producto(s)
  [248/326] riluzol: 1 producto(s)
  [250/326] …
  [255/326] mabthera: 1 producto(s)
  [262/326] rapamune: 1 producto(s)
  [269/326] norditropin: 3 producto(s)
  [270/326] saizen: 1 producto(s)
  [274/326] nexavar: 1 producto(s)
  [275/326] …
  [278/326] tacrolimus: 2 producto(s)
  [279/326] prograf: 3 producto(s)
  [286/326] forteo: 1 producto(s)
  [292/326] actemra: 1 producto(s)
  [296/326] xeljanz xr: 30 producto(s)
  [298/326] herceptin: 1 producto(s)
  [300/326] …
  [302/326] stelara: 1 producto(s)
  [325/326] …
Productos Carol únicos: 327
Coincidencias lista: 64  (ok=63, revisar=1)
Tabla lista: P_aguila.medicamentos_altos_costos_america
MERGE 64 filas · obsoletos: 10 · RD Carol: 64 · total tabla: 1080
  12  Acetato de leuprorelina
   5  Tacrolimus
   4  Somatropina
   3  Adalimumab
   3  Bicalutamida
   3  Micofenolato mofetilo
   3  Palmitato de paliperidona
   3  Ácido zoledrónico
   2  Acetato de goserelina
   2  Inmunoglobulina humana
   2  Letrozol
   2  Octreotida
   1  Acetato de abiraterona
   1  Eltrombopag
   1  Enzalutamida
   1  Etanercept
   1  Factor de crecimiento epidérmico humano recombinante
   1  Filgrastim
   1  Ibrutinib
   1  Imatinib
   1  Lapatinib ditosilato
   1  Micofenolato sódico
   1  Omalizumab
   1  Osimertinib mesilato
   1  Riluzol
   1  Rituximab
   1  Sirolimus
   1  Sorafenib tosilato
   1  Teriparatida
   1  Tocilizumab
   1  Trastuzumab
   1  Ustekinumab
================================================================
 RD farmacias.do → medicamentos_altos_costos_america
================================================================
Descargando sitemap farmacias.do …
  sitemap-products-1.xml: 10000
  sitemap-products-2.xml: 10000
  sitemap-products-3.xml: 10000
  sitemap-products-4.xml: 131
URLs totales farmacias.do: 30131
URLs candidatas a revisar: 152
  [1/152] Abiraterona Acetato, 60 Tabletas
  [2/152] Abiratral 250mg 120 Comprimidos Abiraterona Acetato 250mgac
  [3/152] Acido Zoledronico LAM 4mg/5ml x 5ml Sol Iny
  [4/152] Acido Zoledronico Ma 4mg 1 Ampolla IV Ac
  [5/152] Aclasta 5mg 100mlac
  [6/152] Aclasta 5mg Solucion IV, Frasco
  [7/152] Aclasta 5mg/100ml
  [8/152] Aclasta Livi 5 mg 100 ml Solucion
  [9/152] Actemra 162mg 4 Jeringas Precargadas Ac
  [10/152] Afinitor 10mg x 30tab
  [11/152] Amgevita 40mg Solucion Inyectable 1 Jeringa Prellenada Ac
  [12/152] Avastin 400mg Ampolla
  [13/152] Avastin Viales 100mg4ml x 1
  [14/152] Bendavar 100mg Amp Vial
  [15/152] Bendavar 25mg Amp Vial
  [16/152] Bicalutamida Sandoz 50mg 30 Tabletas Ac
  [17/152] Bicalutamida Sandoz 50mg x 30 Tab
  [18/152] Bortezomib Sandoz 3,5mg x 1 ml Vial
  [19/152] Capecitabina LAM 500mg x 120 Compr
  [20/152] Capecitabina Sandoz 500mg x 120tab.
  [21/152] Casodex 150mg x 28tab
  [22/152] Casodex 50 mg x 28 Tab D
  [23/152] Cellcept 500mg 50 Comprimidosac
  [24/152] Cellcept 500mg x 50tab
  [25/152] Certican Tab 0.50 mg x 60 Tab
  [26/152] Certican Tab 0.75 mg x 60 Tab
  [27/152] Citabiclos 25mg 50 Capsulas Ciclosporinaac
  [28/152] Darzalex 400mg/20 ml x 1 Amp
  [29/152] Eligard 22.5 mg
  [30/152] Eligard 22.5mg Suspension Inyectable Subcutaneaac
  [31/152] Eligard 45 mg
  [32/152] Eligard 45mg Suspension Inyectable Subcutaneaac
  [33/152] Enbrel 25mg 4 Jeringa 1ml Ac
  [34/152] Enbrel 50mg Iny
  [35/152] Ensure Advance Nutrivigor Sabor Vainilla 400 g Formula Infan
  [36/152] Ensure Advance Nutrivigor Sabor Vainilla 850 g
  [37/152] Ensure Advance Nutrivigor Vain. 400gr
  [38/152] Erbitux 5mg/ml Sol. x 1 Vial
  [39/152] Everolimus 10mg x 10tab
  [40/152] Everolimus 5mg x 10tab
  [41/152] Exjade 500mg x 28tab
  [42/152] Faslodex 250mg x 2 Fco 5ml Jering Pre-Llenada (5
  [43/152] Faslodex 250mg/5ml Sol. Iny.
  [44/152] Faslodex Liquido 250 mg 2x5mlac
  [45/152] Femara 2.5mg, 30
  [46/152] Femara Fct 2.5mg x 30tab
  [47/152] Filatil 300mg x 1 Amp
  [48/152] Filgrastim 300mcg Injectable Biosidus, 1 Vial?
  [49/152] Filgrastim 300ui Iclos Solucion Inyectable 1 Jeringa Prellenadas 1ml Ac
  [50/152] Filgrastim Biosidus 300mcg x 1amp
  [51/152] Filgrastim Sol. Iny. 300mg x 1amp Roemmer
  [52/152] Forteo 250 mcg/ml
  [53/152] Glivec Fct 400mg x 30tab Imp
  [54/152] Herceptin 600mg/5ml
  [55/152] Hyperhep-B Sol Iny 5ml Inmunoglobulina)
  [56/152] Hyrimoz 40mg /0.8ml x 2 Jeringa
  [57/152] Ibrance 100 mg x 21 Caps
  [58/152] Ibrance 125mg x 21cap
  [59/152] Igantet Inmunoglobulina Humana 250 Ui.1ml
  [60/152] Imbruvica 420mg x 30cap
  [61/152] Imbruvica 560mg x 30cap
  [62/152] Inmunoglobulina Humana del Tetano 250ui Iny
  [63/152] Invega Sustena 75mg/0.75ml x Jering Pre-Llenada
  [64/152] Invega Sustenna 100mg Jeringa Prellenadaac
  [65/152] Invega Sustenna 150mg Jeringa Prellenadaac
  [66/152] Invega Sustenna 75mg Jeringa Prellenadaac
  [67/152] Invega Sustenna150mg/1.5mlx Jering Pre-Llenada
  [68/152] Jubi-R 100mg x 1amp (Remdesivir)
  [69/152] Keytruda Sfi 100mg/4ml (10ml)
  [70/152] Kisqali 200mg 63 Comprimidos Ac
  [71/152] Kisqali 200mg x 63 Tabletas
  [72/152] Lectrum 11.25mg x 1amp. Vial
  [73/152] Lectrum 3.75mg x 1amp. Vial
  [74/152] Lectrum 7.5mg x 1amp
  [75/152] Letrozol 2.5mg x 30 Comp
  [76/152] Letrozol Microsules 2.5 mg x 30 Comp
  [77/152] Letrozol Varifarma 2.5mg x 30 Comp
  [78/152] Liteda 100mg x 30 Comp
  [79/152] Lupex 14mg / 30 Tabletas
  [80/152] Lupoide Acetato de Leuprolide 3.75 mg Polvo Solucion Inyecta
  [81/152] Lupron Depot 11.25mg
  [82/152] Lupron Depot 11.25mg/mL Solucion Inyectable - 3 Meses, Jeringa Precargada
  [83/152] Lupron Depot 22.5mg
  [84/152] Lupron Depot 3.75mg
  [85/152] Lupron Depot 7.5mg
  [86/152] Mabthera 100mg 10ml Infusionac
  [87/152] Mabthera 100mg/10ml 2 Amp
  [88/152] Mabthera 1400mg/11.7 Ml1 Vial
  [89/152] Mabthera 500 mg 50 ml x 1 Vial
  [90/152] Mabthera 500mg 50ml Infusion Ac
  [91/152] Micofenolato Sandoz 250mg x 50tab
  [92/152] Micofenolato Sandoz 500mg x 50
  [93/152] Myfortic 360mg 120 Comprimidosac
  [94/152] Myfortic Fct 360mg x 120comp
  [95/152] Nexavar 200mg x 60 Tab
  [96/152] Ninavir 100mg Vial ( Remdesivir)
  [97/152] Norditropin Nordiflex 5mg/1.5 ml x Amp
  [98/152] Octagam 10% 100ml
  [99/152] Onicit Inyectable Amp.
  [100/152] Osteogen 4mg Amp.( Acido Zoledronico)
  [101/152] Prograf XL 0.5mg Capsula
  [102/152] Prograf XL 1mg x 50cap
  [103/152] Prograf XL 5mg x 50cap
  [104/152] Prozoladex Amp 10.8 mg
  [105/152] Prozoladex Amp 3.6 mg
  [106/152] ProZoladex la 10.8mg Accion Prolongada, 1 Jeringa Prellenada con Funda Protector
  [107/152] Rapamune 1gr 100 Tab
  [108/152] Remdesivir 100mg Iny Bdrem
  [109/152] Remicade 100mg Vial
  [110/152] Revolade 25mg / 28 Tabletas
  [111/152] Rhoclone 300mcg Anti-Rho 1ml Iny Inmunoglobulina
  [112/152] Rhoclone 300mcg Antid Solucion Inyectable 1ml Inmunoglobulina Anti Rhod
  [113/152] Ribomustin 100mg/40 ml
  [114/152] Rixathon 100mg/ 10ml
  [115/152] Rixathon 500mg/ 50ml IV
  [116/152] Sandimmun Neoral 100mg 50ml Sol
  [117/152] Sandimmun Neoral 100mg x 50cap
  [118/152] Sandimmun Neoral 25mg x 50 Cap
  [119/152] Sandostatin Lar 20mg x 1 Vial
  [120/152] Sandostatin Liam 0.05mg 1ml 5amp
  [121/152] Sandostatin Liam 0.1mg 1ml x 5 Amp
  [122/152] Scapho 150mg x Pluma Recargada
  [123/152] Simponi 50mg 0.5ml
  [124/152] Simulect Lyvi 20mg
  [125/152] Sutent 25 mg x 28 Cap
  [126/152] Sutent 50mg x 28 Tab
  [127/152] Tacrolimus Sandoz 0.5mg x 50tab
  [128/152] Tacrolimus Sandoz 1mg, 50 Capsulas
  [129/152] Tacrolimus Sandoz 1mg x 50tab
  [130/152] Tasigna 200mg x 112cap
  [131/152] Tavastina 10mg, Caja de 30 Comprimidos
  [132/152] Tavastina 20 mg x 30 Comps
  [133/152] Tavastina Ez 10 / 10 mg x 30 Comps
  [134/152] Tavastina Ez 10/10mg x 30tab
  [135/152] Tavastina Ez 20 / 10 mg x 30 Comps
  [136/152] Tavastina Ez 20/10mg x 30tab
  [137/152] Tetglob 250 ui Suspension Inyectable. Inmunoglobulina Antitetanica B.p. Humana
  [138/152] Timoglobulina 5mg/ml Vial (25mg)
  [139/152] Truxima 100mg/10ml Fco
  [140/152] Truxima 500mg/50ml( 10mg/ml)
  [141/152] Tygarona 250mg 120 Comprimidos Abirateronaac
  [142/152] Tykerb 250mg 70 Comprimidos Ac
  [143/152] Tykerb 250mg x 70tab (Lapatinib)
  [144/152] Vidaza 100mg x 1 Ampolla
  [145/152] Xeljanz 11mg XR x 30 Tabl
  [146/152] Xeljanz 5mg x 60 Tab
  [147/152] Xeloda 500mg x 120comp.
  [148/152] Xtandi 40mg x 120 Caps
  [149/152] Z1-Amgevita 40mg/0.8mL Solucion Inyectable
  [150/152] Zometa 4mg/5ml, 1 Ampolla
  [151/152] Zometa Livi 4mg 5ml 1 x 1 U17 Sh36
  [152/152] Zytiga 500mg x 60 Comprimidos
Lista DAMAC/FOMAC: 88 medicamentos
Coincidencias a guardar: 158  (ok=107, revisar=51)
Tabla lista: P_aguila.medicamentos_altos_costos_america
MERGE 158 filas · obsoletos: 0 · por farmacia: Los Hidalgos=109 · GBC=22 · FarmaValue=16 · Carol=10 · Farmacia Patrizo=1 · total tabla: 1215
  20  Acetato de leuprorelina
  10  Inmunoglobulina humana
  10  Ácido zoledrónico
   9  Rituximab
   6  Filgrastim
   6  Palmitato de paliperidona
   6  Tacrolimus
   5  Bicalutamida
   5  Everolimus
   5  Letrozol
   5  Micofenolato mofetilo
   4  Acetato de abiraterona
   4  Ciclosporina
   3  Acetato de goserelina
   3  Adalimumab
   3  Bendamustina
   3  Capecitabina
   3  Fulvestrant
   3  Octreotida
   3  Remdesivir
   2  Bevacizumab
   2  Etanercept
   2  Ibrutinib
   2  Lapatinib ditosilato
   2  Micofenolato sódico
   2  Palbociclib
   2  Ribociclib
   2  Sunitinib
   2  Tofacitinib
   1  Azacitidina
   1  Basiliximab
   1  Bortezomib
   1  Cetuximab
   1  Daratumumab
   1  Dasatinib
   1  Deferasirox
   1  Eltrombopag
   1  Enzalutamida
   1  Golimumab
   1  Imatinib
   1  Infliximab
   1  Nilotinib
   1  Palonosetrón
   1  Pembrolizumab
   1  Secukinumab
   1  Sirolimus
   1  Somatropina
   1  Sorafenib tosilato
   1  Teriflunomida
   1  Teriparatida
   1  Timoglobulina de conejo (antitimocitos humana)
   1  Tocilizumab
   1  Trastuzumab
================================================================
 RD Qualipharma → medicamentos_altos_costos_america
================================================================
Descargando catálogo Qualipharma (https://qualipharma.com.do/wp-json/wc/store/v1/products) …
Catálogo vivo: 11 productos
Lista DAMAC/FOMAC: 88 medicamentos
Coincidencias a guardar: 5  (ok=5, revisar=0)
Tabla lista: P_aguila.medicamentos_altos_costos_america
MERGE 5 filas · obsoletos: 0 · RD Qualipharma: 5 · total tabla: 1215
   1  Ibrutinib
   1  Imatinib
   1  Osimertinib mesilato
   1  Palbociclib
   1  Sorafenib tosilato
================================================================
 BR Pague Menos → medicamentos_altos_costos_america
================================================================
  ·   5  Acetato de abiraterona
      0  Acetato de glatiramer
  ·   2  Acetato de goserelina
  ·  10  Acetato de leuprorelina
  ·   3  Ácido zoledrónico
  ·   2  Adalimumab
      0  Agalsidasa beta
      0  Atezolizumab
      0  Azacitidina
      0  Basiliximab
      0  Bendamustina
  ·   2  Bevacizumab
  ·   3  Bicalutamida
  error Bortezomib / BORTEZOMIB (COMO BORONATO ESTER DE MANITOL): 400 Client Error: Bad Request for url: https://www.paguemenos.com.br/api/catalog_system/pub/products/search?ft=BORTEZOMIB%20%28COMO%20BORONATO%20ESTER%20DE%20MANITOL%29&_from=0&_to=49
      0  Bortezomib
  ·   3  Bosentán
  ·  10  Capecitabina
  ·   2  Cetuximab
  ·   4  Ciclosporina
  ·   3  Cladribina
      0  Daratumumab
  error Dasatinib / DASATINIB (COMO MONOHIDRATO): 400 Client Error: Bad Request for url: https://www.paguemenos.com.br/api/catalog_system/pub/products/search?ft=DASATINIB%20%28COMO%20MONOHIDRATO%29&_from=0&_to=49
      0  Dasatinib
  ·   3  Deferasirox
      0  Dornasa alfa
  ·   4  Eltrombopag
      0  Emicizumab
  ·   2  Enzalutamida
  ·   3  Etanercept
  ·   6  Everolimus
      0  Factor de coagulación VIII
      0  Factor de crecimiento epidérmico humano recombinante
      0  Factor IX
  ·   1  Filgrastim
  ·   2  Fingolimod
  ·   2  Fulvestrant
      0  Galsulfasa
  ·   2  Golimumab
  error Guselkumab / TREMFYA 200 MG / 20 ML (10 MG/ML): 400 Client Error: Bad Request for url: https://www.paguemenos.com.br/api/catalog_system/pub/products/search?ft=TREMFYA%20200%20MG%20/%2020%20ML%20%2810%20MG/ML%29&_from=0&_to=49
      0  Guselkumab
  ·   5  Ibrutinib
  ·   8  Imatinib
      0  Imiglucerasa
  ·   1  Infliximab
  error Inmunoglobulina humana / PROTEÍNA DE INMUNOGLOBULINA (HUMANA): 400 Client Error: Bad Request for url: https://www.paguemenos.com.br/api/catalog_system/pub/products/search?ft=PROTE%C3%8DNA%C2%A0DE%C2%A0INMUNOGLOBULINA%C2%A0%28HUMANA%29&_from=0&_to=49
  error Inmunoglobulina humana / INMUNOGLOBULINA ANTIHEPATITIS B (HUMANA): 400 Client Error: Bad Request for url: https://www.paguemenos.com.br/api/catalog_system/pub/products/search?ft=INMUNOGLOBULINA%20ANTIHEPATITIS%20B%20%28HUMANA%29&_from=0&_to=49
  error Inmunoglobulina humana / imunoGLOBULINA ANTIHEPATITIS B (HUMANA): 400 Client Error: Bad Request for url: https://www.paguemenos.com.br/api/catalog_system/pub/products/search?ft=imunoGLOBULINA%20ANTIHEPATITIS%20B%20%28HUMANA%29&_from=0&_to=49
  error Inmunoglobulina humana / INMUNOGLOBULINA ANTI RHO-D (MONOCLONAL): 400 Client Error: Bad Request for url: https://www.paguemenos.com.br/api/catalog_system/pub/products/search?ft=INMUNOGLOBULINA%20ANTI%20RHO-D%20%28MONOCLONAL%29&_from=0&_to=49
  error Inmunoglobulina humana / imunoGLOBULINA ANTI RHO-D (MONOCLONAL): 400 Client Error: Bad Request for url: https://www.paguemenos.com.br/api/catalog_system/pub/products/search?ft=imunoGLOBULINA%20ANTI%20RHO-D%20%28MONOCLONAL%29&_from=0&_to=49
  error Inmunoglobulina humana / INMUNOGLOBULINA NORMAL (HUMANA): 400 Client Error: Bad Request for url: https://www.paguemenos.com.br/api/catalog_system/pub/products/search?ft=INMUNOGLOBULINA%20NORMAL%20%28HUMANA%29&_from=0&_to=49
  error Inmunoglobulina humana / imunoGLOBULINA NORMAL (HUMANA): 400 Client Error: Bad Request for url: https://www.paguemenos.com.br/api/catalog_system/pub/products/search?ft=imunoGLOBULINA%20NORMAL%20%28HUMANA%29&_from=0&_to=49
  error Inmunoglobulina humana / INMUNOGLOBULINA HUMANA (PH 4): 400 Client Error: Bad Request for url: https://www.paguemenos.com.br/api/catalog_system/pub/products/search?ft=INMUNOGLOBULINA%20HUMANA%20%28PH%204%29&_from=0&_to=49
  error Inmunoglobulina humana / imunoGLOBULINA HUMANA (PH 4): 400 Client Error: Bad Request for url: https://www.paguemenos.com.br/api/catalog_system/pub/products/search?ft=imunoGLOBULINA%20HUMANA%20%28PH%204%29&_from=0&_to=49
      0  Inmunoglobulina humana
      0  Interferón beta 1A
      0  Interferón beta 1B
  ·   1  Lapatinib ditosilato
  error Lenalidomida / LENALIDOMIDA (FORMA-H1): 400 Client Error: Bad Request for url: https://www.paguemenos.com.br/api/catalog_system/pub/products/search?ft=LENALIDOMIDA%20%28FORMA-H1%29&_from=0&_to=49
      0  Lenalidomida
  ·   9  Letrozol
  ·   3  Micofenolato mofetilo
  ·   2  Micofenolato sódico
  ·   2  Nilotinib
      0  Obinutuzumab
      0  Ocrelizumab
  ·   4  Octreotida
  ·   1  Olaparib
  ·   1  Omalizumab
  ·   2  Osimertinib mesilato
  ·   3  Palbociclib
  ·  11  Palmitato de paliperidona
  ·   2  Pembrolizumab
  ·   1  Pertuzumab
      0  Pertuzumab/Trastuzumab
  ·   1  Pirfenidona
  ·   2  Regorafenib
      0  Remdesivir
  ·   6  Ribociclib
  ·   1  Riluzol
  ·   4  Riociguat
  error Rituximab / RITUXIMAB (R-DNA ORIGIN): 400 Client Error: Bad Request for url: https://www.paguemenos.com.br/api/catalog_system/pub/products/search?ft=RITUXIMAB%20%28R-DNA%20ORIGIN%29&_from=0&_to=49
      0  Rituximab
      0  Secukinumab
  ·   2  Sirolimus
      0  Sofosbuvir/Velpatasvir
  ·  16  Somatropina
  ·   1  Sorafenib tosilato
  ·   4  Sunitinib
  ·   2  Tacrolimus
  ·   2  Teriflunomida
  ·   1  Teriparatida
  error Timoglobulina de conejo (antitimocitos humana) / Timoglobulina de conejo (antitimocitos humana): 400 Client Error: Bad Request for url: https://www.paguemenos.com.br/api/catalog_system/pub/products/search?ft=Timoglobulina%20de%20conejo%20%28antitimocitos%20humana%29&_from=0&_to=49
      0  Timoglobulina de conejo (antitimocitos humana)
      0  Tocilizumab
  ·   1  Tofacitinib
  error Trastuzumab / TRAZIMERA 440 mg POLVO.....(VER AL DORSO).: 400 Client Error: Bad Request for url: https://www.paguemenos.com.br/api/catalog_system/pub/products/search?ft=TRAZIMERA%20440%20mg%20POLVO.....%28VER%20AL%20DORSO%29.&_from=0&_to=49
      0  Trastuzumab
  ·   4  Ustekinumab
  ·   1  Valganciclovir
      0  Blinatumomab
  ·   1  PEG-ASP (pegilada)
      0  Risdiplam
      0  Pegfilgrastim
  ·   1  Palonosetrón
Lista: 88 medicamentos
Coincidencias a guardar: 180  (ok=174, revisar=6, con precio=180)
Tabla lista: P_aguila.medicamentos_altos_costos_america
MERGE 180 filas · obsoletos: 0 · BR Pague Menos en tabla: 180 · total tabla: 1215
  16  Somatropina
  11  Palmitato de paliperidona
  10  Acetato de leuprorelina
  10  Capecitabina
   9  Letrozol
   8  Imatinib
   6  Everolimus
   6  Ribociclib
   5  Acetato de abiraterona
   5  Ibrutinib
   4  Ciclosporina
   4  Eltrombopag
   4  Octreotida
   4  Riociguat
   4  Sunitinib
   4  Ustekinumab
   3  Bicalutamida
   3  Bosentán
   3  Cladribina
   3  Deferasirox
   3  Etanercept
   3  Micofenolato sódico
   3  Palbociclib
   3  Ácido zoledrónico
   2  Acetato de goserelina
   2  Adalimumab
   2  Bevacizumab
   2  Cetuximab
   2  Enzalutamida
   2  Fingolimod
   2  Fulvestrant
   2  Golimumab
   2  Micofenolato mofetilo
   2  Nilotinib
   2  Osimertinib mesilato
   2  Pembrolizumab
   2  Regorafenib
   2  Sirolimus
   2  Tacrolimus
   2  Teriflunomida
   1  Filgrastim
   1  Infliximab
   1  Lapatinib ditosilato
   1  Olaparib
   1  Omalizumab
   1  PEG-ASP (pegilada)
   1  Palonosetrón
   1  Pertuzumab
   1  Pirfenidona
   1  Riluzol
   1  Sorafenib tosilato
   1  Teriparatida
   1  Tofacitinib
   1  Valganciclovir
================================================================
 BR Drogasil → medicamentos_altos_costos_america
================================================================
  red no disponible (bloqueado HTTP 403). Sigo con caché local.
      0  Acetato de abiraterona
      0  Acetato de glatiramer
      0  Acetato de goserelina
      0  Acetato de leuprorelina
      0  Ácido zoledrónico
      0  Adalimumab
      0  Agalsidasa beta
      0  Atezolizumab
      0  Azacitidina
      0  Basiliximab
      0  Bendamustina
      0  Bevacizumab
      0  Bicalutamida
      0  Bortezomib
      0  Bosentán
      0  Capecitabina
      0  Cetuximab
      0  Ciclosporina
      0  Cladribina
      0  Daratumumab
      0  Dasatinib
      0  Deferasirox
      0  Dornasa alfa
      0  Eltrombopag
      0  Emicizumab
      0  Enzalutamida
      0  Etanercept
      0  Everolimus
      0  Factor de coagulación VIII
      0  Factor de crecimiento epidérmico humano recombinante
      0  Factor IX
      0  Filgrastim
      0  Fingolimod
      0  Fulvestrant
      0  Galsulfasa
      0  Golimumab
      0  Guselkumab
      0  Ibrutinib
      0  Imatinib
      0  Imiglucerasa
      0  Infliximab
      0  Inmunoglobulina humana
      0  Interferón beta 1A
      0  Interferón beta 1B
      0  Lapatinib ditosilato
      0  Lenalidomida
      0  Letrozol
      0  Micofenolato mofetilo
      0  Micofenolato sódico
      0  Nilotinib
      0  Obinutuzumab
      0  Ocrelizumab
      0  Octreotida
      0  Olaparib
      0  Omalizumab
      0  Osimertinib mesilato
      0  Palbociclib
      0  Palmitato de paliperidona
      0  Pembrolizumab
      0  Pertuzumab
      0  Pertuzumab/Trastuzumab
      0  Pirfenidona
      0  Regorafenib
      0  Remdesivir
      0  Ribociclib
      0  Riluzol
      0  Riociguat
      0  Rituximab
      0  Secukinumab
      0  Sirolimus
      0  Sofosbuvir/Velpatasvir
      0  Somatropina
      0  Sorafenib tosilato
      0  Sunitinib
      0  Tacrolimus
      0  Teriflunomida
      0  Teriparatida
      0  Timoglobulina de conejo (antitimocitos humana)
      0  Tocilizumab
      0  Tofacitinib
      0  Trastuzumab
      0  Ustekinumab
      0  Valganciclovir
      0  Blinatumomab
      0  PEG-ASP (pegilada)
      0  Risdiplam
      0  Pegfilgrastim
      0  Palonosetrón
Lista: 88 medicamentos
Coincidencias a guardar: 0  (ok=0, revisar=0, con precio=0)
Tabla lista: P_aguila.medicamentos_altos_costos_america
  aviso: 0 coincidencias — no se purgan filas existentes
MERGE 0 filas · obsoletos: 0 · Brasil Drogasil: 0 · total tabla: 1215
================================================================
 BR Droga Raia → medicamentos_altos_costos_america
================================================================
  red no disponible (bloqueado HTTP 403). Sigo con caché local.
      0  Acetato de abiraterona
      0  Acetato de glatiramer
      0  Acetato de goserelina
      0  Acetato de leuprorelina
      0  Ácido zoledrónico
      0  Adalimumab
      0  Agalsidasa beta
      0  Atezolizumab
      0  Azacitidina
      0  Basiliximab
      0  Bendamustina
      0  Bevacizumab
      0  Bicalutamida
      0  Bortezomib
      0  Bosentán
      0  Capecitabina
      0  Cetuximab
      0  Ciclosporina
      0  Cladribina
      0  Daratumumab
      0  Dasatinib
      0  Deferasirox
      0  Dornasa alfa
      0  Eltrombopag
      0  Emicizumab
      0  Enzalutamida
      0  Etanercept
      0  Everolimus
      0  Factor de coagulación VIII
      0  Factor de crecimiento epidérmico humano recombinante
      0  Factor IX
      0  Filgrastim
      0  Fingolimod
      0  Fulvestrant
      0  Galsulfasa
      0  Golimumab
      0  Guselkumab
      0  Ibrutinib
      0  Imatinib
      0  Imiglucerasa
      0  Infliximab
      0  Inmunoglobulina humana
      0  Interferón beta 1A
      0  Interferón beta 1B
      0  Lapatinib ditosilato
      0  Lenalidomida
      0  Letrozol
      0  Micofenolato mofetilo
      0  Micofenolato sódico
      0  Nilotinib
      0  Obinutuzumab
      0  Ocrelizumab
      0  Octreotida
      0  Olaparib
      0  Omalizumab
      0  Osimertinib mesilato
      0  Palbociclib
      0  Palmitato de paliperidona
      0  Pembrolizumab
      0  Pertuzumab
      0  Pertuzumab/Trastuzumab
      0  Pirfenidona
      0  Regorafenib
      0  Remdesivir
      0  Ribociclib
      0  Riluzol
      0  Riociguat
      0  Rituximab
      0  Secukinumab
      0  Sirolimus
      0  Sofosbuvir/Velpatasvir
      0  Somatropina
      0  Sorafenib tosilato
      0  Sunitinib
      0  Tacrolimus
      0  Teriflunomida
      0  Teriparatida
      0  Timoglobulina de conejo (antitimocitos humana)
      0  Tocilizumab
      0  Tofacitinib
      0  Trastuzumab
      0  Ustekinumab
      0  Valganciclovir
      0  Blinatumomab
      0  PEG-ASP (pegilada)
      0  Risdiplam
      0  Pegfilgrastim
      0  Palonosetrón
Lista: 88 medicamentos
Coincidencias a guardar: 0  (ok=0, revisar=0, con precio=0)
Tabla lista: P_aguila.medicamentos_altos_costos_america
  aviso: 0 coincidencias — no se purgan filas existentes
MERGE 0 filas · obsoletos: 0 · Brasil Droga Raia: 0 · total tabla: 1215
================================================================
 BR Panvel → medicamentos_altos_costos_america
================================================================
  red no disponible (bloqueado HTTP 403). Sigo con caché local.
      0  Acetato de abiraterona
      0  Acetato de glatiramer
      0  Acetato de goserelina
      0  Acetato de leuprorelina
      0  Ácido zoledrónico
      0  Adalimumab
      0  Agalsidasa beta
      0  Atezolizumab
      0  Azacitidina
      0  Basiliximab
      0  Bendamustina
      0  Bevacizumab
      0  Bicalutamida
      0  Bortezomib
      0  Bosentán
      0  Capecitabina
      0  Cetuximab
      0  Ciclosporina
      0  Cladribina
      0  Daratumumab
      0  Dasatinib
      0  Deferasirox
      0  Dornasa alfa
      0  Eltrombopag
      0  Emicizumab
      0  Enzalutamida
      0  Etanercept
      0  Everolimus
      0  Factor de coagulación VIII
      0  Factor de crecimiento epidérmico humano recombinante
      0  Factor IX
      0  Filgrastim
      0  Fingolimod
      0  Fulvestrant
      0  Galsulfasa
      0  Golimumab
      0  Guselkumab
      0  Ibrutinib
      0  Imatinib
      0  Imiglucerasa
      0  Infliximab
      0  Inmunoglobulina humana
      0  Interferón beta 1A
      0  Interferón beta 1B
      0  Lapatinib ditosilato
      0  Lenalidomida
      0  Letrozol
      0  Micofenolato mofetilo
      0  Micofenolato sódico
      0  Nilotinib
      0  Obinutuzumab
      0  Ocrelizumab
      0  Octreotida
      0  Olaparib
      0  Omalizumab
      0  Osimertinib mesilato
      0  Palbociclib
      0  Palmitato de paliperidona
      0  Pembrolizumab
      0  Pertuzumab
      0  Pertuzumab/Trastuzumab
      0  Pirfenidona
      0  Regorafenib
      0  Remdesivir
      0  Ribociclib
      0  Riluzol
      0  Riociguat
      0  Rituximab
      0  Secukinumab
      0  Sirolimus
      0  Sofosbuvir/Velpatasvir
      0  Somatropina
      0  Sorafenib tosilato
      0  Sunitinib
      0  Tacrolimus
      0  Teriflunomida
      0  Teriparatida
      0  Timoglobulina de conejo (antitimocitos humana)
      0  Tocilizumab
      0  Tofacitinib
      0  Trastuzumab
      0  Ustekinumab
      0  Valganciclovir
      0  Blinatumomab
      0  PEG-ASP (pegilada)
      0  Risdiplam
      0  Pegfilgrastim
      0  Palonosetrón
Lista: 88 medicamentos
Coincidencias a guardar: 0  (ok=0, revisar=0, con precio=0)
Tabla lista: P_aguila.medicamentos_altos_costos_america
  aviso: 0 coincidencias — no se purgan filas existentes
MERGE 0 filas · obsoletos: 0 · Brasil Panvel: 0 · total tabla: 1215
================================================================
 MX Macrofarmacias → medicamentos_altos_costos_america
================================================================
Descargando catálogo Macrofarmacias (https://macrofarmacias.com/catalogo.php) …
  página 1/15: 16 · únicos 16
  página 2/15: 16 · únicos 32
  página 3/15: 16 · únicos 48
  página 4/15: 16 · únicos 64
  página 5/15: 16 · únicos 80
  página 6/15: 16 · únicos 96
  página 7/15: 16 · únicos 112
  página 8/15: 16 · únicos 128
  página 9/15: 16 · únicos 144
  página 10/15: 16 · únicos 160
  página 11/15: 16 · únicos 176
  página 12/15: 16 · únicos 192
  página 13/15: 16 · únicos 208
  página 14/15: 16 · únicos 224
  página 15/15: 10 · únicos 234
Catálogo vivo: 234 productos
Lista DAMAC/FOMAC: 88 medicamentos
Coincidencias a guardar: 64  (ok=61, revisar=3)
Tabla lista: P_aguila.medicamentos_altos_costos_america
MERGE 64 filas · obsoletos: 0 · MX Macrofarmacias: 64 · total tabla: 1215
   4  Acetato de leuprorelina
   3  Bevacizumab
   3  Filgrastim
   3  Inmunoglobulina humana
   3  Octreotida
   3  Palonosetrón
   3  Tacrolimus
   3  Trastuzumab
   3  Ácido zoledrónico
   2  Acetato de goserelina
   2  Eltrombopag
   2  Letrozol
   2  Micofenolato mofetilo
   2  Pegfilgrastim
   1  Acetato de abiraterona
   1  Adalimumab
   1  Atezolizumab
   1  Basiliximab
   1  Capecitabina
   1  Cetuximab
   1  Ciclosporina
   1  Fulvestrant
   1  Golimumab
   1  Lenalidomida
   1  Micofenolato sódico
   1  Olaparib
   1  Palmitato de paliperidona
   1  Pembrolizumab
   1  Pertuzumab
   1  Pirfenidona
   1  Ribociclib
   1  Rituximab
   1  Secukinumab
   1  Sirolimus
   1  Sofosbuvir/Velpatasvir
   1  Teriflunomida
   1  Timoglobulina de conejo (antitimocitos humana)
   1  Tocilizumab
   1  Ustekinumab
   1  Valganciclovir
================================================================
 MX Farmacias Similares → medicamentos_altos_costos_america
================================================================
      0  Acetato de abiraterona
      0  Acetato de glatiramer
      0  Acetato de goserelina
      0  Acetato de leuprorelina
      0  Ácido zoledrónico
      0  Adalimumab
      0  Agalsidasa beta
      0  Atezolizumab
      0  Azacitidina
      0  Basiliximab
      0  Bendamustina
      0  Bevacizumab
  ·   1  Bicalutamida
      0  Bortezomib
      0  Bosentán
      0  Capecitabina
      0  Cetuximab
      0  Ciclosporina
      0  Cladribina
      0  Daratumumab
  aviso DASATINIB (COMO MONOHIDRATO): HTTP 400
      0  Dasatinib
      0  Deferasirox
      0  Dornasa alfa
      0  Eltrombopag
      0  Emicizumab
      0  Enzalutamida
      0  Etanercept
      0  Everolimus
      0  Factor de coagulación VIII
      0  Factor de crecimiento epidérmico humano recombinante
      0  Factor IX
      0  Filgrastim
      0  Fingolimod
      0  Fulvestrant
      0  Galsulfasa
      0  Golimumab
  aviso TREMFYA 200 MG / 20 ML (10 MG/ML): HTTP 400
      0  Guselkumab
      0  Ibrutinib
      0  Imatinib
      0  Imiglucerasa
      0  Infliximab
      0  Inmunoglobulina humana
      0  Interferón beta 1A
      0  Interferón beta 1B
      0  Lapatinib ditosilato
      0  Lenalidomida
      0  Letrozol
      0  Micofenolato mofetilo
      0  Micofenolato sódico
      0  Nilotinib
      0  Obinutuzumab
      0  Ocrelizumab
      0  Octreotida
      0  Olaparib
      0  Omalizumab
  aviso DICLOFENAC SODICO + PRIDINOL MESILATO: HTTP 400
  aviso MELOXICAM + PRIDINOL MESILATO: HTTP 400
      0  Osimertinib mesilato
      0  Palbociclib
      0  Palmitato de paliperidona
      0  Pembrolizumab
      0  Pertuzumab
      0  Pertuzumab/Trastuzumab
  ·   3  Pirfenidona
      0  Regorafenib
      0  Remdesivir
      0  Ribociclib
      0  Riluzol
      0  Riociguat
      0  Rituximab
      0  Secukinumab
      0  Sirolimus
      0  Sofosbuvir/Velpatasvir
  aviso SOMATROPINA (H01AC01): HTTP 400
  aviso SOMATROPINA (HORMONA DE CRECIMIENTO HUMANO): HTTP 400
      0  Somatropina
      0  Sorafenib tosilato
      0  Sunitinib
      0  Tacrolimus
      0  Teriflunomida
      0  Teriparatida
      0  Timoglobulina de conejo (antitimocitos humana)
      0  Tocilizumab
      0  Tofacitinib
      0  Trastuzumab
      0  Ustekinumab
      0  Valganciclovir
      0  Blinatumomab
  aviso PEG-ASP (pegilada): HTTP 400
      0  PEG-ASP (pegilada)
      0  Risdiplam
      0  Pegfilgrastim
      0  Palonosetrón
Lista: 88 medicamentos
Coincidencias a guardar: 4  (ok=0, revisar=4, con precio=4)
Tabla lista: P_aguila.medicamentos_altos_costos_america
MERGE 4 filas · obsoletos: 0 · México Farmacias Similares: 4 · total tabla: 1215
   3  Pirfenidona
   1  Bicalutamida
================================================================
 MX Farmacias del Ahorro → medicamentos_altos_costos_america
================================================================
      0  Acetato de abiraterona
      0  Acetato de glatiramer
  ·   2  Acetato de goserelina
      0  Acetato de leuprorelina
  ·   1  Ácido zoledrónico
      0  Adalimumab
      0  Agalsidasa beta
      0  Atezolizumab
      0  Azacitidina
      0  Basiliximab
      0  Bendamustina
      0  Bevacizumab
  ·   1  Bicalutamida
      0  Bortezomib
      0  Bosentán
      0  Capecitabina
      0  Cetuximab
      0  Ciclosporina
      0  Cladribina
      0  Daratumumab
      0  Dasatinib
      0  Deferasirox
      0  Dornasa alfa
      0  Eltrombopag
      0  Emicizumab
      0  Enzalutamida
      0  Etanercept
      0  Everolimus
      0  Factor de coagulación VIII
      0  Factor de crecimiento epidérmico humano recombinante
      0  Factor IX
      0  Filgrastim
      0  Fingolimod
      0  Fulvestrant
      0  Galsulfasa
      0  Golimumab
      0  Guselkumab
      0  Ibrutinib
      0  Imatinib
      0  Imiglucerasa
      0  Infliximab
      0  Inmunoglobulina humana
      0  Interferón beta 1A
      0  Interferón beta 1B
      0  Lapatinib ditosilato
      0  Lenalidomida
  ·   1  Letrozol
      0  Micofenolato mofetilo
      0  Micofenolato sódico
      0  Nilotinib
      0  Obinutuzumab
      0  Ocrelizumab
      0  Octreotida
      0  Olaparib
      0  Omalizumab
      0  Osimertinib mesilato
      0  Palbociclib
      0  Palmitato de paliperidona
      0  Pembrolizumab
      0  Pertuzumab
      0  Pertuzumab/Trastuzumab
  ·   1  Pirfenidona
      0  Regorafenib
      0  Remdesivir
      0  Ribociclib
      0  Riluzol
      0  Riociguat
      0  Rituximab
      0  Secukinumab
      0  Sirolimus
      0  Sofosbuvir/Velpatasvir
  ·   1  Somatropina
      0  Sorafenib tosilato
      0  Sunitinib
      0  Tacrolimus
      0  Teriflunomida
  ·   1  Teriparatida
      0  Timoglobulina de conejo (antitimocitos humana)
      0  Tocilizumab
      0  Tofacitinib
      0  Trastuzumab
      0  Ustekinumab
      0  Valganciclovir
      0  Blinatumomab
      0  PEG-ASP (pegilada)
      0  Risdiplam
      0  Pegfilgrastim
      0  Palonosetrón
Lista: 88 medicamentos
Coincidencias a guardar: 8  (ok=6, revisar=2)
Tabla lista: P_aguila.medicamentos_altos_costos_america
MERGE 8 filas · obsoletos: 0 · México Farmacias del Ahorro: 8 · total tabla: 1215
   2  Acetato de goserelina
   1  Bicalutamida
   1  Letrozol
   1  Pirfenidona
   1  Somatropina
   1  Teriparatida
   1  Ácido zoledrónico
================================================================
 MX Farmacias San Pablo → medicamentos_altos_costos_america
================================================================
  red no disponible (bloqueado HTTP 403). Sigo con caché local.
      0  Acetato de abiraterona
      0  Acetato de glatiramer
      0  Acetato de goserelina
      0  Acetato de leuprorelina
      0  Ácido zoledrónico
      0  Adalimumab
      0  Agalsidasa beta
      0  Atezolizumab
      0  Azacitidina
      0  Basiliximab
      0  Bendamustina
      0  Bevacizumab
      0  Bicalutamida
      0  Bortezomib
      0  Bosentán
      0  Capecitabina
      0  Cetuximab
      0  Ciclosporina
      0  Cladribina
      0  Daratumumab
      0  Dasatinib
      0  Deferasirox
      0  Dornasa alfa
      0  Eltrombopag
      0  Emicizumab
      0  Enzalutamida
      0  Etanercept
      0  Everolimus
      0  Factor de coagulación VIII
      0  Factor de crecimiento epidérmico humano recombinante
      0  Factor IX
      0  Filgrastim
      0  Fingolimod
      0  Fulvestrant
      0  Galsulfasa
      0  Golimumab
      0  Guselkumab
      0  Ibrutinib
      0  Imatinib
      0  Imiglucerasa
      0  Infliximab
      0  Inmunoglobulina humana
      0  Interferón beta 1A
      0  Interferón beta 1B
      0  Lapatinib ditosilato
      0  Lenalidomida
      0  Letrozol
      0  Micofenolato mofetilo
      0  Micofenolato sódico
      0  Nilotinib
      0  Obinutuzumab
      0  Ocrelizumab
      0  Octreotida
      0  Olaparib
      0  Omalizumab
      0  Osimertinib mesilato
      0  Palbociclib
      0  Palmitato de paliperidona
      0  Pembrolizumab
      0  Pertuzumab
      0  Pertuzumab/Trastuzumab
      0  Pirfenidona
      0  Regorafenib
      0  Remdesivir
      0  Ribociclib
      0  Riluzol
      0  Riociguat
      0  Rituximab
      0  Secukinumab
      0  Sirolimus
      0  Sofosbuvir/Velpatasvir
      0  Somatropina
      0  Sorafenib tosilato
      0  Sunitinib
      0  Tacrolimus
      0  Teriflunomida
      0  Teriparatida
      0  Timoglobulina de conejo (antitimocitos humana)
      0  Tocilizumab
      0  Tofacitinib
      0  Trastuzumab
      0  Ustekinumab
      0  Valganciclovir
      0  Blinatumomab
      0  PEG-ASP (pegilada)
      0  Risdiplam
      0  Pegfilgrastim
      0  Palonosetrón
Lista: 88 medicamentos
Coincidencias a guardar: 0  (ok=0, revisar=0)
Tabla lista: P_aguila.medicamentos_altos_costos_america
 Sin filas: no se purgan vigentes (posible bloqueo o catálogo sin match).
MERGE 0 filas · obsoletos: 0 · México Farmacias San Pablo: 0 · total tabla: 1215
================================================================
 CO Locatel → medicamentos_altos_costos_america
================================================================
  ·   1  Acetato de abiraterona
      0  Acetato de glatiramer
  ·   2  Acetato de goserelina
  ·   2  Acetato de leuprorelina
  ·   1  Ácido zoledrónico
  ·   1  Adalimumab
      0  Agalsidasa beta
      0  Atezolizumab
  ·   1  Azacitidina
      0  Basiliximab
  ·   1  Bendamustina
  ·   1  Bevacizumab
      0  Bicalutamida
  ·   1  Bortezomib
      0  Bosentán
  ·   2  Capecitabina
  ·   1  Cetuximab
  ·   2  Ciclosporina
  ·   1  Cladribina
      0  Daratumumab
  ·   1  Dasatinib
      0  Deferasirox
      0  Dornasa alfa
      0  Eltrombopag
      0  Emicizumab
      0  Enzalutamida
  ·   2  Etanercept
  ·   1  Everolimus
      0  Factor de coagulación VIII
      0  Factor de crecimiento epidérmico humano recombinante
      0  Factor IX
  ·   2  Filgrastim
  ·   1  Fingolimod
  ·   1  Fulvestrant
      0  Galsulfasa
      0  Golimumab
  aviso TREMFYA 200 MG / 20 ML (10 MG/ML): HTTP 400
      0  Guselkumab
      0  Ibrutinib
  ·   3  Imatinib
      0  Imiglucerasa
  ·   1  Infliximab
  ·   1  Inmunoglobulina humana
  ·   2  Interferón beta 1A
  ·   1  Interferón beta 1B
  ·   1  Lapatinib ditosilato
  aviso LENALIDOMIDA (FORMA-H1): HTTP 400
      0  Lenalidomida
  ·   3  Letrozol
  aviso MICOFENOLATO 250 MG (LINEA INTRALAB): HTTP 400
  aviso MICOFENOLATO 500 MG (LINEA INTRALAB): HTTP 400
  ·   2  Micofenolato mofetilo
  ·   1  Micofenolato sódico
  ·   1  Nilotinib
      0  Obinutuzumab
      0  Ocrelizumab
  ·   1  Octreotida
      0  Olaparib
  ·   1  Omalizumab
  ·   1  Osimertinib mesilato
  ·   1  Palbociclib
  ·   2  Palmitato de paliperidona
      0  Pembrolizumab
      0  Pertuzumab
      0  Pertuzumab/Trastuzumab
      0  Pirfenidona
      0  Regorafenib
      0  Remdesivir
      0  Ribociclib
  ·   1  Riluzol
      0  Riociguat
  ·   2  Rituximab
      0  Secukinumab
  ·   1  Sirolimus
  ·   1  Sofosbuvir/Velpatasvir
  ·   2  Somatropina
  ·   1  Sorafenib tosilato
  ·   3  Sunitinib
  ·   5  Tacrolimus
      0  Teriflunomida
  ·   1  Teriparatida
  aviso Timoglobulina de conejo (antitimocitos humana): HTTP 400
      0  Timoglobulina de conejo (antitimocitos humana)
  ·   2  Tocilizumab
  ·   1  Tofacitinib
  ·   1  Trastuzumab
      0  Ustekinumab
  ·   1  Valganciclovir
      0  Blinatumomab
  aviso PEG-ASP (pegilada): HTTP 400
      0  PEG-ASP (pegilada)
      0  Risdiplam
      0  Pegfilgrastim
  aviso NETUPITANT + PALONOSETRON: HTTP 400
      0  Palonosetrón
Lista: 88 medicamentos
Coincidencias a guardar: 69  (ok=58, revisar=11, con precio=69)
Tabla lista: P_aguila.medicamentos_altos_costos_america
MERGE 69 filas · obsoletos: 0 · Colombia Locatel: 69 · total tabla: 1215
   5  Tacrolimus
   3  Imatinib
   3  Letrozol
   3  Sunitinib
   2  Acetato de goserelina
   2  Acetato de leuprorelina
   2  Capecitabina
   2  Ciclosporina
   2  Etanercept
   2  Filgrastim
   2  Interferón beta 1A
   2  Micofenolato sódico
   2  Palmitato de paliperidona
   2  Rituximab
   2  Somatropina
   2  Tocilizumab
   1  Acetato de abiraterona
   1  Adalimumab
   1  Azacitidina
   1  Bendamustina
   1  Bevacizumab
   1  Bortezomib
   1  Cetuximab
   1  Cladribina
   1  Dasatinib
   1  Everolimus
   1  Fingolimod
   1  Fulvestrant
   1  Infliximab
   1  Inmunoglobulina humana
   1  Interferón beta 1B
   1  Lapatinib ditosilato
   1  Micofenolato mofetilo
   1  Nilotinib
   1  Octreotida
   1  Omalizumab
   1  Osimertinib mesilato
   1  Palbociclib
   1  Riluzol
   1  Sirolimus
   1  Sofosbuvir/Velpatasvir
   1  Sorafenib tosilato
   1  Teriparatida
   1  Tofacitinib
   1  Trastuzumab
   1  Valganciclovir
   1  Ácido zoledrónico
================================================================
 CO Farmatodo → medicamentos_altos_costos_america
================================================================
      0  Acetato de abiraterona
      0  Acetato de glatiramer
  ·   5  Acetato de goserelina
  ·   2  Acetato de leuprorelina
  ·   1  Ácido zoledrónico
  ·   1  Adalimumab
      0  Agalsidasa beta
      0  Atezolizumab
      0  Azacitidina
      0  Basiliximab
      0  Bendamustina
      0  Bevacizumab
  ·   2  Bicalutamida
      0  Bortezomib
      0  Bosentán
  ·   2  Capecitabina
  ·   1  Cetuximab
  ·   3  Ciclosporina
      0  Cladribina
      0  Daratumumab
  ·   1  Dasatinib
      0  Deferasirox
  ·   1  Dornasa alfa
      0  Eltrombopag
      0  Emicizumab
      0  Enzalutamida
      0  Etanercept
  ·   1  Everolimus
      0  Factor de coagulación VIII
      0  Factor de crecimiento epidérmico humano recombinante
      0  Factor IX
  ·   2  Filgrastim
  ·   1  Fingolimod
      0  Fulvestrant
      0  Galsulfasa
      0  Golimumab
      0  Guselkumab
      0  Ibrutinib
      0  Imatinib
      0  Imiglucerasa
      0  Infliximab
      0  Inmunoglobulina humana
      0  Interferón beta 1A
      0  Interferón beta 1B
      0  Lapatinib ditosilato
  aviso RENGED 10 MG: HTTPSConnectionPool(host='vcojeyd2po-dsn.algolia.net', port=443): Read timed out. (read timeout=40)
      0  Lenalidomida
  ·   1  Letrozol
  ·   1  Micofenolato mofetilo
      0  Micofenolato sódico
      0  Nilotinib
      0  Obinutuzumab
      0  Ocrelizumab
      0  Octreotida
      0  Olaparib
      0  Omalizumab
      0  Osimertinib mesilato
      0  Palbociclib
  ·   3  Palmitato de paliperidona
  ·   2  Pembrolizumab
      0  Pertuzumab
      0  Pertuzumab/Trastuzumab
      0  Pirfenidona
      0  Regorafenib
      0  Remdesivir
      0  Ribociclib
      0  Riluzol
      0  Riociguat
  ·   1  Rituximab
      0  Secukinumab
      0  Sirolimus
      0  Sofosbuvir/Velpatasvir
  ·   8  Somatropina
      0  Sorafenib tosilato
      0  Sunitinib
  ·   6  Tacrolimus
      0  Teriflunomida
  ·   2  Teriparatida
      0  Timoglobulina de conejo (antitimocitos humana)
  ·   1  Tocilizumab
      0  Tofacitinib
  ·   1  Trastuzumab
      0  Ustekinumab
      0  Valganciclovir
      0  Blinatumomab
      0  PEG-ASP (pegilada)
      0  Risdiplam
      0  Pegfilgrastim
      0  Palonosetrón
Lista: 88 medicamentos
Coincidencias a guardar: 49  (ok=38, revisar=11)
Tabla lista: P_aguila.medicamentos_altos_costos_america
MERGE 49 filas · obsoletos: 0 · Colombia Farmatodo: 49 · total: 1215
   8  Somatropina
   6  Tacrolimus
   5  Acetato de goserelina
   3  Ciclosporina
   3  Palmitato de paliperidona
   2  Acetato de leuprorelina
   2  Bicalutamida
   2  Capecitabina
   2  Filgrastim
   2  Pembrolizumab
   2  Teriparatida
   1  Adalimumab
   1  Cetuximab
   1  Dasatinib
   1  Dornasa alfa
   1  Everolimus
   1  Fingolimod
   1  Letrozol
   1  Micofenolato sódico
   1  Rituximab
   1  Tocilizumab
   1  Trastuzumab
   1  Ácido zoledrónico
================================================================
 CO Cruz Verde → medicamentos_altos_costos_america
 API https://api.cruzverde.com.co · zona COCV_zona64
================================================================
  red no disponible (bloqueado HTTP 403). Sigo con caché local.
  Tip: exporta CRUZVERDE_COOKIE='connect.sid=...' (cookie del navegador) y corre fuera del proxy corporativo.
      0  Acetato de abiraterona
      0  Acetato de glatiramer
      0  Acetato de goserelina
      0  Acetato de leuprorelina
      0  Ácido zoledrónico
      0  Adalimumab
      0  Agalsidasa beta
      0  Atezolizumab
      0  Azacitidina
      0  Basiliximab
      0  Bendamustina
      0  Bevacizumab
      0  Bicalutamida
      0  Bortezomib
      0  Bosentán
      0  Capecitabina
      0  Cetuximab
      0  Ciclosporina
      0  Cladribina
      0  Daratumumab
      0  Dasatinib
      0  Deferasirox
      0  Dornasa alfa
      0  Eltrombopag
      0  Emicizumab
      0  Enzalutamida
      0  Etanercept
      0  Everolimus
      0  Factor de coagulación VIII
      0  Factor de crecimiento epidérmico humano recombinante
      0  Factor IX
      0  Filgrastim
      0  Fingolimod
      0  Fulvestrant
      0  Galsulfasa
      0  Golimumab
      0  Guselkumab
      0  Ibrutinib
      0  Imatinib
      0  Imiglucerasa
      0  Infliximab
      0  Inmunoglobulina humana
      0  Interferón beta 1A
      0  Interferón beta 1B
      0  Lapatinib ditosilato
      0  Lenalidomida
      0  Letrozol
      0  Micofenolato mofetilo
      0  Micofenolato sódico
      0  Nilotinib
      0  Obinutuzumab
      0  Ocrelizumab
      0  Octreotida
      0  Olaparib
      0  Omalizumab
      0  Osimertinib mesilato
      0  Palbociclib
      0  Palmitato de paliperidona
      0  Pembrolizumab
      0  Pertuzumab
      0  Pertuzumab/Trastuzumab
      0  Pirfenidona
      0  Regorafenib
      0  Remdesivir
      0  Ribociclib
      0  Riluzol
      0  Riociguat
      0  Rituximab
      0  Secukinumab
      0  Sirolimus
      0  Sofosbuvir/Velpatasvir
      0  Somatropina
      0  Sorafenib tosilato
      0  Sunitinib
      0  Tacrolimus
      0  Teriflunomida
      0  Teriparatida
      0  Timoglobulina de conejo (antitimocitos humana)
      0  Tocilizumab
      0  Tofacitinib
      0  Trastuzumab
      0  Ustekinumab
      0  Valganciclovir
      0  Blinatumomab
      0  PEG-ASP (pegilada)
      0  Risdiplam
      0  Pegfilgrastim
      0  Palonosetrón
Lista: 88 medicamentos
Coincidencias a guardar: 0  (ok=0, revisar=0)
Tabla lista: P_aguila.medicamentos_altos_costos_america
  aviso: 0 coincidencias — no se purgan filas existentes
MERGE 0 filas · obsoletos: 0 · Colombia Cruz Verde: 0 · total: 1215
================================================================
 CO La Rebaja → medicamentos_altos_costos_america
================================================================
  red no disponible (bloqueado HTTP 403). Sigo con caché local.
      0  Acetato de abiraterona
      0  Acetato de glatiramer
      0  Acetato de goserelina
      0  Acetato de leuprorelina
      0  Ácido zoledrónico
      0  Adalimumab
      0  Agalsidasa beta
      0  Atezolizumab
      0  Azacitidina
      0  Basiliximab
      0  Bendamustina
      0  Bevacizumab
      0  Bicalutamida
      0  Bortezomib
      0  Bosentán
      0  Capecitabina
      0  Cetuximab
      0  Ciclosporina
      0  Cladribina
      0  Daratumumab
      0  Dasatinib
      0  Deferasirox
      0  Dornasa alfa
      0  Eltrombopag
      0  Emicizumab
      0  Enzalutamida
      0  Etanercept
      0  Everolimus
      0  Factor de coagulación VIII
      0  Factor de crecimiento epidérmico humano recombinante
      0  Factor IX
      0  Filgrastim
      0  Fingolimod
      0  Fulvestrant
      0  Galsulfasa
      0  Golimumab
      0  Guselkumab
      0  Ibrutinib
      0  Imatinib
      0  Imiglucerasa
      0  Infliximab
      0  Inmunoglobulina humana
      0  Interferón beta 1A
      0  Interferón beta 1B
      0  Lapatinib ditosilato
      0  Lenalidomida
      0  Letrozol
      0  Micofenolato mofetilo
      0  Micofenolato sódico
      0  Nilotinib
      0  Obinutuzumab
      0  Ocrelizumab
      0  Octreotida
      0  Olaparib
      0  Omalizumab
      0  Osimertinib mesilato
      0  Palbociclib
      0  Palmitato de paliperidona
      0  Pembrolizumab
      0  Pertuzumab
      0  Pertuzumab/Trastuzumab
      0  Pirfenidona
      0  Regorafenib
      0  Remdesivir
      0  Ribociclib
      0  Riluzol
      0  Riociguat
      0  Rituximab
      0  Secukinumab
      0  Sirolimus
      0  Sofosbuvir/Velpatasvir
      0  Somatropina
      0  Sorafenib tosilato
      0  Sunitinib
      0  Tacrolimus
      0  Teriflunomida
      0  Teriparatida
      0  Timoglobulina de conejo (antitimocitos humana)
      0  Tocilizumab
      0  Tofacitinib
      0  Trastuzumab
      0  Ustekinumab
      0  Valganciclovir
      0  Blinatumomab
      0  PEG-ASP (pegilada)
      0  Risdiplam
      0  Pegfilgrastim
      0  Palonosetrón
Lista: 88 medicamentos
Coincidencias a guardar: 0  (ok=0, revisar=0, con precio=0)
Tabla lista: P_aguila.medicamentos_altos_costos_america
  aviso: 0 coincidencias — no se purgan filas existentes
MERGE 0 filas · obsoletos: 0 · Colombia La Rebaja: 0 · total tabla: 1215
================================================================
 CO Droguerías Cafam → medicamentos_altos_costos_america
================================================================
  red no disponible (bloqueado HTTP 403). Sigo con caché local.
      0  Acetato de abiraterona
      0  Acetato de glatiramer
      0  Acetato de goserelina
      0  Acetato de leuprorelina
      0  Ácido zoledrónico
      0  Adalimumab
      0  Agalsidasa beta
      0  Atezolizumab
      0  Azacitidina
      0  Basiliximab
      0  Bendamustina
      0  Bevacizumab
      0  Bicalutamida
      0  Bortezomib
      0  Bosentán
      0  Capecitabina
      0  Cetuximab
      0  Ciclosporina
      0  Cladribina
      0  Daratumumab
      0  Dasatinib
      0  Deferasirox
      0  Dornasa alfa
      0  Eltrombopag
      0  Emicizumab
      0  Enzalutamida
      0  Etanercept
      0  Everolimus
      0  Factor de coagulación VIII
      0  Factor de crecimiento epidérmico humano recombinante
      0  Factor IX
      0  Filgrastim
      0  Fingolimod
      0  Fulvestrant
      0  Galsulfasa
      0  Golimumab
      0  Guselkumab
      0  Ibrutinib
      0  Imatinib
      0  Imiglucerasa
      0  Infliximab
      0  Inmunoglobulina humana
      0  Interferón beta 1A
      0  Interferón beta 1B
      0  Lapatinib ditosilato
      0  Lenalidomida
      0  Letrozol
      0  Micofenolato mofetilo
      0  Micofenolato sódico
      0  Nilotinib
      0  Obinutuzumab
      0  Ocrelizumab
      0  Octreotida
      0  Olaparib
      0  Omalizumab
      0  Osimertinib mesilato
      0  Palbociclib
      0  Palmitato de paliperidona
      0  Pembrolizumab
      0  Pertuzumab
      0  Pertuzumab/Trastuzumab
      0  Pirfenidona
      0  Regorafenib
      0  Remdesivir
      0  Ribociclib
      0  Riluzol
      0  Riociguat
      0  Rituximab
      0  Secukinumab
      0  Sirolimus
      0  Sofosbuvir/Velpatasvir
      0  Somatropina
      0  Sorafenib tosilato
      0  Sunitinib
      0  Tacrolimus
      0  Teriflunomida
      0  Teriparatida
      0  Timoglobulina de conejo (antitimocitos humana)
      0  Tocilizumab
      0  Tofacitinib
      0  Trastuzumab
      0  Ustekinumab
      0  Valganciclovir
      0  Blinatumomab
      0  PEG-ASP (pegilada)
      0  Risdiplam
      0  Pegfilgrastim
      0  Palonosetrón
Lista: 88 medicamentos
Coincidencias a guardar: 0  (ok=0, revisar=0, con precio=0)
Tabla lista: P_aguila.medicamentos_altos_costos_america
  aviso: 0 coincidencias — no se purgan filas existentes
MERGE 0 filas · obsoletos: 0 · Colombia Droguerías Cafam: 0 · total tabla: 1215
================================================================
 CO Carulla → medicamentos_altos_costos_america
================================================================
      0  Acetato de abiraterona
      0  Acetato de glatiramer
      0  Acetato de goserelina
  ·   1  Acetato de leuprorelina
      0  Ácido zoledrónico
      0  Adalimumab
      0  Agalsidasa beta
      0  Atezolizumab
      0  Azacitidina
      0  Basiliximab
      0  Bendamustina
      0  Bevacizumab
      0  Bicalutamida
      0  Bortezomib
      0  Bosentán
      0  Capecitabina
      0  Cetuximab
      0  Ciclosporina
      0  Cladribina
      0  Daratumumab
      0  Dasatinib
      0  Deferasirox
      0  Dornasa alfa
      0  Eltrombopag
      0  Emicizumab
      0  Enzalutamida
      0  Etanercept
      0  Everolimus
      0  Factor de coagulación VIII
      0  Factor de crecimiento epidérmico humano recombinante
  ·   1  Factor IX
      0  Filgrastim
      0  Fingolimod
      0  Fulvestrant
      0  Galsulfasa
      0  Golimumab
  aviso TREMFYA 200 MG / 20 ML (10 MG/ML): HTTP 400
      0  Guselkumab
      0  Ibrutinib
      0  Imatinib
      0  Imiglucerasa
      0  Infliximab
      0  Inmunoglobulina humana
      0  Interferón beta 1A
      0  Interferón beta 1B
      0  Lapatinib ditosilato
  aviso LENALIDOMIDA (FORMA-H1): HTTP 400
      0  Lenalidomida
      0  Letrozol
  aviso MICOFENOLATO 250 MG (LINEA INTRALAB): HTTP 400
  aviso MICOFENOLATO 500 MG (LINEA INTRALAB): HTTP 400
      0  Micofenolato mofetilo
      0  Micofenolato sódico
      0  Nilotinib
      0  Obinutuzumab
      0  Ocrelizumab
      0  Octreotida
      0  Olaparib
      0  Omalizumab
      0  Osimertinib mesilato
      0  Palbociclib
      0  Palmitato de paliperidona
      0  Pembrolizumab
      0  Pertuzumab
      0  Pertuzumab/Trastuzumab
      0  Pirfenidona
      0  Regorafenib
      0  Remdesivir
      0  Ribociclib
  ·   1  Riluzol
      0  Riociguat
      0  Rituximab
      0  Secukinumab
      0  Sirolimus
      0  Sofosbuvir/Velpatasvir
  ·   1  Somatropina
      0  Sorafenib tosilato
      0  Sunitinib
  ·   4  Tacrolimus
      0  Teriflunomida
  ·   1  Teriparatida
  aviso Timoglobulina de conejo (antitimocitos humana): HTTP 400
      0  Timoglobulina de conejo (antitimocitos humana)
      0  Tocilizumab
      0  Tofacitinib
      0  Trastuzumab
      0  Ustekinumab
      0  Valganciclovir
      0  Blinatumomab
  aviso PEG-ASP (pegilada): HTTP 400
      0  PEG-ASP (pegilada)
      0  Risdiplam
      0  Pegfilgrastim
  aviso NETUPITANT + PALONOSETRON: HTTP 400
      0  Palonosetrón
Lista: 88 medicamentos
Coincidencias a guardar: 9  (ok=5, revisar=4, con precio=9)
Tabla lista: P_aguila.medicamentos_altos_costos_america
MERGE 9 filas · obsoletos: 0 · Colombia Carulla: 9 · total tabla: 1219
   4  Tacrolimus
   1  Acetato de leuprorelina
   1  Factor IX
   1  Riluzol
   1  Somatropina
   1  Teriparatida
================================================================
 AR Farmacity → medicamentos_altos_costos_america
================================================================
  red no disponible (bloqueado HTTP 403). Sigo con caché local.
      0  Acetato de abiraterona
      0  Acetato de glatiramer
  ·   2  Acetato de goserelina
  ·   6  Acetato de leuprorelina
  ·   8  Ácido zoledrónico
  ·   1  Adalimumab
      0  Agalsidasa beta
      0  Atezolizumab
  ·   1  Azacitidina
      0  Basiliximab
      0  Bendamustina
  ·   2  Bevacizumab
  ·   6  Bicalutamida
      0  Bortezomib
  ·   1  Bosentán
  ·   2  Capecitabina
      0  Cetuximab
  ·   4  Ciclosporina
  ·   1  Cladribina
      0  Daratumumab
      0  Dasatinib
  ·   4  Deferasirox
  ·   1  Dornasa alfa
  ·   3  Eltrombopag
      0  Emicizumab
  ·   1  Enzalutamida
  ·   2  Etanercept
      0  Everolimus
  ·   2  Factor de coagulación VIII
      0  Factor de crecimiento epidérmico humano recombinante
      0  Factor IX
  ·   8  Filgrastim
  ·   1  Fingolimod
  ·   1  Fulvestrant
      0  Galsulfasa
  ·   1  Golimumab
      0  Guselkumab
      0  Ibrutinib
  ·   3  Imatinib
      0  Imiglucerasa
  ·   1  Infliximab
  ·   6  Inmunoglobulina humana
      0  Interferón beta 1A
      0  Interferón beta 1B
      0  Lapatinib ditosilato
      0  Lenalidomida
  ·   4  Letrozol
  ·   2  Micofenolato mofetilo
  ·   2  Micofenolato sódico
      0  Nilotinib
      0  Obinutuzumab
      0  Ocrelizumab
  ·   3  Octreotida
  ·   1  Olaparib
  ·   2  Omalizumab
  ·   1  Osimertinib mesilato
      0  Palbociclib
  ·   5  Palmitato de paliperidona
  ·   2  Pembrolizumab
      0  Pertuzumab
      0  Pertuzumab/Trastuzumab
      0  Pirfenidona
      0  Regorafenib
      0  Remdesivir
  ·   1  Ribociclib
  ·   4  Riluzol
      0  Riociguat
  ·   4  Rituximab
  ·   1  Secukinumab
  ·   2  Sirolimus
      0  Sofosbuvir/Velpatasvir
  ·   1  Somatropina
      0  Sorafenib tosilato
  ·   2  Sunitinib
  ·  11  Tacrolimus
      0  Teriflunomida
  ·   2  Teriparatida
  ·   1  Timoglobulina de conejo (antitimocitos humana)
  ·   2  Tocilizumab
  ·   4  Tofacitinib
  ·   1  Trastuzumab
      0  Ustekinumab
  ·   1  Valganciclovir
      0  Blinatumomab
      0  PEG-ASP (pegilada)
      0  Risdiplam
      0  Pegfilgrastim
  ·   1  Palonosetrón
  +1 SKU extra al rematar todo el caché
Lista: 88 medicamentos
Coincidencias a guardar: 129  (ok=116, revisar=13, con precio=129)
Tabla lista: P_aguila.medicamentos_altos_costos_america
MERGE 129 filas · obsoletos: 0 · Argentina Farmacity: 129 · total tabla: 1219
  11  Tacrolimus
   8  Filgrastim
   8  Ácido zoledrónico
   6  Acetato de leuprorelina
   6  Bicalutamida
   6  Inmunoglobulina humana
   5  Palmitato de paliperidona
   4  Ciclosporina
   4  Deferasirox
   4  Letrozol
   4  Riluzol
   4  Rituximab
   4  Tofacitinib
   3  Eltrombopag
   3  Imatinib
   3  Octreotida
   2  Acetato de goserelina
   2  Bevacizumab
   2  Capecitabina
   2  Etanercept
   2  Factor de coagulación VIII
   2  Micofenolato mofetilo
   2  Micofenolato sódico
   2  Omalizumab
   2  Pembrolizumab
   2  Sirolimus
   2  Sunitinib
   2  Teriparatida
   2  Tocilizumab
   1  Acetato de abiraterona
   1  Adalimumab
   1  Azacitidina
   1  Bosentán
   1  Cladribina
   1  Dornasa alfa
   1  Enzalutamida
   1  Fingolimod
   1  Fulvestrant
   1  Golimumab
   1  Infliximab
   1  Olaparib
   1  Osimertinib mesilato
   1  Palonosetrón
   1  Ribociclib
   1  Secukinumab
   1  Somatropina
   1  Timoglobulina de conejo (antitimocitos humana)
   1  Trastuzumab
   1  Valganciclovir
================================================================
 CL Salcobrand → medicamentos_altos_costos_america
================================================================
  ·   2  Acetato de abiraterona
  ·   1  Acetato de glatiramer
  ·   2  Acetato de goserelina
      0  Acetato de leuprorelina
  ·   4  Ácido zoledrónico
  ·   1  Adalimumab
      0  Agalsidasa beta
      0  Atezolizumab
      0  Azacitidina
  ·   1  Basiliximab
      0  Bendamustina
      0  Bevacizumab
  ·   3  Bicalutamida
  ·   1  Bortezomib
      0  Bosentán
  ·   4  Capecitabina
      0  Cetuximab
  ·  10  Ciclosporina
      0  Cladribina
      0  Daratumumab
  ·   7  Dasatinib
      0  Deferasirox
      0  Dornasa alfa
  ·   1  Eltrombopag
      0  Emicizumab
  ·   2  Enzalutamida
  ·   3  Etanercept
  ·   7  Everolimus
  ·   2  Factor de coagulación VIII
      0  Factor de crecimiento epidérmico humano recombinante
  ·   2  Factor IX
  ·   3  Filgrastim
  ·   1  Fingolimod
  ·   1  Fulvestrant
      0  Galsulfasa
  ·   1  Golimumab
      0  Guselkumab
  ·   1  Ibrutinib
  ·   4  Imatinib
      0  Imiglucerasa
  ·   1  Infliximab
  ·   1  Inmunoglobulina humana
  ·   1  Interferón beta 1A
      0  Interferón beta 1B
      0  Lapatinib ditosilato
  ·   6  Lenalidomida
  ·   5  Letrozol
  ·   8  Micofenolato mofetilo
  ·   2  Micofenolato sódico
  ·   2  Nilotinib
      0  Obinutuzumab
  ·   1  Ocrelizumab
  ·   3  Octreotida
      0  Olaparib
  ·   1  Omalizumab
      0  Osimertinib mesilato
  ·   1  Palbociclib
  ·   3  Palmitato de paliperidona
      0  Pembrolizumab
      0  Pertuzumab
      0  Pertuzumab/Trastuzumab
  ·   1  Pirfenidona
      0  Regorafenib
      0  Remdesivir
  ·   1  Ribociclib
  ·   1  Riluzol
      0  Riociguat
  ·   2  Rituximab
  ·   2  Secukinumab
  ·   3  Sirolimus
  ·   1  Sofosbuvir/Velpatasvir
  ·   3  Somatropina
  ·   1  Sorafenib tosilato
  ·   2  Sunitinib
  ·  18  Tacrolimus
  ·   2  Teriflunomida
  ·   1  Teriparatida
      0  Timoglobulina de conejo (antitimocitos humana)
  ·   4  Tocilizumab
      0  Tofacitinib
      0  Trastuzumab
  ·   1  Ustekinumab
  ·   3  Valganciclovir
      0  Blinatumomab
      0  PEG-ASP (pegilada)
      0  Risdiplam
      0  Pegfilgrastim
  ·   1  Palonosetrón
Coincidencias a guardar: 146  (ok=141, revisar=5)
MERGE 146 filas · obsoletos: 0 · Chile Salcobrand: 146 · total tabla: 1219
================================================================
 CL Farmacias Ahumada → medicamentos_altos_costos_america
================================================================
      0  Acetato de abiraterona
      0  Acetato de glatiramer
  ·   2  Acetato de goserelina
      0  Acetato de leuprorelina
  ·   2  Ácido zoledrónico
  ·   3  Adalimumab
      0  Agalsidasa beta
      0  Atezolizumab
      0  Azacitidina
      0  Basiliximab
      0  Bendamustina
      0  Bevacizumab
      0  Bicalutamida
      0  Bortezomib
      0  Bosentán
  ·   1  Capecitabina
      0  Cetuximab
  ·   8  Ciclosporina
      0  Cladribina
      0  Daratumumab
  ·   5  Dasatinib
  ·   1  Deferasirox
      0  Dornasa alfa
  ·   1  Eltrombopag
  ·   1  Emicizumab
  ·   1  Enzalutamida
  ·   3  Etanercept
  ·   3  Everolimus
  ·   1  Factor de coagulación VIII
      0  Factor de crecimiento epidérmico humano recombinante
      0  Factor IX
  ·   1  Filgrastim
  ·   1  Fingolimod
      0  Fulvestrant
      0  Galsulfasa
  ·   1  Golimumab
      0  Guselkumab
  ·   1  Ibrutinib
  ·   4  Imatinib
      0  Imiglucerasa
  ·   1  Infliximab
      0  Inmunoglobulina humana
  ·   2  Interferón beta 1A
      0  Interferón beta 1B
      0  Lapatinib ditosilato
  ·   2  Lenalidomida
  ·   2  Letrozol
  ·   2  Micofenolato mofetilo
  ·   2  Micofenolato sódico
  ·   2  Nilotinib
      0  Obinutuzumab
      0  Ocrelizumab
  ·   2  Octreotida
  ·   1  Olaparib
      0  Omalizumab
  ·   1  Osimertinib mesilato
  ·   1  Palbociclib
      0  Palmitato de paliperidona
      0  Pembrolizumab
      0  Pertuzumab
      0  Pertuzumab/Trastuzumab
      0  Pirfenidona
      0  Regorafenib
      0  Remdesivir
  ·   1  Ribociclib
      0  Riluzol
      0  Riociguat
      0  Rituximab
  ·   1  Secukinumab
  ·   3  Sirolimus
  ·   1  Sofosbuvir/Velpatasvir
  ·   1  Somatropina
      0  Sorafenib tosilato
  ·   3  Sunitinib
  ·   7  Tacrolimus
      0  Teriflunomida
  ·   1  Teriparatida
      0  Timoglobulina de conejo (antitimocitos humana)
  ·   3  Tocilizumab
  ·   1  Tofacitinib
      0  Trastuzumab
      0  Ustekinumab
      0  Valganciclovir
      0  Blinatumomab
      0  PEG-ASP (pegilada)
      0  Risdiplam
      0  Pegfilgrastim
      0  Palonosetrón
Coincidencias a guardar: 80  (ok=80, revisar=0)
MERGE 80 filas · obsoletos: 0 · Chile Ahumada: 80 · total tabla: 1219
================================================================
 PA Arrocha → medicamentos_altos_costos_america
================================================================
      0  Acetato de abiraterona
      0  Acetato de glatiramer
      0  Acetato de goserelina
      0  Acetato de leuprorelina
      0  Ácido zoledrónico
      0  Adalimumab
      0  Agalsidasa beta
      0  Atezolizumab
      0  Azacitidina
      0  Basiliximab
      0  Bendamustina
      0  Bevacizumab
      0  Bicalutamida
      0  Bortezomib
      0  Bosentán
      0  Capecitabina
      0  Cetuximab
      0  Ciclosporina
      0  Cladribina
      0  Daratumumab
      0  Dasatinib
      0  Deferasirox
      0  Dornasa alfa
      0  Eltrombopag
      0  Emicizumab
      0  Enzalutamida
      0  Etanercept
      0  Everolimus
      0  Factor de coagulación VIII
      0  Factor de crecimiento epidérmico humano recombinante
      0  Factor IX
      0  Filgrastim
      0  Fingolimod
      0  Fulvestrant
      0  Galsulfasa
      0  Golimumab
      0  Guselkumab
      0  Ibrutinib
      0  Imatinib
      0  Imiglucerasa
      0  Infliximab
      0  Inmunoglobulina humana
      0  Interferón beta 1A
      0  Interferón beta 1B
      0  Lapatinib ditosilato
      0  Lenalidomida
      0  Letrozol
      0  Micofenolato mofetilo
      0  Micofenolato sódico
      0  Nilotinib
      0  Obinutuzumab
      0  Ocrelizumab
      0  Octreotida
      0  Olaparib
      0  Omalizumab
      0  Osimertinib mesilato
      0  Palbociclib
      0  Palmitato de paliperidona
      0  Pembrolizumab
      0  Pertuzumab
      0  Pertuzumab/Trastuzumab
      0  Pirfenidona
      0  Regorafenib
      0  Remdesivir
      0  Ribociclib
      0  Riluzol
      0  Riociguat
      0  Rituximab
      0  Secukinumab
      0  Sirolimus
      0  Sofosbuvir/Velpatasvir
      0  Somatropina
      0  Sorafenib tosilato
      0  Sunitinib
      0  Tacrolimus
      0  Teriflunomida
      0  Teriparatida
      0  Timoglobulina de conejo (antitimocitos humana)
      0  Tocilizumab
      0  Tofacitinib
      0  Trastuzumab
      0  Ustekinumab
      0  Valganciclovir
      0  Blinatumomab
      0  PEG-ASP (pegilada)
      0  Risdiplam
      0  Pegfilgrastim
      0  Palonosetrón
Coincidencias a guardar: 0  (ok=0, revisar=0)
  aviso: 0 coincidencias — no se purgan filas existentes
MERGE 0 filas · obsoletos: 0 · Panamá Arrocha: 0 · total tabla: 1219
================================================================
 PE Inkafarma → medicamentos_altos_costos_america
================================================================
      0  Acetato de abiraterona
      0  Acetato de glatiramer
      0  Acetato de goserelina
  ·   3  Acetato de leuprorelina
  ·   4  Ácido zoledrónico
      0  Adalimumab
      0  Agalsidasa beta
      0  Atezolizumab
      0  Azacitidina
      0  Basiliximab
      0  Bendamustina
      0  Bevacizumab
  ·   1  Bicalutamida
      0  Bortezomib
      0  Bosentán
  ·   1  Capecitabina
      0  Cetuximab
      0  Ciclosporina
      0  Cladribina
      0  Daratumumab
      0  Dasatinib
      0  Deferasirox
      0  Dornasa alfa
      0  Eltrombopag
      0  Emicizumab
      0  Enzalutamida
      0  Etanercept
      0  Everolimus
      0  Factor de coagulación VIII
      0  Factor de crecimiento epidérmico humano recombinante
      0  Factor IX
  ·   1  Filgrastim
      0  Fingolimod
  ·   1  Fulvestrant
      0  Galsulfasa
      0  Golimumab
      0  Guselkumab
      0  Ibrutinib
      0  Imatinib
      0  Imiglucerasa
      0  Infliximab
  ·   1  Inmunoglobulina humana
      0  Interferón beta 1A
      0  Interferón beta 1B
      0  Lapatinib ditosilato
      0  Lenalidomida
  ·   1  Letrozol
  ·   1  Micofenolato mofetilo
      0  Micofenolato sódico
      0  Nilotinib
      0  Obinutuzumab
      0  Ocrelizumab
  ·   1  Octreotida
      0  Olaparib
      0  Omalizumab
      0  Osimertinib mesilato
      0  Palbociclib
      0  Palmitato de paliperidona
      0  Pembrolizumab
      0  Pertuzumab
      0  Pertuzumab/Trastuzumab
  ·   1  Pirfenidona
      0  Regorafenib
      0  Remdesivir
      0  Ribociclib
      0  Riluzol
      0  Riociguat
      0  Rituximab
      0  Secukinumab
      0  Sirolimus
      0  Sofosbuvir/Velpatasvir
      0  Somatropina
      0  Sorafenib tosilato
  ·   1  Sunitinib
  ·   1  Tacrolimus
      0  Teriflunomida
      0  Teriparatida
      0  Timoglobulina de conejo (antitimocitos humana)
      0  Tocilizumab
      0  Tofacitinib
      0  Trastuzumab
      0  Ustekinumab
      0  Valganciclovir
      0  Blinatumomab
      0  PEG-ASP (pegilada)
      0  Risdiplam
      0  Pegfilgrastim
      0  Palonosetrón
Coincidencias a guardar: 18  (ok=17, revisar=1)
MERGE 18 filas · obsoletos: 0 · Perú Inkafarma: 18 · total tabla: 1219
================================================================
 PE Boticas Perú → medicamentos_altos_costos_america
================================================================
      0  Acetato de abiraterona
      0  Acetato de glatiramer
      0  Acetato de goserelina
      0  Acetato de leuprorelina
      0  Ácido zoledrónico
      0  Adalimumab
      0  Agalsidasa beta
      0  Atezolizumab
      0  Azacitidina
      0  Basiliximab
      0  Bendamustina
      0  Bevacizumab
      0  Bicalutamida
      0  Bortezomib
      0  Bosentán
      0  Capecitabina
      0  Cetuximab
      0  Ciclosporina
      0  Cladribina
      0  Daratumumab
      0  Dasatinib
      0  Deferasirox
      0  Dornasa alfa
      0  Eltrombopag
      0  Emicizumab
      0  Enzalutamida
      0  Etanercept
      0  Everolimus
      0  Factor de coagulación VIII
      0  Factor de crecimiento epidérmico humano recombinante
      0  Factor IX
      0  Filgrastim
      0  Fingolimod
      0  Fulvestrant
      0  Galsulfasa
      0  Golimumab
      0  Guselkumab
      0  Ibrutinib
      0  Imatinib
      0  Imiglucerasa
      0  Infliximab
      0  Inmunoglobulina humana
      0  Interferón beta 1A
      0  Interferón beta 1B
      0  Lapatinib ditosilato
      0  Lenalidomida
      0  Letrozol
      0  Micofenolato mofetilo
      0  Micofenolato sódico
      0  Nilotinib
      0  Obinutuzumab
      0  Ocrelizumab
      0  Octreotida
      0  Olaparib
      0  Omalizumab
      0  Osimertinib mesilato
      0  Palbociclib
      0  Palmitato de paliperidona
      0  Pembrolizumab
      0  Pertuzumab
      0  Pertuzumab/Trastuzumab
      0  Pirfenidona
      0  Regorafenib
      0  Remdesivir
      0  Ribociclib
      0  Riluzol
      0  Riociguat
      0  Rituximab
      0  Secukinumab
      0  Sirolimus
      0  Sofosbuvir/Velpatasvir
      0  Somatropina
      0  Sorafenib tosilato
      0  Sunitinib
      0  Tacrolimus
      0  Teriflunomida
      0  Teriparatida
      0  Timoglobulina de conejo (antitimocitos humana)
      0  Tocilizumab
      0  Tofacitinib
      0  Trastuzumab
      0  Ustekinumab
      0  Valganciclovir
      0  Blinatumomab
      0  PEG-ASP (pegilada)
      0  Risdiplam
      0  Pegfilgrastim
      0  Palonosetrón
Coincidencias a guardar: 0  (ok=0, revisar=0)
  aviso: 0 coincidencias — no se purgan filas existentes
MERGE 0 filas · obsoletos: 0 · Perú Boticas: 0 · total tabla: 1219
================================================================
 UY Farmashop → medicamentos_altos_costos_america
================================================================
  red no disponible (bloqueado HTTP 403). Sigo con caché local.
      0  Acetato de abiraterona
      0  Acetato de glatiramer
      0  Acetato de goserelina
      0  Acetato de leuprorelina
      0  Ácido zoledrónico
      0  Adalimumab
      0  Agalsidasa beta
      0  Atezolizumab
      0  Azacitidina
      0  Basiliximab
      0  Bendamustina
      0  Bevacizumab
      0  Bicalutamida
      0  Bortezomib
      0  Bosentán
      0  Capecitabina
      0  Cetuximab
      0  Ciclosporina
      0  Cladribina
      0  Daratumumab
      0  Dasatinib
      0  Deferasirox
      0  Dornasa alfa
      0  Eltrombopag
      0  Emicizumab
      0  Enzalutamida
      0  Etanercept
      0  Everolimus
      0  Factor de coagulación VIII
      0  Factor de crecimiento epidérmico humano recombinante
      0  Factor IX
      0  Filgrastim
      0  Fingolimod
      0  Fulvestrant
      0  Galsulfasa
      0  Golimumab
      0  Guselkumab
      0  Ibrutinib
      0  Imatinib
      0  Imiglucerasa
      0  Infliximab
      0  Inmunoglobulina humana
      0  Interferón beta 1A
      0  Interferón beta 1B
      0  Lapatinib ditosilato
      0  Lenalidomida
      0  Letrozol
      0  Micofenolato mofetilo
      0  Micofenolato sódico
      0  Nilotinib
      0  Obinutuzumab
      0  Ocrelizumab
      0  Octreotida
      0  Olaparib
      0  Omalizumab
      0  Osimertinib mesilato
      0  Palbociclib
      0  Palmitato de paliperidona
      0  Pembrolizumab
      0  Pertuzumab
      0  Pertuzumab/Trastuzumab
      0  Pirfenidona
      0  Regorafenib
      0  Remdesivir
      0  Ribociclib
      0  Riluzol
      0  Riociguat
      0  Rituximab
      0  Secukinumab
      0  Sirolimus
      0  Sofosbuvir/Velpatasvir
      0  Somatropina
      0  Sorafenib tosilato
      0  Sunitinib
      0  Tacrolimus
      0  Teriflunomida
      0  Teriparatida
      0  Timoglobulina de conejo (antitimocitos humana)
      0  Tocilizumab
      0  Tofacitinib
      0  Trastuzumab
      0  Ustekinumab
      0  Valganciclovir
      0  Blinatumomab
      0  PEG-ASP (pegilada)
      0  Risdiplam
      0  Pegfilgrastim
      0  Palonosetrón
Lista: 88 medicamentos
Coincidencias a guardar: 0  (ok=0, revisar=0, con precio=0)
Tabla lista: P_aguila.medicamentos_altos_costos_america
  aviso: 0 coincidencias — no se purgan filas existentes
MERGE 0 filas · obsoletos: 0 · Uruguay Farmashop: 0 · total tabla: 1219
================================================================
 SV Siman → medicamentos_altos_costos_america
================================================================
      0  Acetato de abiraterona
      0  Acetato de glatiramer
      0  Acetato de goserelina
      0  Acetato de leuprorelina
      0  Ácido zoledrónico
      0  Adalimumab
      0  Agalsidasa beta
      0  Atezolizumab
      0  Azacitidina
      0  Basiliximab
      0  Bendamustina
      0  Bevacizumab
      0  Bicalutamida
      0  Bortezomib
      0  Bosentán
      0  Capecitabina
      0  Cetuximab
      0  Ciclosporina
      0  Cladribina
      0  Daratumumab
      0  Dasatinib
      0  Deferasirox
      0  Dornasa alfa
      0  Eltrombopag
      0  Emicizumab
      0  Enzalutamida
      0  Etanercept
      0  Everolimus
      0  Factor de coagulación VIII
      0  Factor de crecimiento epidérmico humano recombinante
      0  Factor IX
      0  Filgrastim
      0  Fingolimod
      0  Fulvestrant
      0  Galsulfasa
      0  Golimumab
      0  Guselkumab
      0  Ibrutinib
      0  Imatinib
      0  Imiglucerasa
      0  Infliximab
      0  Inmunoglobulina humana
      0  Interferón beta 1A
      0  Interferón beta 1B
      0  Lapatinib ditosilato
      0  Lenalidomida
  ·   2  Letrozol
      0  Micofenolato mofetilo
      0  Micofenolato sódico
      0  Nilotinib
      0  Obinutuzumab
      0  Ocrelizumab
      0  Octreotida
      0  Olaparib
      0  Omalizumab
      0  Osimertinib mesilato
      0  Palbociclib
      0  Palmitato de paliperidona
      0  Pembrolizumab
      0  Pertuzumab
      0  Pertuzumab/Trastuzumab
      0  Pirfenidona
      0  Regorafenib
      0  Remdesivir
      0  Ribociclib
      0  Riluzol
      0  Riociguat
      0  Rituximab
      0  Secukinumab
      0  Sirolimus
      0  Sofosbuvir/Velpatasvir
      0  Somatropina
      0  Sorafenib tosilato
      0  Sunitinib
      0  Tacrolimus
      0  Teriflunomida
      0  Teriparatida
      0  Timoglobulina de conejo (antitimocitos humana)
      0  Tocilizumab
      0  Tofacitinib
      0  Trastuzumab
      0  Ustekinumab
      0  Valganciclovir
      0  Blinatumomab
      0  PEG-ASP (pegilada)
      0  Risdiplam
      0  Pegfilgrastim
      0  Palonosetrón
Lista: 88 medicamentos
Coincidencias a guardar: 2  (ok=2, revisar=0, con precio=2)
Tabla lista: P_aguila.medicamentos_altos_costos_america
MERGE 2 filas · obsoletos: 0 · El Salvador Siman: 2 · total tabla: 1219
   2  Letrozol
================================================================
 EC Pharmacy's → medicamentos_altos_costos_america
================================================================
      0  Acetato de abiraterona
      0  Acetato de glatiramer
  ·   1  Acetato de goserelina
  ·   5  Acetato de leuprorelina
  ·   2  Ácido zoledrónico
  ·   1  Adalimumab
      0  Agalsidasa beta
      0  Atezolizumab
      0  Azacitidina
      0  Basiliximab
      0  Bendamustina
      0  Bevacizumab
  ·   1  Bicalutamida
      0  Bortezomib
      0  Bosentán
      0  Capecitabina
  ·   1  Cetuximab
  ·   2  Ciclosporina
      0  Cladribina
      0  Daratumumab
      0  Dasatinib
  ·   1  Deferasirox
      0  Dornasa alfa
  ·   1  Eltrombopag
      0  Emicizumab
      0  Enzalutamida
      0  Etanercept
  ·   1  Everolimus
      0  Factor de coagulación VIII
      0  Factor de crecimiento epidérmico humano recombinante
      0  Factor IX
  ·   2  Filgrastim
      0  Fingolimod
      0  Fulvestrant
      0  Galsulfasa
      0  Golimumab
      0  Guselkumab
      0  Ibrutinib
      0  Imatinib
      0  Imiglucerasa
      0  Infliximab
      0  Inmunoglobulina humana
      0  Interferón beta 1A
      0  Interferón beta 1B
      0  Lapatinib ditosilato
      0  Lenalidomida
  ·   1  Letrozol
      0  Micofenolato mofetilo
      0  Micofenolato sódico
      0  Nilotinib
      0  Obinutuzumab
      0  Ocrelizumab
      0  Octreotida
      0  Olaparib
  ·   1  Omalizumab
  ·   1  Osimertinib mesilato
      0  Palbociclib
      0  Palmitato de paliperidona
  ·   1  Pembrolizumab
      0  Pertuzumab
      0  Pertuzumab/Trastuzumab
      0  Pirfenidona
      0  Regorafenib
      0  Remdesivir
  ·   1  Ribociclib
      0  Riluzol
      0  Riociguat
  ·   1  Rituximab
      0  Secukinumab
      0  Sirolimus
      0  Sofosbuvir/Velpatasvir
  ·   4  Somatropina
  ·   1  Sorafenib tosilato
      0  Sunitinib
  ·   1  Tacrolimus
      0  Teriflunomida
      0  Teriparatida
      0  Timoglobulina de conejo (antitimocitos humana)
      0  Tocilizumab
      0  Tofacitinib
  ·   1  Trastuzumab
      0  Ustekinumab
      0  Valganciclovir
      0  Blinatumomab
      0  PEG-ASP (pegilada)
      0  Risdiplam
  ·   1  Pegfilgrastim
      0  Palonosetrón
Lista: 88 medicamentos
Coincidencias a guardar: 32  (ok=32, revisar=0, con precio=32)
Tabla lista: P_aguila.medicamentos_altos_costos_america
MERGE 32 filas · obsoletos: 0 · Ecuador Pharmacy's: 32 · total tabla: 1219
   5  Acetato de leuprorelina
   4  Somatropina
   2  Ciclosporina
   2  Filgrastim
   2  Ácido zoledrónico
   1  Acetato de goserelina
   1  Adalimumab
   1  Bicalutamida
   1  Cetuximab
   1  Deferasirox
   1  Eltrombopag
   1  Everolimus
   1  Letrozol
   1  Omalizumab
   1  Osimertinib mesilato
   1  Pegfilgrastim
   1  Pembrolizumab
   1  Ribociclib
   1  Rituximab
   1  Sorafenib tosilato
   1  Tacrolimus
   1  Trastuzumab
================================================================
 EC Cruz Azul → medicamentos_altos_costos_america
================================================================
      0  Acetato de abiraterona
      0  Acetato de glatiramer
  ·   1  Acetato de goserelina
  ·   5  Acetato de leuprorelina
  ·   2  Ácido zoledrónico
  ·   1  Adalimumab
      0  Agalsidasa beta
      0  Atezolizumab
      0  Azacitidina
      0  Basiliximab
      0  Bendamustina
      0  Bevacizumab
  ·   1  Bicalutamida
      0  Bortezomib
      0  Bosentán
      0  Capecitabina
  ·   1  Cetuximab
  ·   2  Ciclosporina
      0  Cladribina
      0  Daratumumab
      0  Dasatinib
  ·   1  Deferasirox
      0  Dornasa alfa
  ·   1  Eltrombopag
      0  Emicizumab
      0  Enzalutamida
      0  Etanercept
  ·   1  Everolimus
      0  Factor de coagulación VIII
      0  Factor de crecimiento epidérmico humano recombinante
      0  Factor IX
  ·   2  Filgrastim
      0  Fingolimod
      0  Fulvestrant
      0  Galsulfasa
      0  Golimumab
      0  Guselkumab
      0  Ibrutinib
      0  Imatinib
      0  Imiglucerasa
      0  Infliximab
      0  Inmunoglobulina humana
      0  Interferón beta 1A
      0  Interferón beta 1B
      0  Lapatinib ditosilato
      0  Lenalidomida
  ·   1  Letrozol
      0  Micofenolato mofetilo
      0  Micofenolato sódico
      0  Nilotinib
      0  Obinutuzumab
      0  Ocrelizumab
      0  Octreotida
      0  Olaparib
  ·   1  Omalizumab
  ·   1  Osimertinib mesilato
      0  Palbociclib
      0  Palmitato de paliperidona
  ·   1  Pembrolizumab
      0  Pertuzumab
      0  Pertuzumab/Trastuzumab
      0  Pirfenidona
      0  Regorafenib
      0  Remdesivir
  ·   1  Ribociclib
      0  Riluzol
      0  Riociguat
  ·   1  Rituximab
      0  Secukinumab
      0  Sirolimus
      0  Sofosbuvir/Velpatasvir
  ·   4  Somatropina
  ·   1  Sorafenib tosilato
      0  Sunitinib
  ·   1  Tacrolimus
      0  Teriflunomida
      0  Teriparatida
      0  Timoglobulina de conejo (antitimocitos humana)
      0  Tocilizumab
      0  Tofacitinib
  ·   1  Trastuzumab
      0  Ustekinumab
      0  Valganciclovir
      0  Blinatumomab
      0  PEG-ASP (pegilada)
      0  Risdiplam
  ·   1  Pegfilgrastim
      0  Palonosetrón
Lista: 88 medicamentos
Coincidencias a guardar: 32  (ok=32, revisar=0, con precio=32)
Tabla lista: P_aguila.medicamentos_altos_costos_america
MERGE 32 filas · obsoletos: 0 · Ecuador Cruz Azul: 32 · total tabla: 1219
   5  Acetato de leuprorelina
   4  Somatropina
   2  Ciclosporina
   2  Filgrastim
   2  Ácido zoledrónico
   1  Acetato de goserelina
   1  Adalimumab
   1  Bicalutamida
   1  Cetuximab
   1  Deferasirox
   1  Eltrombopag
   1  Everolimus
   1  Letrozol
   1  Omalizumab
   1  Osimertinib mesilato
   1  Pegfilgrastim
   1  Pembrolizumab
   1  Ribociclib
   1  Rituximab
   1  Sorafenib tosilato
   1  Tacrolimus
   1  Trastuzumab
================================================================
 EC Fybeca → medicamentos_altos_costos_america
================================================================
  red no disponible (bloqueado HTTP 403). Sigo con caché local.
      0  Acetato de abiraterona
      0  Acetato de glatiramer
      0  Acetato de goserelina
      0  Acetato de leuprorelina
      0  Ácido zoledrónico
      0  Adalimumab
      0  Agalsidasa beta
      0  Atezolizumab
      0  Azacitidina
      0  Basiliximab
      0  Bendamustina
      0  Bevacizumab
      0  Bicalutamida
      0  Bortezomib
      0  Bosentán
      0  Capecitabina
      0  Cetuximab
      0  Ciclosporina
      0  Cladribina
      0  Daratumumab
      0  Dasatinib
      0  Deferasirox
      0  Dornasa alfa
      0  Eltrombopag
      0  Emicizumab
      0  Enzalutamida
      0  Etanercept
      0  Everolimus
      0  Factor de coagulación VIII
      0  Factor de crecimiento epidérmico humano recombinante
      0  Factor IX
      0  Filgrastim
      0  Fingolimod
      0  Fulvestrant
      0  Galsulfasa
      0  Golimumab
      0  Guselkumab
      0  Ibrutinib
      0  Imatinib
      0  Imiglucerasa
      0  Infliximab
      0  Inmunoglobulina humana
      0  Interferón beta 1A
      0  Interferón beta 1B
      0  Lapatinib ditosilato
      0  Lenalidomida
      0  Letrozol
      0  Micofenolato mofetilo
      0  Micofenolato sódico
      0  Nilotinib
      0  Obinutuzumab
      0  Ocrelizumab
      0  Octreotida
      0  Olaparib
      0  Omalizumab
      0  Osimertinib mesilato
      0  Palbociclib
      0  Palmitato de paliperidona
      0  Pembrolizumab
      0  Pertuzumab
      0  Pertuzumab/Trastuzumab
      0  Pirfenidona
      0  Regorafenib
      0  Remdesivir
      0  Ribociclib
      0  Riluzol
      0  Riociguat
      0  Rituximab
      0  Secukinumab
      0  Sirolimus
      0  Sofosbuvir/Velpatasvir
      0  Somatropina
      0  Sorafenib tosilato
      0  Sunitinib
      0  Tacrolimus
      0  Teriflunomida
      0  Teriparatida
      0  Timoglobulina de conejo (antitimocitos humana)
      0  Tocilizumab
      0  Tofacitinib
      0  Trastuzumab
      0  Ustekinumab
      0  Valganciclovir
      0  Blinatumomab
      0  PEG-ASP (pegilada)
      0  Risdiplam
      0  Pegfilgrastim
      0  Palonosetrón
Lista: 88 medicamentos
Coincidencias a guardar: 0  (ok=0, revisar=0, con precio=0)
Tabla lista: P_aguila.medicamentos_altos_costos_america
  aviso: 0 coincidencias — no se purgan filas existentes
MERGE 0 filas · obsoletos: 0 · Ecuador Fybeca: 0 · total tabla: 1219
================================================================
 HN Siman → medicamentos_altos_costos_america
================================================================
      0  Acetato de abiraterona
      0  Acetato de glatiramer
      0  Acetato de goserelina
      0  Acetato de leuprorelina
      0  Ácido zoledrónico
      0  Adalimumab
      0  Agalsidasa beta
      0  Atezolizumab
      0  Azacitidina
      0  Basiliximab
      0  Bendamustina
      0  Bevacizumab
      0  Bicalutamida
      0  Bortezomib
      0  Bosentán
      0  Capecitabina
      0  Cetuximab
      0  Ciclosporina
      0  Cladribina
      0  Daratumumab
      0  Dasatinib
      0  Deferasirox
      0  Dornasa alfa
      0  Eltrombopag
      0  Emicizumab
      0  Enzalutamida
      0  Etanercept
      0  Everolimus
      0  Factor de coagulación VIII
      0  Factor de crecimiento epidérmico humano recombinante
      0  Factor IX
      0  Filgrastim
      0  Fingolimod
      0  Fulvestrant
      0  Galsulfasa
      0  Golimumab
      0  Guselkumab
      0  Ibrutinib
      0  Imatinib
      0  Imiglucerasa
      0  Infliximab
      0  Inmunoglobulina humana
      0  Interferón beta 1A
      0  Interferón beta 1B
      0  Lapatinib ditosilato
      0  Lenalidomida
  ·   2  Letrozol
      0  Micofenolato mofetilo
      0  Micofenolato sódico
      0  Nilotinib
      0  Obinutuzumab
      0  Ocrelizumab
      0  Octreotida
      0  Olaparib
      0  Omalizumab
      0  Osimertinib mesilato
      0  Palbociclib
      0  Palmitato de paliperidona
      0  Pembrolizumab
      0  Pertuzumab
      0  Pertuzumab/Trastuzumab
      0  Pirfenidona
      0  Regorafenib
      0  Remdesivir
      0  Ribociclib
      0  Riluzol
      0  Riociguat
      0  Rituximab
      0  Secukinumab
      0  Sirolimus
      0  Sofosbuvir/Velpatasvir
      0  Somatropina
      0  Sorafenib tosilato
      0  Sunitinib
      0  Tacrolimus
      0  Teriflunomida
      0  Teriparatida
      0  Timoglobulina de conejo (antitimocitos humana)
      0  Tocilizumab
      0  Tofacitinib
      0  Trastuzumab
      0  Ustekinumab
      0  Valganciclovir
      0  Blinatumomab
      0  PEG-ASP (pegilada)
      0  Risdiplam
      0  Pegfilgrastim
      0  Palonosetrón
Lista: 88 medicamentos
Coincidencias a guardar: 2  (ok=2, revisar=0, con precio=2)
Tabla lista: P_aguila.medicamentos_altos_costos_america
MERGE 2 filas · obsoletos: 0 · Honduras Siman: 2 · total tabla: 1219
   2  Letrozol
================================================================
 HN Kielsa → medicamentos_altos_costos_america
================================================================
      0  Acetato de abiraterona
      0  Acetato de glatiramer
  ·   1  Acetato de goserelina
  ·   1  Acetato de leuprorelina
  ·   2  Ácido zoledrónico
      0  Adalimumab
      0  Agalsidasa beta
      0  Atezolizumab
      0  Azacitidina
      0  Basiliximab
  ·   1  Bendamustina
  ·   1  Bevacizumab
  ·   1  Bicalutamida
      0  Bortezomib
      0  Bosentán
  ·   1  Capecitabina
      0  Cetuximab
  ·   1  Ciclosporina
      0  Cladribina
      0  Daratumumab
      0  Dasatinib
      0  Deferasirox
  ·   1  Dornasa alfa
      0  Eltrombopag
      0  Emicizumab
  ·   1  Enzalutamida
      0  Etanercept
      0  Everolimus
      0  Factor de coagulación VIII
  ·   1  Factor de crecimiento epidérmico humano recombinante
      0  Factor IX
  ·   1  Filgrastim
      0  Fingolimod
  ·   1  Fulvestrant
      0  Galsulfasa
      0  Golimumab
      0  Guselkumab
      0  Ibrutinib
  ·   1  Imatinib
      0  Imiglucerasa
      0  Infliximab
  ·   1  Inmunoglobulina humana
      0  Interferón beta 1A
      0  Interferón beta 1B
      0  Lapatinib ditosilato
      0  Lenalidomida
  ·   1  Letrozol
  ·   1  Micofenolato mofetilo
      0  Micofenolato sódico
      0  Nilotinib
      0  Obinutuzumab
      0  Ocrelizumab
  ·   1  Octreotida
      0  Olaparib
      0  Omalizumab
      0  Osimertinib mesilato
      0  Palbociclib
      0  Palmitato de paliperidona
      0  Pembrolizumab
  ·   1  Pertuzumab
      0  Pertuzumab/Trastuzumab
      0  Pirfenidona
      0  Regorafenib
  ·   1  Remdesivir
      0  Ribociclib
      0  Riluzol
      0  Riociguat
      0  Rituximab
      0  Secukinumab
      0  Sirolimus
      0  Sofosbuvir/Velpatasvir
      0  Somatropina
  ·   1  Sorafenib tosilato
      0  Sunitinib
  ·   1  Tacrolimus
      0  Teriflunomida
      0  Teriparatida
      0  Timoglobulina de conejo (antitimocitos humana)
  ·   1  Tocilizumab
      0  Tofacitinib
  ·   1  Trastuzumab
      0  Ustekinumab
  ·   1  Valganciclovir
      0  Blinatumomab
      0  PEG-ASP (pegilada)
      0  Risdiplam
      0  Pegfilgrastim
  ·   1  Palonosetrón
Lista: 88 medicamentos
Coincidencias a guardar: 27  (ok=25, revisar=2)
Tabla lista: P_aguila.medicamentos_altos_costos_america
MERGE 27 filas · obsoletos: 1 · Honduras Kielsa: 27 · total tabla: 1218
================================================================
 HN Farmacias del Ahorro → medicamentos_altos_costos_america
================================================================
  aviso abiraterona: respuesta no JSON
  aviso abiraterone: respuesta no JSON
  aviso zytiga: respuesta no JSON
  aviso acetato de abiraterona: respuesta no JSON
      0  Acetato de abiraterona
  aviso glatiramer: respuesta no JSON
  aviso glamatir: respuesta no JSON
      0  Acetato de glatiramer
  aviso goserelina: respuesta no JSON
  aviso goserelin: respuesta no JSON
  aviso gosserrelina: respuesta no JSON
  aviso zoladex: respuesta no JSON
  aviso prozoladex: respuesta no JSON
  aviso prozoladex la: respuesta no JSON
  aviso govolyx: respuesta no JSON
      0  Acetato de goserelina
  aviso leuprorelina: respuesta no JSON
  aviso leuprolide: respuesta no JSON
  aviso leuprorelin: respuesta no JSON
  aviso leuprorrelina: respuesta no JSON
  aviso lupron: respuesta no JSON
  aviso lectrum: respuesta no JSON
  aviso lupron depot: respuesta no JSON
  aviso eligard: respuesta no JSON
      0  Acetato de leuprorelina
  aviso zoledronico: respuesta no JSON
  aviso zoledronic: respuesta no JSON
  aviso zoledronate: respuesta no JSON
  aviso zometa: respuesta no JSON
  aviso aclasta: respuesta no JSON
  aviso acido zoledronico: respuesta no JSON
      0  Ácido zoledrónico
  aviso adalimumab: respuesta no JSON
  aviso humira: respuesta no JSON
  aviso amgevita: respuesta no JSON
  aviso hulio: respuesta no JSON
  aviso hyrimoz: respuesta no JSON
  aviso hadlima: respuesta no JSON
  aviso idacio: respuesta no JSON
  aviso yuflyma: respuesta no JSON
      0  Adalimumab
  aviso agalsidasa: respuesta no JSON
  aviso agalsidase: respuesta no JSON
  aviso fabrazyme: respuesta no JSON
      0  Agalsidasa beta
  aviso atezolizumab: respuesta no JSON
  aviso tecentriq: respuesta no JSON
      0  Atezolizumab
  aviso azacitidina: respuesta no JSON
  aviso azacitidine: respuesta no JSON
  aviso vidaza: respuesta no JSON
  aviso zactidyn: respuesta no JSON
  aviso winduza: respuesta no JSON
  aviso xitidin: respuesta no JSON
  aviso azadual: respuesta no JSON
      0  Azacitidina
  aviso basiliximab: respuesta no JSON
  aviso simulect: respuesta no JSON
      0  Basiliximab
  aviso bendamustina: respuesta no JSON
  aviso bendamustine: respuesta no JSON
      0  Bendamustina
  aviso bevacizumab: respuesta no JSON
  aviso avastin: respuesta no JSON
  aviso mvasi: respuesta no JSON
  aviso zirabev: respuesta no JSON
  aviso vegzelma: respuesta no JSON
      0  Bevacizumab
  aviso bicalutamida: respuesta no JSON
  aviso bicalutamide: respuesta no JSON
  aviso casodex: respuesta no JSON
      0  Bicalutamida
  aviso bortezomib: respuesta no JSON
  aviso velcade: respuesta no JSON
      0  Bortezomib
  aviso bosentan: respuesta no JSON
  aviso tracleer: respuesta no JSON
  aviso canabosen: respuesta no JSON
      0  Bosentán
  aviso capecitabina: respuesta no JSON
  aviso capecitabine: respuesta no JSON
  aviso xeloda: respuesta no JSON
  aviso capcitox: respuesta no JSON
  aviso capetero: respuesta no JSON
  aviso relicitabine: respuesta no JSON
      0  Capecitabina
  aviso cetuximab: respuesta no JSON
  aviso erbitux: respuesta no JSON
      0  Cetuximab
  aviso ciclosporina: respuesta no JSON
  aviso cyclosporine: respuesta no JSON
  aviso cyclosporin: respuesta no JSON
  aviso neoral: respuesta no JSON
  aviso sandimmun: respuesta no JSON
  aviso equoral: respuesta no JSON
  aviso sandimmun neoral: respuesta no JSON
      0  Ciclosporina
  aviso cladribina: respuesta no JSON
  aviso cladribine: respuesta no JSON
  aviso mavenclad: respuesta no JSON
      0  Cladribina
  aviso daratumumab: respuesta no JSON
  aviso darzalex: respuesta no JSON
  aviso darzalex faspro: respuesta no JSON
      0  Daratumumab
  aviso dasatinib: respuesta no JSON
  aviso sprycel: respuesta no JSON
      0  Dasatinib
  aviso deferasirox: respuesta no JSON
  aviso exjade: respuesta no JSON
  aviso jadenu: respuesta no JSON
      0  Deferasirox
  aviso dornasa: respuesta no JSON
  aviso dornase: respuesta no JSON
  aviso pulmozyme: respuesta no JSON
      0  Dornasa alfa
  aviso eltrombopag: respuesta no JSON
  aviso revolade: respuesta no JSON
  aviso promacta: respuesta no JSON
      0  Eltrombopag
  aviso emicizumab: respuesta no JSON
  aviso hemlibra: respuesta no JSON
      0  Emicizumab
  aviso enzalutamida: respuesta no JSON
  aviso enzalutamide: respuesta no JSON
  aviso xtandi: respuesta no JSON
      0  Enzalutamida
  aviso etanercept: respuesta no JSON
  aviso enbrel: respuesta no JSON
  aviso brenzys: respuesta no JSON
  aviso erelzi: respuesta no JSON
  aviso nepexto: respuesta no JSON
      0  Etanercept
  aviso everolimus: respuesta no JSON
  aviso afinitor: respuesta no JSON
  aviso certican: respuesta no JSON
  aviso nat-everolimus: respuesta no JSON
      0  Everolimus
  aviso factor viii: respuesta no JSON
  aviso factor 8: respuesta no JSON
  aviso octocog: respuesta no JSON
  aviso moroctocog: respuesta no JSON
  aviso antihemophilic: respuesta no JSON
  aviso advate: respuesta no JSON
  aviso xyntha: respuesta no JSON
  aviso octanate: respuesta no JSON
  aviso nuwiq: respuesta no JSON
      0  Factor de coagulación VIII
  aviso factor de crecimiento epidermico: respuesta no JSON
  aviso epidermal growth factor: respuesta no JSON
  aviso heberprot: respuesta no JSON
  aviso rh-egf: respuesta no JSON
  aviso rhegf: respuesta no JSON
  aviso heberprot-p: respuesta no JSON
      0  Factor de crecimiento epidérmico humano recombinante
  aviso factor ix: respuesta no JSON
  aviso factor 9: respuesta no JSON
  aviso nonacog: respuesta no JSON
  aviso benefix: respuesta no JSON
  aviso alprolix: respuesta no JSON
      0  Factor IX
  aviso filgrastim: respuesta no JSON
  aviso neupogen: respuesta no JSON
  aviso filatil: respuesta no JSON
  aviso zarzio: respuesta no JSON
      0  Filgrastim
  aviso fingolimod: respuesta no JSON
  aviso gilenya: respuesta no JSON
      0  Fingolimod
  aviso fulvestrant: respuesta no JSON
  aviso faslodex: respuesta no JSON
      0  Fulvestrant
  aviso galsulfasa: respuesta no JSON
  aviso galsulfase: respuesta no JSON
  aviso naglazyme: respuesta no JSON
      0  Galsulfasa
  aviso golimumab: respuesta no JSON
  aviso simponi: respuesta no JSON
      0  Golimumab
  aviso guselkumab: respuesta no JSON
  aviso tremfya: respuesta no JSON
      0  Guselkumab
  aviso ibrutinib: respuesta no JSON
  aviso imbruvica: respuesta no JSON
      0  Ibrutinib
  aviso imatinib: respuesta no JSON
  aviso gleevec: respuesta no JSON
  aviso glivec: respuesta no JSON
      0  Imatinib
  aviso imiglucerasa: respuesta no JSON
  aviso imiglucerase: respuesta no JSON
  aviso cerezyme: respuesta no JSON
      0  Imiglucerasa
  aviso infliximab: respuesta no JSON
  aviso remicade: respuesta no JSON
  aviso remsima: respuesta no JSON
  aviso inflectra: respuesta no JSON
  aviso ixifi: respuesta no JSON
      0  Infliximab
  aviso inmunoglobulina: respuesta no JSON
  aviso immunoglobulin: respuesta no JSON
  aviso imunoglobulina: respuesta no JSON
  aviso ivig: respuesta no JSON
  aviso gamunex: respuesta no JSON
  aviso privigen: respuesta no JSON
  aviso flebogamma: respuesta no JSON
  aviso octagam: respuesta no JSON
      0  Inmunoglobulina humana
  aviso interferon beta-1a: respuesta no JSON
  aviso interferon beta 1a: respuesta no JSON
  aviso interferon beta 1-a: respuesta no JSON
  aviso interferona beta 1a: respuesta no JSON
  aviso avonex: respuesta no JSON
  aviso rebif: respuesta no JSON
  aviso plegridy: respuesta no JSON
      0  Interferón beta 1A
  aviso interferon beta-1b: respuesta no JSON
  aviso interferon beta 1b: respuesta no JSON
  aviso interferona beta 1b: respuesta no JSON
  aviso betaseron: respuesta no JSON
  aviso betaferon: respuesta no JSON
  aviso extavia: respuesta no JSON
      0  Interferón beta 1B
  aviso lapatinib: respuesta no JSON
  aviso tykerb: respuesta no JSON
  aviso tyverb: respuesta no JSON
      0  Lapatinib ditosilato
  aviso lenalidomida: respuesta no JSON
  aviso lenalidomide: respuesta no JSON
  aviso revlimid: respuesta no JSON
      0  Lenalidomida
  aviso letrozol: respuesta no JSON
  aviso letrozole: respuesta no JSON
  aviso femara: respuesta no JSON
      0  Letrozol
  aviso micofenolato mofetilo: respuesta no JSON
  aviso mycophenolate mofetil: respuesta no JSON
  aviso cellcept: respuesta no JSON
  aviso micofenolato de mofetilo: respuesta no JSON
  aviso micofenolato: respuesta no JSON
  aviso mofetilo: respuesta no JSON
      0  Micofenolato mofetilo
  aviso micofenolato sodico: respuesta no JSON
  aviso mycophenolate sodium: respuesta no JSON
  aviso myfortic: respuesta no JSON
      0  Micofenolato sódico
  aviso nilotinib: respuesta no JSON
  aviso tasigna: respuesta no JSON
  aviso nilotinib hydrochloride: respuesta no JSON
      0  Nilotinib
  aviso obinutuzumab: respuesta no JSON
  aviso gazyva: respuesta no JSON
  aviso gazyvaro: respuesta no JSON
      0  Obinutuzumab
  aviso ocrelizumab: respuesta no JSON
  aviso ocrevus: respuesta no JSON
  aviso ocrevus zunovo: respuesta no JSON
      0  Ocrelizumab
  aviso octreotida: respuesta no JSON
  aviso octreotide: respuesta no JSON
  aviso sandostatin: respuesta no JSON
  aviso sandostatina: respuesta no JSON
  aviso sandostatin lar: respuesta no JSON
      0  Octreotida
  aviso olaparib: respuesta no JSON
  aviso lynparza: respuesta no JSON
      0  Olaparib
  aviso omalizumab: respuesta no JSON
  aviso xolair: respuesta no JSON
      0  Omalizumab
  aviso osimertinib: respuesta no JSON
  aviso tagrisso: respuesta no JSON
      0  Osimertinib mesilato
  aviso palbociclib: respuesta no JSON
  aviso palbociclibe: respuesta no JSON
  aviso ibrance: respuesta no JSON
      0  Palbociclib
  aviso paliperidona: respuesta no JSON
  aviso paliperidone: respuesta no JSON
  aviso invega: respuesta no JSON
  aviso xeplion: respuesta no JSON
  aviso trinza: respuesta no JSON
  aviso invega hafyera: respuesta no JSON
  aviso hafyera: respuesta no JSON
  aviso invega sustenna: respuesta no JSON
  aviso sustenna: respuesta no JSON
  aviso invega trinza: respuesta no JSON
      0  Palmitato de paliperidona
  aviso pembrolizumab: respuesta no JSON
  aviso pembrolizumabe: respuesta no JSON
  aviso keytruda: respuesta no JSON
      0  Pembrolizumab
  aviso pertuzumab: respuesta no JSON
  aviso perjeta: respuesta no JSON
      0  Pertuzumab
  aviso pertuzumab y trastuzumab: respuesta no JSON
  aviso pertuzumab/trastuzumab: respuesta no JSON
  aviso phesgo: respuesta no JSON
      0  Pertuzumab/Trastuzumab
  aviso pirfenidona: respuesta no JSON
  aviso pirfenidone: respuesta no JSON
  aviso esbriet: respuesta no JSON
  aviso pirfone: respuesta no JSON
      0  Pirfenidona
  aviso regorafenib: respuesta no JSON
  aviso stivarga: respuesta no JSON
      0  Regorafenib
  aviso remdesivir: respuesta no JSON
  aviso veklury: respuesta no JSON
      0  Remdesivir
  aviso ribociclib: respuesta no JSON
  aviso kisqali: respuesta no JSON
      0  Ribociclib
  aviso riluzol: respuesta no JSON
  aviso riluzole: respuesta no JSON
  aviso rilutek: respuesta no JSON
      0  Riluzol
  aviso riociguat: respuesta no JSON
  aviso adempas: respuesta no JSON
  aviso rioci: respuesta no JSON
      0  Riociguat
  aviso rituximab: respuesta no JSON
  aviso mabthera: respuesta no JSON
  aviso rituxan: respuesta no JSON
  aviso truxima: respuesta no JSON
  aviso rixathon: respuesta no JSON
      0  Rituximab
  aviso secukinumab: respuesta no JSON
  aviso cosentyx: respuesta no JSON
      0  Secukinumab
  aviso sirolimus: respuesta no JSON
  aviso rapamune: respuesta no JSON
      0  Sirolimus
  aviso sofosbuvir: respuesta no JSON
  aviso velpatasvir: respuesta no JSON
  aviso epclusa: respuesta no JSON
      0  Sofosbuvir/Velpatasvir
  aviso somatropina: respuesta no JSON
  aviso somatropin: respuesta no JSON
  aviso genotropin: respuesta no JSON
  aviso norditropin: respuesta no JSON
  aviso saizen: respuesta no JSON
  aviso humatrope: respuesta no JSON
  aviso norditropin flexpro: respuesta no JSON
      0  Somatropina
  aviso sorafenib: respuesta no JSON
  aviso nexavar: respuesta no JSON
      0  Sorafenib tosilato
  aviso sunitinib: respuesta no JSON
  aviso sutent: respuesta no JSON
  aviso sunitinib malato: respuesta no JSON
      0  Sunitinib
  aviso tacrolimus: respuesta no JSON
  aviso prograf: respuesta no JSON
  aviso advagraf: respuesta no JSON
      0  Tacrolimus
  aviso teriflunomida: respuesta no JSON
  aviso teriflunomide: respuesta no JSON
  aviso aubagio: respuesta no JSON
      0  Teriflunomida
  aviso teriparatida: respuesta no JSON
  aviso teriparatide: respuesta no JSON
  aviso forteo: respuesta no JSON
      0  Teriparatida
  aviso timoglobulina: respuesta no JSON
  aviso thymoglobulin: respuesta no JSON
  aviso antitimocito: respuesta no JSON
  aviso antithymocyte: respuesta no JSON
      0  Timoglobulina de conejo (antitimocitos humana)
  aviso tocilizumab: respuesta no JSON
  aviso actemra: respuesta no JSON
  aviso roactemra: respuesta no JSON
      0  Tocilizumab
  aviso tofacitinib: respuesta no JSON
  aviso xeljanz: respuesta no JSON
  aviso xeljanz xr: respuesta no JSON
      0  Tofacitinib
  aviso trastuzumab: respuesta no JSON
  aviso herceptin: respuesta no JSON
  aviso herzuma: respuesta no JSON
  aviso trazimera: respuesta no JSON
      0  Trastuzumab
  aviso ustekinumab: respuesta no JSON
  aviso stelara: respuesta no JSON
  aviso selarsdi: respuesta no JSON
      0  Ustekinumab
  aviso valganciclovir: respuesta no JSON
  aviso valcyte: respuesta no JSON
  aviso seveclo: respuesta no JSON
      0  Valganciclovir
  aviso blinatumomab: respuesta no JSON
  aviso blincyto: respuesta no JSON
      0  Blinatumomab
  aviso pegaspargasa: respuesta no JSON
  aviso pegaspargase: respuesta no JSON
  aviso peg-asp: respuesta no JSON
  aviso oncaspar: respuesta no JSON
  aviso asparaginasa pegilada: respuesta no JSON
      0  PEG-ASP (pegilada)
  aviso risdiplam: respuesta no JSON
  aviso evrysdi: respuesta no JSON
      0  Risdiplam
  aviso pegfilgrastim: respuesta no JSON
  aviso pegfilgastrim: respuesta no JSON
  aviso neulasta: respuesta no JSON
  aviso neulastim: respuesta no JSON
  aviso ristempa: respuesta no JSON
  aviso ziextenzo: respuesta no JSON
  aviso fulphila: respuesta no JSON
      0  Pegfilgrastim
  aviso palonosetron: respuesta no JSON
  aviso palonosetrona: respuesta no JSON
  aviso aloxi: respuesta no JSON
  aviso onicit: respuesta no JSON
      0  Palonosetrón
Lista: 88 medicamentos
Coincidencias a guardar: 0  (ok=0, revisar=0, con precio=0)
Tabla lista: P_aguila.medicamentos_altos_costos_america
  aviso: 0 coincidencias — no se purgan filas existentes
MERGE 0 filas · obsoletos: 0 · Honduras Farmacias del Ahorro: 0 · total tabla: 1218
================================================================
 GT Siman → medicamentos_altos_costos_america
================================================================
      0  Acetato de abiraterona
      0  Acetato de glatiramer
      0  Acetato de goserelina
      0  Acetato de leuprorelina
      0  Ácido zoledrónico
      0  Adalimumab
      0  Agalsidasa beta
      0  Atezolizumab
      0  Azacitidina
      0  Basiliximab
      0  Bendamustina
      0  Bevacizumab
      0  Bicalutamida
      0  Bortezomib
      0  Bosentán
      0  Capecitabina
      0  Cetuximab
      0  Ciclosporina
      0  Cladribina
      0  Daratumumab
      0  Dasatinib
      0  Deferasirox
      0  Dornasa alfa
      0  Eltrombopag
      0  Emicizumab
      0  Enzalutamida
      0  Etanercept
      0  Everolimus
      0  Factor de coagulación VIII
      0  Factor de crecimiento epidérmico humano recombinante
      0  Factor IX
      0  Filgrastim
      0  Fingolimod
      0  Fulvestrant
      0  Galsulfasa
      0  Golimumab
      0  Guselkumab
      0  Ibrutinib
      0  Imatinib
      0  Imiglucerasa
      0  Infliximab
      0  Inmunoglobulina humana
      0  Interferón beta 1A
      0  Interferón beta 1B
      0  Lapatinib ditosilato
      0  Lenalidomida
  ·   2  Letrozol
      0  Micofenolato mofetilo
      0  Micofenolato sódico
      0  Nilotinib
      0  Obinutuzumab
      0  Ocrelizumab
      0  Octreotida
      0  Olaparib
      0  Omalizumab
      0  Osimertinib mesilato
      0  Palbociclib
      0  Palmitato de paliperidona
      0  Pembrolizumab
      0  Pertuzumab
      0  Pertuzumab/Trastuzumab
      0  Pirfenidona
      0  Regorafenib
      0  Remdesivir
      0  Ribociclib
      0  Riluzol
      0  Riociguat
      0  Rituximab
      0  Secukinumab
      0  Sirolimus
      0  Sofosbuvir/Velpatasvir
      0  Somatropina
      0  Sorafenib tosilato
      0  Sunitinib
      0  Tacrolimus
      0  Teriflunomida
      0  Teriparatida
      0  Timoglobulina de conejo (antitimocitos humana)
      0  Tocilizumab
      0  Tofacitinib
      0  Trastuzumab
      0  Ustekinumab
      0  Valganciclovir
      0  Blinatumomab
      0  PEG-ASP (pegilada)
      0  Risdiplam
      0  Pegfilgrastim
      0  Palonosetrón
Lista: 88 medicamentos
Coincidencias a guardar: 2  (ok=2, revisar=0, con precio=2)
Tabla lista: P_aguila.medicamentos_altos_costos_america
MERGE 2 filas · obsoletos: 0 · Guatemala Siman: 2 · total tabla: 1218
   2  Letrozol
================================================================
 GT Farmacias Batres → medicamentos_altos_costos_america
================================================================
  red no disponible (bloqueado HTTP 403). Sigo con caché local.
      0  Acetato de abiraterona
      0  Acetato de glatiramer
      0  Acetato de goserelina
      0  Acetato de leuprorelina
      0  Ácido zoledrónico
      0  Adalimumab
      0  Agalsidasa beta
      0  Atezolizumab
      0  Azacitidina
      0  Basiliximab
      0  Bendamustina
      0  Bevacizumab
      0  Bicalutamida
      0  Bortezomib
      0  Bosentán
      0  Capecitabina
      0  Cetuximab
      0  Ciclosporina
      0  Cladribina
      0  Daratumumab
      0  Dasatinib
      0  Deferasirox
      0  Dornasa alfa
      0  Eltrombopag
      0  Emicizumab
      0  Enzalutamida
      0  Etanercept
      0  Everolimus
      0  Factor de coagulación VIII
      0  Factor de crecimiento epidérmico humano recombinante
      0  Factor IX
      0  Filgrastim
      0  Fingolimod
      0  Fulvestrant
      0  Galsulfasa
      0  Golimumab
      0  Guselkumab
      0  Ibrutinib
      0  Imatinib
      0  Imiglucerasa
      0  Infliximab
      0  Inmunoglobulina humana
      0  Interferón beta 1A
      0  Interferón beta 1B
      0  Lapatinib ditosilato
      0  Lenalidomida
      0  Letrozol
      0  Micofenolato mofetilo
      0  Micofenolato sódico
      0  Nilotinib
      0  Obinutuzumab
      0  Ocrelizumab
      0  Octreotida
      0  Olaparib
      0  Omalizumab
      0  Osimertinib mesilato
      0  Palbociclib
      0  Palmitato de paliperidona
      0  Pembrolizumab
      0  Pertuzumab
      0  Pertuzumab/Trastuzumab
      0  Pirfenidona
      0  Regorafenib
      0  Remdesivir
      0  Ribociclib
      0  Riluzol
      0  Riociguat
      0  Rituximab
      0  Secukinumab
      0  Sirolimus
      0  Sofosbuvir/Velpatasvir
      0  Somatropina
      0  Sorafenib tosilato
      0  Sunitinib
      0  Tacrolimus
      0  Teriflunomida
      0  Teriparatida
      0  Timoglobulina de conejo (antitimocitos humana)
      0  Tocilizumab
      0  Tofacitinib
      0  Trastuzumab
      0  Ustekinumab
      0  Valganciclovir
      0  Blinatumomab
      0  PEG-ASP (pegilada)
      0  Risdiplam
      0  Pegfilgrastim
      0  Palonosetrón
Lista: 88 medicamentos
Coincidencias a guardar: 0  (ok=0, revisar=0, con precio=0)
Tabla lista: P_aguila.medicamentos_altos_costos_america
  aviso: 0 coincidencias — no se purgan filas existentes
MERGE 0 filas · obsoletos: 0 · Guatemala Farmacias Batres: 0 · total tabla: 1218
================================================================
 GT Farmacias Galeno → medicamentos_altos_costos_america
================================================================
  aviso abiraterona: HTTP 404
  aviso abiraterone: HTTP 404
  aviso zytiga: HTTP 404
  aviso acetato de abiraterona: HTTP 404
      0  Acetato de abiraterona
  aviso glatiramer: HTTP 404
  aviso glamatir: HTTP 404
      0  Acetato de glatiramer
  aviso goserelina: HTTP 404
  aviso goserelin: HTTP 404
  aviso gosserrelina: HTTP 404
  aviso zoladex: HTTP 404
  aviso prozoladex: HTTP 404
  aviso prozoladex la: HTTP 404
  aviso govolyx: HTTP 404
      0  Acetato de goserelina
  aviso leuprorelina: HTTP 404
  aviso leuprolide: HTTP 404
  aviso leuprorelin: HTTP 404
  aviso leuprorrelina: HTTP 404
  aviso lupron: HTTP 404
  aviso lectrum: HTTP 404
  aviso lupron depot: HTTP 404
  aviso eligard: HTTP 404
      0  Acetato de leuprorelina
  aviso zoledronico: HTTP 404
  aviso zoledronic: HTTP 404
  aviso zoledronate: HTTP 404
  aviso zometa: HTTP 404
  aviso aclasta: HTTP 404
  aviso acido zoledronico: HTTP 404
      0  Ácido zoledrónico
  aviso adalimumab: HTTP 404
  aviso humira: HTTP 404
  aviso amgevita: HTTP 404
  aviso hulio: HTTP 404
  aviso hyrimoz: HTTP 404
  aviso hadlima: HTTP 404
  aviso idacio: HTTP 404
  aviso yuflyma: HTTP 404
      0  Adalimumab
  aviso agalsidasa: HTTP 404
  aviso agalsidase: HTTP 404
  aviso fabrazyme: HTTP 404
      0  Agalsidasa beta
  aviso atezolizumab: HTTP 404
  aviso tecentriq: HTTP 404
      0  Atezolizumab
  aviso azacitidina: HTTP 404
  aviso azacitidine: HTTP 404
  aviso vidaza: HTTP 404
  aviso zactidyn: HTTP 404
  aviso winduza: HTTP 404
  aviso xitidin: HTTP 404
  aviso azadual: HTTP 404
      0  Azacitidina
  aviso basiliximab: HTTP 404
  aviso simulect: HTTP 404
      0  Basiliximab
  aviso bendamustina: HTTP 404
  aviso bendamustine: HTTP 404
      0  Bendamustina
  aviso bevacizumab: HTTP 404
  aviso avastin: HTTP 404
  aviso mvasi: HTTP 404
  aviso zirabev: HTTP 404
  aviso vegzelma: HTTP 404
      0  Bevacizumab
  aviso bicalutamida: HTTP 404
  aviso bicalutamide: HTTP 404
  aviso casodex: HTTP 404
      0  Bicalutamida
  aviso bortezomib: HTTP 404
  aviso velcade: HTTP 404
      0  Bortezomib
  aviso bosentan: HTTP 404
  aviso tracleer: HTTP 404
  aviso canabosen: HTTP 404
      0  Bosentán
  aviso capecitabina: HTTP 404
  aviso capecitabine: HTTP 404
  aviso xeloda: HTTP 404
  aviso capcitox: HTTP 404
  aviso capetero: HTTP 404
  aviso relicitabine: HTTP 404
      0  Capecitabina
  aviso cetuximab: HTTP 404
  aviso erbitux: HTTP 404
      0  Cetuximab
  aviso ciclosporina: HTTP 404
  aviso cyclosporine: HTTP 404
  aviso cyclosporin: HTTP 404
  aviso neoral: HTTP 404
  aviso sandimmun: HTTP 404
  aviso equoral: HTTP 404
  aviso sandimmun neoral: HTTP 404
      0  Ciclosporina
  aviso cladribina: HTTP 404
  aviso cladribine: HTTP 404
  aviso mavenclad: HTTP 404
      0  Cladribina
  aviso daratumumab: HTTP 404
  aviso darzalex: HTTP 404
  aviso darzalex faspro: HTTP 404
      0  Daratumumab
  aviso dasatinib: HTTP 404
  aviso sprycel: HTTP 404
      0  Dasatinib
  aviso deferasirox: HTTP 404
  aviso exjade: HTTP 404
  aviso jadenu: HTTP 404
      0  Deferasirox
  aviso dornasa: HTTP 404
  aviso dornase: HTTP 404
  aviso pulmozyme: HTTP 404
      0  Dornasa alfa
  aviso eltrombopag: HTTP 404
  aviso revolade: HTTP 404
  aviso promacta: HTTP 404
      0  Eltrombopag
  aviso emicizumab: HTTP 404
  aviso hemlibra: HTTP 404
      0  Emicizumab
  aviso enzalutamida: HTTP 404
  aviso enzalutamide: HTTP 404
  aviso xtandi: HTTP 404
      0  Enzalutamida
  aviso etanercept: HTTP 404
  aviso enbrel: HTTP 404
  aviso brenzys: HTTP 404
  aviso erelzi: HTTP 404
  aviso nepexto: HTTP 404
      0  Etanercept
  aviso everolimus: HTTP 404
  aviso afinitor: HTTP 404
  aviso certican: HTTP 404
  aviso nat-everolimus: HTTP 404
      0  Everolimus
  aviso factor viii: HTTP 404
  aviso factor 8: HTTP 404
  aviso octocog: HTTP 404
  aviso moroctocog: HTTP 404
  aviso antihemophilic: HTTP 404
  aviso advate: HTTP 404
  aviso xyntha: HTTP 404
  aviso octanate: HTTP 404
  aviso nuwiq: HTTP 404
      0  Factor de coagulación VIII
  aviso factor de crecimiento epidermico: HTTP 404
  aviso epidermal growth factor: HTTP 404
  aviso heberprot: HTTP 404
  aviso rh-egf: HTTP 404
  aviso rhegf: HTTP 404
  aviso heberprot-p: HTTP 404
      0  Factor de crecimiento epidérmico humano recombinante
  aviso factor ix: HTTP 404
  aviso factor 9: HTTP 404
  aviso nonacog: HTTP 404
  aviso benefix: HTTP 404
  aviso alprolix: HTTP 404
      0  Factor IX
  aviso filgrastim: HTTP 404
  aviso neupogen: HTTP 404
  aviso filatil: HTTP 404
  aviso zarzio: HTTP 404
      0  Filgrastim
  aviso fingolimod: HTTP 404
  aviso gilenya: HTTP 404
      0  Fingolimod
  aviso fulvestrant: HTTP 404
  aviso faslodex: HTTP 404
      0  Fulvestrant
  aviso galsulfasa: HTTP 404
  aviso galsulfase: HTTP 404
  aviso naglazyme: HTTP 404
      0  Galsulfasa
  aviso golimumab: HTTP 404
  aviso simponi: HTTP 404
      0  Golimumab
  aviso guselkumab: HTTP 404
  aviso tremfya: HTTP 404
      0  Guselkumab
  aviso ibrutinib: HTTP 404
  aviso imbruvica: HTTP 404
      0  Ibrutinib
  aviso imatinib: HTTP 404
  aviso gleevec: HTTP 404
  aviso glivec: HTTP 404
      0  Imatinib
  aviso imiglucerasa: HTTP 404
  aviso imiglucerase: HTTP 404
  aviso cerezyme: HTTP 404
      0  Imiglucerasa
  aviso infliximab: HTTP 404
  aviso remicade: HTTP 404
  aviso remsima: HTTP 404
  aviso inflectra: HTTP 404
  aviso ixifi: HTTP 404
      0  Infliximab
  aviso inmunoglobulina: HTTP 404
  aviso immunoglobulin: HTTP 404
  aviso imunoglobulina: HTTP 404
  aviso ivig: HTTP 404
  aviso gamunex: HTTP 404
  aviso privigen: HTTP 404
  aviso flebogamma: HTTP 404
  aviso octagam: HTTP 404
      0  Inmunoglobulina humana
  aviso interferon beta-1a: HTTP 404
  aviso interferon beta 1a: HTTP 404
  aviso interferon beta 1-a: HTTP 404
  aviso interferona beta 1a: HTTP 404
  aviso avonex: HTTP 404
  aviso rebif: HTTP 404
  aviso plegridy: HTTP 404
      0  Interferón beta 1A
  aviso interferon beta-1b: HTTP 404
  aviso interferon beta 1b: HTTP 404
  aviso interferona beta 1b: HTTP 404
  aviso betaseron: HTTP 404
  aviso betaferon: HTTP 404
  aviso extavia: HTTP 404
      0  Interferón beta 1B
  aviso lapatinib: HTTP 404
  aviso tykerb: HTTP 404
  aviso tyverb: HTTP 404
      0  Lapatinib ditosilato
  aviso lenalidomida: HTTP 404
  aviso lenalidomide: HTTP 404
  aviso revlimid: HTTP 404
      0  Lenalidomida
  aviso letrozol: HTTP 404
  aviso letrozole: HTTP 404
  aviso femara: HTTP 404
      0  Letrozol
  aviso micofenolato mofetilo: HTTP 404
  aviso mycophenolate mofetil: HTTP 404
  aviso cellcept: HTTP 404
  aviso micofenolato de mofetilo: HTTP 404
  aviso micofenolato: HTTP 404
  aviso mofetilo: HTTP 404
      0  Micofenolato mofetilo
  aviso micofenolato sodico: HTTP 404
  aviso mycophenolate sodium: HTTP 404
  aviso myfortic: HTTP 404
      0  Micofenolato sódico
  aviso nilotinib: HTTP 404
  aviso tasigna: HTTP 404
  aviso nilotinib hydrochloride: HTTP 404
      0  Nilotinib
  aviso obinutuzumab: HTTP 404
  aviso gazyva: HTTP 404
  aviso gazyvaro: HTTP 404
      0  Obinutuzumab
  aviso ocrelizumab: HTTP 404
  aviso ocrevus: HTTP 404
  aviso ocrevus zunovo: HTTP 404
      0  Ocrelizumab
  aviso octreotida: HTTP 404
  aviso octreotide: HTTP 404
  aviso sandostatin: HTTP 404
  aviso sandostatina: HTTP 404
  aviso sandostatin lar: HTTP 404
      0  Octreotida
  aviso olaparib: HTTP 404
  aviso lynparza: HTTP 404
      0  Olaparib
  aviso omalizumab: HTTP 404
  aviso xolair: HTTP 404
      0  Omalizumab
  aviso osimertinib: HTTP 404
  aviso tagrisso: HTTP 404
      0  Osimertinib mesilato
  aviso palbociclib: HTTP 404
  aviso palbociclibe: HTTP 404
  aviso ibrance: HTTP 404
      0  Palbociclib
  aviso paliperidona: HTTP 404
  aviso paliperidone: HTTP 404
  aviso invega: HTTP 404
  aviso xeplion: HTTP 404
  aviso trinza: HTTP 404
  aviso invega hafyera: HTTP 404
  aviso hafyera: HTTP 404
  aviso invega sustenna: HTTP 404
  aviso sustenna: HTTP 404
  aviso invega trinza: HTTP 404
      0  Palmitato de paliperidona
  aviso pembrolizumab: HTTP 404
  aviso pembrolizumabe: HTTP 404
  aviso keytruda: HTTP 404
      0  Pembrolizumab
  aviso pertuzumab: HTTP 404
  aviso perjeta: HTTP 404
      0  Pertuzumab
  aviso pertuzumab y trastuzumab: HTTP 404
  aviso pertuzumab/trastuzumab: HTTP 404
  aviso phesgo: HTTP 404
      0  Pertuzumab/Trastuzumab
  aviso pirfenidona: HTTP 404
  aviso pirfenidone: HTTP 404
  aviso esbriet: HTTP 404
  aviso pirfone: HTTP 404
      0  Pirfenidona
  aviso regorafenib: HTTP 404
  aviso stivarga: HTTP 404
      0  Regorafenib
  aviso remdesivir: HTTP 404
  aviso veklury: HTTP 404
      0  Remdesivir
  aviso ribociclib: HTTP 404
  aviso kisqali: HTTP 404
      0  Ribociclib
  aviso riluzol: HTTP 404
  aviso riluzole: HTTP 404
  aviso rilutek: HTTP 404
      0  Riluzol
  aviso riociguat: HTTP 404
  aviso adempas: HTTP 404
  aviso rioci: HTTP 404
      0  Riociguat
  aviso rituximab: HTTP 404
  aviso mabthera: HTTP 404
  aviso rituxan: HTTP 404
  aviso truxima: HTTP 404
  aviso rixathon: HTTP 404
      0  Rituximab
  aviso secukinumab: HTTP 404
  aviso cosentyx: HTTP 404
      0  Secukinumab
  aviso sirolimus: HTTP 404
  aviso rapamune: HTTP 404
      0  Sirolimus
  aviso sofosbuvir: HTTP 404
  aviso velpatasvir: HTTP 404
  aviso epclusa: HTTP 404
      0  Sofosbuvir/Velpatasvir
  aviso somatropina: HTTP 404
  aviso somatropin: HTTP 404
  aviso genotropin: HTTP 404
  aviso norditropin: HTTP 404
  aviso saizen: HTTP 404
  aviso humatrope: HTTP 404
  aviso norditropin flexpro: HTTP 404
      0  Somatropina
  aviso sorafenib: HTTP 404
  aviso nexavar: HTTP 404
      0  Sorafenib tosilato
  aviso sunitinib: HTTP 404
  aviso sutent: HTTP 404
  aviso sunitinib malato: HTTP 404
      0  Sunitinib
  aviso tacrolimus: HTTP 404
  aviso prograf: HTTP 404
  aviso advagraf: HTTP 404
      0  Tacrolimus
  aviso teriflunomida: HTTP 404
  aviso teriflunomide: HTTP 404
  aviso aubagio: HTTP 404
      0  Teriflunomida
  aviso teriparatida: HTTP 404
  aviso teriparatide: HTTP 404
  aviso forteo: HTTP 404
      0  Teriparatida
  aviso timoglobulina: HTTP 404
  aviso thymoglobulin: HTTP 404
  aviso antitimocito: HTTP 404
  aviso antithymocyte: HTTP 404
      0  Timoglobulina de conejo (antitimocitos humana)
  aviso tocilizumab: HTTP 404
  aviso actemra: HTTP 404
  aviso roactemra: HTTP 404
      0  Tocilizumab
  aviso tofacitinib: HTTP 404
  aviso xeljanz: HTTP 404
  aviso xeljanz xr: HTTP 404
      0  Tofacitinib
  aviso trastuzumab: HTTP 404
  aviso herceptin: HTTP 404
  aviso herzuma: HTTP 404
  aviso trazimera: HTTP 404
      0  Trastuzumab
  aviso ustekinumab: HTTP 404
  aviso stelara: HTTP 404
  aviso selarsdi: HTTP 404
      0  Ustekinumab
  aviso valganciclovir: HTTP 404
  aviso valcyte: HTTP 404
  aviso seveclo: HTTP 404
      0  Valganciclovir
  aviso blinatumomab: HTTP 404
  aviso blincyto: HTTP 404
      0  Blinatumomab
  aviso pegaspargasa: HTTP 404
  aviso pegaspargase: HTTP 404
  aviso peg-asp: HTTP 404
  aviso oncaspar: HTTP 404
  aviso asparaginasa pegilada: HTTP 404
      0  PEG-ASP (pegilada)
  aviso risdiplam: HTTP 404
  aviso evrysdi: HTTP 404
      0  Risdiplam
  aviso pegfilgrastim: HTTP 404
  aviso pegfilgastrim: HTTP 404
  aviso neulasta: HTTP 404
  aviso neulastim: HTTP 404
  aviso ristempa: HTTP 404
  aviso ziextenzo: HTTP 404
  aviso fulphila: HTTP 404
      0  Pegfilgrastim
  aviso palonosetron: HTTP 404
  aviso palonosetrona: HTTP 404
  aviso aloxi: HTTP 404
  aviso onicit: HTTP 404
      0  Palonosetrón
Lista: 88 medicamentos
Coincidencias a guardar: 0  (ok=0, revisar=0, con precio=0)
Tabla lista: P_aguila.medicamentos_altos_costos_america
  aviso: 0 coincidencias — no se purgan filas existentes
MERGE 0 filas · obsoletos: 0 · Guatemala Farmacias Galeno: 0 · total tabla: 1218
================================================================
 NI Siman → medicamentos_altos_costos_america
================================================================
      0  Acetato de abiraterona
      0  Acetato de glatiramer
      0  Acetato de goserelina
      0  Acetato de leuprorelina
      0  Ácido zoledrónico
      0  Adalimumab
      0  Agalsidasa beta
      0  Atezolizumab
      0  Azacitidina
      0  Basiliximab
      0  Bendamustina
      0  Bevacizumab
      0  Bicalutamida
      0  Bortezomib
      0  Bosentán
      0  Capecitabina
      0  Cetuximab
      0  Ciclosporina
      0  Cladribina
      0  Daratumumab
      0  Dasatinib
      0  Deferasirox
      0  Dornasa alfa
      0  Eltrombopag
      0  Emicizumab
      0  Enzalutamida
      0  Etanercept
      0  Everolimus
      0  Factor de coagulación VIII
      0  Factor de crecimiento epidérmico humano recombinante
      0  Factor IX
      0  Filgrastim
      0  Fingolimod
      0  Fulvestrant
      0  Galsulfasa
      0  Golimumab
      0  Guselkumab
      0  Ibrutinib
      0  Imatinib
      0  Imiglucerasa
      0  Infliximab
      0  Inmunoglobulina humana
      0  Interferón beta 1A
      0  Interferón beta 1B
      0  Lapatinib ditosilato
      0  Lenalidomida
  ·   2  Letrozol
      0  Micofenolato mofetilo
      0  Micofenolato sódico
      0  Nilotinib
      0  Obinutuzumab
      0  Ocrelizumab
      0  Octreotida
      0  Olaparib
      0  Omalizumab
      0  Osimertinib mesilato
      0  Palbociclib
      0  Palmitato de paliperidona
      0  Pembrolizumab
      0  Pertuzumab
      0  Pertuzumab/Trastuzumab
      0  Pirfenidona
      0  Regorafenib
      0  Remdesivir
      0  Ribociclib
      0  Riluzol
      0  Riociguat
      0  Rituximab
      0  Secukinumab
      0  Sirolimus
      0  Sofosbuvir/Velpatasvir
      0  Somatropina
      0  Sorafenib tosilato
      0  Sunitinib
      0  Tacrolimus
      0  Teriflunomida
      0  Teriparatida
      0  Timoglobulina de conejo (antitimocitos humana)
      0  Tocilizumab
      0  Tofacitinib
      0  Trastuzumab
      0  Ustekinumab
      0  Valganciclovir
      0  Blinatumomab
      0  PEG-ASP (pegilada)
      0  Risdiplam
      0  Pegfilgrastim
      0  Palonosetrón
Lista: 88 medicamentos
Coincidencias a guardar: 2  (ok=2, revisar=0, con precio=2)
Tabla lista: P_aguila.medicamentos_altos_costos_america
MERGE 2 filas · obsoletos: 0 · Nicaragua Siman: 2 · total tabla: 1218
   2  Letrozol
================================================================
 NI Kielsa → medicamentos_altos_costos_america
================================================================
      0  Acetato de abiraterona
      0  Acetato de glatiramer
  ·   1  Acetato de goserelina
  ·   1  Acetato de leuprorelina
  ·   1  Ácido zoledrónico
      0  Adalimumab
      0  Agalsidasa beta
      0  Atezolizumab
      0  Azacitidina
      0  Basiliximab
      0  Bendamustina
      0  Bevacizumab
  ·   1  Bicalutamida
      0  Bortezomib
      0  Bosentán
      0  Capecitabina
      0  Cetuximab
  ·   1  Ciclosporina
      0  Cladribina
      0  Daratumumab
      0  Dasatinib
      0  Deferasirox
      0  Dornasa alfa
      0  Eltrombopag
      0  Emicizumab
      0  Enzalutamida
      0  Etanercept
      0  Everolimus
      0  Factor de coagulación VIII
      0  Factor de crecimiento epidérmico humano recombinante
      0  Factor IX
  ·   1  Filgrastim
      0  Fingolimod
      0  Fulvestrant
      0  Galsulfasa
      0  Golimumab
      0  Guselkumab
      0  Ibrutinib
      0  Imatinib
      0  Imiglucerasa
      0  Infliximab
      0  Inmunoglobulina humana
      0  Interferón beta 1A
      0  Interferón beta 1B
      0  Lapatinib ditosilato
      0  Lenalidomida
      0  Letrozol
  ·   2  Micofenolato mofetilo
      0  Micofenolato sódico
      0  Nilotinib
      0  Obinutuzumab
      0  Ocrelizumab
  ·   1  Octreotida
      0  Olaparib
      0  Omalizumab
      0  Osimertinib mesilato
      0  Palbociclib
      0  Palmitato de paliperidona
      0  Pembrolizumab
      0  Pertuzumab
      0  Pertuzumab/Trastuzumab
      0  Pirfenidona
      0  Regorafenib
      0  Remdesivir
      0  Ribociclib
      0  Riluzol
      0  Riociguat
      0  Rituximab
      0  Secukinumab
      0  Sirolimus
      0  Sofosbuvir/Velpatasvir
      0  Somatropina
      0  Sorafenib tosilato
      0  Sunitinib
  ·   1  Tacrolimus
      0  Teriflunomida
      0  Teriparatida
      0  Timoglobulina de conejo (antitimocitos humana)
      0  Tocilizumab
      0  Tofacitinib
      0  Trastuzumab
      0  Ustekinumab
      0  Valganciclovir
      0  Blinatumomab
      0  PEG-ASP (pegilada)
      0  Risdiplam
      0  Pegfilgrastim
      0  Palonosetrón
Lista: 88 medicamentos
Coincidencias a guardar: 10  (ok=9, revisar=1)
Tabla lista: P_aguila.medicamentos_altos_costos_america
MERGE 10 filas · obsoletos: 0 · Nicaragua Kielsa: 10 · total tabla: 1218
================================================================
 NI Farmacias del Ahorro → medicamentos_altos_costos_america
================================================================
  aviso abiraterona: respuesta no JSON
  aviso abiraterone: respuesta no JSON
  aviso zytiga: respuesta no JSON
  aviso acetato de abiraterona: respuesta no JSON
      0  Acetato de abiraterona
  aviso glatiramer: respuesta no JSON
  aviso glamatir: respuesta no JSON
      0  Acetato de glatiramer
  aviso goserelina: respuesta no JSON
  aviso goserelin: respuesta no JSON
  aviso gosserrelina: respuesta no JSON
  aviso zoladex: respuesta no JSON
  aviso prozoladex: respuesta no JSON
  aviso prozoladex la: respuesta no JSON
  aviso govolyx: respuesta no JSON
      0  Acetato de goserelina
  aviso leuprorelina: respuesta no JSON
  aviso leuprolide: respuesta no JSON
  aviso leuprorelin: respuesta no JSON
  aviso leuprorrelina: respuesta no JSON
  aviso lupron: respuesta no JSON
  aviso lectrum: respuesta no JSON
  aviso lupron depot: respuesta no JSON
  aviso eligard: respuesta no JSON
      0  Acetato de leuprorelina
  aviso zoledronico: respuesta no JSON
  aviso zoledronic: respuesta no JSON
  aviso zoledronate: respuesta no JSON
  aviso zometa: respuesta no JSON
  aviso aclasta: respuesta no JSON
  aviso acido zoledronico: respuesta no JSON
      0  Ácido zoledrónico
  aviso adalimumab: respuesta no JSON
  aviso humira: respuesta no JSON
  aviso amgevita: respuesta no JSON
  aviso hulio: respuesta no JSON
  aviso hyrimoz: respuesta no JSON
  aviso hadlima: respuesta no JSON
  aviso idacio: respuesta no JSON
  aviso yuflyma: respuesta no JSON
      0  Adalimumab
  aviso agalsidasa: respuesta no JSON
  aviso agalsidase: respuesta no JSON
  aviso fabrazyme: respuesta no JSON
      0  Agalsidasa beta
  aviso atezolizumab: respuesta no JSON
  aviso tecentriq: respuesta no JSON
      0  Atezolizumab
  aviso azacitidina: respuesta no JSON
  aviso azacitidine: respuesta no JSON
  aviso vidaza: respuesta no JSON
  aviso zactidyn: respuesta no JSON
  aviso winduza: respuesta no JSON
  aviso xitidin: respuesta no JSON
  aviso azadual: respuesta no JSON
      0  Azacitidina
  aviso basiliximab: respuesta no JSON
  aviso simulect: respuesta no JSON
      0  Basiliximab
  aviso bendamustina: respuesta no JSON
  aviso bendamustine: respuesta no JSON
      0  Bendamustina
  aviso bevacizumab: respuesta no JSON
  aviso avastin: respuesta no JSON
  aviso mvasi: respuesta no JSON
  aviso zirabev: respuesta no JSON
  aviso vegzelma: respuesta no JSON
      0  Bevacizumab
  aviso bicalutamida: respuesta no JSON
  aviso bicalutamide: respuesta no JSON
  aviso casodex: respuesta no JSON
      0  Bicalutamida
  aviso bortezomib: respuesta no JSON
  aviso velcade: respuesta no JSON
      0  Bortezomib
  aviso bosentan: respuesta no JSON
  aviso tracleer: respuesta no JSON
  aviso canabosen: respuesta no JSON
      0  Bosentán
  aviso capecitabina: respuesta no JSON
  aviso capecitabine: respuesta no JSON
  aviso xeloda: respuesta no JSON
  aviso capcitox: respuesta no JSON
  aviso capetero: respuesta no JSON
  aviso relicitabine: respuesta no JSON
      0  Capecitabina
  aviso cetuximab: respuesta no JSON
  aviso erbitux: respuesta no JSON
      0  Cetuximab
  aviso ciclosporina: respuesta no JSON
  aviso cyclosporine: respuesta no JSON
  aviso cyclosporin: respuesta no JSON
  aviso neoral: respuesta no JSON
  aviso sandimmun: respuesta no JSON
  aviso equoral: respuesta no JSON
  aviso sandimmun neoral: respuesta no JSON
      0  Ciclosporina
  aviso cladribina: respuesta no JSON
  aviso cladribine: respuesta no JSON
  aviso mavenclad: respuesta no JSON
      0  Cladribina
  aviso daratumumab: respuesta no JSON
  aviso darzalex: respuesta no JSON
  aviso darzalex faspro: respuesta no JSON
      0  Daratumumab
  aviso dasatinib: respuesta no JSON
  aviso sprycel: respuesta no JSON
      0  Dasatinib
  aviso deferasirox: respuesta no JSON
  aviso exjade: respuesta no JSON
  aviso jadenu: respuesta no JSON
      0  Deferasirox
  aviso dornasa: respuesta no JSON
  aviso dornase: respuesta no JSON
  aviso pulmozyme: respuesta no JSON
      0  Dornasa alfa
  aviso eltrombopag: respuesta no JSON
  aviso revolade: respuesta no JSON
  aviso promacta: respuesta no JSON
      0  Eltrombopag
  aviso emicizumab: respuesta no JSON
  aviso hemlibra: respuesta no JSON
      0  Emicizumab
  aviso enzalutamida: respuesta no JSON
  aviso enzalutamide: respuesta no JSON
  aviso xtandi: respuesta no JSON
      0  Enzalutamida
  aviso etanercept: respuesta no JSON
  aviso enbrel: respuesta no JSON
  aviso brenzys: respuesta no JSON
  aviso erelzi: respuesta no JSON
  aviso nepexto: respuesta no JSON
      0  Etanercept
  aviso everolimus: respuesta no JSON
  aviso afinitor: respuesta no JSON
  aviso certican: respuesta no JSON
  aviso nat-everolimus: respuesta no JSON
      0  Everolimus
  aviso factor viii: respuesta no JSON
  aviso factor 8: respuesta no JSON
  aviso octocog: respuesta no JSON
  aviso moroctocog: respuesta no JSON
  aviso antihemophilic: respuesta no JSON
  aviso advate: respuesta no JSON
  aviso xyntha: respuesta no JSON
  aviso octanate: respuesta no JSON
  aviso nuwiq: respuesta no JSON
      0  Factor de coagulación VIII
  aviso factor de crecimiento epidermico: respuesta no JSON
  aviso epidermal growth factor: respuesta no JSON
  aviso heberprot: respuesta no JSON
  aviso rh-egf: respuesta no JSON
  aviso rhegf: respuesta no JSON
  aviso heberprot-p: respuesta no JSON
      0  Factor de crecimiento epidérmico humano recombinante
  aviso factor ix: respuesta no JSON
  aviso factor 9: respuesta no JSON
  aviso nonacog: respuesta no JSON
  aviso benefix: respuesta no JSON
  aviso alprolix: respuesta no JSON
      0  Factor IX
  aviso filgrastim: respuesta no JSON
  aviso neupogen: respuesta no JSON
  aviso filatil: respuesta no JSON
  aviso zarzio: respuesta no JSON
      0  Filgrastim
  aviso fingolimod: respuesta no JSON
  aviso gilenya: respuesta no JSON
      0  Fingolimod
  aviso fulvestrant: respuesta no JSON
  aviso faslodex: respuesta no JSON
      0  Fulvestrant
  aviso galsulfasa: respuesta no JSON
  aviso galsulfase: respuesta no JSON
  aviso naglazyme: respuesta no JSON
      0  Galsulfasa
  aviso golimumab: respuesta no JSON
  aviso simponi: respuesta no JSON
      0  Golimumab
  aviso guselkumab: respuesta no JSON
  aviso tremfya: respuesta no JSON
      0  Guselkumab
  aviso ibrutinib: respuesta no JSON
  aviso imbruvica: respuesta no JSON
      0  Ibrutinib
  aviso imatinib: respuesta no JSON
  aviso gleevec: respuesta no JSON
  aviso glivec: respuesta no JSON
      0  Imatinib
  aviso imiglucerasa: respuesta no JSON
  aviso imiglucerase: respuesta no JSON
  aviso cerezyme: respuesta no JSON
      0  Imiglucerasa
  aviso infliximab: respuesta no JSON
  aviso remicade: respuesta no JSON
  aviso remsima: respuesta no JSON
  aviso inflectra: respuesta no JSON
  aviso ixifi: respuesta no JSON
      0  Infliximab
  aviso inmunoglobulina: respuesta no JSON
  aviso immunoglobulin: respuesta no JSON
  aviso imunoglobulina: respuesta no JSON
  aviso ivig: respuesta no JSON
  aviso gamunex: respuesta no JSON
  aviso privigen: respuesta no JSON
  aviso flebogamma: respuesta no JSON
  aviso octagam: respuesta no JSON
      0  Inmunoglobulina humana
  aviso interferon beta-1a: respuesta no JSON
  aviso interferon beta 1a: respuesta no JSON
  aviso interferon beta 1-a: respuesta no JSON
  aviso interferona beta 1a: respuesta no JSON
  aviso avonex: respuesta no JSON
  aviso rebif: respuesta no JSON
  aviso plegridy: respuesta no JSON
      0  Interferón beta 1A
  aviso interferon beta-1b: respuesta no JSON
  aviso interferon beta 1b: respuesta no JSON
  aviso interferona beta 1b: respuesta no JSON
  aviso betaseron: respuesta no JSON
  aviso betaferon: respuesta no JSON
  aviso extavia: respuesta no JSON
      0  Interferón beta 1B
  aviso lapatinib: respuesta no JSON
  aviso tykerb: respuesta no JSON
  aviso tyverb: respuesta no JSON
      0  Lapatinib ditosilato
  aviso lenalidomida: respuesta no JSON
  aviso lenalidomide: respuesta no JSON
  aviso revlimid: respuesta no JSON
      0  Lenalidomida
  aviso letrozol: respuesta no JSON
  aviso letrozole: respuesta no JSON
  aviso femara: respuesta no JSON
      0  Letrozol
  aviso micofenolato mofetilo: respuesta no JSON
  aviso mycophenolate mofetil: respuesta no JSON
  aviso cellcept: respuesta no JSON
  aviso micofenolato de mofetilo: respuesta no JSON
  aviso micofenolato: respuesta no JSON
  aviso mofetilo: respuesta no JSON
      0  Micofenolato mofetilo
  aviso micofenolato sodico: respuesta no JSON
  aviso mycophenolate sodium: respuesta no JSON
  aviso myfortic: respuesta no JSON
      0  Micofenolato sódico
  aviso nilotinib: respuesta no JSON
  aviso tasigna: respuesta no JSON
  aviso nilotinib hydrochloride: respuesta no JSON
      0  Nilotinib
  aviso obinutuzumab: respuesta no JSON
  aviso gazyva: respuesta no JSON
  aviso gazyvaro: respuesta no JSON
      0  Obinutuzumab
  aviso ocrelizumab: respuesta no JSON
  aviso ocrevus: respuesta no JSON
  aviso ocrevus zunovo: respuesta no JSON
      0  Ocrelizumab
  aviso octreotida: respuesta no JSON
  aviso octreotide: respuesta no JSON
  aviso sandostatin: respuesta no JSON
  aviso sandostatina: respuesta no JSON
  aviso sandostatin lar: respuesta no JSON
      0  Octreotida
  aviso olaparib: respuesta no JSON
  aviso lynparza: respuesta no JSON
      0  Olaparib
  aviso omalizumab: respuesta no JSON
  aviso xolair: respuesta no JSON
      0  Omalizumab
  aviso osimertinib: respuesta no JSON
  aviso tagrisso: respuesta no JSON
      0  Osimertinib mesilato
  aviso palbociclib: respuesta no JSON
  aviso palbociclibe: respuesta no JSON
  aviso ibrance: respuesta no JSON
      0  Palbociclib
  aviso paliperidona: respuesta no JSON
  aviso paliperidone: respuesta no JSON
  aviso invega: respuesta no JSON
  aviso xeplion: respuesta no JSON
  aviso trinza: respuesta no JSON
  aviso invega hafyera: respuesta no JSON
  aviso hafyera: respuesta no JSON
  aviso invega sustenna: respuesta no JSON
  aviso sustenna: respuesta no JSON
  aviso invega trinza: respuesta no JSON
      0  Palmitato de paliperidona
  aviso pembrolizumab: respuesta no JSON
  aviso pembrolizumabe: respuesta no JSON
  aviso keytruda: respuesta no JSON
      0  Pembrolizumab
  aviso pertuzumab: respuesta no JSON
  aviso perjeta: respuesta no JSON
      0  Pertuzumab
  aviso pertuzumab y trastuzumab: respuesta no JSON
  aviso pertuzumab/trastuzumab: respuesta no JSON
  aviso phesgo: respuesta no JSON
      0  Pertuzumab/Trastuzumab
  aviso pirfenidona: respuesta no JSON
  aviso pirfenidone: respuesta no JSON
  aviso esbriet: respuesta no JSON
  aviso pirfone: respuesta no JSON
      0  Pirfenidona
  aviso regorafenib: respuesta no JSON
  aviso stivarga: respuesta no JSON
      0  Regorafenib
  aviso remdesivir: respuesta no JSON
  aviso veklury: respuesta no JSON
      0  Remdesivir
  aviso ribociclib: respuesta no JSON
  aviso kisqali: respuesta no JSON
      0  Ribociclib
  aviso riluzol: respuesta no JSON
  aviso riluzole: respuesta no JSON
  aviso rilutek: respuesta no JSON
      0  Riluzol
  aviso riociguat: respuesta no JSON
  aviso adempas: respuesta no JSON
  aviso rioci: respuesta no JSON
      0  Riociguat
  aviso rituximab: respuesta no JSON
  aviso mabthera: respuesta no JSON
  aviso rituxan: respuesta no JSON
  aviso truxima: respuesta no JSON
  aviso rixathon: respuesta no JSON
      0  Rituximab
  aviso secukinumab: respuesta no JSON
  aviso cosentyx: respuesta no JSON
      0  Secukinumab
  aviso sirolimus: respuesta no JSON
  aviso rapamune: respuesta no JSON
      0  Sirolimus
  aviso sofosbuvir: respuesta no JSON
  aviso velpatasvir: respuesta no JSON
  aviso epclusa: respuesta no JSON
      0  Sofosbuvir/Velpatasvir
  aviso somatropina: respuesta no JSON
  aviso somatropin: respuesta no JSON
  aviso genotropin: respuesta no JSON
  aviso norditropin: respuesta no JSON
  aviso saizen: respuesta no JSON
  aviso humatrope: respuesta no JSON
  aviso norditropin flexpro: respuesta no JSON
      0  Somatropina
  aviso sorafenib: respuesta no JSON
  aviso nexavar: respuesta no JSON
      0  Sorafenib tosilato
  aviso sunitinib: respuesta no JSON
  aviso sutent: respuesta no JSON
  aviso sunitinib malato: respuesta no JSON
      0  Sunitinib
  aviso tacrolimus: respuesta no JSON
  aviso prograf: respuesta no JSON
  aviso advagraf: respuesta no JSON
      0  Tacrolimus
  aviso teriflunomida: respuesta no JSON
  aviso teriflunomide: respuesta no JSON
  aviso aubagio: respuesta no JSON
      0  Teriflunomida
  aviso teriparatida: respuesta no JSON
  aviso teriparatide: respuesta no JSON
  aviso forteo: respuesta no JSON
      0  Teriparatida
  aviso timoglobulina: respuesta no JSON
  aviso thymoglobulin: respuesta no JSON
  aviso antitimocito: respuesta no JSON
  aviso antithymocyte: respuesta no JSON
      0  Timoglobulina de conejo (antitimocitos humana)
  aviso tocilizumab: respuesta no JSON
  aviso actemra: respuesta no JSON
  aviso roactemra: respuesta no JSON
      0  Tocilizumab
  aviso tofacitinib: respuesta no JSON
  aviso xeljanz: respuesta no JSON
  aviso xeljanz xr: respuesta no JSON
      0  Tofacitinib
  aviso trastuzumab: respuesta no JSON
  aviso herceptin: respuesta no JSON
  aviso herzuma: respuesta no JSON
  aviso trazimera: respuesta no JSON
      0  Trastuzumab
  aviso ustekinumab: respuesta no JSON
  aviso stelara: respuesta no JSON
  aviso selarsdi: respuesta no JSON
      0  Ustekinumab
  aviso valganciclovir: respuesta no JSON
  aviso valcyte: respuesta no JSON
  aviso seveclo: respuesta no JSON
      0  Valganciclovir
  aviso blinatumomab: respuesta no JSON
  aviso blincyto: respuesta no JSON
      0  Blinatumomab
  aviso pegaspargasa: respuesta no JSON
  aviso pegaspargase: respuesta no JSON
  aviso peg-asp: respuesta no JSON
  aviso oncaspar: respuesta no JSON
  aviso asparaginasa pegilada: respuesta no JSON
      0  PEG-ASP (pegilada)
  aviso risdiplam: respuesta no JSON
  aviso evrysdi: respuesta no JSON
      0  Risdiplam
  aviso pegfilgrastim: respuesta no JSON
  aviso pegfilgastrim: respuesta no JSON
  aviso neulasta: respuesta no JSON
  aviso neulastim: respuesta no JSON
  aviso ristempa: respuesta no JSON
  aviso ziextenzo: respuesta no JSON
  aviso fulphila: respuesta no JSON
      0  Pegfilgrastim
  aviso palonosetron: respuesta no JSON
  aviso palonosetrona: respuesta no JSON
  aviso aloxi: respuesta no JSON
  aviso onicit: respuesta no JSON
      0  Palonosetrón
Lista: 88 medicamentos
Coincidencias a guardar: 0  (ok=0, revisar=0, con precio=0)
Tabla lista: P_aguila.medicamentos_altos_costos_america
  aviso: 0 coincidencias — no se purgan filas existentes
MERGE 0 filas · obsoletos: 0 · Nicaragua Farmacias del Ahorro: 0 · total tabla: 1218
================================================================
 CR Siman → medicamentos_altos_costos_america
================================================================
      0  Acetato de abiraterona
      0  Acetato de glatiramer
      0  Acetato de goserelina
      0  Acetato de leuprorelina
      0  Ácido zoledrónico
      0  Adalimumab
      0  Agalsidasa beta
      0  Atezolizumab
      0  Azacitidina
      0  Basiliximab
      0  Bendamustina
      0  Bevacizumab
      0  Bicalutamida
      0  Bortezomib
      0  Bosentán
      0  Capecitabina
      0  Cetuximab
      0  Ciclosporina
      0  Cladribina
      0  Daratumumab
      0  Dasatinib
      0  Deferasirox
      0  Dornasa alfa
      0  Eltrombopag
      0  Emicizumab
      0  Enzalutamida
      0  Etanercept
      0  Everolimus
      0  Factor de coagulación VIII
      0  Factor de crecimiento epidérmico humano recombinante
      0  Factor IX
      0  Filgrastim
      0  Fingolimod
      0  Fulvestrant
      0  Galsulfasa
      0  Golimumab
      0  Guselkumab
      0  Ibrutinib
      0  Imatinib
      0  Imiglucerasa
      0  Infliximab
      0  Inmunoglobulina humana
      0  Interferón beta 1A
      0  Interferón beta 1B
      0  Lapatinib ditosilato
      0  Lenalidomida
  ·   2  Letrozol
      0  Micofenolato mofetilo
      0  Micofenolato sódico
      0  Nilotinib
      0  Obinutuzumab
      0  Ocrelizumab
      0  Octreotida
      0  Olaparib
      0  Omalizumab
      0  Osimertinib mesilato
      0  Palbociclib
      0  Palmitato de paliperidona
      0  Pembrolizumab
      0  Pertuzumab
      0  Pertuzumab/Trastuzumab
      0  Pirfenidona
      0  Regorafenib
      0  Remdesivir
      0  Ribociclib
      0  Riluzol
      0  Riociguat
      0  Rituximab
      0  Secukinumab
      0  Sirolimus
      0  Sofosbuvir/Velpatasvir
      0  Somatropina
      0  Sorafenib tosilato
      0  Sunitinib
      0  Tacrolimus
      0  Teriflunomida
      0  Teriparatida
      0  Timoglobulina de conejo (antitimocitos humana)
      0  Tocilizumab
      0  Tofacitinib
      0  Trastuzumab
      0  Ustekinumab
      0  Valganciclovir
      0  Blinatumomab
      0  PEG-ASP (pegilada)
      0  Risdiplam
      0  Pegfilgrastim
      0  Palonosetrón
Lista: 88 medicamentos
Coincidencias a guardar: 2  (ok=2, revisar=0, con precio=2)
Tabla lista: P_aguila.medicamentos_altos_costos_america
MERGE 2 filas · obsoletos: 0 · Costa Rica Siman: 2 · total tabla: 1218
   2  Letrozol
================================================================
 CR Kölbi → medicamentos_altos_costos_america
================================================================
  red no disponible (bloqueado HTTP 403). Sigo con caché local.
      0  Acetato de abiraterona
      0  Acetato de glatiramer
      0  Acetato de goserelina
      0  Acetato de leuprorelina
      0  Ácido zoledrónico
      0  Adalimumab
      0  Agalsidasa beta
      0  Atezolizumab
      0  Azacitidina
      0  Basiliximab
      0  Bendamustina
      0  Bevacizumab
      0  Bicalutamida
      0  Bortezomib
      0  Bosentán
      0  Capecitabina
      0  Cetuximab
      0  Ciclosporina
      0  Cladribina
      0  Daratumumab
      0  Dasatinib
      0  Deferasirox
      0  Dornasa alfa
      0  Eltrombopag
      0  Emicizumab
      0  Enzalutamida
      0  Etanercept
      0  Everolimus
      0  Factor de coagulación VIII
      0  Factor de crecimiento epidérmico humano recombinante
      0  Factor IX
      0  Filgrastim
      0  Fingolimod
      0  Fulvestrant
      0  Galsulfasa
      0  Golimumab
      0  Guselkumab
      0  Ibrutinib
      0  Imatinib
      0  Imiglucerasa
      0  Infliximab
      0  Inmunoglobulina humana
      0  Interferón beta 1A
      0  Interferón beta 1B
      0  Lapatinib ditosilato
      0  Lenalidomida
      0  Letrozol
      0  Micofenolato mofetilo
      0  Micofenolato sódico
      0  Nilotinib
      0  Obinutuzumab
      0  Ocrelizumab
      0  Octreotida
      0  Olaparib
      0  Omalizumab
      0  Osimertinib mesilato
      0  Palbociclib
      0  Palmitato de paliperidona
      0  Pembrolizumab
      0  Pertuzumab
      0  Pertuzumab/Trastuzumab
      0  Pirfenidona
      0  Regorafenib
      0  Remdesivir
      0  Ribociclib
      0  Riluzol
      0  Riociguat
      0  Rituximab
      0  Secukinumab
      0  Sirolimus
      0  Sofosbuvir/Velpatasvir
      0  Somatropina
      0  Sorafenib tosilato
      0  Sunitinib
      0  Tacrolimus
      0  Teriflunomida
      0  Teriparatida
      0  Timoglobulina de conejo (antitimocitos humana)
      0  Tocilizumab
      0  Tofacitinib
      0  Trastuzumab
      0  Ustekinumab
      0  Valganciclovir
      0  Blinatumomab
      0  PEG-ASP (pegilada)
      0  Risdiplam
      0  Pegfilgrastim
      0  Palonosetrón
Lista: 88 medicamentos
Coincidencias a guardar: 0  (ok=0, revisar=0, con precio=0)
Tabla lista: P_aguila.medicamentos_altos_costos_america
  aviso: 0 coincidencias — no se purgan filas existentes
MERGE 0 filas · obsoletos: 0 · Costa Rica Kölbi: 0 · total tabla: 1218
================================================================
 CR Farmacias Fischel → medicamentos_altos_costos_america
================================================================
  aviso abiraterona: HTTP 404
  aviso abiraterone: HTTP 404
  aviso zytiga: HTTP 404
  aviso acetato de abiraterona: HTTP 404
      0  Acetato de abiraterona
  aviso glatiramer: HTTP 404
  aviso glamatir: HTTP 404
      0  Acetato de glatiramer
  aviso goserelina: HTTP 404
  aviso goserelin: HTTP 404
  aviso gosserrelina: HTTP 404
  aviso zoladex: HTTP 404
  aviso prozoladex: HTTP 404
  aviso prozoladex la: HTTP 404
  aviso govolyx: HTTP 404
      0  Acetato de goserelina
  aviso leuprorelina: HTTP 404
  aviso leuprolide: HTTP 404
  aviso leuprorelin: HTTP 404
  aviso leuprorrelina: HTTP 404
  aviso lupron: HTTP 404
  aviso lectrum: HTTP 404
  aviso lupron depot: HTTP 404
  aviso eligard: HTTP 404
      0  Acetato de leuprorelina
  aviso zoledronico: HTTP 404
  aviso zoledronic: HTTP 404
  aviso zoledronate: HTTP 404
  aviso zometa: HTTP 404
  aviso aclasta: HTTP 404
  aviso acido zoledronico: HTTP 404
      0  Ácido zoledrónico
  aviso adalimumab: HTTP 404
  aviso humira: HTTP 404
  aviso amgevita: HTTP 404
  aviso hulio: HTTP 404
  aviso hyrimoz: HTTP 404
  aviso hadlima: HTTP 404
  aviso idacio: HTTP 404
  aviso yuflyma: HTTP 404
      0  Adalimumab
  aviso agalsidasa: HTTP 404
  aviso agalsidase: HTTP 404
  aviso fabrazyme: HTTP 404
      0  Agalsidasa beta
  aviso atezolizumab: HTTP 404
  aviso tecentriq: HTTP 404
      0  Atezolizumab
  aviso azacitidina: HTTP 404
  aviso azacitidine: HTTP 404
  aviso vidaza: HTTP 404
  aviso zactidyn: HTTP 404
  aviso winduza: HTTP 404
  aviso xitidin: HTTP 404
  aviso azadual: HTTP 404
      0  Azacitidina
  aviso basiliximab: HTTP 404
  aviso simulect: HTTP 404
      0  Basiliximab
  aviso bendamustina: HTTP 404
  aviso bendamustine: HTTP 404
      0  Bendamustina
  aviso bevacizumab: HTTP 404
  aviso avastin: HTTP 404
  aviso mvasi: HTTP 404
  aviso zirabev: HTTP 404
  aviso vegzelma: HTTP 404
      0  Bevacizumab
  aviso bicalutamida: HTTP 404
  aviso bicalutamide: HTTP 404
  aviso casodex: HTTP 404
      0  Bicalutamida
  aviso bortezomib: HTTP 404
  aviso velcade: HTTP 404
      0  Bortezomib
  aviso bosentan: HTTP 404
  aviso tracleer: HTTP 404
  aviso canabosen: HTTP 404
      0  Bosentán
  aviso capecitabina: HTTP 404
  aviso capecitabine: HTTP 404
  aviso xeloda: HTTP 404
  aviso capcitox: HTTP 404
  aviso capetero: HTTP 404
  aviso relicitabine: HTTP 404
      0  Capecitabina
  aviso cetuximab: HTTP 404
  aviso erbitux: HTTP 404
      0  Cetuximab
  aviso ciclosporina: HTTP 404
  aviso cyclosporine: HTTP 404
  aviso cyclosporin: HTTP 404
  aviso neoral: HTTP 404
  aviso sandimmun: HTTP 404
  aviso equoral: HTTP 404
  aviso sandimmun neoral: HTTP 404
      0  Ciclosporina
  aviso cladribina: HTTP 404
  aviso cladribine: HTTP 404
  aviso mavenclad: HTTP 404
      0  Cladribina
  aviso daratumumab: HTTP 404
  aviso darzalex: HTTP 404
  aviso darzalex faspro: HTTP 404
      0  Daratumumab
  aviso dasatinib: HTTP 404
  aviso sprycel: HTTP 404
      0  Dasatinib
  aviso deferasirox: HTTP 404
  aviso exjade: HTTP 404
  aviso jadenu: HTTP 404
      0  Deferasirox
  aviso dornasa: HTTP 404
  aviso dornase: HTTP 404
  aviso pulmozyme: HTTP 404
      0  Dornasa alfa
  aviso eltrombopag: HTTP 404
  aviso revolade: HTTP 404
  aviso promacta: HTTP 404
      0  Eltrombopag
  aviso emicizumab: HTTP 404
  aviso hemlibra: HTTP 404
      0  Emicizumab
  aviso enzalutamida: HTTP 404
  aviso enzalutamide: HTTP 404
  aviso xtandi: HTTP 404
      0  Enzalutamida
  aviso etanercept: HTTP 404
  aviso enbrel: HTTP 404
  aviso brenzys: HTTP 404
  aviso erelzi: HTTP 404
  aviso nepexto: HTTP 404
      0  Etanercept
  aviso everolimus: HTTP 404
  aviso afinitor: HTTP 404
  aviso certican: HTTP 404
  aviso nat-everolimus: HTTP 404
      0  Everolimus
  aviso factor viii: HTTP 404
  aviso factor 8: HTTP 404
  aviso octocog: HTTP 404
  aviso moroctocog: HTTP 404
  aviso antihemophilic: HTTP 404
  aviso advate: HTTP 404
  aviso xyntha: HTTP 404
  aviso octanate: HTTP 404
  aviso nuwiq: HTTP 404
      0  Factor de coagulación VIII
  aviso factor de crecimiento epidermico: HTTP 404
  aviso epidermal growth factor: HTTP 404
  aviso heberprot: HTTP 404
  aviso rh-egf: HTTP 404
  aviso rhegf: HTTP 404
  aviso heberprot-p: HTTP 404
      0  Factor de crecimiento epidérmico humano recombinante
  aviso factor ix: HTTP 404
  aviso factor 9: HTTP 404
  aviso nonacog: HTTP 404
  aviso benefix: HTTP 404
  aviso alprolix: HTTP 404
      0  Factor IX
  aviso filgrastim: HTTP 404
  aviso neupogen: HTTP 404
  aviso filatil: HTTP 404
  aviso zarzio: HTTP 404
      0  Filgrastim
  aviso fingolimod: HTTP 404
  aviso gilenya: HTTP 404
      0  Fingolimod
  aviso fulvestrant: HTTP 404
  aviso faslodex: HTTP 404
      0  Fulvestrant
  aviso galsulfasa: HTTP 404
  aviso galsulfase: HTTP 404
  aviso naglazyme: HTTP 404
      0  Galsulfasa
  aviso golimumab: HTTP 404
  aviso simponi: HTTP 404
      0  Golimumab
  aviso guselkumab: HTTP 404
  aviso tremfya: HTTP 404
      0  Guselkumab
  aviso ibrutinib: HTTP 404
  aviso imbruvica: HTTP 404
      0  Ibrutinib
  aviso imatinib: HTTP 404
  aviso gleevec: HTTP 404
  aviso glivec: HTTP 404
      0  Imatinib
  aviso imiglucerasa: HTTP 404
  aviso imiglucerase: HTTP 404
  aviso cerezyme: HTTP 404
      0  Imiglucerasa
  aviso infliximab: HTTP 404
  aviso remicade: HTTP 404
  aviso remsima: HTTP 404
  aviso inflectra: HTTP 404
  aviso ixifi: HTTP 404
      0  Infliximab
  aviso inmunoglobulina: HTTP 404
  aviso immunoglobulin: HTTP 404
  aviso imunoglobulina: HTTP 404
  aviso ivig: HTTP 404
  aviso gamunex: HTTP 404
  aviso privigen: HTTP 404
  aviso flebogamma: HTTP 404
  aviso octagam: HTTP 404
      0  Inmunoglobulina humana
  aviso interferon beta-1a: HTTP 404
  aviso interferon beta 1a: HTTP 404
  aviso interferon beta 1-a: HTTP 404
  aviso interferona beta 1a: HTTP 404
  aviso avonex: HTTP 404
  aviso rebif: HTTP 404
  aviso plegridy: HTTP 404
      0  Interferón beta 1A
  aviso interferon beta-1b: HTTP 404
  aviso interferon beta 1b: HTTP 404
  aviso interferona beta 1b: HTTP 404
  aviso betaseron: HTTP 404
  aviso betaferon: HTTP 404
  aviso extavia: HTTP 404
      0  Interferón beta 1B
  aviso lapatinib: HTTP 404
  aviso tykerb: HTTP 404
  aviso tyverb: HTTP 404
      0  Lapatinib ditosilato
  aviso lenalidomida: HTTP 404
  aviso lenalidomide: HTTP 404
  aviso revlimid: HTTP 404
      0  Lenalidomida
  aviso letrozol: HTTP 404
  aviso letrozole: HTTP 404
  aviso femara: HTTP 404
      0  Letrozol
  aviso micofenolato mofetilo: HTTP 404
  aviso mycophenolate mofetil: HTTP 404
  aviso cellcept: HTTP 404
  aviso micofenolato de mofetilo: HTTP 404
  aviso micofenolato: HTTP 404
  aviso mofetilo: HTTP 404
      0  Micofenolato mofetilo
  aviso micofenolato sodico: HTTP 404
  aviso mycophenolate sodium: HTTP 404
  aviso myfortic: HTTP 404
      0  Micofenolato sódico
  aviso nilotinib: HTTP 404
  aviso tasigna: HTTP 404
  aviso nilotinib hydrochloride: HTTP 404
      0  Nilotinib
  aviso obinutuzumab: HTTP 404
  aviso gazyva: HTTP 404
  aviso gazyvaro: HTTP 404
      0  Obinutuzumab
  aviso ocrelizumab: HTTP 404
  aviso ocrevus: HTTP 404
  aviso ocrevus zunovo: HTTP 404
      0  Ocrelizumab
  aviso octreotida: HTTP 404
  aviso octreotide: HTTP 404
  aviso sandostatin: HTTP 404
  aviso sandostatina: HTTP 404
  aviso sandostatin lar: HTTP 404
      0  Octreotida
  aviso olaparib: HTTP 404
  aviso lynparza: HTTP 404
      0  Olaparib
  aviso omalizumab: HTTP 404
  aviso xolair: HTTP 404
      0  Omalizumab
  aviso osimertinib: HTTP 404
  aviso tagrisso: HTTP 404
      0  Osimertinib mesilato
  aviso palbociclib: HTTP 404
  aviso palbociclibe: HTTP 404
  aviso ibrance: HTTP 404
      0  Palbociclib
  aviso paliperidona: HTTP 404
  aviso paliperidone: HTTP 404
  aviso invega: HTTP 404
  aviso xeplion: HTTP 404
  aviso trinza: HTTP 404
  aviso invega hafyera: HTTP 404
  aviso hafyera: HTTP 404
  aviso invega sustenna: HTTP 404
  aviso sustenna: HTTP 404
  aviso invega trinza: HTTP 404
      0  Palmitato de paliperidona
  aviso pembrolizumab: HTTP 404
  aviso pembrolizumabe: HTTP 404
  aviso keytruda: HTTP 404
      0  Pembrolizumab
  aviso pertuzumab: HTTP 404
  aviso perjeta: HTTP 404
      0  Pertuzumab
  aviso pertuzumab y trastuzumab: HTTP 404
  aviso pertuzumab/trastuzumab: HTTP 404
  aviso phesgo: HTTP 404
      0  Pertuzumab/Trastuzumab
  aviso pirfenidona: HTTP 404
  aviso pirfenidone: HTTP 404
  aviso esbriet: HTTP 404
  aviso pirfone: HTTP 404
      0  Pirfenidona
  aviso regorafenib: HTTP 404
  aviso stivarga: HTTP 404
      0  Regorafenib
  aviso remdesivir: HTTP 404
  aviso veklury: HTTP 404
      0  Remdesivir
  aviso ribociclib: HTTP 404
  aviso kisqali: HTTP 404
      0  Ribociclib
  aviso riluzol: HTTP 404
  aviso riluzole: HTTP 404
  aviso rilutek: HTTP 404
      0  Riluzol
  aviso riociguat: HTTP 404
  aviso adempas: HTTP 404
  aviso rioci: HTTP 404
      0  Riociguat
  aviso rituximab: HTTP 404
  aviso mabthera: HTTP 404
  aviso rituxan: HTTP 404
  aviso truxima: HTTP 404
  aviso rixathon: HTTP 404
      0  Rituximab
  aviso secukinumab: HTTP 404
  aviso cosentyx: HTTP 404
      0  Secukinumab
  aviso sirolimus: HTTP 404
  aviso rapamune: HTTP 404
      0  Sirolimus
  aviso sofosbuvir: HTTP 404
  aviso velpatasvir: HTTP 404
  aviso epclusa: HTTP 404
      0  Sofosbuvir/Velpatasvir
  aviso somatropina: HTTP 404
  aviso somatropin: HTTP 404
  aviso genotropin: HTTP 404
  aviso norditropin: HTTP 404
  aviso saizen: HTTP 404
  aviso humatrope: HTTP 404
  aviso norditropin flexpro: HTTP 404
      0  Somatropina
  aviso sorafenib: HTTP 404
  aviso nexavar: HTTP 404
      0  Sorafenib tosilato
  aviso sunitinib: HTTP 404
  aviso sutent: HTTP 404
  aviso sunitinib malato: HTTP 404
      0  Sunitinib
  aviso tacrolimus: HTTP 404
  aviso prograf: HTTP 404
  aviso advagraf: HTTP 404
      0  Tacrolimus
  aviso teriflunomida: HTTP 404
  aviso teriflunomide: HTTP 404
  aviso aubagio: HTTP 404
      0  Teriflunomida
  aviso teriparatida: HTTP 404
  aviso teriparatide: HTTP 404
  aviso forteo: HTTP 404
      0  Teriparatida
  aviso timoglobulina: HTTP 404
  aviso thymoglobulin: HTTP 404
  aviso antitimocito: HTTP 404
  aviso antithymocyte: HTTP 404
      0  Timoglobulina de conejo (antitimocitos humana)
  aviso tocilizumab: HTTP 404
  aviso actemra: HTTP 404
  aviso roactemra: HTTP 404
      0  Tocilizumab
  aviso tofacitinib: HTTP 404
  aviso xeljanz: HTTP 404
  aviso xeljanz xr: HTTP 404
      0  Tofacitinib
  aviso trastuzumab: HTTP 404
  aviso herceptin: HTTP 404
  aviso herzuma: HTTP 404
  aviso trazimera: HTTP 404
      0  Trastuzumab
  aviso ustekinumab: HTTP 404
  aviso stelara: HTTP 404
  aviso selarsdi: HTTP 404
      0  Ustekinumab
  aviso valganciclovir: HTTP 404
  aviso valcyte: HTTP 404
  aviso seveclo: HTTP 404
      0  Valganciclovir
  aviso blinatumomab: HTTP 404
  aviso blincyto: HTTP 404
      0  Blinatumomab
  aviso pegaspargasa: HTTP 404
  aviso pegaspargase: HTTP 404
  aviso peg-asp: HTTP 404
  aviso oncaspar: HTTP 404
  aviso asparaginasa pegilada: HTTP 404
      0  PEG-ASP (pegilada)
  aviso risdiplam: HTTP 404
  aviso evrysdi: HTTP 404
      0  Risdiplam
  aviso pegfilgrastim: HTTP 404
  aviso pegfilgastrim: HTTP 404
  aviso neulasta: HTTP 404
  aviso neulastim: HTTP 404
  aviso ristempa: HTTP 404
  aviso ziextenzo: HTTP 404
  aviso fulphila: HTTP 404
      0  Pegfilgrastim
  aviso palonosetron: HTTP 404
  aviso palonosetrona: HTTP 404
  aviso aloxi: HTTP 404
  aviso onicit: HTTP 404
      0  Palonosetrón
Lista: 88 medicamentos
Coincidencias a guardar: 0  (ok=0, revisar=0, con precio=0)
Tabla lista: P_aguila.medicamentos_altos_costos_america
  aviso: 0 coincidencias — no se purgan filas existentes
MERGE 0 filas · obsoletos: 0 · Costa Rica Farmacias Fischel: 0 · total tabla: 1218
=== [2/2] Los Hidalgos (extraccion-medicamentos_extraccion-medicamentos, Playwright) ===
================================================================
 RD Los Hidalgos → medicamentos_altos_costos_america
================================================================
Búsquedas Hidalgos: 195 pendientes / 195 total
  [1/195] abiraterona: 0 producto(s)
  [2/195] glatiramer: 0 producto(s)
  [3/195] goserelina: 0 producto(s)
  [4/195] leuprorelina: 0 producto(s)
  [5/195] zoledronico: 3 producto(s)
  [6/195] adalimumab: 0 producto(s)
  [7/195] agalsidasa: 0 producto(s)
  [8/195] atezolizumab: 0 producto(s)
  [9/195] azacitidina: 0 producto(s)
  [10/195] basiliximab: 0 producto(s)
  [11/195] bendamustina: 0 producto(s)
  [12/195] bevacizumab: 0 producto(s)
  [13/195] bicalutamida: 1 producto(s)
  [14/195] bortezomib: 1 producto(s)
  [15/195] bosentan: 0 producto(s)
  [16/195] capecitabina: 2 producto(s)
  [17/195] cetuximab: 0 producto(s)
  [18/195] ciclosporina: 0 producto(s)
  [19/195] cladribina: 0 producto(s)
  [20/195] daratumumab: 0 producto(s)
  [21/195] dasatinib: 0 producto(s)
  [22/195] deferasirox: 0 producto(s)
  [23/195] dornasa: 0 producto(s)
  [24/195] eltrombopag: 0 producto(s)
  [25/195] emicizumab: 0 producto(s)
  [26/195] enzalutamida: 0 producto(s)
  [27/195] etanercept: 0 producto(s)
  [28/195] everolimus: 2 producto(s)
  [29/195] octocog: 0 producto(s)
  [30/195] heberprot: 0 producto(s)
  [31/195] nonacog: 0 producto(s)
  [32/195] filgrastim: 2 producto(s)
  [33/195] fingolimod: 0 producto(s)
  [34/195] fulvestrant: 0 producto(s)
  [35/195] galsulfasa: 0 producto(s)
  [36/195] golimumab: 0 producto(s)
  [37/195] guselkumab: 0 producto(s)
  [38/195] ibrutinib: 0 producto(s)
  [39/195] imatinib: 0 producto(s)
  [40/195] imiglucerasa: 0 producto(s)
  [41/195] infliximab: 0 producto(s)
  [42/195] inmunoglobulina: 4 producto(s)
  [43/195] avonex: 24 producto(s)
  [44/195] betaseron: 5 producto(s)
  [45/195] lapatinib: 1 producto(s)
  [46/195] lenalidomida: 0 producto(s)
  [47/195] letrozol: 3 producto(s)
  [48/195] cellcept: 1 producto(s)
  [49/195] myfortic: 1 producto(s)
  [50/195] nilotinib: 0 producto(s)
  [51/195] obinutuzumab: 0 producto(s)
  [52/195] ocrelizumab: 0 producto(s)
  [53/195] octreotida: 0 producto(s)
  [54/195] olaparib: 0 producto(s)
  [55/195] omalizumab: 0 producto(s)
  [56/195] osimertinib: 0 producto(s)
  [57/195] palbociclib: 0 producto(s)
  [58/195] paliperidona: 0 producto(s)
  [59/195] pembrolizumab: 0 producto(s)
  [60/195] pertuzumab: 0 producto(s)
  [61/195] pertuzumab/trastuzumab: 0 producto(s)
  [62/195] pirfenidona: 0 producto(s)
  [63/195] regorafenib: 0 producto(s)
  [64/195] remdesivir: 3 producto(s)
  [65/195] ribociclib: 0 producto(s)
  [66/195] riluzol: 0 producto(s)
  [67/195] riociguat: error Page.goto: Timeout 45000ms exceeded.
Call log:
  - navigating to "https://farmaciasloshidalgos.com.do/?s=riociguat&post_type=product&type_aws=true", waiting until "domcontentloaded"

  [68/195] rituximab: 0 producto(s)
  [69/195] secukinumab: 0 producto(s)
  [70/195] sirolimus: 0 producto(s)
  [71/195] sofosbuvir: 0 producto(s)
  [72/195] somatropina: 0 producto(s)
  [73/195] sorafenib: 0 producto(s)
  [74/195] sunitinib: 0 producto(s)
  [75/195] tacrolimus: 2 producto(s)
  [76/195] teriflunomida: 0 producto(s)
  [77/195] teriparatida: 0 producto(s)
  [78/195] timoglobulina: 1 producto(s)
  [79/195] tocilizumab: 0 producto(s)
  [80/195] tofacitinib: 0 producto(s)
  [81/195] trastuzumab: 0 producto(s)
  [82/195] ustekinumab: 0 producto(s)
  [83/195] valganciclovir: 1 producto(s)
  [84/195] blinatumomab: 0 producto(s)
  [85/195] pegaspargasa: 0 producto(s)
  [86/195] risdiplam: 0 producto(s)
  [87/195] pegfilgrastim: 0 producto(s)
  [88/195] palonosetron: 0 producto(s)
  [89/195] lectrum: 3 producto(s)
  [90/195] zoladex: 2 producto(s)
  [91/195] forteo: 1 producto(s)
  [92/195] esbriet: 0 producto(s)
  [93/195] gamunex: 0 producto(s)
  [94/195] privigen: 0 producto(s)
  [95/195] flebogamma: 0 producto(s)
  [96/195] humira: 16 producto(s)
  [97/195] amgevita: 0 producto(s)
  [98/195] enbrel: 1 producto(s)
  [99/195] simponi: 1 producto(s)
  [100/195] remicade: 1 producto(s)
  [101/195] ibrance: 2 producto(s)
  [102/195] keytruda: 1 producto(s)
  [103/195] sandostatin: 3 producto(s)
  [104/195] blincyto: 0 producto(s)
  [105/195] evrysdi: 0 producto(s)
  [106/195] oncaspar: 0 producto(s)
  [107/195] neulasta: 0 producto(s)
  [108/195] aloxi: 17 producto(s)
  [109/195] onicit: 1 producto(s)
  [110/195] remsima: 0 producto(s)
  [111/195] hyrimoz: 1 producto(s)
  [112/195] brenzys: 0 producto(s)
  [113/195] neoral: 3 producto(s)
  [114/195] sandimmun: 0 producto(s)
  [115/195] avastin: 4 producto(s)
  [116/195] valcyte: 2 producto(s)
  [117/195] revlimid: 0 producto(s)
  [118/195] sutent: 3 producto(s)
  [119/195] faslodex: 2 producto(s)
  [120/195] perjeta: 0 producto(s)
  [121/195] phesgo: 0 producto(s)
  [122/195] simulect: 1 producto(s)
  [123/195] erbitux: 1 producto(s)
  [124/195] exjade: 1 producto(s)
  [125/195] jadenu: 7 producto(s)
  [126/195] advate: 21 producto(s)
  [127/195] benefix: 0 producto(s)
  [128/195] xyntha: 0 producto(s)
  [129/195] lynparza: 0 producto(s)
  [130/195] stivarga: 0 producto(s)
  [131/195] tecentriq: 0 producto(s)
  [132/195] vidaza: 1 producto(s)
  [133/195] darzalex: 1 producto(s)
  [134/195] epclusa: 0 producto(s)
  [135/195] harvoni: 2 producto(s)
  [136/195] zytiga: 1 producto(s)
  [137/195] glamatir: 0 producto(s)
  [138/195] govolyx: 0 producto(s)
  [139/195] eligard: 2 producto(s)
  [140/195] yuflyma: 0 producto(s)
  [141/195] vegzelma: 0 producto(s)
  [142/195] zarzio: 0 producto(s)
  [143/195] octagam: 1 producto(s)
  [144/195] truxima: 2 producto(s)
  [145/195] rixathon: 2 producto(s)
  [146/195] herzuma: 0 producto(s)
  [147/195] trazimera: 0 producto(s)
  [148/195] selarsdi: 0 producto(s)
  [149/195] seveclo: 0 producto(s)
  [150/195] nepexto: 0 producto(s)
  [151/195] octanate: 0 producto(s)
  [152/195] nuwiq: 1 producto(s)
  [153/195] ixifi: 0 producto(s)
  [154/195] pirfone: 0 producto(s)
  [155/195] hafyera: 0 producto(s)
  [156/195] zactidyn: 0 producto(s)
  [157/195] canabosen: 0 producto(s)
  [158/195] capcitox: 0 producto(s)
  [159/195] gilenya: 0 producto(s)
  [160/195] mavenclad: 0 producto(s)
  [161/195] pulmozyme: 0 producto(s)
  [162/195] hemlibra: 0 producto(s)
  [163/195] naglazyme: 0 producto(s)
  [164/195] tremfya: 0 producto(s)
  [165/195] cerezyme: 0 producto(s)
  [166/195] rebif: 1 producto(s)
  [167/195] betaferon: 0 producto(s)
  [168/195] ocrevus: 0 producto(s)
  [169/195] aubagio: 0 producto(s)
  [170/195] xeljanz: 2 producto(s)
  [171/195] fabrazyme: 0 producto(s)
  [172/195] adempas: 1 producto(s)
  [173/195] tasigna: 1 producto(s)
  [174/195] imbruvica: 2 producto(s)
  [175/195] glivec: 1 producto(s)
  [176/195] kisqali: 1 producto(s)
  [177/195] tagrisso: 0 producto(s)
  [178/195] xtandi: 1 producto(s)
  [179/195] revolade: 1 producto(s)
  [180/195] afinitor: 1 producto(s)
  [181/195] certican: 2 producto(s)
  [182/195] genotropin: 0 producto(s)
  [183/195] norditropin: 0 producto(s)
  [184/195] saizen: 0 producto(s)
  [185/195] actemra: 0 producto(s)
  [186/195] stelara: 1 producto(s)
  [187/195] herceptin: 1 producto(s)
  [188/195] mabthera: 3 producto(s)
  [189/195] xolair: 0 producto(s)
  [190/195] invega: 3 producto(s)
  [191/195] femara: 1 producto(s)
  [192/195] casodex: 2 producto(s)
  [193/195] velcade: 1 producto(s)
  [194/195] tykerb: 0 producto(s)
  [195/195] gazyva: 4 producto(s)
Productos Hidalgos únicos: 321
Coincidencias lista: 90  (ok=86, revisar=4)
Tabla lista: P_aguila.medicamentos_altos_costos_america
MERGE 90 filas · obsoletos: 109 · RD Hidalgos: 90 · total tabla: 1109
   7  Rituximab
   5  Acetato de leuprorelina
   5  Everolimus
   5  Inmunoglobulina humana
   4  Letrozol
   3  Bicalutamida
   3  Ciclosporina
   3  Octreotida
   3  Palmitato de paliperidona
   3  Remdesivir
   3  Sunitinib
   3  Ácido zoledrónico
   2  Acetato de goserelina
   2  Bevacizumab
   2  Bortezomib
   2  Capecitabina
   2  Filgrastim
   2  Fulvestrant
   2  Ibrutinib
   2  Palbociclib
   2  Tacrolimus
   2  Tofacitinib
   1  Acetato de abiraterona
   1  Adalimumab
   1  Azacitidina
   1  Basiliximab
   1  Cetuximab
   1  Daratumumab
   1  Deferasirox
   1  Eltrombopag
   1  Enzalutamida
   1  Etanercept
   1  Golimumab
   1  Imatinib
   1  Infliximab
   1  Lapatinib ditosilato
   1  Micofenolato mofetilo
   1  Micofenolato sódico
   1  Nilotinib
   1  Palonosetrón
   1  Pembrolizumab
   1  Ribociclib
   1  Teriparatida
   1  Timoglobulina de conejo (antitimocitos humana)
   1  Trastuzumab
=== Cron diario OK ===
