"dci","marca"
FLUOXETINA (COMO CLORHIDRATO),FOXETIN             
VER AL DORSO,CLINDAMICINA ALFA 600 MG/4 ML 
PICOSULFATO SÓDICO,FISIOLAX
MULTICOMPOSICIÓN,ROWATANAL 
CANDESARTÁN CILEXETILO + HIDROCLOROTIAZIDA,CARDIOSARTAN-D
PROPINOXATO,AMPLIESPAM
"LEVONORGESTREL, ETINILESTRADIOL",APRIL
VENLAFAXINA CLORHIDRATO EQUIVALENTE A VENLAFAXINA,ELAFAX 50                
IVERMECTINA,PEMBRIFAR
ESTRIOL,COLPOESTRIOL
CLORHIDRATO DE NAFAZOLINA, NAFAZOL
VER AL DORSO,CORTIDERM
KETOCONAZOL,KETZOLE
VER AL DORSO,TONAL 
CARVEDILOL,CARVILAR 6.25 
VER AL DORSO, CEFTRIAXONA NORMON
MULTICOMPOSICIÓN,FOSFO B-12       
CARVEDILOL,"FILTEN 3,125              "
MOMETASONA,MOMET 
AZITROMICINA,AZITROMICINA ETHICAL
FENITOINA SODICA.,FENITOINA SODICA.
ESPIRONOLACTONA,DRIMUX - A 25    
MULTICOMPOSICIÓN,CALCIMAX MAGNESIO       
VER AL DORSO,CLINDAMICINA ALFA 600 mg/4 mL 
METRONIDAZOL,METRICOL
ESPIRONOLACTONA,DRIMUX - A 50                
CANDESARTAN CILEXETIL + HIDROCLOROTIAZIDA,ACROSAR D 32/12.5 MG
PIRACETAM,PIRACET
ERITROPOYETINA HUMANA RECOMBINANTE,ERITROPOYETINA HUMANA RECOMBINANTE
PANTOPRAZOL SODIO SESQUIHIDRATO,PANTONOR NORMON
RITUXIMAB,MABTHERA
OMEPRAZOL, FLAGOSEC
MULTICOMPOSICIÓN,"CALAMINA, OXIDO DE ZINC, ALCANFOR,....(VER AL DORSO)"
OLANZAPINA,LANZEP® 5 
IRBESARTAN,IRBESARTAN MAMEY® 150 MG
LEVOFLOXACINO HEMIHIDRATO EQUIVALENTE A LEVOFLOXACINO,EVOCS - III
RISPERIDONA,GOVAL  1 
AMPICILINA SODICA,AMPICILINA
VITAMINA B1 + VITAMINA B6 + VITAMINA B12," BENEURAL 10,000"
NAPROXENO SÓDICO & PARACETAMOL,DOLO-APRANAX
ISOTRETINOÍNA,ROACCUTANE
VER AL DORSO,CLAVULIN C/12
PALMITATO DE PALIPERIDONA,INVEGA TRINZA
RITUXIMAB,RIXATHON
FLUOXETINA,FLUOXETINA 20 MG MK
BISOPROLOL FUMARATO,BISKREM 10
FUROSEMIDA,LASIX
CANAGLIFLOZINA,INVOKANA
CEFEPIME HCL,CIPIME
OLANZAPINA,FONTANIVIO PISA
CISAPRIDA MONOHIDRATADA EQUIVALENTE A: CISAPRIDA,UNAMOL
CIPROFLOXACINA HCL,CIPROXACIN® 750    
LENALIDOMIDA,NUVYOR 15 MG
ACIDO FÓLICO + VITAMINA B12 + YODO,FALCIFOR YODO
ACETATO DE LEUPROLIDA,LUPENOX
OMEPRAZOL (D.C.I).,OMENOR 20 mg CÁPSULAS DURAS GASTRORRESISTENTES.
MONTELUKAST SODICO + LEVOCETIRIZINA DICLORHIDRATO,ALERCROM M 
VALACICLOVIR HCL DIHIDRATADO,VASTIN 500
METILPREDNISOLONA SUCCINATO SÓDICO USP,METILPREDNISOLONA SUCCINATO SÓDICO 
DIMETILFUMARATO,MULTIFIDERA 240 MG
ESOMEPRAZOL,GASTROZOL
CELECOXIB,CELECOXIB
LEVOFLOXACINO,LEVOFLOXACINO
HIDROCLOROTIAZIDA,HIDRIFAR
ÁCIDO ACETILSALICÍLICO,MAXPIRIN
VER AL DORSO,LEVAFLINA 
"BETAMETASONA, GENTAMICINA, MICONAZOL",GEBEMIC
RANITIDINA CLORHIDRATO EQUIVALENTE A RANITIDINA BASE,PRODINA
AMPICILINA TRIHIDRATO,AMPICILINA MK®
NITROFURAZONA,NITROFURAZONA
VER AL DORSO,RHYNO-FAR ADULTO
CLORHIDRATO DE XILOMETAZOLINA,OTRIVINA
CLORHIDRATO DE XILOMETAZOLINA,OTRIVINA
TRIBENOSIDE + CLORHIDRATO DE LIDOCAINA,PROCTO GLYVENOL 5% + 2.12%                                                   
TRIBENOSIDO + CLORHIDRATO DE LIDOCAINA,PROCTO GLYVENOL 5%+2.12%
METRONIDAZOL + NISTATINA,ACROMONA 
NITROFURAZONA,DERMOFURIN 
FENPROPOREX-DIAZEPAM,ESBELCAPS
VER AL DORSO,FORTY MALT
NISTATINA,ACRONISTINA
ACIDO SALICILICO.,ACICOL 
GLICERINA,SUPOSITORIO DE GLICERINA (INFANTIL)
SULBUTIAMINA,ARCALION 200
GLIBENCLAMIDA,GLUCAMIDA
GLIBENCLAMIDA,GLUCAMIDA®
OXOLAMINA CITRATO,TUSSIBRON TOS
OXOLAMINA CITRATO,TUSSIBRON TOS
OXOLAMINA CITRATO,TUSSIBRON TOS
VER AL DORSO,CLO-PRIM
CLORURO DE SODIO - DEXTROSA MONOHIDRATADA,INDODEXAL 5-0.33 
CLORURO DE SODIO - DEXTROSA MONOHIDRATADA.,INDODEXAL 5-0.9
MULTICOMPOSICION,ODOL
VER AL DORSO,INDORINDEX 5
CLORANFENICOL,CLORANFENICOL ALFA  
MULTICOMPOSICION,GRANULOVIT
LORAZEPAM,LORAZEPAM MK
VER AL DORSO,APETONIL ADULTO
CEFALEXINA,CEFALEXINA MK®
TINIDAZOL,TINIDAZOL MK® 
VER AL DORSO,ANSO 
VER AL DORSO,ANSO
METOXALENO,MELADININA
MEBENDAZOL,FEL-6
MEBENDAZOL,FEL-6
DEXTROSA MONOHIDRATADA,INDODEXTRO 10
VER AL DORSO,INDORIN
VER AL DORSO,DEPROXONE
VER AL DORSO,TIAMINAL B12 TRIVALENTE AP
VER AL DORSO,"TIAMINAL B12 50,000"
BRONHIDRATO DE GLUTAMATO DE MAGNESIO,PSICO-SOMA
PIRACETAM,NOOTROPIL
CALAMINA + OXIDO DE ZINC,OXINA
INMUNOGLOBULINA ANTITETANICA HUMANA,TETANOGAMMA ® P                                                       
BETAMETASONA BASE,ALFASONE 
BETAMETASONA BASE,ALFASONE 
METRONIDAZOL + NISTATINA,OVIL - M
METRONIDAZOL - NISTATINA,OVIL® - M
HIDRÓXIDO DE MAGNESIO,LECHE DE MAGNESIA
MULTICOMPOSICION,GAMALATE B6
VITAMINA A OLEOSA / VITAMINA D3 OLEOSA.,AID 
HALOPERIDOL,FELTRAM
AMOXICILINA TRIHIDRATO,AMOXICILINA MK®
PIRIMETAMINA,TOXOPIRIN
FURAZOLIDONA,FURATREX MT
ACETAMINOFEN,ULTRAFEN
LOPERAMIDA,PRODOM
VER AL DORSO,UROMICINA
EXTRACTO CEPAE + HEPARINA SODICA + ALANTOINA,CONTRACTUBEX
EXTRACTO CEPAE + HEPARINA SODICA + ALANTOINA,CONTRACTUBEX 
TINIDAZOL,TIZOL®
FLUOROMETOLONA,FLUREXOL 
VER AL DORSO,FLUREXOL N 
ESPIRONOLACTONA,ALDACTONE
VER AL DORSO,DERMOFULL
AMPICILINA TRIHIDRATO EQUIV. A AMPICILINA BASE,ALFACIN 500 MG
DIFENHIDRAMINA,HISTAM
MALEATO DE ERGONOVINA,MALERGO
MULTICOMPOSICION,PEDISOL
MEBENDAZOL,MEDASOLE
ACETAMINOFEN,ULTRAFEN
DIAZEPAM,DIAZEPAM FELTREX
DIPIRONA SODICA,DIPARIN
ACETAMINOFEN,PIRALMIN 500 mg
ACETAMINOFÉN,PIRALMIN 500 MG
KETOPROFENO,FASTUM
KETOPROFENO,FASTUM
DIFENHIDRAMINA,HISTAM
VITAMINA A + VITAMINA D3 + ACIDO ASCORBICO,VICASOL
LISADO BACTERIANO LIOFILIZADO,BRONCHO-VAXOM ADULTOS
LISADO BACTERIANO LIOFILIZADO,BRONCHO-VAXOM NIÑOS
MULTIVITAMINA,NEOVITIN FORTISSIMO
FUROSEMIDA,FUROLAX
ACETAMINOFEN,DALGEN® FORTE
XILOMETAZOLINA CLORHIDRATO,RHYNO - FAR INFANTIL
VER AL DORSO,DEROFEN MIEL
MEBENDAZOL,VERMEDAZOLE
MULTICOMPOSICION,ANGINOVAG
MULTICOMPOSICION,PANTOGAR
MALEATO DE BROMOFENIRAMINA,LAANSAMINA
AMIODARONA,CORDARONE
AMIODARONA,CORDARONE
CARBAMAZEPINA,TEGRETOL 2%
DIVALPROATO SÓDICO,EPIVAL
DIVALPROATO DE SODIO,EPIVAL
ACETATO DE CIPROTERONA,ANDROCUR
ACIDO ASCORBICO,CEBION
ACIDO ASCORBICO + ASCORBATO DE SODIO,CEBION 500MG
ALPRAZOLAM,"ALPLAX 0,25 "
MULTICOMPOSICION,APETONIL VITA
AMBROXOL HCL + CLENBUTEROL HCL,BRONDIL COMPOSITUM 
AMBROXOL HCL,BRONDIL
VER AL DORSO,BEDIFER
VER AL DORSO,CALCIMAX D3
VER AL DORSO,FERROSUL
EXTRACTO LIPIDO ESTEROLICO DE SERENOA REPENS,PERMIXON
EXTRACTO LIPIDO ESTEROLICO DE SERENOA REPENS,PERMIXON                                                              
KETOCONAZOL,SUDERMAL
ACICLOVIR,VIROTER
ACICLOVIR,VIROTER
VER AL DORSO,PREOXID®
LIDOCAINA HCL,LIDOCAINA 2% ALFA  20 MG / ML
LIDOCAINA HCL,LIDOCAINA 2% ALFA  20 MG / ML
AMLODIPINA,AMLOFEL
AMLODIPINA,AMLOFEL
AMLODIPINA BESILATO,LODIPRES 5
CARVEDILOL,CARVED
CARVEDILOL,CARVED
DEXTROSA ANHIDRA,DEXTROSA ALFA 50%
DEXTROSA ANHIDRA,DEXTROSA ALFA 50%
VER AL DORSO,KETODERM
AMBROXOL,AMBROXOL INMENOL
VER AL DORSO,TOT'HEMA
FLUOXETINA CLORHIDRATO,MOLTOBEN
RAMIPRIL,RAMICAR® 5
RAMIPRIL,RAMICAR® 5
NIFEDIPINA,NIFEDIPINA LAM® 10 MG
LEFLUNOMIDA,ARAVA
LEFLUNOMIDA,ARAVA
LEFLUNOMIDA,ARAVA
PROPINOXATO CLORHIDRATO - CLONIXINATO DE LISINA,DAPRINOL® COMPUESTO
LISINOPRIL DIHIDRATO,CARSIPRIL® 5  
VER AL DORSO,CARSIPRIL 20 MG
ACIDO ACETILSALICILICO,CORALAT® 81
ÁCIDO ACETILSALICÍLICO,CORALAT®  81
LISINOPRIL DIHIDRATO,CARSIPRIL® 10
ALPRAZOLAM,MEPRAX® 0.5
ALPRAZOLAM,MEPRAX® 0.5
ALPRAZOLAM,MEPRAX® 1
ALPRAZOLAM,"MEPRAX® 1.0,"
KETOCONAZOL,SUDERMAL
AMLODIPINA + ATENOLOL,MAXIDIPIN AT
MULTICOMPOSICION,GETROVID® 
LOMEFLOXACINA CLORHIDRATO,LOMEFLOX® 
DIAZEPAM,DIAZEX
CARBENOXOLONA SÓDICA,HERPESAN
CIPROFLOXACINA HCL (EQUIVALENTE A CIPROFLOXACINA BASE),CIPROQUINOL 500
CIPROFLOXACINA HCL (EQUIVALENTE A CIPROFLOXACINA BASE),CIPROQUINOL 750
AMIODARONA CLORHIDRATO,MIONOR®
MULTICOMPOSICION,VITERNUM® COMPLEX
"DIHEXAZINA, VIT. B1, VIT. B2, VIT. B6, VIT. C, NICOTINAMIDA",VITERNUM® COMPLEX
"AMBROXOL, TRIMETOPRIMA, SULFAMETOXAZOL",BALSOPRIM® PLUS
CIANOCOBALAMINA (VITAMINA B12),VITAMINA B12 ALFA 
VER AL DORSO,VITAMINA B12 ALFA
MULTICOMPOSICION,COMPLEJO B ALFA
CLORHIDRATO DE DIFENHIDRAMINA,HISTOMIN
CLORHIDRATO DE DIFENHIDRAMINA,HISTOMIN
VER AL DORSO,DEXONA 4 MG / 1 ML
VER AL DORSO,DEXONA 4 MG / 1 ML
VER AL DORSO,FUROLAX 
FUROSEMIDA,FUROLAX 
HIDROCORTISONA,HIDROCORTISONA
LOSARTAN POTASICO,CARDILAT 50
LOSARTAN POTASICO,CARDILAT® 50
BENAZEPRILO CLORHIDRATO / AMLODIPINO (COMO BESILATO),AMLOBEN 2.5/10
AMLODIPINO (COMO BESILATO) / BENAZEPRIL CLORHIDRATO,AMLOBEN 2.5/10 
VER AL DORSO,AMLOBEN 5/20
AMLODIPINO (COMO BESILATO) / BENAZEPRIL CLORHIDRATO,AMLOBEN 5/20
ATENOLOL + NIFEDIPINA,CORADIP® 50/20 
VER AL DORSO,VASOCAL EK 5/10
FLUOXETINA CLORHIDRATO,FLUOXIL 20
AMLODIPINA BESILATO + ENALAPRIL MALEATO,LODIPIN-E 5/20
VER AL DORSO,LODIPIN - E 5/20
AMLODIPINA BESILATO + ENALAPRIL MALEATO,LODIPIN-E 10/20
AMLODIPINA BESILATO + ENALAPRIL MALEATO,LODIPIN-E 10/20
METRONIDAZOL,METROGEL
MULTICOMPOSICION,TUSSIBRON BALSAMICO ADULTO
MULTICOMPOSICION,TUSSIBRON BALSAMICO PEDIATRICO
AMOXICILINA,AMOXICILINA FELTREX
METRONIDAZOL + DIYODOHIDROXIQUINOLEINA,FLAGENASE 400
MULTICOMPOSICIÓN,BIOVIT
PROPRANOLOL,PROPRANOLOL 
METFORMINA CLORHIDRATO,CLORMIN - 850
FUMARATO DE BISOPROLOL + HIDROCLOROTIAZIDA,"ZIAC 2,5  /6,25 "
FUMARATO DE BISOPROLOL + HIDROCLOROTIAZIDA,"ZIAC 2,5 / 6,25"
FUMARATO DE BISOPROLOL + HIDROCLOROTIAZIDA,"ZIAC 5,0 / 6,25"
VER AL DORSO,"ZIAC 5,0 / 6,25"
FUMARATO DE BISOPROLOL + HIDROCLOROTIAZIDA,"ZIAC 10/6,25 "
FUMARATO DE BISOPROLOL + HIDROCLOROTIAZIDA,"ZIAC 10/6,25"
LEVONORGESTREL (MICRONIZADO),MIRENA®
SILDENAFIL CITRATO EQUIVALENTE A SILDENAFIL BASE,EREC-F 50 MG
AMLODIPINA BESILATO,LODIPRES® 10
CARBAMAZEPINA,TEGRETOL CR 400 
AMLODIPINA BESILATO + ENALAPRIL MALEATO,LODIPIN-E 5/10
AMLODIPINA BESILATO + ENALAPRIL MALEATO,LODIPIN-E 5/10
RAMIPRIL,RAMICAR® 2.5
NITRENDIPINA,NITRENDIPINA FELTREX
FAMOTIDINA,FAMOTIDINA FELTREX
AMLODIPINA BESILATO,LODIPIN 10
AMLODIPINA BESILATO,LODIPIN 10
SIMVASTATINA,SIMVAST 10
ENALAPRIL MALEATO,ENALAPRIL FELTREX
CETIRIZINA DICLORHIDRATO,CETIRIZINA
CETIRIZINA DICLORHIDRATO,CETIRIZINA
CETIRIZINA DICLORHIDRATO,CETIRIZINA
VER AL DORSO,CLORANFENICOL 250 MG /5 ML
IRBESARTAN + HIDROCLOROTIAZIDA,COAPROVEL
IRBESARTAN + HIDROCLOROTIAZIDA,COAPROVEL
IRBESARTAN + HIDROCLOROTIAZIDA,COAPROVEL
IRBESARTAN + HIDROCLOROTIAZIDA,COAPROVEL
NEOSTIGMINA METILSULFATO.,NEOSTIGMINA METILSULFATO.
AMOXICILINA,AMOXICILINA FELTREX
PIROXICAM,PIROXICAM FELTREX
AMPICILINA,AMPICILINA FELTREX
AMPICILINA,AMPICILINA FELTREX
HIDRÓXIDO DE MAGNESIO,LECHE MAGNESIA ALFA 
VER AL DORSO,VIRAZIDE PEDIATRICO
RIBAVIRINA,VIRAZIDE PEDIÁTRICO
VER AL DORSO,MUCIFAR® COMPUESTO
IBUPROFENO,SUPROFÉN
AMLODIPINA,CARDICOL 10
PROPOFOL,POFOL
VER AL DORSO,PROSTIGMINE
METILSULFATO DE NEOSTIGMINA,PROSTIGMINE
VER AL DORSO,CIPROQUINOL
PEROXIDO DE BENZOILO,PEROXIDO DE BENZOILO-IDCP
AMLODIPINA,CARDICOL 5 
VER AL DORSO,PSORIGEL - IDCP
AZUFRE,ESCABIDERM N-IDCP
VER AL DORSO,ANTRALINA 0.1% CON ACIDO SALICILICO - IDCP
ACIDO SALICILICO + ANTRALINA,ANTRALINA 2.0% CON ACIDO SALICILICO-IDCP
VER AL DORSO,ANTRALINA 1.0% CON ACIDO SALICILICO - IDCP
VER AL DORSO,UNGUENTO ANTIMICOTICO - IDCP
VER AL DORSO,PSORIADERM - IDCP
HIDROCORTISONA,HIDRODERM AL 1% - IDCP
MINOXIDIL,MINOXIDERM AL 2%
VER AL DORSO,ANTRALINA 0.01% CON ACIDO SALICILICO-IDCP
HIDROXICINA HCL,KALM 10
HIDROXICINA HCL,KALM 10
HIDROXICINA HCL,KALM 25 
HIDROXICINA HCL,KALM 25
"FLUOXETINA (COMO CLORHIDRATO 11,21 MG)",FOXETIN 10
ATENOLOL,ATENOLOL
ATENOLOL,ATENOLOL
LORATADINA + BETAMETASONA,CLARITYNE CORT
LORATADINA + BETAMETASONA,CLARITYNE CORT
"ALPRAZOLAM, DOMPERIDONA, SIMETICONA",ALPLAX NET
PICOSULFATO DE SODIO,ANARA
ATENOLOL,ATENOLOL NORMON
MULTICOMPOSICION,COLOFIN
KETOCONAZOL,KETOCONAZOL 400 MG INMENOL
DOXICICLINA HICLATO,DOXIL 100
DOXICICLINA HICLATO,DOXIL 100
LISINOPRIL DIHIDRATO,EUPRIL 20
VER AL DORSO,EUPRIL 20
CELECOXIB,CELERAX® 200
HIDROXICINA HCL,KALM
AMBROXOL CLORHIDRATO,EUBRON
DOXICICLINA HICLATO,DOXIL - 20
OFLOXACINA,OTOFLOX
TRIMETOPRIM - SULFAMETOXAZOL,SULTRIM® FUERTE
ACETAMINOFEN,WINASORB
SECNIDAZOL,IMIDAL® 
LISINOPRIL DIHIDRATO,CARDIONIL® 10
LISINOPRIL DIHIDRATO,CARDIONIL® 20
AMOXICILINA TRIHIDRATADA + BROMHEXINA HCL,BROMEXAN COMPUESTO
LISINOPRIL DIHIDRATO + CLORTALIDONA,CARSIPRIL® D 20/12.5
ALBENDAZOL,ALBENDAZOL MK
VER AL DORSO,DOLOTROP-K
FITOMENADIONA.,FITOMENADIONA.
PANTOPRAZOL,PANTECTA IV
LISINOPRIL + HIDROCLOROTIAZIDA,TENSOLISIN D 
BETAMETASONA,BETAMETASONA MK®
SULFATO DE TOBRAMICINA / DEXAMETASONA,TRAZIDEX OFTENO
SULFATO DE TOBRAMICINA / DEXAMETASONA,TRAZIDEX OFTENO
AMOXICILINA (COMO TRIHIDRATO), AMOXIDAL DÚO
FENILEFRINA CLORHIDRATO ­ TROPICAMIDA,FOTORRETIN
AMLODIPINA BESILATO,VASONIL® 5
MULTICOMPOSICION,PROLYN ADULTO 
AMLODIPINA BESILATO + ATENOLOL,LODIPRES® COMPOSITUM
CIPROFLOXACINA,CIPROFEL
METOPROLOL + HIDROCLOROTIAZIDA,MEPROLOL-H 100/25
METOPROLOL + HIDROCLOROTIAZIDA,MEPROLOL-H 100/25
CIPROFLOXACINA HCL,CIPROFLOXACINA LAM® 500 MG 
EXTRACTO DE GINKGO BILOBA+VITAMINA E,TEBOKAN E
NAPROXENO SODICO,APRANAX
VER AL DORSO,SULFAPLEX
MULTICOMPOSICION,"BIOPLEXIN 25,000"
MULTICOMPOSICIÓN,"BIOPLEXIN® 25,000"
SULFISOXAZOLE + CLOTRIMAZOL,BIOVAGIN
VER AL DORSO,ELAFAX XR 75
VER AL DORSO,ELAFAX XR 150
METRONIDAZOL BASE + NISTATINA,METROCAPS N 
DEXTROSA,SOLUCIÓN ISOTONICA DEXTROSA 5%
SOLUCIÓN ISOTÓNICA DE CLORURO DE SODIO AL 0.9 %,SOLUCION  ISOTONICA  DE CLORURO DE SODIO AL 0.9 %
METOPROLOL TARTRATO + HIDROCLOROTIAZIDA,MEPROLOL-H 100/50
METOPROLOL TARTRATO + HIDROCLOROTIAZIDA,MEPROLOL-H 100/50
NIFEDIPINA + ATENOLOL + CLORTALIDONA,CORADIP D 50 
DICLOFENACO SODICO,DICLOFENAC 50
DICLOFENACO SODICO,DICLOFENAC-100
CELECOXIB,COXIBEN 200
CELECOXIB,COXIBEN 200
AMBROXOL + CEFADROXILO,BRONDIL FORTE
AMOXICILINA (COMO TRIHIDRATO),AMOXIDAL DUO
VER AL DORSO,"VITAMINAS NEUROTROPAS 25,000"
MULTICOMPOSICION,VITA-PETIT
ALBENDAZOL,XOLUM 400
ALBENDAZOL,XOLUM 400
ALBENDAZOL,XOLUM 400
METOCLOPRAMIDA CLORHIDRATO.,METOCLOPRAMIDA CLORHIDRATO.
METOPROLOL,MEPROLOL 50
METOPROLOL TARTRATO,MEPROLOL 50
AMBROXOL CLORHIDRATO,VENTOFLUX 
FOSFATO DE CLINDAMICINA,CUTACLIN
FOSFATO DE CLINDAMICINA,CUTACLIN
CLORHIDRATO DE METFORMINA,DIAFORMINA
CETIRIZINA DICLORHIDRATO,HISTAL
CETIRIZINA DICLORHIDRATO,HISTAL
AMLODIPINA BESILATO + ATENOLOL,BLOKAPIN 5/50
ALPRAZOLAM,DUAZOLAM 2
ALPRAZOLAM,DUAZOLAM 0.50
TERAZOSINA CLORHIDRATO DIHIDRATO,TIFLOX® 2
TERAZOSINA CLORHIDRATO DIHIDRATO,TIFLOX® 5
METOPROLOL,MEPROLOL 100
METOPROLOL TARTRATO,MEPROLOL 100
AZITROMICINA DIHIDRATO, AZIBIOTIC 
AMBROXOL HCL,MUCOLAM® 
VER AL DORSO,SULFAPLEX
DICLOFENAC SODICO,DICLOFENAC FELTREX
CEFACLOR MONOHIDRATADO (EQUIVALENTE A CEFACLOR ),SUCLOR 500
SULFADIAZINA DE PLATA,ARGENTAL 
AMBROXOL HCL + CLENBUTEROL HCL,MUCOLAM COMPOSITUM® 
RAMIPRIL,CERTARA®
SILIMARINA,HEPAVITAL 
SULFATO DE TOBRAMICINA / DEXAMETASONA,TRAZIDEX UNGENA
BICALUTAMIDA,CASODEX
CEFADROXILO + AMBROXOL,BRONDIL FORTE 
MULTICOMPOSICION,PROLYN NIÑOS
VER AL DORSO,DINAMOTONIC
"VITAMINA C, E / CINC / SELENIO",DINAMOTONIC
DEXAMETASONA.,DEXAMETASONA.
EPOETINA BETA,RECORMON
SILDENAFIL,VIAGRA
SILDENAFIL,VIAGRA
SILDENAFIL,VIAGRA
SILDENAFIL,VIAGRA
SILDENAFIL,VIAGRA
SILDENAFIL,VIAGRA
IRBESARTAN,APROVEL
IRBESARTAN,APROVEL
"ACIDO FÓLICO, VITAMINA B12.",ACIFOL 
BECLOMETASONA DIPROPIONATO,RECTO MENADERM
METRONIDAZOL + NIFUROXAZIDA,METROCAPS NF
LOMEFLOXACINA HCL,SENIFAR®
IRBESARTAN,APROVEL
IRBESARTAN,APROVEL
METFORMINA HCL + GLIBENCLAMIDA,SIL-NORBORAL
METFORMINA CLORHIDRATO + GLIBENCLAMIDA,SIL-NORBORAL
VER AL DORSO,MANZANILLA SOPHIA
VER AL DORSO,MANZANILLA SOPHIA
EPOETINA BETA,RECORMON
EPOETINA BETA,RECORMON 
TROPICAMIDA + CLORHIDRATO DE FENILEFRINA,T­-P OFTENO
INSULINA GLARGINA,LANTUS
INSULINA GLARGINA,LANTUS
INSULINA HUMANA,HUMULIN R
INSULINA HUMANA ISOFANA Y INSULINA HUMANA,HUMULIN 70 / 30
ACIDO ACETIL SALICÍLICO,ASPICARD 100
VALPROATO SODICO,VALPAKINE
VALPROATO SODICO,VALPAKINE
ALBENDAZOL,ALBENDAZOL MK®
PIRACETAM,PICETAM® 800
GENTAMICINA + BETAMETASONA,GENTACORT 
CEFACLOR MONOHIDRATADO (EQUIVALENTE A CEFACLOR BASE),SUCLOR 250
CLORURO DE SODIO,FISIONASAL
AMBROXOL HCL + CLORHIDRATO DE CLENBUTEROL,VENTOFLUX COMPUESTO
CIPROFLOXACINA,CIPROFLOXACINA FELTREX
TINIDAZOL,TINIZOL
CARVEDILOL,CARDIOSIL®  25
AMOXICILINA,AMOVAL
ENALAPRIL MALEATO,ENALAPRIL ALFA 
HIALURONATO DE SODIO,LAGRICEL OFTENO
LORATADINA,ANTIAL 10
LORATADINA,ANTIAL® 10
DESONIDE,DESOWEN 
AZITROMICINA DIHIDRATO (EQUIVALENTE A AZITROMICINA BASE),AZIBIOTIC
KETANSERINA,SUFREXAL
ÁCIDO SALICILICO,ACICOL 10%
OXIDO DE ZINC,OXINA PLUS
MULTICOMPOSICION,DOLO-BIOPLEXIN
CLORHIDRATO DE AMBROXOL + CLORHIDRATO DE CLENBUTEROL,PROMIXOL -­R
VER AL DORSO,LARITOX®
MICONAZOL NITRATO,FUNGOSIN
DESLORATADINA,AERIUS 
TOPIRAMATO,TOPAMAX
TOPIRAMATO,TOPAMAX
TACROLIMUS MONOHIDRATO,PROGRAF
TACROLIMUS MONOHIDRATO,PROGRAF
TACROLIMUS MONOHIDRATO,PROGRAF
ENOXAPARINA SODICA,CLEXANE
ENOXAPARINA SODICA,CLEXANE
ESOMEPRAZOL,NEXIUM
ESOMEPRAZOL,NEXIUM
INSULINA HUMANA ISOFANA Y INSULINA HUMANA,HUMULIN 70/30
CEFUROXIMA,ZINNAT
ACICLOVIR.,ZOVIRAX
CLOTRIMAZOL + PARACLOROMETAXILENOL (CLOROXILENOL),DERMOCLOR
KETOCONAZOL,DERMOKET
LOPERAMIDA,ALKA-AD
LOPERAMIDA,ALKA - AD
VER AL DORSO,PRECOR 10
AMOXICILINA + AMBROXOL,AMOXIDAL RESPIRATORIO DUO
VER AL DORSO,VALTREX
CETIRIZINA,ZETRI 
RIVASTIGMINA,EXELON
RIVASTIGMINA,EXELON
RIVASTIGMINA,EXELON
VER AL DORSO,BABY PREDENTAL
CETIRIZINA,ZETRI 
CEFADROXILO,CEPHA
MULTICOMPOSICIÓN,DEXA-BIOPLEXIN
VER AL DORSO,COMPLEJO B UNION
ACETATO DE FLUOROMETOLONA,FLUMETOL NF OFTENO
VER AL DORSO,FERROVITA ®
"PROTEÍNA FÉRRICA, (EQUIVALENTE HIERRO -III-).",FERGANIC
ÁCIDO ASCÓRBICO (VITAMINA C),VITEEN C
GABAPENTINA,GABANEURON 400
AMBROXOL/SULFAMETOXAZOL/TRIMETOPRIM,PROMIXOL COMPUESTO
VER AL DORSO,PROMIXOL PLUS
FELODIPINO,PLENDIL
FELODIPINA,PLENDIL
FELODIPINA,PLENDIL
SIMVASTATINA,ROWESTIN 40
CEXTRIAXONA SODICA,SUICEF
RAMIPRIL,RAMIPRIL 5 mg
ACIDO ACETILSALICILICO,PIRICARD-81
BUDESONIDA FORMOTEROL,SYMBICORT TURBUHALER
VER AL DORSO,CLO-PRIM® 
MULTICOMPOSICIÓN,LYSINEX-FE
CEFTAZIDIMA,CEFTAZIDIMA
CEFTAZIDIMA,CEFTAZIDIMA
METFORMINA CLORHIDRATO,GLISULIN 1000
SILDENAFIL CITRATO,SILDENAFIL ETHICAL
CITICOLINA SODICA,CITICOL
MECOBALAMINA,COBAL
MECOBALAMINA,COBAL
VER AL DORSO,BUTAFEL
LISINOPRIL,ECADOL-5
LISINOPRIL,ECADOL-10
LISINOPRIL ANHIDRO,ECADOL - 20
LISINOPRIL + HIDROCLOROTIAZIDA,ECADOL-D
LISINOPRIL + HIDROCLORTIAZIDA,ECADOL-H
L-ARGININA,ARGESYL FORTE
SUCRALFATO,SUCRASSYL
TENECTEPLASA,METALYSE
MELOXICAM,MOVIX 15 
DIOSMINA (COMO DIOSMINA PURA Y ANHIDRA),DIOVENOR
NITRENDIPINA+ATENOLOL+CLORTALIDONA,FELNITREX COMPOSITUM
CLINDAMICINA,CLIOFAR
CLINDAMICINA,CLIOFAR
DIAZEPAM,DISTENOL
CETIRIZINA,CETIRIZINA FELTREX
VER AL DORSO,SOLADEK ®
MULTIVITAMINA,SOLADEK - N
MULTICOMPOSICION,GLOVITON-FERRUM
CLOBETASOL.,DERMOVATE
TOXINA BOTULINICA TIPO A,DYSPORT
TOXINA BOTULINICA TIPO A,DYSPORT
METOPROLOL TARTRATO,MEPROLOL 12.5
HIDROCORTISONA,HIDROCORTISONA-INMENOL
AMOXICILINA TRIHIDRATO + CLAVULANATO DE POTASIO.,AUGMENTIN BID
MULTICOMPOSICION,COMPLEJO B RANGEL
LORATADINA,ALERIN 5
DICLOFENACO SODICO,VOLTAREN SR 75
DICLOFENAC+VIT B1+VIT B6+ VIT B12,DICLOFEL-NEURO
VER AL DORSO,PROMIXOL-R
OXOLAMINA CITRATO,TUSSIBRON TOS SIN AZUCAR
OXOLAMINA CITRATO,TUSSIBRON TOS SIN AZUCAR
ACIDO ACETIL SALICILICO,CARDIOASPIRINA
HIERRO POLIMALTOSADO + ACIDO FOLICO.,FERBIO FOL
LOSARTAN POTÁSICO + HIDROCLOROTIAZIDA,SATOREN® H
CEFOTAXIMA SODICA,CEFOTAXIMA
AMPICILINA SODICA,AMPISUL 500 mg
CEFTRIAXONA,PRALEXIN
QUINFAMIDA,MEBAFAR
QUINFAMIDA,MEBAFAR
VER AL DORSO,SOLUCIÓN RINGER USP
CLOTRIMAZOL,CINABEL-200
VER AL DORSO,TUSSIBRON COMPUESTO
DEXTROSA,DEXTROSA AL 5 %
MULTICOMPOSICION,DEXONA B-COMPLEX
RISPERIDONA,RIDONA 1
RISPERIDONA,RIDONA 2
RISPERIDONA,RIDONA 3
RISPERIDONA,RIDONA 4
IODIXANOL,VISIPAQUE
IOHEXOL,OMNIPAQUE
AMLODIPINA+BENAZEPRIL,AMLOFEL COMPUESTO
LEVOFLOXACINA (COMO HEMIHIDRATO),PRIMERIS
VER AL DORSO,AMIKA-SI 1 g
BETAMETASONA + LORATADINA,BETAMEX LT 
SIMVASTATINA,SIMVASTATINA FELTREX
SILDENAFIL,VERADUR 
VER AL DORSO,FITOESTIMULINA
TIBOLONA,PAUXA 
KETOCONAZOL,DERMOKET
VER AL DORSO,SALBUFAR PLUS
GADODIAMIDA,OMNISCAN
ACETATO DE LEUPROLIDA,LECTRUM
ACETATO DE LEUPROLIDA,LECTRUM
VER AL DORSO,ATROPLEX
CLINDAMICINA,EUROCLIN 
VER AL DORSO,ALGHO
VER AL DORSO,AMBROXOL HCI + CLENBUTEROL HCI
AMBROXOL HCL Y CLEMBUTEROL HCL,MUCOX-CLEM
LEVONORGESTREL ( MICRONIZADO),JADELLE
SULFAMETOXAZOL / TRIMETOPRIMA,SULFAMETOXAZOL TRIMETOPRIMA
GENTAMICINA SULFATO,GENTAMICINA AL 0.3%
CLORHIDRATO DE METILFENIDATO,RITALINA
VER AL DORSO,RITALINA
LORATADINA,LORATADINA  10MG
BETAHISTINA,BETAHISTINA
HIDROCLOROTIAZIDA,HIDROCLOROTIAZIDA
SULFATO DE AMINOSIDINA O PARAMOMICINA,SULFATO DE AMINOSIDINA
TIMOLOL,OCULGLA - 0.50%
VER AL DORSO,OCULGLA -0.25%
VER AL DORSO,ATROPINA 1%
PICOSULFATO DE SODIO,COPALAX
DIFENHIDRAMINA HCL,FENILAR
PICOSULFATO DE SODIO,COPALAX
MULTICOMPOSICION,DERMICOL CLEAR
VER AL DORSO,LUCOVIT 100 MG/ML 
VER AL DORSO,TONAL 
SULFATO DE HIOSCIAMINA + BROMHIDRATO DE HIOSCINA,COLIFER
TINIDAZOL + NISTATINA,TINIZOL-N
TINIDAZOL,TINIZOL
TINIDAZOL,TINIZOL 
TINIDAZOL,TINIZOL
CIPROFLOXACINA,CIPROFEL 
SILDENAFIL CITRATO,VERADUR
VER AL DORSO,ROWEFER FOLIC
ESCITALOPRAM,LEXAPRO
ESCITALOPRAM,LEXAPRO
OXALATO DE ESCITALOPRAM,LEXAPRO
OXALATO DE ESCITALOPRAM,LEXAPRO
MULTICOMPOSICION,LACTANEM
CARVEDILOL,CARDIOFEL
CARVEDILOL,CARDIOFEL
VER AL DORSO,TETRACAINA AL 0.5 %
ALENDRONATO,ARMOL
LORATADINA,LORATADINA
MULTICOMPOSICION.,BRONQUINA®
TOBRAMICINA SULFATO,TOBRAMICINA
VER AL DORSO,ARPAN
METRONIDAZOL + DIYODOHIDROXIQUINOLEINA,METRICOL COMPUESTO
PROGESTERONA,CRINONE 8 %
BETAMETASONA,BETAMETASONA 
LOSARTÁN POTÁSICO,COZAAR 
CETIRIZINA + PSEUDOEFEDRINA,TALERDIN D
DEXAMETASONA FOSFATO + TOBRAMICINA SULFATO,DEXTOSIN
VER AL DORSO,ATROPLEX
CLOTRIMAZOL,CANESTEN V
PAROXETINA,PREXOR
NITAZOXANIDA,NEOPARAX
NITAZOXANIDA,NEOPARAX 
ALPRAZOLAM,NERVUS
ALPRAZOLAM,NERVUS
ESOMEPRAZOL,NEXX
ESOMEPRAZOL,NEXX
ESOMEPRAZOL,ESOPRAZOL 
ESOMEPRAZOL,ESOPRAZOL 
ALBENDAZOL + QUINFAMIDA,ALBENDAMEBA
ALBENDAZOL + QUINFAMIDA,PARAFULL
ESOMEPRAZOL,ESOMEP
VER AL DORSO,TECASSOL
VER AL DORSO,TECASSOL
MUPIROCINA,MUPIRAL
LOSARTAN POTASICO + AMLODIPINA,ARA II-A
MULTICOMPOSICION,DIANEAL AL 4.25 %
MULTICOMPOSICION,DIANEAL AL 2.5%
MULTICOMPOSICION,DIANEAL AL 1.5 %
EZETIMIBA,ZETIA 
ORLISTAT,ENFORMA
ESOMEPRAZOL,ESOMEP
ANFEPRAMONA,NEOBES
TIOTROPIO,SPIRIVA
PIRACETAM,PICETAM
AZITROMICINA,ZITROCYN
TRIMEBUTINA MALEATO,MUVETT
RAMIPRIL + HIDROCLOROTIAZIDA,RAMIPRIL H 10/12.5
AMLODIPINA BESILATO + BENAZEPRIL HCL,AMLOFEL COMPUESTO
CETIRIZINA,ZYRTEC
GLIMEPIRIDA + METFORMINA,GLIPIRIDE COMPUESTO
"VITAMINA D3 CRIST CALCIFEROR, FOSFATO TRICALCICO",CALCIDEN 
HIDROXICARBONATO DE MAGNESIO Y ALUMINIO (HIDROTALCITA),ALKA-GASTRIC
MOMETASONA FUROATO,MOMETASONA MK®
PROPINOXATO CLORHIDRATO,PROPINOX
CITICOLINA SODICA,SOMAZINA
CITICOLINA SÓDICA,SOMAZINA
ALBENDAZOL,ALBENDAZOL 
ALBENDAZOL,ALBENDAZOL
METOPROLOL TARTRATO,METOPROLOL
CLOPIDOGREL,CLODOPAQ 75
CLOPIDOGREL BISULFATO,CLODOPAQ 75
NITAZOXANIDA,ZOXANID
CARVEDILOL,CARDIOFEL
CARVEDILOL,CARDIOFEL
VER AL DORSO,VITAMINA A
"CARBONATO DE CALCIO EQUIVALENTE A CALCIO, VITAMINA D3",CALCIDEN
CARVEDILOL,CARVILAR 12.5
VER AL DORSO,LUCOVIT
VITAMINA A+ VITAMINA D+ VITAMINA E,RHADEKSOL
VER AL DORSO,MARVIL 70 
SECNIDAZOL,SECNIDAZOL
MICOFENOLATO MOFETILO,CELLCEPT
CLINDAMICINA FOSFATO,CLIOFAR
VER AL DORSO,SENIFAR HC OTICO
VER AL DORSO,SENIFAR HC OTICO
KETOCONAZOL,KETOCONAZOL 2 %
ATENOLOL,ATENOLOL
VER AL DORSO,DOLO - NEUROALFA
LEVOFLOXACINA,LEVO
VER AL DORSO,EUROPAROXET
GABAPENTINA,GABAPEN
ACIDO FOLICO,ACIDO FOLICO
ACETAMINOFEN,ACETAMINOFEN  ALFA
ACETAMINOFEN,ACETAMINOFEN ALFA
ACETAMINOFEN,ACETAMINOFEN ALFA
SERTRALINA,SERTRA
MULTICOMPOSICION,ASTELYT
DESLORATADINA,LORAX
DESLORATADINA,LORAX
DESLORATADINA,LORAX
MECLIZINA CLORHIDRATO,NOXADREL
MULTICOMPOSICION,FERROVITA 
ATENOLOL,SOLDENT
MICOFENOLATO MOFETILO,CELLCEPT 
MICOFENOLATO MOFETILO,CELLCEPT
MICOFENOLATO MOFETILO,CELLCEPT
ZOLPIDEM,ZOLPID
FLUCONAZOL,FLUC-EURO
ROSUVASTATINA CÁLCICA,CRESTOR
ROSUVASTATINA CÁLCICA,CRESTOR
ROSUVASTATINA CALCICA,CRESTOR
ACIDO ACETILSALICILICO + FENILEFRINA + CLORFENIRAMINA,TABCIN ADULTOS
VER AL DORSO,TABCIN ADULTOS
LEVODOPA + BENSERAZIDA,PROLOPA
MIDAZOLAM,DORMICUM                                                              
BROMAZEPAM,LEXOTAN
BROMAZEPAM,LEXOTAN
AZITROMICINA DIHIDRATO. EQUIV. A AZITROMICINA BASE,ZITROCYN 200 MG
TAMSULOSINA,GAFLOX                                                                
VER AL DORSO,GAFLOX
VER AL DORSO,OFTALDEX
MULTIVITAMINA,GLOVITON-FLUOR
MULTICOMPOSICION,DOLO-NEUROALFA 
PROTEINA FERRICA (EQU. A HIERRO III),ROWEFER FOLIC
PROPINOXATO HCL + CLONIXINATO DE LISINA,PROPINOX COMPUESTO
TRIMETOPRIM + SULFAMETOXAZOL,TRIMETOPRIMA SULFAMETOXAZOL
CARVEDILOL,CARDIVAS 6.25 MG
CARVEDILOL,CARDIVAS 12.5 MG
CARVEDILOL,CARDIVAS 25 MG
VER AL DORSO,LOTRIAL-D
VER AL DORSO,KIDCAL
HIDROCORTISONA SUCCINATO SODICO,SILACORT 100 MG
CARBACHOL,MIOSTAT 0.01%
CEFADROXILO BASE + AMBROXOL CLORHIDRATO,CEPHA PLUS
VER AL DORSO,CEFA COMPUESTO
ACETATO DE CALCIO + SULFATO DE ALUMINIO,ALUCAL
BRINZOLAMIDA,AZOPT
BRINZOLAMIDA,AZOPT
TOBRAMICINA,TOBREX
TOBRAMICINA,TOBREX
MULTICOMPOSICION,DOLOBENEURAL
OXICODONA CLORHIDRATO,OXICALMANS 10MG
OXICODONA CLORHIDRATO,OXICALMANS 40 MG
OXICODONA CLORHIDRATO,OXICALMANS 20 MG
METFORMINA HCL,GLUCOX® 850
METFORMINA HCL,GLUCOX® 850
MORFINA CLORHIDRATO TRIHIDRATO,NEOCALMANS 
MORFINA CLORHIDRATO TRIHIDRATO,NEOCALMANS 10MG
MORFINA CLORHIDRATO TRIHIDRATO,NEOCALMANS 20 MG
TERBINAFINA BASE 1%,LAMISIL DERMGEL
CARBÓN ACTIVADO + CLORHIDRATO DE PAPAVERINA,ACTICARBINE 
HIPROMELOSA + DEXTRAN T70,TEARS NATURALE II
CIPROFLOXACINA(D.C.I.) (HIDROCLORURO),CIPROFLOXACINO NORMON 500 mg
TRAMADOL CLORHIDRATO,TRAMADOL NORMON
TRAMADOL CLORHIDRATO,TRAMADOL NORMON 50 mg CAPSULAS DURAS EFG 
CARBAMAZEPINA (D.C.I),CARBAMAZEPINA NORMON 400 mg
CEFTRIAXONA SODICA,CEFTRIAXONA NORMON
CEFTRIAXONA + LIDOCAINA,CEFTRIAXONA NORMON
CARBAMAZEPINA (D.C.I.),CARBAMAZEPINA NORMON
CICLOPIROXOLAMINA,MICOXA
LATANOPROST-TIMOLOL MALEATO,XALACOM
VER AL DORSO,XALACOM
CICLOSPORINA,SANDIMMUN NEORAL
VER AL DORSO,CEFADROX
VER AL DORSO,CEFADROX RESPIRATORIO
VER AL DORSO,CEFADROX RESPIRATORIO
ALBENDAZOL,ALBENDAZOL
LORATADINA,FLOGINAX 
MECLIZINA CLORHIDRATO,NOXADREL®
LEVOFLOXACINA HEMIHIDRATADO,LEVOFLOX 500
VER AL DORSO,LEVOFLOX 500
VER AL DORSO,LEVOFLOX 500
VER AL DORSO,NAPHCON-A
CLORHIDRATO DE NAFAZOLINA + MALEATO DE FENIRAMINA,NAPHCON-A
BENZBROMARONA,NARCARICIN
BENZBROMARONA,NARCARICIN
CLONIXINATO DE LISINA,CLONIXINATO DE LISINA
FLUOXETINA DCI CLORHIDRATO (FLUOXETINA HIDROCLORURO),FLUOXETINA NORMON 20mg
DESLORATADINA + PSEUDOEFEDRINA,LORAX D
LORATADINA,FLOGINAX 
PIRACETAM,ACETAN
PIRACETAM,ACETAN
TERIPARATIDA RHPTH (134),FORTEO
RILUZOL, RILUTEK 
RILUZOL,RILUTEK
RILUZOL,RILUTEK
METFORMINA HCL,"CLORMIN 500,"
LEVOSULPIRIDE,LEVOSULP-S 
LEVOSULPIRIDE,LEVOSULP-S 
LEVOSULPIRIDE,RAFAGAN
LEVOSULPIRIDE,RAFAGAN
LEVOSULPIRIDE,RUDOX
LEVOSULPIRIDE,RUDOX
GLUCOSAMINA SULFATO + CONDROITIN SULFATO SODICO,VARTALON DUO
CICLOSPORINA A,MODUSIK - A OFTENO
MULTICONCENTRACION,RINGER Y LACTATO DE SODIO PARA IRRIGACION 
DEXTROSA / CLORURO DE SODIO,DEXTROSA AL 5 %  Y  CLORURO DE SODIO AL 0.9% USP  
DESLORATADINA + PSEUDOEFEDRINA,LORAX D
FOSFOMICINA CÁLCICA MONOHIDRATADA,FASAPREN®
GABAPENTINA,GABANEURON 300
SIMVASTATINA,SIMVAST 20
FLUOCINOLONA + CIPROFLOXACINO,CETRAXAL PLUS 
MULTICOMPOSICIÓN,HIDROPOLIVIT 
LOSARTAN POTASICO,LOSARTAN ETHICAL
AMLODIPINA + LISINOPRIL,CARDICOL ECA 10-20
AMLODIPINA,AMLODIPINA ETHICAL
FAMOTIDINA CLORHIDRATO,FAMOTIDINA INMENOL
FAMOTIDINA CLORHIDRATO,FAMOTIDINA
AMLODIPINA BESILATO,AMLODIPINA INMENOL
AMLODIPINA BESILATO,AMLODIPINA INMENOL 10 MG
TRAMADOL CLORHIDRATO + PARACETAMOL,TRAMACET
VER AL DORSO,CLORMIN G-1000
SULFAMETOXAZOLA+TRIMETOPRIN,BACTRIM FORTE
EVEROLIMUS,CERTICAN
EVEROLIMUS,CERTICAN
EVEROLIMUS,CERTICAN
PROPIONATO DE CLOBETASOL,BIOCORTONE 0.05%
ENALAPRIL MALEATO,ENALAPRIL INMENOL
MOMETASONA FUROATO,MOMET
AMINOSIDINA,GABROSIDINA
MOMETASONA FUROATO,REGENER
NITAZOXANIDA,XAMIDA
NITAZOXANIDA,XAMIDA
MULTICOMPOSICION,MENEPAROL PLUS 
CLORHIDRATO DE NAFTIFINA,EXODERIL                                                              
PAROXETINA HCL,LAPAROX®
ALENDRONATO SODICO TRIHIDRATADO,OSTEOPLUS®  70
VER AL DORSO,CANDERSIL 8
CANDESARTAN CILEXETIL,CANDERSIL® 8
CANDESARTAN CILEXETIL,CANDERSIL 16
CANDESARTAN CILEXETIL,CANDERSIL® 16
CANDESARTAN CILEXETIL + HIDROCLOROTIAZIDA,CANDERSIL D 16/12.5
CANDESARTAN CILEXETIL + HIDROCLOROTIAZIDA,CANDERSIL® D 16/12.5
OLANZAPINA,ZYPREXA
LOSARTAN POTÁSICO,LOSARTAN MK®
QUETIAPINA,QUETIAP
QUETIAPINA,QUETIAP
QUETIAPINA,QUETIAP 
ACIDO VALPROICO (SAL DE SODIO),VALPRO
ACIDO VALPROICO (SAL DE SODIO),ESPERTAL
AMLODIPINA,AMLODIPINA ETHICAL
AMOXICILINA,AMOXICILINA FELTREX
ENALAPRIL MALEATO / HIDROCLOROTIAZIDA,SULAPRIL-D
AZITROMICINA DIHIDRATO,AZITROMICINA 500 MG
CLORHIDRATO DE NOSCAPINA + GUAIFENESINA,TUSCALMAN A
PROGESTERONA MICRONIZADA,GESLUTIN-PNM
OMEPRAZOL (D.C.I.),OMEPRAZOL NORMON 20 MG
POLIETILENGLICOL 400 + PROPILENGLICOL,SYSTANE
VER AL DORSO,FERGANIC FOLIC
VER AL DORSO,DICLO-K B1 B6 B12
VER AL DORSO,DICLO-K B1 B6 B12
AZITROMICINA DIHIDRATO,AZITROMICINA 200
FOSFOMICINA,FOSFOMIC 
VER AL DORSO,CLATRIX
CLARITROMICINA COMPACTADA,CLATRIX
ERTAPENEM SODICO,INVANZ
ERTAPENEM SODICO,INVANZ
VER AL DORSO,ENANTYUM
TERBINAFINA CLORHIDRATO,TERBIX
"NITROFURANTOINA, SULFADIAZINA, FENAZOPIRIDINA",UROPASMON
FLUCONAZOL,FLUCONAZOL 150 MG
ACETILCISTEINA,MENAXOL
PERMETRINA,SCABISAN
LORATADINA MICRONIZADA / CLORHIDRATO DE AMBROXOL,BALSOFORT
LORATADINA / AMBROXOL,BALSOFORT®
PENTOSANO POLISULFATO SÓDICO,THROMBOCID FORTE 5 MG/G     
ACETAMINOFEN + CLORZOXAZONA + DICLOFENAC COLESTIRAMINA,COMIOFLEX®
IBUPROFENO + L-ARGININA,CUBRIM
ROCIVERINA,RILATEN
ROCIVERINA,RILATEN 
CIPROFLOXACINA + FENAZOPIRIDINA,CIPROBIOTIC-URO
TRAMADOL CLORHIDRATO,TRAMAL
TRAMADOL CLORHIDRATO,TRAMAL
GABAPENTINA,GABAPEN
AMOROLFINA CLORHIDRATO,LOCERYL
VER AL DORSO,LOCERYL                                                               
VER AL DORSO,AMOXICILINA ALFA 1 g
HIDROCLOROTIAZIDA,HIDROCLOROTIAZIDA ETHICAL
MULTICOMPOSICION,HEPADIAL
DICLOFENAC POTASICO,ORTOFLEX
SILDENAFIL CITRATO (EQUIVALENTE A SILDENAFIL),REVIVE
DIPIRONA,BRAL 250MG/5ML
SIMVASTATINA,SIMVAST 40
CIPROFLOXACINA CLORHIDRATO MONOHIDRATO,CIFLOXIN
MULTICOMPOSICION,COLOFIN 
SUCRALFATO,SUCRAMAL® 
CLORHIDRATO DE NOSCAPINA + GUAIFENESINA,TUSCALMAN B
PANTOPRAZOL,ZOLTUM
ENAPRIL MALEATO,ENALAPRIL
MULTICOMPOSICION,KETORBIS
N-BUTIL BROMURO DE HIOSCINA,ESTALAN 10 MG
PANTROPRAZOL,ZOLTUM
SALBUTAMOL+GUAIFENESINA,BRONCOSAMOL-E
AMLODIPINA BESILATO EQUIVALENTE A AMLODIPINA BASE,AMLODIPINA ALFA 5 mg
AMLODIPINA BESILATO EQUIVALENTE A AMLODIPINA BASE,AMLODIPINA ALFA 10 MG
MULTICOMPOSICION,LYSINEX VITA
TINIDAZOL + TIOCONAZOL,COLPOSAN
LORATADINA,LORATADINA 10 MG GENERIFAR
CIPROFLOXACINA,CIPROFLOXACINA 
MULTICOMPOSICION,COMPLEJO B
AMOXICILINA TRIHIDRATO,AMOXICILINA
METRONIDAZOL,METRONIDAZOL
CEFALEXINA MONOHIDRATO,FALUXOL
CEFALEXINA MONOHIDRATO,FALUXOL
CEFALEXINA MONOHIDRATO,FALUXOL
CEFALEXINA MONOHIDRATO,FALUXOL
VER AL DORSO,NERODIL
ALCOHOL POLIVINILICO,VIFRESTOL
VER AL DORSO,LAGRIMAS NATURALES SINTESIS
VER AL DORSO,LOUTEN T
CEFADROXILO MONOHIDRATO,CEFADROXILO
GLIBENCLAMIDA,GLIBENCLAMIDA 5 MG GENERIFAR  
CEFALEXINA MONOHIDRATO,CEFALEXINA 500 MG 
MONTELUKAST SODICO,TUSCASOL 5
ESPIRONOLACTONA,ESPIRONOLACTONA ETHICAL
CIPROFLOXACINA,CIPROBIOTIC-XR
KETOCONAZOL + SECNIDAZOL,NORDAL PLUS
VER AL DORSO,CROMATONBIC FERRO 
VER AL DORSO,DIANEAL PD-2 CON DEXTROSA AL 2.5%
MULTICOMPOSICION,DIANEAL PD-2 CON DEXTROSA AL 4.25% 
VER AL DORSO,DIANEAL PD-2 CON DEXTROSA AL 1.5% 
NORELGESTROMINA + ETINILESTRADIOL,EVRA
NORELGESTROMINA + ETINIL ESTRADIOL,EVRA
CETIRIZINA CLORHIDRATO,CETIZIN 5
ACETAMINOFÉN,LAPROTER 
VER AL DORSO,BRONTOX SINUS
ACIDO FÓLICO + VITAMINA B12,ACIDO FÓLICO + VITAMINA B12
METAMIZOL SÓDICO,DIPROLAR
MULTICOMPOSICIÓN,FOSFO B-12       
CIPROFLOXACINO + HIDROCORTISONA,CIRIAX OTIC
CIPROFLOXACINO + HIDROCORTISONA,CIRIAX OTIC
MULTICOMPOSICION,DOLO-NEUROTROPAS SINTESIS
KETOCONAZOL,KETOCONAZOL
VER AL DORSO,SUMOX DUO
CIPROFLOXACINA BASE + HIDROCORTISONA BASE,OTOSEC HC
AZITROMICINA,ZITRIX
CELECOXIB,CELECO
ÁCIDO ACETILSALICÍLICO,ASPRIM 81
ACIDO ACETILSALICILICO,ASPRIM 81
CETIRIZINA CLORHIDRATO,CETIZIN 10
KETOPROFENO,KEFENTECH 
CELECOXIB,IMPEDIL 
VER AL DORSO,SULFATO FERROSO
DICLOFENACO SÓDICO,DICLOFENACO SÓDICO        
VER AL DORSO,SPORT-GEL 
MULTICOMPOSICION,PREOXID PREMIUM
RANITIDINA CLORHIDRATO,RANITIDINA 
MULTICOMPOSICION,DEXABENEURAL 
DIFENHIDRAMINA CLORHIDRATO,DIFENHIDRAMINA 25 MG
ACICLOVIR,SIMPLEVIR 400
ACICLOVIR,SIMPLEVIR 400
METOPROLOL TARTRATO,RITMOL 50
METOPROLOL,RITMOL 100
VER AL DORSO,SULFACETAMIDA 10 %
CLONAZEPAM,RIBOSAN
LANSOPRAZOL,LANSOPRAZOL
MULTICOMPOSICION,PROLYN - VITA 
CIPROFLOXACINA + FENAZOPIRIDINA,AMPLIBIOTIC-URO
DEXTROMETORFANO HBR + GUAIFENESINA,BRONCOCHEM CONTRA  LA TOS 
AZITROMICINA,KOPTIN
SIMVASTATINA (D.C.I),SIMVASTATINA NORMON 10 MG
SIMVASTATINA (D.C.I.),SIMVASTATINA NORMON 40 MG
SIMVASTATINA,ZIMVASTIN-40
IBUPROFENO,IBUPROFENO
ACICLOVIR,ZOVIRAX
CANDESARTÁN CILEXETILO / HIDROCLOROTIAZIDA,BLOPRESS PLUS
OCTREOTIDA,OCTRIDE
VER AL DORSO,PREDNISOLONA AL 1%
"MULTICOMPOSICION, ANEXO FORMULA",LUCOVIT
MULTICOMPOSICION,LUCOVIT
LISADO BACTERIANO LIOFILIZADO,BRONCHO-VAXOM
EPOETINA BETA,RECORMON                                                              
CIPROFLOXACINA,CIPROFLOXACINA
CLOTRIMAZOL,CLOTRIMAZOL
VER AL DORSO,CEFTRIAXONA
CEFOTAXIMA SODICA,CEFOTAXIMA 
DESOGESTREL + ETINILESTRADIOL,MARVELON 28                                                           
KETOROLACO TROMETAMINA,DOLGENAL
KETOROLACO TROMETAMINA,DOLGENAL RAPID
KETOROLACO TROMETAMINA,DOLGENAL
KETOROLACO TROMETAMINA,DOLGENAL
KETOROLACO TROMETAMINA,DOLGENAL
TROMETAMINA KETOROLACO,DOLGENAL
ALENDRONATO SODICO,ALEN-FAR
NITAZOXANIDA,UNIPLUS®
NITAZOXANIDA,UNIPLUS®
DICLOFENAC DIETALAMINA- SALICILATO DE DIETILAMINA,MIOFLEX®
AMBROXOL (D.C.I) CLORHIDRATO,AMBROXOL NORMON 15 MG/5 ML
DORZOLAMIDA HCL + MALEATO DE TIMOLOL,OCULPRES D
SERTRALINA (D.C.I.) (HIDROCLORURO),SERTRALINA NORMON 50 MG
METAMIZOL MAGNÉSICO (D.C.I.),"METAMIZOL NORMON 0,4 G/ML SOLUCIÓN INYECTABLE Y PARA PERFUSIÓN EFG"
VER AL DORSO,VASOCAL BETA
TOPIRAMATO,TOPICTAL
IBUPROFEN,SUPROFEN
KETOPROFENO,FASTUM
KETOPROFENO,FASTUM
LERCANIDIPINO CLORHIDRATO,CARBIMEN 
AZITROMICINA,AZITROMICINA ETHICAL
ALENDRONATO SODICO EQUIVALENTE A ALENDRONATO BASE,FOSFALEN 70  mg
CITRATO DE CALCIO + VITAMINA D3,CALTRAX®
COMPLEJO DE HIDROXIDO DE HIERRO (III) Y POLIMALTOSA,FERRUM HAUSMANN® 
MULTICOMPOSICION,OXEBRAL MAX
AMLODIPINA BESILATO EQUIVALENTE AMLODIPINA,AMLODIPINA 
ACIDO FOLICO,ACIDO FOLICO
VER AL DORSO,DEXAMETASONA
OMEPRAZOL,OMEPRAZOL
ALOPURINOL,ALOPURINOL
NIFEDIPINA,NIFEDIPINA 
LORATADINA (D.C.I.),LORATADINA 10 MG
CLARITROMICINA,KLARICID UD 500MG
MEMANTINA CLORHIDRATO,EUTEBROL
ACIDO ACETIL SALICÍLICO,ASPIREN 81 MG 
TOPIRAMATO,TOPICTAL
AMBROXOL CLORHIDRATO,NEUMOXOL 15mg
AMBROXOL CLORHIDRATO,NEUMOXOL 15 MG 
CARVEDILOL,"FILTEN 6,25"
CARVEDILOL,"FILTEN 12,5         "
CARVEDILOL,FILTEN 25             
CANDESARTAN CILEXETILO + HIDROCLOROTIAZIDA,AKAVAR-D
SILDENAFIL CITRATO,SILDENAFIL ETHICAL
SILDENAFIL CITRATO,SILDENAFIL ETHICAL
AMLODIPINA+BENAZEPRIL HCL,AMLOFEL COMPUESTO
DICLOFENAC POTASICO,DICLOFENAC K  ALFA 100 mg
CANDESARTAN CILEXETILO,AKAVAR
CANDESARTAN CILEXETILO,AKAVAR
VER AL DORSO,NIFEDIPINA RETARD 20 MG
MOMETASONA + GENTAMICINA,MOMET COMPUESTO
VER AL DORSO,MIGRAPAX
VER AL DORSO,BETAPRON
PREDNISOLONA,BRONAL
ATENOLOL,ATENOLOL 100 MG GENERIFAR
TINIDAZOL,TINIDAZOL 500 MG
NORFLOXACINA,NORFLOXACINA 400 MG GENERIFAR 
MOMETASONA + GENTAMICINA,REGENER PLUS
ATENOLOL,ATENOLOL ETHICAL
KETOROLACO TROMETAMINA,KETOMAX
CEFADROXILO MONOHIDRATO,CEFADROXILO 250 MG/5ML GENERIFAR  
SULFACETAMIDA+SULFADIAZINA+SULFAMETAZINA,SULFA-4
METFORMINA,METFORMINA FELTREX
LOSARTAN POTASICO,DOXALAM 100
LOSARTAN POTASICO,DOXALAM 100
ATENOLOL,ATENOLOL ETHICAL
CITALOPRAM BROMHIDRATO (EQUIVALENTE A CITALOPRAM),CITOPRAM
OFLOXACINA,NEOFLOXIN
NOSCAPINA + GUAIFENESINA,TUSCALMAN
RACECADOTRILO,HIDRASEC 
CANDESARTAN CILEXETIL + HIDROCLOROTIAZIDA,CANDESAR H 16/12.5
DICLOFENAC SODICO,DICLOFENAC SINTESIS 0.1%
RACECADOTRILO,HIDRASEC 
CANDESARTAN CILEXETILO,CANDESAR 32 
RACECADROTILO,HIDRASEC
OMEPRAZOL,OMEPRAZOL ETHICAL
SECNIDAZOL,BIANOS 1 G
DICLOFENAC POTASICO + PARACETAMOL,DICLO K FORTE
AMBROXOL HCL,NEUMOXOL
VER AL DORSO,CORAL
LEVOFLOXACINA,LEVO
CLINDAMICINA FOSFATO,CLINDAMICINA
ESOMEPRAZOL,NEXIUM
ESOMEPRAZOL,NEXIUM
PROPANOLOL CLORHIDRATO,PROPRANOLOL
VER AL DORSO,DESOLIN-D
AZITROMICINA,KOPTIN
FLAVOXATO CLORHIDRATO,BLADURIL
VER AL DORSO,NEUMOXOL DOMOX
CLORHIDRATO DE RIMANTADINA,GABIROL
RAMIPRIL,RAMIPRIL 5                                                            
RAMIPRIL,RAMIPRIL 2.5                                                          
RAMIPRIL,RAMIPRIL 10                                                           
RAMIPRIL + HIDROCLOROTIAZIDA,RAMIPRIL H 2.5/12.5                                                   
KETOROLACO TROMETAMINA,KETOMAX 10
LORATADINA MICRONIZADA,DESOLIN
ALBENDAZOL, ALBENDAZOL
"AMBROXOL HCL, CLENBUTEROL HCL",NEUMOXOL COMPUESTO
SERTRALINA,SERTRA
LORATADINA MICRONIZADA,DESOLIN
VER AL DORSO,AMIKACINA 
SULFATO DE GENTAMICINA EQUIVALENTE A GENTAMICINA,GENTAMICINA
AMLODIPINA BESILATO,AMLODIPINA
VER AL DORSO,LOPERAMIDA
LANSOPRAZOL,LANSOPRAZOL
VER AL DORSO,NEUXOL
MEBENDAZOL,RUZOL
METRONIDAZOL BENZOATO,METRICOL
ALBENDAZOL,ALBENDAZOL 
ALPRAZOLAM + SULPIRIDE,DUAZOLAM PLUS
SALBUTAMOL SULFATO,SALBUTAMOL
MIRTAZAPINA,COMENTER                                                              
PROGESTERONA,PROTERNAL® 
OMEPRAZOL.,OMEPRAZOL.
ESOMEPRAZOL,ESOMEPRAZOL ETHICAL
LORATADINA,LORATADINA
EZETIMIBA / SIMVASTATINA,VYTORIN
EZETIMIBA + SIMVASTATINA,VYTORIN
SERTRALINA,IMPLICANE
SERTRALINA,IMPLICANE
AZITROMICINA,AZITROM
AZITROMICINA DIHIDRATO,BACTAZIT 500
CARVEDILOL,CARVEDILOL ETHICAL 
CARVEDILOL,CARVEDILOL ETHICAL 
DOBESILATO CALCICO MONOHIDRATO,DOXIUM
DOXORUBICINA CLORHIDRATO,DOXOPEG
ATENOLOL,ATENOLOL
ATENOLOL,ATENOLOL
ACETAMINOFEN,ACETAMINOFEN 
AMLODIPINA BESILATO,AMLODIPINA BESILATO 5MG
SIMVASTATINA,SIMVASTATINA FELTREX
PIROXICAM,PIROXICAM 20 MG GENERIFAR
NAFAZOLINA + HIPROMELOSA,NAFCELA
NAFAZOLINA + HIPROMELOSA,NAFCELA
VER AL DORSO,PERIMEX 0.625 MG
BUPIVACAINA CLORHIDRATO,BUPIVACAINA SIMPLE AL 0.5%
RIBAVIRINA,RIBOFLAX
RIBAVIRINA,RIBOFLAX
CEFEPIMA.,CEFEPIMA
CEFEPIMA.,CEFEPIMA.
TRAMADOL CLORHIDRATO,TRAMADOL CLORHIDRATO
PENICILINA G BENZATINICA.,PENICILINA G BENZATINICA.
PENICILINA G BENZATINICA.,PENICILINA G BENZATINICA.
INSULINA GLULISINA,APIDRA
XILOMETAZOLINA,OTRIVINA                                                              
CLORHIDRATO DE XILOMETAZOLINA,OTRIVINA
CLORHIDRATO DE XILOMETAZOLINA,OTRIVINA
CLOPIDOGREL,CLOPIDOGREL ETHICAL
AMLODIPINA BESILATO,AMLODIMER 5
AMLODIPINA BESILATO,AMLODIMER 10
VER AL DORSO,SUERO ORAL ALFA SABOR A NARANJA
MULTICOMPOSICION,SUERO ORAL ALFA VITAMINADO
VER AL DORSO,NEUMOXOL DOMOX
VER AL DORSO,NEUMOXOL DOMOX
FUROATO DE MOMETASONA,FURONASAL
FUROATO DE MOMETASONA,FURONASAL
PROPRANOLOL CLORHIDRATO,PROPRANOLOL INMENOL
IBUPROFENO,IBUPROFENO
ACETAMINOFEN,ACETAMINOFEN
VER AL DORSO,FOSFOMICINA SINTESIS 0.5 G
FOSFOMICINA,FOSFOMIC
DICLOFENACO SODICO,DICLOFENACO SODICO
MELOXICAM,MELOXICAM
CANDESARTAN CILEXETILO,NORPRESS
CANDESARTAN CILEXETILO,NORPRESS
AMOXICILINA TRIHIDRATO MICRONIZADA,AMOXICILINA 250MG/5ML
CIPROFLOXACINO CLORHIDRATO MONOHIDRATO,CIPROFLOXACINO
ESOMEPRAZOL,ESOMEPRAZOL ETHICAL
CLORHIDRATO DE METFORMINA + GLIMEPIRIDA,METGLITAL
CLORHIDRATO DE METFORMINA + GLIMEPIRIDA,METGLITAL
CLORHIDRATO DE METFORMINA + GLIMEPIRIDA,METGLITAL
LEVONORGESTREL + ETINILESTRADIOL,MICROGYNON
LEVONORGESTREL + ETINILESTRADIOL,MICROGYNON
OXITOCINA,OXITOCINA- ALFA 10 UI/mL
OXITOCINA,OXITOCINA - ALFA 10 UI/ML
GENTAMICINA SULFATO EQUIVALENTE A GENTAMICINA BASE,GENTAMICINA
LORATADINA,LORATADINA
CLOTRIMAZOL,VAGICLOX
CLOTRIMAZOL,VAGICLOX
CLORFENIRAMINA MALEATO,CLORFENIRAMINA ALFA
LOSARTÁN POTÁSICO,LOSARTÁN ETHICAL
VER AL DORSO,NULYTELY CEREZA 
LOSARTÁN POTÁSICO,ARA II
MOMETASONA FUROATO,MOMEDERM
NAFAZOLINA HCL + FENIRAMINA MALEATO,ALERPIC
METFORMINA - GLIBENCLAMIDA,CLORMIN® G-500
MEBENDAZOL + QUINFAMIDA,AMOEBRIZ
MULTICOMPOCISION,VITAMINA B-PLUS
FINASTERIDE + DOXAZOSINA,PROSTASAX PLUS
FOSFOMICINA + FENAZOPIRIDINA,FOSFOMIC-URO
RIBAVIRINA,RIBOFLAX
BROMHIDRATO DE GALANTAMINA,REMINYL  ER
CETIRIZINA CLORHIDRATO,CETIRINA
VER AL DORSO,DICLOFENAC ALFA 1G/100 G
VER AL DORSO,RANITIDINA 50 MG / 2 ML
VER AL DORSO,CLORANFENICOL ALFA 0.5%
VER AL DORSO,RIBOFLAX
LOSARTAN POTASICO + HIDROCLOROTIAZIDA,ARA II-D
AZITROMICINA DIHIDRATO,AZITROMICINA
CETIRIZINA CLORHIDRATO,CETIRINA
CETIRIZINA CLORHIDRATO,CETIRINA
CETIRIZINA CLORHIDRATO / PSEUDOEFEDRINA SULFATO,CETIRINA-D
CLOPIDOGREL,NABRATIN                                                              
VER AL DORSO,DOLO FLENEX
AZITROMICINA DIHIDRATO,AZITROMICINA
CETIRIZINA DICLORHIDRATO,ZINALTEC 
CETIRIZINA DICLORHIDRATO,ZINALTEC 10 MG 
VER AL DORSO,GENCLOBEN 
OMEPRAZOL SODICO,OMEPRAZOL 40                                                          
OMEPRAZOL SODICO,OMEPRAZOL 40
TOPIRAMATO,TOPAMAX
VER AL DORSO,DERMOSONA
DICLOFENACO POTÁSICO + CICLOBENZAPRINA CLORHIDRATO,DICLO-K RELAX
LISINOPRIL + HIDROCLOROTIAZIDA,ECARDIL D 10/25
SALBUTAMOL,SALBUTAMOL 
VERAPAMILO CLORHIDRATO,VERAPIL 180 RETARD                                                    
VERAPAMILO CLORHIDRATO,VERAPIL - 240 RETARD
ACIDO SALICILICO / ACIDO LACTICO,COLLO PACK
LISINOPRIL,ECARDIL 10
LISINOPRIL,ECARDIL 20
ROSUVASTATINA (COMO ROSUVASTATINA CÁLCICA),SINLIP 10
ACETAMINOFEN,ACETAMINOFEN 
ROSUVASTATINA (COMO ROSUVASTATINA CÁLCICA),SINLIP 20
VER AL DORSO,TEDEXA
LEVOFLOXACINO,LEVOFLOXACINO MK
VER AL DORSO,TEDEXA - N
AMINOSIDINA,PARAMEBA
CARVEDILOL,CARVEDILOL LAM® 6.25 MG
CARVEDILOL,CARVEDILOL LAM 12.5
CARVEDILOL,CARVEDILOL LAM® 25 MG
INMUNOGLOBULINA G HUMANA NORMAL,INMUNOGLUBLINA G ENDOVENOSA UNC AL 5%
HALOPERIDOL,HALOPERIDOL - INMENOL
CLOTRIMAZOL,CLOTREX-200
TRIMEBUTINA MALEATO,MUVETT INYECTABLE
HALOPERIDOL,HALOPERIDOL-INMENOL
LORATADINA MICRONIZADA,LORATADINA  INMENOL
CEFADROXILO MONOHIDRATADO,CEFADROXILO 250 MG/ 5 ML INMENOL
LORATADINA,LORATADINA 10 MG
ALOPURINOL,ALOMARON
CLOTRIMAZOL,CLOTREX 
CLOTRIMAZOL,CLOTREX 
LISINOPRIL DIHIDRATO,LISINOPRIL LAM® 5 MG 
VER AL DORSO,LISINOPRIL LAM® 10 MG
LISINOPRIL DIHIDRATO,LISINOPRIL LAM®  20 MG
GLIMEPIRIDA,GLIMEPIRIDA LAM® 2 MG
GLIMEPIRIDA,GLIMEPIRIDA LAM® 4 MG
MONTELUKAST SODICO,SINGULAIR 
ACETAMINOFEN,DALGEN®
CORIOGONADOTROPINA ALFA,OVIDREL
CORIOGONADOTROPINA ALFA,OVIDREL
CITRATO DE OXALAMINA + BROMHEXINA CLORHIDRATO,TOXOPEC COMPUESTO  
CLOTRIMAZOL,CLOTRIMAZOL
DROSPIRENONA + ESTRADIOL,ANGELIQ® 
DROSPIRENONA + ESTRADIOL,ANGELIQ® 
DROSPIRENONA + ESTRADIOL,ANGELIQ®
FELODIPINA,FELDIPINA
MISOPROSTOL,CITEK
CETIRIZINA DICLORHIDRATO,HISTALONG
FELODIPINA,FELDIPINA
TOPIRAMATO,TOPICTAL
FOLITROPINA ALFA,GONAL-F
KETOCONAZOL,KETOCONAZOL
CLOTRIMAZOL,CLOTRIMAZOL
PIRIDOXINA + TIAMINA+ CIANOCOBALAMINA + LIDOCAÍNA,"B-TRES 25,000"
CLORURO DE POTASIO,CLORURO DE POTASIO
PIRIDOXINA +TIAMINA + CIANOCOBALAMINA,"B-TRES 10,000"
AMPICILINA SODICA ESTERIL (EQUIVALENTE A AMPICILINA BASE),AMPICILINA
CEFOTAXIMA SODICA ESTERIL (EQUIVALENTE A CEFOTAXIMA BASE),CEFOTAXIMA
ERITROMICINA ETILSUCCINATO,ERIMER
ERITROMICINA ESTEARATO,ERIMER-500
ERITROMICINA ESTEARATO,ERIMER
ACIDO MEFENAMICO,DOLOMEF
CLOPIDOGREL BISULFATO (EQUIVALENTE A CLOPIDOGREL),VASCULTREN
ACIDO ASCORBICO + ASCORBATO DE SODIO (VITAMINA C),CEBION MINIS
ACIDO ASCORBICO + ASCORBATO DE SODIO,CEBION MINIS
ACIDO ASCORBICO + ASCORBATO DE SODIO,CEBION MINIS
DONEPEZILO CLORHIDRATO,VIO-GERIC
PREDNISOLONA,PREDNIZOL
DIAZEPAM,DIAZEPAM ETHICAL
LANSOPRAZOL,LANSOPRAZOL ETHICAL
HIDROCLOROTIAZIDA,OLINA
CANDESARTÁN CILEXETILO,CANDESARTÁN ETHICAL
CANDESARTAN CILEXETILO,AKAVAR
CAFEÍNA + ACETAMINOFÉN +ERGOTAMINA,MIGRAN
CANDESARTÁN CILEXETILO,CANDESARTÁN ETHICAL
CIPROFLOXACINA + DOXICICLINA + FENAZOPIRIDINA,UROFULL
ACIDO FOLICO,ACIDO FOLICO
LISINOPRIL DIHIDRATO + HIDROCLOROTIAZIDA,EUPRIL-D 10/12.5
LISINOPRIL DIHIDRATO + HIDROCLOROTIAZIDA,EUPRIL-D 20/12.5
CETIRIZINA HCL,CETIRIZINA INMENOL
FOSFOMICINA,RIGRESAN 
ACETAMINOFEN + CAFEÍNA ANHIDRA,WINASORB ULTRA
ACETAMINOFEN + CAFEINA ANHIDRA,WINASORB ULTRA
ACETAMINOFEN + CAFEÍNA ANHIDRA,WINASORB ULTRA
AMINOSIDINA,PARAMEBA
PIROXICAM,PIROXICAM 
GLIMEPIRIDA,PIGLIFAR® 4
LEVOTIROXINA SODICA,TIGOFAR® 100
VER AL DORSO,VASOCAL EK 10/20
LOSARTAN POTASICO + HIDROCLOROTIAZIDA,DOXALAM 100 D
LOSARTAN POTASICO + HIDROCLOROTIAZIDA,DOXALAM 100 D
FLUCONAZOL,FLUCONAZOL
SALBUTAMOL,SALBUTAMOL
ENALAPRIL MALEATO,ENALAPRIL MALEATO 
ATENOLOL + CLORTALIDONA,CLORABET® 
VERAPAMILO,VERAPAMILO 
DICLOFENAC COLESTIRAMINA,RIDALEX®
CEFALEXINA,CEFALEXINA
SULFATO FERROSO,SULFATO FERROSO
DICLOFENAC SODICO,DICLOFENAC SODICO
AMOXICILINA TRIHIDRATO / ACIDO CLAVULÁNICO,CLAVINEX DUO
AMOXICILINA TRIHIDRATO + ACIDO CLAVULANICO,CLAVINEX DUO
AMOXICILINA TRIHIDRATO / ACIDO CLAVULÁNICO,CLAVINEX DUO FORTE 
NAFAZOLINA + DEXTRAN + HIPROMELOSA,NOVOTEARS
ACICLOVIR,SIMPLEVIR 800
ACICLOVIR,SIMPLEVIR 800
LOSARTAN POTASICO + AMLODIPINA BESILATO,CARDILAT PLUS 50/5
DROSPIRENONA + ETINILESTRADIOL,MIA
ÁCIDO MEFENÁMICO,MANEDOL®
CEFALEXINA,CEFALEXINA
VER AL DORSO,AMLOBEN 10/20
VER AL DORSO,DEXAMETASONA 8MG/2ML
ACICLOVIR,ACICLOVIR
ENALAPRIL MALEATO,ENALAPRIL MALEATO 
ENALAPRIL MALEATO,ENALAPRIL
CEFIXIMA TRIHIDRATO EQV. A CEFIXIMA ANHIDRIDA,CAPLINBAXFIM
TRIMETOPRIM + SULFAMETOXAZOL,CO-TRIMOXAZOL 
SULFATO FERROSO SECO EQUIVALENTE A HIERRO FERROSO, SULFATO FERROSO 
ACICLOVIR,ACICLOVIR 
GLIBENCLAMIDA,GLIBENCLAMIDA 
SULFAMETOXAZOL+ TRIMETOPRIM,SULFAMETOXAZOL Y TRIMETOPRIM
COLAGENASA,KOLLAGENASE                                                           
METOCLOPRAMIDA,METOCLOPRAMIDA
PROPRANOLOL CLORHIDRATO,PROPRANOLOL
VER AL DORSO,METOCLOPRAMIDA
SECNIDAZOL,SECNIDAZOL ALFA
VER AL DORSO,SUERO ORAL ALFA SABOR FRESA
VER AL DORSO,DEX-LITOS SABOR MANZANA
VER AL DORSO,DEX-LITOS 
VER AL DORSO,DEX-LITOS  SABOR A PIÑA
OXIDO DE ZINC,MEXIDAL®
SALBUTAMOL SULFATO EQUIVALENTE A SALBUTAMOL,SALBUTAMOL 
CLORANFENICOL,CLORANFENICOL
VER AL DORSO,AZITROMICINA
TADALAFIL,TADAL
VER AL DORSO,CAPSIRON
CANDESARTÁN CILEXETILO,SULARTAN 8 
CANDESARTÁN CILEXETILO,SULARTAN 16
CANDESARTAN CILEXETIL + HIDROCLOROTIAZIDA,SULARTAN H 16/12.5
FOSFOMICINA CÁLCICA,LUXOL
ACICLOVIR,ACICLOVIR
TADALAFIL,LAPELA
DILTIAZEM HCL,DILTIAZEM 60 MG ALFA
CEFADROXILO MONOHIDRATO,CEFADROXILO INMENOL
VER AL DORSO,IRONVIT        
VITAMINAS B1-B6-B12 + DEXAMETASONA,DEXA-NEURAXIN® 
PROTEÍNA DE INMUNOGLOBULINA (HUMANA),GAMUNEX​­-C
PROTEÍNA DE INMUNOGLOBULINA (HUMANA),GAMUNEX-C
CITICOLINA,CITICOL
KETOCONAZOL+ SECNIDAZOL,MIZOX PLUS 
KETOCONAZOL,MIZOX
KETOCONAZOL,MIZOX 
KETOCONAZOL,MIZOX 
KETOCONAZOL,MIZOX 
MULTICOMPOSICIÓN,UNIPLAXO
METAMIZOL SÒDICO.,METAMIZOL SÒDICO.
RANITIDINA CLORHIDRATO (EQUIVALENTE A RANITIDINA),RANITIDINA
VER AL DORSO,HIDROCORTISONA
SECNIDAZOL - KETOCONAZOL,MIZOX PLUS 
CEFTRIAXONA SÓDICA ESTÉRIL (EQUIVALENTE A CEFTRIAXONA BASE),NEOTRAX 1 G
VER AL DORSO,EREC-F 100 mg
VER AL DORSO,"LIDOCAINA HCL  AL 2% CON EPINEFRINA 1:50,000 ALFA"
"LIDOCAINA HCL USP, EPINEFRINA USP","LIDOCAINA HCL AL  2% CON EPINEFRINA 1:50,000 ALFA"
TORSEMIDA,TORSINEX 10
PREDNISONA,FIXACORT-50
ACETILCISTEÍNA,MENAXOL FORTE 
TORSEMIDA,TORSINEX 20
GLIMEPIRIDA,DIAPRIDE-4
MEBENDAZOL QUINFAMIDA,AMOEBRIZ
MEBENDAZOL + QUINFAMIDA,AMOEBRIZ
AMLODIPINA BESILATO + METOPROLOL TARTRATO,LODIPIN- MET 10/100
AMLODIPINA BESILATO + METOPROLOL TARTRATO,LODIPIN-MET 10/100
AMLODIPINA BESILATO + METOPROLOL TARTRATO,LODIPIN-MET 5/100
AMLODIPINA BESILATO + METOPROLOL TARTRATO,LODIPIN-MET 5/100
KETOCONAZOL,MIZOX
KETOCONAZOL,MIZOX 
SECNIDAZOL + ITRACONAZOL,ALBISEC
ALBENDAZOL,ALDEZOL 400 MG 
VER AL DORSO,CEFADROX
CANDESARTAN CILEXETILO+ HIDROCLOROTIAZIDA,"BLOX  D 16 /12,5"
CANDESARTÁN CILEXETILO,BLOX
MULTICOMPOSICION,DEX-LITOS SABOR FRESA
NITAZOXANIDA,PARAMIX
LEVONORGESTREL + ETINILESTRADIOL,TRIQUILAR
LEVONORGESTREL + ETINILESTRADIOL,TRIQUILAR
INSULINA ASPARTO,NOVORAPID FLEXPEN Y/ O FLEXTOUCH
ACICLOVIR,ACICLOVIR ALFA 
VER AL DORSO,FIXACORT
HEPARINA SODICA,HEPARINA
BEMIPARINA SÓDICA,"BADYKET 7,500 U.I.  "
BEMIPARINA SÓDICA,"BADYKET 7,500 U.I."
CANDESARTÁN CILEXETILO,BLOX
EBASTINA 20 MG,ALERGESIC
TEMOZOLOMIDA,TEMODAL
TEMOZOLOMIDA,TEMODAL
ACICLOVIR,ACICLOVIR 5 G /100 G
VER AL DORSO,GENTAMICINA 80 MG ALFA
VER AL DORSO,GENTAMICINA 80 MG ALFA
VER AL DORSO,GENTAMICINA
ENOXAPARINA SODICA,MEXAPRIN - 20
ENOXAPARINA SODICA,MEXAPRIN - 80
ENOXAPARINA SODICA, MEXAPRIN - 40
AMIKACINA SULFATO (EQUIVALENTE AMIKACINA BASE),AMIKACINA
ENOXAPARINA SÓDICA,MEXAPRIN - 60
TIBOLONA,LIBONA
BICALUTAMIDA,BICALUT 
YODO-POLIVINILPIRROLIDONA,BACTERODINE
YODOPOLIVINILPIRROLIDONA,BACTERODINE
ALCOHOL ISOPROPILICO,ALCOHOL ISOPROPILICO CIRUJANO 
TRAMADOL CLORHIDRATO/ PARACETAMOL,ZALDIAR
"TINIDAZOL, KETOCONAZOL",NACOZOL PLUS
ALCOHOL ETILICO 95%,ALCOHOL ETILICO 95%
AMOXICILINA TRIHIDRATO,ACIMOX  1000
AMOXICILINA,ACIMOX 500 
AMOXICILINA TRIHIDRATO,ACIMOX-500
AMOXICILINA,ACIMOX - 250
AMOXICILINA,ACIMOX R
MANITOL,MANITOL 20 %
VER AL DORSO,VITAMINAS NEUROTROPAS
VER AL DORSO,CAPLINNEUROPLIN
FLUCONAZOL,FLUCONAZOL FELTREX
TIMOLOL,TIMOX
SACCHAROMYCES BOULARDII,PEDIAFLORA® 
ATENOLOL,ATENOLOL LAM® 50 MG
IRBESARTAN,PRESARTAN 150
IRBESARTAN,PRESARTAN 150
METFORMINA HCL,GLUCOX®  500
METFORMINA HCL,GLUCOX® 500
IRBESARTAN,PRESARTAN  300
IRBESARTAN,PRESARTAN 300
LEVOCETIRIZINA DICLORHIDRATO,LEVALER 
AMLODIPINA BESILATO + ATENOLOL,BLOKAPIN 10/50
AMLODIPINA BESILATO + ATENOLOL,BLOKAPIN 10/50
OFLOXACINA,QUINOFLOX® 
OFLOXACINA,QUINOFLOX® 
OFLOXACINA,QUINOFLOX
IRBESARTAN + HIDROCLOROTIAZIDA,PRESARTAN-D 300/12.5
IRBESARTAN + HIDROCLOROTIAZIDA,PRESARTAN-D 300/12.5
IRBESARTAN + HIDROCLOROTIAZIDA,PRESARTAN-D 150/12.5
IRBESARTAN + HIDROCLOROTIAZIDA,PRESARTAND 150/12.5
LOSARTAN POTASICO,ANGIBLOC 100
LOSARTAN POTASICO,LOSARTAN LAM® 50 MG
LOSARTAN POTASICO + HIDROCLOROTIAZIDA, ANGIBLOC D 100
CLINDAMICINA.,CLINDAMICINA.
LOSARTAN POTASICO,LOSARTAN LAM®  100 MG 
AMLODIPINA BESILATO,AMLODIPINA LAM® 5 mg
MULTICOMPOSICION.,SOLUCIÓN DEXTROSA 5%  EN LACTATO RINGER.
LEVOTIROXINA,LEVOTIROXINA 50 MCG-INMENOL
VIT. B1 + VIT. B6 + VIT B12,COMPLEJO B DR. COLLADO
AMLODIPINA,AMLODIPINA LAM® 10 mg
VALERATO DE ESTRADIOL,GYDIOL 2 MG 
YODOPOVIDONA,YODOPOVIDONA
INSULINA ASPARTA,NOVOMIX 30 FLEXPEN
CAPROATO DE MEDROXIPROGESTERONA,PROTERNAL DEPOT®
CAPROATO DE MEDROXIPROGESTERONA,PROTERNAL DEPOT® 
RUPATADINA FUMARATO (EQUIVALENTE A RUPATADINA BASE).,RUPAX 
MEROPENEM.,MEROPENEM VITALIS.
VER AL DORSO,POMADA SALICILADA AL 5% - IDCP
ACIDO SALICILICO,POMADA SALICILADA AL 3%-IDCP
ACIDO SALICILICO,POMADA SALICILADA AL 20%-IDCP
MULTICOMPOSICION.,SOLUCIÓN SALINA BALANCEADA
CARVEDILOL,ADACOR 6.25
ATENOLOL + CLORTALIDONA,CLORABET® FORTE
MULTICOMPOSICION,FERRUM HAUSMANN COMPLEX
CARVEDILOL,ADACOR 12.5
DICLOFENAC DIETILAMINA,DICLOFENAC 
CARVEDILOL,ADACOR 25
PERMETRINA,ELIMEX
VER AL DORSO,ARTRIK-N BIOCEUTICS
MULTICOMPOSICION,DELMED SOLUCION MIXTA (VER AL DORSO)
MULTICOMPOSICION,DELMED SOLUCION DE HARTMANN (LACTATO DE RINGER)
ACIDO ACETILSALICILICO,NORPRIM ®
ACIDO ACETILSALICILICO,NORPRIM® 
PREGABALINA,LYRICA
PREGABALINA,LYRICA
PREGABALINA,LYRICA
VER AL DORSO,COMPLEJO B
CLONIXINATO DE LISINA + PROPINOX CLORHIDRATO,SERTAL COMPUESTO FORTE
TRAMADOL CLORHIDRATO, TRAMAL LONG
QUETIAPINA,QUETIAP 
QUETIAPINA,QUETIAP 
QUETIAPINA,QUETIAP 
TADALAFIL,ELEVEX
DICLOFENAC POTASICO,ARTRIKPIRAN BIOCEUTICS
DICLOFENAC POTÁSICO,ARTRIKPIRAN BIOCEUTICS
ACIDO FOLICO,ACIDO FOLICO
ATENOLOL + CLORTALIDONA,CARCEPIN-D100
ATENOLOL - CLORTALIDONA,CARCEPIN® - D 100
TOLTERODINA L-TARTRATO,ELTOVEN 2
TOLTERODINA L­-TARTRATO,ELTOVEN 2
PREDNISOLONA,ALERTINE 10
DIFENHIDRAMINA HCL,DORMESSA 
ATENOLOL - CLORTALIDONA,CARCEPIN® - D 50
ATENOLOL,CARCEPIN® - 100 
ATENOLOL,CARCEPIN® - 100
ATENOLOL,CARCEPIN® - 50
QUETIAPINA,QUETIDIN
AMLODIPINA,CARPIN® 5
AMLODIPINA,CARPIN® 5
ÁCIDO ASCÓRBICO ( VITAMINA C ),REDOXON
AMLODIPINA BESILATO,CARPIN® - 10
AMLODIPINA BESILATO,CARPIN® - 10
VER AL DORSO,CO-METAVIT® FORTE
PREDNISOLONA,BRONAL
PENICILINA G. PROCAÍNICA + PENICILINA G. SÓDICA,DIAMINE 800
PREDNISOLONA,ALERTINE 30
PREDNISOLONA,ALERTINE 30 
OLANZAPINA, PROLANZ 
OLANZAPINA,PROLANZ
VER AL DORSO,CEFADROXILO ALFA 
MELOXICAM,ARTRILES 15 MG
MELOXICAM,ARTRILES 15 MG
MELOXICAN,BIENEX 15 MG 
HIDROXIPROPILMETILCELULOSA,LUBRIMAX 
DICLOXACILINA SÓDICA EQUIVALENTE A DICLOXACILINA BASE,DICLOXACILINA  ALFA
RISPERIDONA,RISPERIDONA 2 MG
PREDNISOLONA,ALERTINE 
ESTRADIOL,ESTROTAB  
METRONIDAZOL,METRONIDAZOL 0.75% IDCP
CAPTOPRIL,CAPTOPRIL ALFA 
ACIDO SALICILICO,POMADA SALICILADA AL 10% IDCP
BACITRACINA+NEOMICINA+LIDOCAINA CLORHIDRATO,NEBACOX-PLUS 
ACIDO ACETILSALICILICO,ASPICARD 81
SILIMARINA (EQUIVALENTE A SILIBINA),HEPADIAL ­ FORTE
VER AL DORSO,NALBUFINA 10 mg/ mL
CAPTOPRIL,CAPTOPRIL ALFA 
ATENOLOL,ATENOLOL LAM® 100 MG
NIFEDIPINA,NITENSOR 20
NIFEDIPINA,NITENSOR 30
NIFEDIPINA,NITENSOR 60
AZITROMICINA,ARTRICINA 
AMOXICILINA + ÁCIDO CLAVULANICO,CURAM
HIERRO GLICINATO QUELATO,CHELTIN
MALEATO DE ENALAPRIL,ENALAPRIL LAM® 10 MG
MALEATO DE ENALAPRIL,ENALAPRIL LAM® 20 MG
LISINOPRIL - HIDROCLOROTIAZIDA,BUSPIN® - D
AMINOSIDINA SULFATO,SEPTORAL
LISINOPRIL,BUSPIN® - 10
VER AL DORSO,KUOTAL
OLMESARTAN MEDOXOMIL E HIDROCLOROTIAZIDA,BENICAR HCT
OLMESARTAN MEDOXOMIL E HIDROCLOROTIAZIDA,BENICAR  HCT
OLMESARTAN MEDOXOMILO,BENICAR 
QUETIAPINA,QUETIAZIC
QUETIAPINA,QUETIAZIC
QUETIAPINA,QUETIAZIC
OLMESARTAN MEDOXOMIL E HIDROCLOROTIAZIDA,BENICAR  HCT
VER AL DORSO,BENICAR
AMOXICILINA + ÁCIDO CLAVULÁNICO,CLAVOXILIN PLUS 400
IVABRADINA,PROCORALAN
LEVOSULPIRIDE,VIPRASEN
NORETISTERONA ENANTATO/ESTRADIOL VALERATO,NOFERTYL
CARBONATO DE LITIO,CARBOLIT 300 mg
DROSPIRENONA + ETINILESTRADIOL,MIA 20
ACEBROFILINA,BRONCOMUCOL
ACEBROFILINA,BRONCOPULMIN
IBANDRONATO,IDENA
ESPIRONOLACTONA,CARDIATONE 100
VER AL DORSO,DENUAL
QUETIAPINA FUMARATO,SERENIL 150
INSULINA GLARGINA,LANTUS
LOSARTAN POTASICO,CARDILAT 100
SILDENAFIL CITRATO,LEVAPEN
SULFATO FERROSO HEPTAHIDRATO + ACIDO FOLICO + VITAMINA C,CLORFEB
HALOPERIDOL,BUTINON
CITICOLINA,PROLUX
METFORMINA,METFORMINA WINTHROP 
ROSUVASTATINA,CRESADEX
ROSUVASTATINA,CRESADEX
PREDNISOLONA,PREDNISOLONA
ROSUVASTATINA CÁLCICA,CRESTOR
LEVOCARNITINA,CARDISPAN
VER AL DORSO,ROTATEQ 
VER AL DORSO,ROTATEQ
CLORPROMAZINA,PROMAXIL
VER AL DORSO,CYMAFERROL
VER AL DORSO,CYMAFERROL
RIVASTIGMINA TARTRATO,EXELON
MULTICOMPOSICION,GARDASIL CUADRIVALENTE
MULTICOMPOSICION,GARDASIL CUADRIVALENTE
EZETIMIBA + SIMVASTATINA,LIPOFAR-S 10/40
OMALIZUMAB,XOLAIR 150 MG
MULTICOMPOSICION,TNA
EZETIMIBA + SIMVASTATINA,LIPOFAR-S10/ 20
VANCOMICINA CLORHIDRATO,VANCOMICINA RICHET 1000 MG
VER AL DORSO,VANCOMICINA RICHET
CEFEPIME CLORHIDRATO,CEFEPIME 1GR RICHET 
PREDNISONA,PREDNOTEN-50 50 mg
ACIDO SALICÍLICO + ACIDO LACTICO,VERRUSOL-IDCP
HALOPERIDOL,BUTINON
FLUCONAZOL,FLUCOLENE
BISOPROLOL FUMARATO,TERIAL 2.5 mg
BISOPROLOL FUMARATO,TERIAL 5 MG
FUMARATO DE QUETIAPINA,SERENIL 200
FUMARATO DE QUETIAPINA,SERENIL 300
LORAZEPAM,LORAZEPAM MK
MIRTAZAPINA,MIRTAZEP 30
CANDESARTAN CILEXETIL,CANDERSIL® 32
ACIDO IBANDRONICO,BONVIVA 3 mg / 3 mL
LAMOTRIGINA,LAMTOX ® 100
LAMOTRIGINA,LAMTOX® 100
PIPERACILINA - TAZOBACTAM,"PIPERACILINA - TAZOBACTAM 4,5 G RICHET "
MEROPENEM,MEROPENEM
HIDROCORTISONA,HIDROCORTISONA
TEICOPLANINA,TEICOPLANINA RICHET
TEICOPLANINA,TEICOPLANINA RICHET 400 mg 
RANIBIZUMAB,ACCENTRIX
RANIBIZUMAB,ACCENTRIX
LORATADINA,LORATADINA
CANDESARTAN CILEXETIL,CALMEX - 8
VER AL DORSO,CALMEX-16
VER AL DORSO,PARAGRIP AD
DEXAMETASONA,DEXAMETASONA
ÓXIDO DE CINC, ÓXIDO DE CINC 
NITAZOXANIDA,NITAXOL
DICLOFENACO SÓDICO,DICLOFENACO 
METRONIDAZOL BENZOATO,METRONIDAZOL
MOMETASONA FUROATO,DERMACORTINE
AZITROMICINA DIHIDRATO,AZITROMICINA
NITAZOXANIDA,REPINOX
NITAZOXANIDA,NITAXOL
SALBUTAMOL,SALBUTRAL
SALBUTAMOL,SALBUTRAL
MENTOL + SALICILATO DE METILO,POMADA DR.COLLADO EXTRA FUERTE
VER AL DORSO,SINOPRIL 20
QUETIAPINA,QUETIDIN
VER AL DORSO,PLEX VITAL
HIDROCLOROTIAZIDA,HIDROCLOROTIAZIDA
PREDNISOLONA,OXEN 
IBUPROFEN,IBUPROFEN DLS
CAPTOPRIL,CAPTOPRIL
ÁCIDO MEFENÁMICO,ÁCIDO MEFENÁMICO 
DICLOFENAC ACIDO LIBRE,DICLOFENAC POTASICO DLS
AMLODIPINA BESILATO,AMLODIPINA 10mg
CAPTOPRIL,CAPTOPRIL
ANFOTERICINA B,ANFOTERICINA  RICHET 50 mg
VER AL DORSO,VANCOMICINA  CLORHIDRATO
VER AL DORSO,HIDROCORTISONA
AZTREONAM,AZTREONAM RICHET 1 gr
VER AL DORSO,NOVAMENTIN  
VER AL DORSO,NOVAMENTIN
AMOXICILINA TRIHIDRATO,AMOXICILINA 500
DICLOFENACO SODICO,DICLOFENACO SODICO CALOX
MALATO DE SUNITINIB,SUTENT
MALATO DE SUNITINIB,SUTENT
VER AL DORSO,PRESOTAN A
GUAIFENESINA + DEXTROMETORFAN + CLORFENIRAMINA,PLEXGRIP
VER AL DORSO,CIPROALFA 200 mg / 100 mL
LOSARTÁN-HIDROCLOROTIAZIDA,KLOVAT MAX
LOSARTAN POTASICO,PRESOTAN 100
LISINOPRIL + HIDROCLOROTIAZIDA,SINOPRIL H
VER AL DORSO,BACTOCLAV 
BETAHISTINA DICLORHIDRATO,BETASERC
LEVOCARNITINA,CARDISPAN PEDIÁTRICO
LEVONORGESTREL,HYAN
LEVONORGESTREL,HYAN 
LEVONORGESTREL,HYAN
MALATO DE SUNITINIB,SUTENT
VER AL DORSO,CLORURO DE SODIO 0.9% CON DEXTROSA 5% ALFA
FOSFOMICINA,FOSFOCIL
METILCOBALAMINA,NEUROCOBAL
MIDAZOLAM,MIDAZOLAM
HEPARINA,HEPARINA
VER AL DORSO,DEXONA B-COMPLEX
VER AL DORSO,DEXONA B-COMPLEX
VER AL DORSO,COMPLEJO B
LIDOCAINA CLORHIDRATO,LIDOCAINA CLORHIDRATO 2 %
VER AL DORSO,ORALCON-F
CARBONATO DE CALCIO + VITAMINA D3,CALCIORAL
OXIDO DE ZINC.,CALAZINC
TERBINAFINA CLORHIDRATO,FARBICIL
VALSARTÁN,CARDIO-­K® 320
VALSARTÁN,CARDIO-K​® 320
VALSARTÁN,CARDIO-K® 320
VER AL DORSO,FARBICIL
CITARABINA,CITARABINA - 500
FLUTICASONA PROPIONATO,FLUTICORT
FLUTICASONA PROPIONATO,FLUTICORT
DICLORHIDRATO DE CETIRIZINA,CETERIPLEX
VER AL DORSO,AMBROXOL IF
LEVODOPA Y CARBIDOPA MONOHIDRATO,ROTIDIN® 250/25
LEVODOPA + CARBIDOPA MONOHIDRATO,ROTIDIN® 250/25
HIDROXIZINA CLORHIDRATO,PAZZ
ALBENDAZOL,ALBENDAZOL 400 mg IF
OMEPRAZOL,OMEPRAZOL
NIFEDIPINA,NIFEDIPINA
METILPREDNISOLONA (SUCCINATO SODICO),SOLU-MEDROL
METILPREDNISOLONA (SUCCINATO SODICO),SOLU-MEDROL
VER AL DORSO,TESAKA
ETAMSILATO,DICYNONE 250
SERTRALINA,ALTRULINE
CALAMINA + OXIDO DE ZINC,CALAMINA +  OXIDO DE ZINC DISFARIQ 
CLOPIDOGREL,CLENTEL
FOSFOMICINA CALCICA MONOHIDRATADA.,FOSFOMICINA - INMENOL
MULTICOMPOSICION,SOLUCION RINGER CON DEXTROSA 5% ALFA
VER AL DORSO,ZINAFLOX - 750
VER AL DORSO,ESPECTOFLU                                                            
ACETAMINOFEN,PAINMAX
ACETAMINOFEN,PAINMAX GOTAS
METFORMINA CLORHIDRATO,GLUBETIC
DONEPEZIL CLORHIDRATO,DONEZEL-10
ACETAMINOFEN,PAINMAX
ACETAMINOFEN,PAINMAX FORTE
METFORMINA CLORHIDRATO + GLIBENCLAMIDA,GLIMEGEN 500
METFORMINA CLORHIDRATO + GLIBENCLAMIDA,GLIMEGEN 850
METFORMINA CLORHIDRATO + GLIBENCLAMIDA,GLIMEGEN 1000
MEMANTINA CLORHIDRATO,NEUROPLUS
MEMANTINE CLORHIDRATO,NEUROPLUS 10
ACETAMINOFEN,ACETAMINOFEN 500 MG IF
VER AL DORSO,METREX PLUS
GENTAMICINA,GENTAMICINA
PREDNISONA,PREDNISONA FELTREX
CLORANFENICOL,CLORANFENICOL
AMPICILINA,AMPICILINA
ACETAMINOFEN+CAFEINA,ULTRAFEN ULTRA
VER AL DORSO,INTERANT
CLOTRIMAZOL, CLOTRIMAZOL
KETOCONAZOL,KETOCONAZOL
GLIBENCLAMIDA,GLIBENCLAMIDA  5 mg IF
DICLOFENAC, DICLOFENAC
METRONIDAZOL,METRONIDAZOL 500 mg IF
ACICLOVIR,ACICLOVIR
METFORMINA,METFORMINA 850 mg IF
GENTAMICINA,GENTAMICINA 
LEVOFLOXACINA (COMO HEMIHIDRATO),LEVOFLOX 750
MIDAZOLAM,DORMICUM
TRAMADOL HCL + PARACETAMOL,DOLNOT FORTE
ACIDO FOLICO,ACIDO FOLICO 5mg IF
"ROSUVASTATINA CÁLCICA, EQUIVALENTE A ROSUVASTATINA",ROSALTA-20
NIFEDIPINA,NIFEDIPINA
CLORURO DE POTASIO,CLORURO DE POTASIO 20% ALFA 
VER AL DORSO,GLUBETIC-G 1000/5
HIDROCLOROTIAZIDA,HIDROCLOROTIAZIDA 25 mg  IF
LEVOTIROXINA SODICA.,LEVOTIROXINA INMENOL
ENALAPRIL,ENALAPRIL 10 MG IF
ENALAPRIL,ENALAPRIL 20 MG IF
VER AL DORSO,AMPICILINA INMENOL
VER AL DORSO,DEXTROSA
CLORURO DE SODIO,CLORURO DE SODIO
CLOTRIMAZOL,CANESTEN V
CAPTOPRIL,CAPTORIL 25
ENALAPRIL MALEATO,ENALAP
AZITROMICINA DIHIDRATO,AZITROMICINA 
VER AL DORSO,SEPTORAL
ERITROMICINA,ERITROMICINA 
VER AL DORSO,LUPOIDE DEPOT
TRAMADOL CLORHIDRATO,TRAMADOL CLORHIDRATO
MONOHIDRATO DE DEXTROSA EQUIV. A DEXTROSA,DEXTROSA ALFA
METFORMINA CLORHIDRATO,PRE-DIAL
GLUCONATO DE CLORHEXIDINA, DERMISCRUB 
METRONIDAZOL,METRONIDAZOL IF
VER AL DORSO,CLOFIDERM
ACICLOVIR,ACICLOVIR CALOX
DICLOFENACO POTASICO,CATAFLAM
TIOPENTAL SÓDICO,TIOPENTAL SODICO 0.5 G
VER AL DORSO,ACIZOLE - 40
PANTOPRAZOL SÓDICO EQUIVALENTE A PANTOPRAZOL,ACIZOLE-40
METFORMINA HCL,CLORMIN 1000
METFORMINA HCL,CLORMIN® 1000
SALBUTAMOL,SALBUTAMOL IF
IBUPROFENO,IBUPROFEN IF
KETOCONAZOL,KETOCONAZOL SIGLO XVI
CIPROFIBRATO,CITRA-C® 
CIPROFLOXACINA,CIPROFLOXACINA
CETIRIZINA DICLORHIDRATO,CETIRIZINA 10 mg
ATENOLOL,ATENOLOL 100 mg IF
CARBOXIMETILCELULOSA SODICA,CRISTALTEARS
PERMETRINA,HUDAL-P
HIDROCORTISONA,HIDROCORTISONA
"METFORMINA CLORHIDRATO, GLIBENCLAMIDA",GLUBETIC- G 850/5
VER AL DORSO,GLUBETIC-G 850/5
KETOCONAZOL,KETOCONAZOL- IDCP
KETOCONAZOL,KETOCONAZOL - IDCP
MEGESTROL ACETATO,MEGESTROL ALFA
LAMIVUDINA + ZIDIVUDINA,ZIDOFIN
TERBINAFINA CLORHIDRATO,FARBICIL 250
CLORURO DE SODIO,CLORURO DE SODIO 0.9% ALFA
IRBESARTAN + HIDROCLOROTIAZIDA,COAPROVEL
MULTICOMPOSICION,PANDA MULTIVITAMINICO
VER AL DORSO,ULCIZOLE-40
LORATADINA,LORATADINA IF
VER AL DORSO,CERVICREM
LORATADINA,LORATADINA 10 mg IF
DICLOFENAC POTASICO,DICLOFENAC POTASICO 100 mg IF
ATENOLOL,ATENOLOL 50 mg IF
NIFEDIPINA,NIFEDIPINA 20 MG IF
N-ACETIL-L-CISTEÍNA,PULMOVITAL 
IMIQUIMOD,VIROSUPRIL
DICLOFENAC POTASICO,DICLOFENAC POTASICO 50 mg IF
PREGABALINA,DOLONEUROPAT
ERITROMICINA,ERITROMICINA 500 mg IF
PREGABALINA,PREGAB
PREGABALINA,MARTESIA 150 
VER AL DORSO,SALBUTRAL AC
TRIMETOPRIM + SULFAMETOXAZOL,TRIMETOPRIM SULFA IF
METFORMINA HCL + GLIMEPIRIDA,GLUCOX® 4G
MONTELUKAST SODICO,TUSCASOL 4
ÁCIDO FÓLICO,ACIDO FOLICO IF
LISINOPRIL DIHIDRATO + AMLODIPINA BESILATO,SINOPRIL A
BUDESONIDA,RYNASE AGUA NASAL
LEVOCETIRIZINA DICLORHIDRATO,LERGICAL
VALSARTAN + HIDROCLOROTIAZIDA,CO-DIOVAN 80/12.5
LISINOPRIL,LISINOPRIL 20 MG IF
KETOCONAZOL,KETOCONAZOL 2 % IF
LISINOPRIL,LISINOPRIL 10 MG IF
ACICLOVIR,ACICLOVIR 5% IF
KETOCONAZOL,KETOCONAZOL 200 mg IF
AMLODIPINA BESILATO,HIPAN-5
CLOTRIMAZOL + BETAMETASONA DIPROPIONATO,DANIXA
VALSARTAN + HIDROCLOROTIAZIDA,CO-DIOVAN 
BEMIPARINA SÓDICA,"BADYKET 3,500 U.I "
BEMIPARINA SÓDICA,"BADYKET 2,500 U.I "
POLICRESULENO,EROCERVIX
NITROFURAZONA,NITROFURAZONA
ACETAMINOFEN,ACETAMINOFEN GOTAS ORALES IF
METOCLOPRAMIDA,CLO-PRIM
AMLODIPINA,AMLODIPINA 10 MG IF
CITICOLINA + NIMODIPINA,NIMOREAGIN
VITAMINA B1 /VITAMINA B6 /`VITAMINA 12,COMPLEJO B IF
MENTOL CRISTAL,MENTOL-IDCP
VALSARTAN + HIDROCLOROTIAZIDA MICRONIZADA,CO-DIOVAN 
ACETATO DE DESMOPRESINA,MINIRIN
VER AL DORSO,MACROZIT
CLARITROMICINA,CLARIFAR
LOSARTAN POTASICO,LOSARTAN POTASICO 50 mg IF
KETOCONAZOL,MIKOZIN
KETOCONAZOL,MIKOZIN
MONTELUKAST,MONTELUK
CLOTRIMAZOL,CLOTRIMAZOL 100 mg IF
VER AL DORSO,HIPAN 10
DEXTROMETORFANO,DEXTROMETORFANO IF
IBUPROFEN,IBUPROFENO 600 mg  IF
AMLODIPINA,AMLODIPINA 5 mg IF
VER AL DORSO,HIPAN-DIU
CLONIXINATO DE LISINA+TARTRATO DE ERGOTAMINA,MIGRA CEFA
MAZINDOL,SOLUCAPS 
VER AL DORSO,TRIMETOPRIM SULFA IF
SULFATO FERROSO,SULFATO FERROSO 300 MG IF 
TADALAFIL,TIROSEG 20 MG CAPLETAS
CIPROFLAXINA,CIPROFLOXACINA 500 mg IF
VER AL DORSO,CLORURO DE SODIO 0.9% & DEXTROSA 5%
VER AL DORSO,GEMIBINE 200
GEMCITABINA CLORHIDRATO,GEMIBINE  1000
CLOTRIMAZOL,VAGIFLOR
MULTICOMPOSICION,CALCIO + VITAMINA D3 IF 
ALBENDAZOL,ALBENDAZOL FELTREX
ÁCIDO ACETILSALICÍLICO,ÁCIDO ACETILSALICÍLICO 81 mg IF 
KETOCONAZOL,MIKOZIN
SIMVASTATINA (DCI),SIMVASTATINA NORMON 20 MG 
DIMENHIDRINATO,GRAVOL LÍQUIDO 
DIMENHIDRINATO,GRAVOL
DIMENHIDRINATO,GRAVOL
VER AL DORSO,PENYSOL 1.2
FLUCONAZOL,FLUCONAZOL 150 mg IF
ACIDO FUSIDICO,FUSIBIOTIC MEDIGRAY
CLOTRIMAZOL,CLODIZOL 
VER AL DORSO,BETAMEX® PLUS
ACETAMINOFEN,ACETAMINOFEN SUPOSITORIO
PANTOPRAZOL,ZOLTUM 
PANTROPRAZOL,ZOLTUM
CARBAMAZEPINA,CARBAMAZEPINA  200 mg IF
ACETAMINOFEN + CAFEINA,PAINMAX ULTRA
SULFATO DE AMINOSIDINA,GRAMINOL
MECOBALAMINA,MECOBALAMINA 
ESPIRONOLACTONA,DRIMUX A 100
SULFADIAZINA DE PLATA,ASSUL 
ÁCIDO POLIACRÍLICO (CARBOPOL 940),ACRYLARM
METFORMINA HCL + GLIMEPIRIDA,GLUCOX® 2G
VER AL DORSO, SOLUCION DE RINGER ALFA
ACETAMINOFEN,ACETAMINOFEN FELTREX
VER AL DORSO,SEDATOS-F
METFORMINA,METFORMINA ETHICAL
FLUTICASONA PROPIONATO - SALMETEROL,FLUTIVENT HFA
FLUTICASONA PROPIONATO + SALMETEROL,FLUTIVENT HFA
MONTELUKAST,MONTELUK
CETIRIZINA DICLORHIDRATO,CETIRIZINA
"LERCANIDIPINO CLORHIDRATO, EQUIVALENTE A LERCANIDIPINO",CARBIMEN 20 
CEFEPIMA (COMO CEFEPIMA CLORHIDRATO).,CEFEPIMA LIBRA 1G  
VER AL DORSO,CALCIMAX D3 400
FUROSEMIDA,FUROSEMIDA
VER AL DORSO,ALOTEN-L 5/20
AZITROMICINA DIHIDRATO,AZITROMICINA  200 MG IF
AMLODIPINA BESILATO,ALOTEN 5
FUROSEMIDA,FUROSEMIDA 40 mg IF 
ESPIRONOLACTONA,SPRENOL 25 mg
AZITROMICINA,AZITROFEL
ESPIRONOLACTONA,SPRENOL 100 MG
CLOTRIMAZOL,OVUTRIM
VER AL DORSO,ARTRICOM RELAX 
PERINDOPRIL ARGININA,COVERSYL 5 MG 
PERINDOPRIL ARGININA,COVERSYL
AMBROXOL CLORHIDRATO,AMBROXOL
MEDROXIPROGESTERONA ACETATO,PROGEST-AMINA
VER AL DORSO,NEURALIN 
DIFENHIDRAMINA CLORHIDRATO,DIFENHIDRAMINA
VER AL DORSO,MOXIFLOX
PIRACETAM,ACTIBRAL 800
PIRACETAM,ACTIBRAL 1200
PIRACETAM,ENCEFAPLUS-800
CLONAZEPAM,CLONAGIN
CLONAZEPAM,CLONAGIN
CLARITROMICINA,CLARITROMICINA 500 MG IF
BISOPROLOL FUMARATO,CARDIBETA
CETIRIZINA,CETIRIZINA 10 MG IF
AZITROMICINA,AZITROMICINA 500 mg IF
TEOFILINA ANHIDRA,TEOFILINA-INMENOL
CLONAZEPAM,CLONAGIN
YODO POVIDONA,YODOPOVIDONA GEFARCA
METRONIDAZOL,TRIZOO
METRONIDAZOL,TRIZOO
LEVOFLOXACINA,LEVOFEL
SILDENAFIL CITRATO,TANDURAX
FLUMAZENIL,FLUMAZENIL
VER AL DORSO,FIXEM 
VER AL DORSO,FIXEM
HIDROCLOROTIAZIDA,H-PRES 50 mg
HIDROCLOROTIAZIDA,H-PRES 50
PIRACETAM,ENCEFAPLUS-1200
AMLODIPINA BESILATO,COROVAL
VER AL DORSO,ROSUTIN 20
PREDNISOLONA,AMCORT 10
RAMIPRIL,SUMIPRIL 10 mg
ACIDO ACETIL SALICILICO,CARDET
TADALAFIL,MAMBO 36 HORAS
IBUPROFENO,IBEROFENO
MONTELUKAST,IBERLUKAS 10
PIRACETAM,ENCEFAPLUS
VER AL DORSO,ROSUTIN 10
VER AL DORSO,PREFEX NS
BETAMETASONA BASE / LORATADINA MICRONIZADA,PREFEX NS
NIFUROXAZIDA,ESKAPAR
OXCARBAZEPINA,ACTINIUM
FOSFOMICINA CALCICA,FOSITED
ACETATO DE METILPREDNISOLONA,DEPO-MEDROL
ACETATO DE METILPREDNISOLONA,DEPO-MEDROL
NIFUROXAZIDA,ESKAPAR
OXCARBAZEPINA,ACTINIUM
NIFUROXAZIDA,ESKAPAR
DEXAMETASONA + TOBRAMICINA,TOBRADEX
DEXAMETASONA + TOBRAMICINA MICRONIZADA,TOBRADEX
RAMIPRIL,SUMIPRIL 5 mg
CEFTRIAXONA,CEFTRIAXONA
OXCARBAZEPINA,ACTINIUM
ACIDO SALICILICO,AFTOTEX
CLARITROMICINA,CLATROMIN
VER AL DORSO,BIOVAGIN
AMLODIPINA BESILATO (EQUIVALENTE A AMLODIPINA BASE),COROVAL 10 mg
CETIRIZINA,CETIRIZINA IF
VER AL DORSO,PREFEX
TELMISARTAN,MICARDIS
VER AL DORSO,HIERRO DEXTRANO
CETIRIZINA DICLORHIDRATO,SINALERG
MELOXICAM,MEXOR
VALPROATO DE MAGNESIO,ATEMPERATOR
FLUCONAZOL,ANUAR
CIPROFLOXACINA + FENAZOPIRIDINA,CIPROFEL URO
ATENOLOL + AMLODIPINA BESILATO,ALOTEN COMPUESTO
DEFLAZACORT,ZAMEN 6 mg
RAMIPRIL,SUMIPRIL 2.5 mg
MELOXICAM,MECANYL 15
MESALAZINA,PENTASA
MONTELUKAST,MONTELUKAST 10 MG IF
DEFLAZACORT,ZAMEN
KETOCONAZOL,FLUDERMA
MONTELUKAST SODICO,MONTELUKAST  5MG 1F
KETOCONAZOL + CLINDAMICINA,PHAENI
NITAZOXANIDA,NITAXOL
VALPROATO DE MAGNESIO,ATEMPERATOR LP
KETOCONAZOL,FLUDERMA
KETOCONAZOL,FLUDERMA CREMA
MONTELUKAST SODICO,IBERLUKAS 5
MARAVIROC.,CELSENTRI
"RAMIPRIL, HIDROCLOROTIAZIDA",SUMIPRIL-H 2.5/12.5
CLORFENIRAMINA MALEATO,CLORFENIRAMINA 
VER AL DORSO,METILPREDNISOLONA RICHET
SOLUCIÓN LACTATO RINGER,COMPUESTO LACTATO SODICO
TOBRAMICINA,TOBRAMICINA
MINOXIDIL,LOCIÓN EPC 
OMEPRAZOL SODICO,OMEPRAZOL
OMEPRAZOL,OMEPRAZOL
VER AL DORSO,VENAFLOX
DOBESILATO DE CALCIO MONOHIDRATADO,VENAFLOX
ESZOPICLONA,NOVO INSOMNIUM 2
ESZOPICLONA,NOVO INSOMNIUM 3
IBUPROFENO,IBUPROFENO 
ACETAMINOFEN,PAINMAX
LORATADINA,LORATADINA 
PREDNISOLONA,PREDNISIL
MULTICOMPOSICION,PENYSOL 633
SERTRALINA,SOLUTREX
LEVOFLOXACINA,LEVOFLOXACINA ETHICAL 
CLINDAMICINA + KETOCONAZOL,FEMISAN 3D
DICLOFENAC POTASICO,ORTOFLEX
CIPROFLOXACINA HCI,CIFONOX 500
CIPROFLOXACINA HCI,CIFONOX 750
VER AL DORSO,FIXEM
VER AL DORSO,CLINDAMICINA
VER AL DORSO,STOMET-S
"KETOCONAZOL, SECNIDAZOL",SECOZOL
VER AL DORSO,CORLISCAL
FOSFATO DE SODIO MONOBASICO + FOSFATO DE SODIO DIBASICO,RAZZ-LAX
IBANDRONATO DE SODIO,UNOIBAN
VER AL DORSO,GARWELL
VALSARTAN,DIOVAN
VALSARTAN,DIOVAN
MULTICOMPOSICION,ARGENTAL PLUS
POLICRESULENO AL 50% (EQUIVALENTE A POLICRESULENO),OXUS
LEVOFLOXACINA HEMIHIDRATO,LEVOFEL
MINOXIDIL,MINOXIDIL AL 3%
MELOXICAM,PERMITIL 15 mg
TRIMETOPRIM+ SULFAMETOXAZOL,TRIMETOPRIM + SULFA 
TRIMETOPRIM + SULFAMETOXAZOL,TRIMETOPRIM + SULFA
INDAPAMIDA,HIDROMAX® SR
INDAPAMIDA,HIDROMAX® SR
SECNIDAZOL + KETOCONAZOL,SECOZOL
SERTRALINA,SOLUTREX
BUDESONIDE,HYPERSOL B 100
BUDESONIDA,HYPERSOL B 50
CARVEDILOL,BLOQUIBER 12.5
CARVEDILOL,BLOQUIBER 6.25
EXEMESTANO,AROMASIN
LEVOSULPIRIDE,LEVOPRIDEL
DICLOFENAC POTASICO,CATAFLAM
DICLOFENAC POTASICO,CATAFLAM
VER AL DORSO,IBERFLOXA 750
VER AL DORSO,IBERFLOXA 500
MONOHIDRATO DE DEXTROSA. EQUIV. A DEXTROSA,DEXTROSA ALFA 10%
VER AL DORSO,BRONCOSAMOL
MULTICOMPOSICION,SINEDOL COLD
VER AL DORSO,DOLOBENEURAL
VER AL DORSO,METAMIZOL SODICO Y N-BUTILBROMURO DE ESCOPOLAMINA.
CELECOXIB,COXAL
VER AL DORSO,PRIMERIS 500
VER AL DORSO,PRIMERIS 500
NITRATO DE ISOCONAZOL,ONEDIAT®
CLARITROMIICNA,CLATRIX
VER AL DORSO,CLATRIX
VER AL DORSO,FORMICINA
VER AL DORSO,FORMICINA
FLUTICASONA,AVAMYS
FLUTICASONA,AVAMYS
AMIODARONA CLORHIDRATO,ISORRIT
CLOPIDOGREL,BISFAR-75
CLOPIDOGREL,BISFAR® - 75
ALENDRONATO DE SODIO,ALENDRONATO-INMENOL
ORLISTAT,CRISPLUS
OLMESARTAN MEDOXOMIL,OLMESAR 5 MG
GLIMEPIRIDA + METFORMINA,GLANDIN 4/850
GLIMEPIRIDA,GLANDIN 4
GLIMEPIRIDA,GLANDIN 2
VER AL DORSO,ALOTEN-L 10/20
CITARABINA,CITARABINA-100
BISOPROLOL HEMIFUMARATO,BLOQ® 10
BISOPROLOL HEMIFUMARATO,BLOQ® 5
LIDOCAINA 700MG,VERSATIS 5%
ALPRAZOLAM,TAFIL
ALPRAZOLAM,TAFIL
ALPRAZOLAM,TAFIL
ALPRAZOLAM,TAFIL
VER AL DORSO,CURADERM
VER AL DORSO,IDRONEOMICIL
VER AL DORSO,PRINOSI
FUROATO DE MOMETASONA,FURONASAL INFANTIL
MULTICOMPOSICION,CRECIVIT
AMLODIPINA + LISINOPRIL,ALOTEN-L 5/10
TADALAFIL,RIEL
CLORHIDRATO DE ESMOLOL,ESMOLOL RICHET
VER AL DORSO,MEFLOX
TERBINAFINA CLORHIDRATO,ULTRADERM 
VER AL DORSO,TUSILEXIL D 
SALBUTAMOL SULFATO,SALBUTAMOL
VER AL DORSO,PARAMOX-500
CEFIXIMA,ETICEFA
QUETIAPINA FUMARATO,QUETAXIL® 300
METFORMINA CLORHIDRATO,BEXANEL
VER AL DORSO,INMIGA
CEFIXIMA,PROBACTER 
NISTATINA + METRONIDAZOL,ECONID®
TAMSULOSINA CLORHIDRATO,ESPONTAL
TAMSULOSINA CLORHIDRATO,ESPONTAL
VER AL DORSO,UROFENAX 500 mg + 100 mg
OSELTAMIVIR,TAMIFLU
METFORMINA CLORHIDRATO + GILBENCLAMIDA,DUOCTAR®
MULTICOMPOSICION,GLOVITON
FOSFOMICINA CALCICA,FOSITED
MICONAZOL NITRATO,DARCOTIN 2%
MICONAZOL NITRATO,DARCOTIN 400
FINASTERIDE,PROPECIA
ACETAMINOFEN,ACETAMINOFEN  IF
NITAZOXANIDA,PARAXIN
NITAZOXANIDA,PARAXIN
DEXIBUPROFENO,DEXENO 400 MG
SOMATROPINA,HHT
SOMATROPINA,HHT
ISOTRETINOINA,ISOFACE 40 MG
AMBROXOL CLORHIDRATO,AMBROXOL-RANGEL
VER AL DORSO,BETADUO
ALPRAZOLAM / SULPIRIDA,ALPLAX DIGEST
AMPICILINA TRIHIDRATO,AMPICILINA
VER AL DORSO,ENEMA-LAX ADULTOS 
VER AL DORSO,DARCOTIN-M
VER AL DORSO,GABROSIDINA
LORATADINA,LORATADINA
LORATADINA,LORATADINA
LIDOCAÍNA HCL,LIDOCAINA 1%
MULTICOMPOSICION,COMPLEJO B-PLUS
HIERRO,HIERRO GLICINATO QUELATO                                              
MINOXIDIL +ACIDO RETINOICO,MINOXIDIL AL 3% CON ACIDO RETINOICO-IDCP
VER AL DORSO,MILORIX
CLORURO DE SODIO,SODIONASAL
MONTELUKAST SODICO,PLENAIR ROEMMERS 4                                                    
MONTELUKAST SODICO,PLENAIR 4                       
ROSUVASTATINA CALCICA,DARCOTIN M
TRIAMCINOLONA,TRIANCINOL-IDCP
CLOPIDOGREL,CLOPIFEL
CLOPIDOGREL BISULFATO,CLOPIFEL
CANDESARTAN CILEXETIL + HIDROCLOROTIAZIDA,INLOSEP H 16
CANDESARTAN CILEXETILO,INLOSEP 16
VER AL DORSO,LISPRINO 10
VER AL DORSO,TRADOLAM
LISINOPRIL DIHIDRATO + HIDROCLOROTIAZIDA,LISPRINO-H
NITAZOXANIDA,NITAZOXANIDA
CEFAZOLINA,ALCOVERA
VER AL DORSO,WINASORB SINUS
VER AL DORSO,WINASORB SINUS
SECNIDAZOL,SECNIDAZOL- INMENOL
PREDNISONA,PREDNISONA -INMENOL
PREGABALINA,DOLONEUROPAT 
SIMVASTATINA,SIMVASTATINA  ETHICAL
SIMVASTATINA,SIMVASTATINA ETHICAL 
VER AL DORSO,SUBROX AMOXI DUO
VER AL DORSO,SUBROX AMOXI DUO
VER AL DORSO,BROCORAL COMPUESTO
PIRACETAM,SUTROPIL
TETRACICLINA CLORHIDRATO,TETRACICLINA INMENOL
VER AL DORSO,SUDERMAL PLUS
AMPICILINA TRIHIDRATO COMPACTADA,AMPICILINA
VER AL DORSO,SUDERMAL PLUS
CANDESARTAN CILEXETILO,INLOSEP 8 
CLORHIDRATO DE BROMHEXINA,BROMHEXINA DISFARIQ
VER AL DORSO,METRONIDAZOL NORMON
LAMOTRIGINA (D.C.I),LAMOTRIGINA NORMON 100 mg
CITRATO DE OXOLAMINA,TOSFEN
DICLOFENAC POTASICO,BERGERON 12.5
LOSARTAN POTASICO,PAXON 100
AMLODIPINA BESILATO,AMLODIPINO NORMON 5 MG COMPRIMIDOS EFG
AMLODIPINO (D.C.I) BESILATO,AMLODIPINO NORMON 10 MG COMPRIMIDOS EFG
MUPIROCINA,BACTRIDERM
KETOCONAZOL,KETOCONAZOL 
LOSARTAN POTASICO DCI,LOSARTÁN NORMON 
GLUCONATO DE CLORHEXIDINA,CLOREXIN 4%
GLUCONATO DE CLORHEXIDINA AL 20%,CLOREXIN 4% 
MEROPENEM,MEROPREM
CANDESARTAN CILEXETILO,INLOSEP 32
FLUCONAZOL,FLUCOFEM
VER AL DORSO,FLEXURE MSM
MULTICOMPOSICION,GELNOREX ADULTO                                                       
VER AL DORSO,TECASSOL
BISOPROLOL HEMIFUMARATO,BISOCOR® 5
BISOPROLOL HEMIFUMARATO,BISOCOR®  5
VER AL DORSO,BISOCOR®  5
BISOPROLOL HEMIFUMARATO,BISOCOR® 10   
BISOPROLOL HEMIFUMARATO,BISOCOR®  10
VER AL DORSO,BISOCOR®  10
MONTELUKAST SODICO, ASMAX® 5  
MONTELUKAST,ASMAX® 5
MONTELUKAST SODICO,ASMAX®  5
BISOPROLOL HEMIFUMARATO + HIDROCLOROTIAZIDA,BLOQ®  D 5/6.25
NITAXOZANIDA,NIXIBER 500
BISOPROLOL HEMIFUMARATO + HIDROCLOROTIAZIDA,BLOQ®  D 10/6.25
TRAMADOL HCL + PARACETAMOL,TRADOLAM-PLUS
VER AL DORSO,METRONIDAZOL- INMENOL 250 mg / 5 mL
SECNIDAZOL,SECNIDAZOL - INMENOL 250 mg/10 mL
BETAMETASONA + DEXCLORFENIRAMINA MALEATO,PREFEX
TADALAFIL,INTIMO
KETOROLACO TROMETAMINA,IBEROLACO 20 mg
KETOROLACO TROMETAMINA,IBEROLACO 10 mg
FLUOXETINA (COMO CLORHIDRATO ),FOXETIN                
LEVONORGESTREL,POSTDAY 1
LEVONORGESTREL,POSTDAY 1
BICALUTAMIDA,BINUSYL® 50
CEFACLOR,CEFACLOR FELTREX
TAMSULOSINA CLORHIDRATO,TAMSULON
VER AL DORSO,SOLUCION RINGER LACTATO SEGUN HARTMAN ALFA
SECNIDAZOL,VERMIAL 1000 MG
MOMETASONA FUROATO,AGUANACE 0.05 G
CLORHIDRATO DE CLINDAMICINA,CLORHIDRATO DE CLINDAMICINA
BISOPROLOL HEMIFUMARATO + HIDROCLOROTIAZIDA,BISOCOR®  D 10/25
MICOFENOLATO MOFETIL,MOFILET
PREGABALINA,PREGAB
LOSARTAN POTASICO,LOSARTAN NORMON 100 mg 
AMOXICILINA TRIHIDRATO COMPACTADA,AMOXICILINA 
FUROATO DE MOMETASONA,VOTEK
ACIDO FÓLICO + VITAMINA B12,FOLITAB B12
VER AL DORSO,COROVAL-B 2.5/10 
VER AL DORSO,COROVAL-B 5/20
DICLORHIDRATO DE CETIRIZINA,CETIRIZINA
MEPIVACAINA HCL,MEPIVACAINA 3%
VER AL DORSO,ACESALIX
VER AL DORSO,LISPRINO 20
SULFATO FERROSO,SULFATO FERROSO DISFARIQ
TOPIRAMATO,TOPIRAMATO 50 
TOPIRAMATO,TOPIRAMATO 25
TOPIRAMATO,TOPIRAMATO 25          
ACETAMINOFEN DC 90,ACETAMINOFEN
OLMESARTAN MEDOXOMILO,OLMESAR 20 MG
OLMESARTAN,OLMESAR 20
NITAXOZANIDA,NITAXOL
NITAZOXANIDA,NITAXOL
LINEZOLID,ZYVOX
LINEZOLID,ZYVOX
KETOCONAZOL,SUDERMAL
BISOPROLOL HEMIFUMARATO + HIDROCLOROTIAZIDA,BISOCOR®  D 5/12.5
BISOPROLOL HEMIFUMARATO + HIDROCLOROTIAZIDA,BISOCOR®  D 10/12.5
LEVOCARNITINA,CARDISPAN
LEVOCARNITINA,CARDISPAN
METFORMINA+GLIMEPIRIDA,METPIRIL-G
BISOPROLOL HEMIFUMARATO + HIDROCLOROTIAZIDA,BLOQ®  D 10/25
OMEPRAZOL,OMEPRAZOL ETHICAL
PREGABALINA,PREBICTAL
ACICLOVIR POLVO,ACICLOVIR- INMENOL 200 MG / 5 ML
LORATADINA + AMBROXOL CLORHIDRATO,SUBROX - L
PIRACETAM,PIRACETAM - INMENOL
ACIDO RETINOICO,RETIDERM
PIRACETAM,PIRACETAM-INMENOL
DIOSMINA+ HESPERIDINA,VEDIPAL
PACLITAXEL,PACLITAXEL 100MG
QUINFAMIDA,AMEBAX
QUINFAMIDA,AMEBAX
QUINFAMIDA,AMEBAX
ACICLOVIR,ACICLOVIR
FUROSEMIDA,FUROSEMIDA
ENALAPRIL MALEATO,ENALAPRIL 20 MG GENERIFAR
SIMVASTATINA + EZETIMIBE,SIBUDEL DUAL 20
SIMVASTATINA + EZETIMIBA,SIBUDEL DUAL 40
ITRACONAZOL,CANDINOX
SULFATO FERROSO + ACIDO FOLICO,SULFATO FERROSO + ACIDO FOLICO 300MG + 5MG 
LEVOFLOXACINA,LEVOBIOTIC 
CITICOLINA SODICA EQUIVALENTE A CITICOLINA BASE*,COLINA RNT-200
PREDNISONA BASE,PREDNISONA ALFA 50 MG
VER AL DORSO,SUBROX FORTE
VER AL DORSO,SUCLOR RESPIRATORIO
ESOMEPRAZOL,PAMEZONE 40
VER AL DORSO,PIPERAZINA
CITRATO DE PIPERAZINA,PIPERAZINA
ESOMEPRAZOL,PAMEZONE 20
DONEPECILO CLORHIDRATO,DONECLAR 5
SILDENAFIL CITRATO,EREC-F® 50 MG MASTICABLE SABOR BERRIES
AMLODIPINA - LISINOPRIL,BUSPIN - A 5/20
AMLODIPINA BESILATO + LISINOPRIL DIHIDRATO,BUSPIN - A 5/10
DICLOFENAC SÓDICO,DICLOFENAC SODICO- INMENOL
SULFATO DE MAGNESIO.,SULFATO DE MAGNESIO.
ATENOLOL,ATENOLOL  50                                                          
FENTANILO CITRATO.,FENTANILO
VERAPAMILO CLORHIDRATO.,VERAPAMILO.
METFORMINA CLORHIDRATO POLVO,METFORMINA -INMENOL
VER AL DORSO,MIDAZOLAM
HIDROCLOROTIAZIDA,H-PRES 25 MG
HIDROCLOROTIAZIDA,H-PRES 25
FLUCONAZOL,FLUCONAZOL
VER AL DORSO,PANPURE    
POLICRESULENO AL 50 % (EQUIVALENTE A POLICRESULENO),SULENO
CITICOLINA,REAGIN 
ATENOLOL,ATENOLOL-INMENOL
LEVONORGESTREL + ETINILESTRADIOL,TRIGESTREL
CITICOLINA SODICA EQUIVALENTE A CITICOLINA BASE*,COLINA RNT-500
"BUCLIZINA 2HCL, LISINA HCL, CIANOCOBALAMINA (VIT. B12)",BUCLIZIN
LORATADINA,LORATADINA 
VER AL DORSO,SULFATO DE MAGNESIO ALFA  20% 
VER AL DORSO,SULFATO DE MAGNESIO ALFA  20%
METFORMINA,METFORMINA MK®
CLORHIDRATO DE METFORMINA,METFORMINA MK®
CLORHIDRATO DE METFORMINA,METFORMINA MK®
NITRATO DE MICONAZOL,MICONAZOL
BISOPROLOL FUMARATO + HIDROCLOROTIAZIDA,CARDIBETA-D
KETOROLACO,TROVIL 20
BISOPROLOL FUMARATO + HIDROCLOROTIAZIDA,CARDIBETA-D
IBUPROFEN,IBUPROFEN - INMENOL
HIDROCLOROTIAZIDA,HIDRENO 50 MG
CITICOLINA SODICA,CITICOLINA - CALOX 500MG
RIVASTIGMINA TARTRATO,NEUROBIOTIC® 3
OLMESARTAN MEDOXOMIL,OLMEDOS 20                                                            
TRIMEBUTINA MALEATO,POLIBUTIN SR
OLMESARTAN MEDOXOMIL,OLMEDOS 40                                                            
OLMESARTAN MEDOXOMILO,OLMEDOS 40                                                            
NISTATINA,NISTATINA-INMENOL
AMLODIPINA,AMLODIPINA CALOX 5 MG
OTILONIO BROMURO,BROMURO DE OTILONIO CALOX 40MG
AMLODIPINA + LISINOPRIL,AMLODIPINA 5 mg + LISINOPRIL 20 mg IF
LOSARTAN POTASICO,LOSARTAN POTASICO  100 mg IF
LISINOPRIL + HIDROCLOROTIAZIDA,LISINOPRIL 20 MG + HIDROCLOROTIAZIDA 25 MG IF
NITAZOXANIDA,ZOXANID
METFORMINA + GLIBENCLAMIDA,METFORMINA 500 mg + GLIBENCLAMIDA 5 mg IF
AMLODIPINA + LISINOPRIL,AMLODIPINA 5 MG + LISINOPRIL 10 MG IF
VER AL DORSO,PENICILINA BENZATINICA FORTIFICADA 6.3.3
CLOPIDOGREL (EQ. A CLOPIDOGREL BISULFATO),CLOPIDOGREL 75 MG
BISOPROLOL HEMIFUMARATO + HIDROCLOROTIAZIDA,BLOQ®  D 5/12.5
SULFAMETOXAZOL + TRIMETOPRIM,S.T. FORTE 
AZITROMICINA,AZBIOT 500
NITROFURANTOINA,CHEMIOFURAN 50 MG
LEVOFLOXACINA HEMIHIDRATADO,LEVOFLOXACINA 750 mg IF
MICOFENOLATO DE MOFETILO,MICOFENOLATO MOFETILO
VER AL DORSO,LOSARTAN 50 MG + HIDROCLOROTIAZIDA 12.5 MG IF
LEVOFLOXACINA,LEVOBIOTIC 
AMLODIPINA + LISINOPRIL,AMLODIPINA 10 MG + LISINOPRIL 20 MG IF
BISOPROLOL FUMARATO,CARDIBETA
LISINOPRIL + HIDROCLOROTIAZIDA,LISINOPRIL 20 MG + HIDROCLOROTIAZIDA 12.5 MG IF
CLORURO DE SODIO.,CLORURO DE SODIO
CLORURO DE SODIO,CLORURO DE SODIO
LEVOFLOXACINA,NIRLIV 
VER AL DORSO,BIOCEDIL
VER AL DORSO,BIOCEDIL
GRISEOFULVINA MICRONIZADA,FULKAIN
ALPRAZOLAM,KENTIUM 2 mg
ALPRAZOLAM,KENTIUM 1 mg
DONEPECILO CLORHIDRATO,DONECLAR 10
QUETIAPINA FUMARATO,KETIPINA 25
QUETIAPINA FUMARATO,KETIPINA 100
QUETIAPINA FUMARATO,KETIPINA 200
CIPROFLOXACINA,CIPROFLOXACINA 
GUAIFENESINA + DEXTROMETORFANO,BRONCOCHEM CONTRA LA TOS
AMOXICILINA TRIHIDRATO EQUIV. A AMOXICILINA BASE,AMOCIXILINA 250 / 5 ML
VER AL DORSO,LEVOFLOXACINA - INMENOL
ACETAMINOFEN,ISOFEN 500 MG
CIPROFLOXACINA,CIPROFLOXACINA CALOX
CIPROFLOXACINA,CIPROFLOXACINA CALOX
VER AL DORSO,SURFACTANTE RICHET B
VER AL DORSO,VENOPARIN
CEFTRIAXONA SODICA EQUIVALENTE A CEFTRIAXONA,CEFTRIAXONA 1G
AZITROMICINA,ARTRICINA  
CARVEDILOL,EUCOR 6.25
CARVEDILOL,EUCOR 25
MECOBALAMINA,COBALTUS 500
TRAMADOL CLORHIDRATO,TRAMADOL CLORHIDRATO 50 MG/ML
ERITROPOYETINA HUMANA RECOMBINANTE,HEMOTIN-EPO
TERBINAFINA CLORHIDRATO,ULTRADERM
MULTICOMPOSICION,"FRUTADEX SUERO DE REHIDRATACION ORAL, SABOR FRUTAS"
MULTICOMPOSICION,"FRUTADEX SUERO DE REHIDRATACION ORAL, SABOR FRUTAS "
ESOMEPRAZOL,NEXIUM
ACETAMINOFEN,SINEDOL
VER AL DORSO,DERIVA-C
VER AL DORSO,SUMOX RESPIRATORIO 
VER AL DORSO,METOCLOPRAMIDA
MEBENDAZOL,MEBENDAZOL
CITICOLINA SODICA EQUIVALENTE A CITICOLINA BASE,COLINA RNT-100 
VER AL DORSO,PARAMOX
DOCETAXEL ANHIDRO,DOCETAXEL 20 MG 
MEBENDAZOL,MEBENDAZOL 
ACIDO ALENDRONICO + VITAMINA D3,OSTEFORT PLUS®
CEFAZOLINA (D.C.I.) (SÓDICA)1,CEFAZOLINA NORMON 1g
CLINDAMICINA,CLINDAMICINA
SECNIDAZOL,SECNIDAZOL 125 MG / 5 ML
DESLORATADINA,DESLORATADINA 
CANDESARTAN CILEXETILO,SULARTAN 32
DOPAMINA CLORHIDRATO,DOPAMINA CLORHIDRATO
PREDNISOLONA,AMCORT®
MECOBALAMINA,COBALTUS 500
TRAMADOL CLORHIDRATO,TRAMADOL CLORHIDRATO 100 MG/2ML
NEBIVOLOL,NABILA
METFORMINA CLORHIDRATO,MET-CORE® 500
METFORMINA CLORHIDRATO,MET-CORE® 500 
LEVOCETIRIZINA DICLORHIDRATO,EUROLEVOCET
TRIMETAZIDINA DICLORHIDRATO,EUROTRIMETAZ
TOXOIDE TETANICO,VACUNA ANTITETANICA (TOXOIDE TETANICO ADSORBIDO)                 
VER AL DORSO,EPOFIT
ACETAMINOFEN,ACETAMINOFEN  
CLORHIDRATO DE LERCANIDIPINO, EVIPRESS
GUAIFENESINA+ BROMHEXINA HCL + CLORFENIRAMINA MALEATO,BRONCOCHEM EXPECTORANTE
DICLOFENAC+VIT B1+VIT B6+ VIT B12,DOLOGEN K
FLUCONAZOL +TINIDAZOL,AFUMIX
CLOPIDOGREL,NEOCLOP 75 MG
ITRACONAZOL / SECNIDAZOL,GITRASEK
QUINFAMIDA,AMEBAX
BISOPROLOL FUMARATO + HIDROCLOROTIAZIDA,TERIAL- H 10/6.25
VER AL DORSO,BERGERON-B
RIVASTIGMINA TARTRATO,NEUROBIOTIC® 1.5
PIRACETAM,ACTIBRAL
ENALAPRIL MALEATO,ENALAPRIL INMENOL 10 MG
ACETAMINOFEN,DOLFENOL 750 MG
ACETAMINOFEN + CLORZOXAZONA,DOLFENEX
ACIDO FUSIDICO / MOMETASONA FUROATO,FUSIDEX-M
DOCETAXEL ANHIDRO,DOCETAXEL 80 MG 
CLOTRIMAZOL,CLOTRIMAZOL 100 mg
AMBROXOL CLORHIDRATO,MUCOFLEX
MULTICOMPOSICION,WINASORB MULTISINTOMAS
MULTICOMPOSICION,WINASORB MULTISINTOMAS
TERBINAFINA CLORHIDRATO,TERBIX
SIMVASTATINA+EZETIMIBE,COLESTRIL-E
"DOXICICLINA HCL, EQUIVALENTE A DOXICICLINA BASE",VIBRAXIN 
CLOTRIMAZOL,CLOVAGIL 200
VER AL DORSO,IRINOTECAN LIBRA
VER AL DORSO,SUBROX AMOXI
CLORHIDRATO DE CLINDAMICINA,DALACIN C
SUCRALFATO,SUCRASSYL 1 G / 5 ML
HIERRO SACAROSA,FLOVEN
SULFADIAZINA DE PLATA,ARGENTAL
ACETAMINOFÉN + CLORZOXAZONA,RUFLEX 
ACETAMINOFEN + CLORZOXAZONA,RUFLEX
YODOPOLIVINILPIRROLIDONA,IBEROKLIM
CLARITROMICINA BASE,CLARITROMICINA CALOX
CLARITROMICINA BASE,CLARITROMICINA CALOX
CANDESARTAN CILEXETILO,CANDESAR 8 MG
ACETAMINOFEN + CLORZOXAZONA,DOLFENEX FORTE 
RIVAROXABAN,XARELTO® 
LENALIDOMIDA,REVLIMID                                                              
LENALIDOMIDA,REVLIMID                                                              
LENALIDOMIDA,REVLIMID                                                              
LENALIDOMIDA,REVLIMID                                                              
EMULSION GRASA,LIPINIR 10 %
BISOPROLOL FUMARATO,TERIAL 10 MG
VER AL DORSO,KRYTANTEK OFTENO
ITRACONAZOL,ITRACONAZOL CALOX 100MG
ACETAMINOFEN,DOLFENOL
SIMVASTATINA+EZETIMIBE,COLESTRIL-E
ESOMEPRAZOL,FELPRAZOL
LORATADINA,LORATADINA 10 mg
ACIDO ASCORBICO,CEVITRAN
VER AL DORSO,BRONCOCHEM TÉ ANTIGRIPAL 
DICLOFENAC SODICO,DICLOFENAC SODICO 50MG 
ACETAMINOFEN,ACETEFF
ACETAMINOFEN,ACETEFF 
PROPRANOLOL,PROPRANOLOL
LOSARTÁN + HIDROCLOROTIAZIDA,LOSARTAN 100 MG + HIDROCLOROTIZIADA 25 MG IF
IBUPROFEN,IBUPROFEN 600 mg
IBUPROFEN,IBUPROFEN 600MG
IBUPROFEN POLVO,IBP KIDS 100 mg 
AMOXICILINA TRIHIDRATO + CLAVULANATO POTASICO,AMOXYLAN
AMLODIPINA BESILATO,AMLODIPINA 10 MG
KETOCONAZOL,KETOCONAZOL 200MG  
GLIBENCLAMIDA,GLIBENCLAMIDA
CAPTOPRIL,CAPTOPRIL 50 MG
OMEPRAZOL, OMEPRAZOL  
SERTRALINA CLORHIDRATO,INSERTEC 100
SERTRALINA CLORHIDRATO,INSERTEC 50
VER AL DORSO,LIPINIR 20 %
ALBENDAZOL,OXARMIN 
CLOTRIMAZOL,CANDID 1%
ESOMEPRAZOL,FELPRAZOL
MALEATO DE CARBINOXAMINA + FENILEFRINA HCL,CONGESTRIN
ACIDO FOLICO,ACIDO FOLICO  
FLUCONAZOL,FLUCONAZOL
VER AL DORSO,SUMOX
RIVASTIGMINA,EXELON PATCH 10
RIVASTIGMINA,EXELON PATCH 10
RIVASTIGMINA,EXELON PATCH 5
RIVASTIGMINA,EXELON PATCH 5
AMPICILINA TRIHIDRATO,AMPINA
ESOMEPRAZOL MAGNESIO TRIHIDRATADO,ULCEDAL 20
PREGABALINA,PREBICTAL
SECNIDAZOL,SECNIDAZOL
CEFALEXINA MONOHIDRATO,CEFALEXINA
DIMENHIDRINATO,DIMEDRIN
TADALAFIL,TADALAFIL FELTREX
CARBAMAZEPINA,CARBAMAZEPINA
PREDNISONA BASE,PREDNISONA 50 MG GENERIFAR 
DICLOFENACO SÒDICO,DICLOFENACO SÓDICO 100 MG GENERIFAR
ALBENDAZOL,ALBENDAZOL 400 MG IF
MANITOL,MANITOL 20%
VER AL DORSO,ACROTUSSIN­-D
MALEATO DE CARBINOXAMINA + FENILEFRINA HCI,CONGESTRIN
LEVONORGESTREL,AFTER-D
AMOXICILINA,AMOXICILINA
ESCITALOPRAM OXALATO,EDUCIL® 10
ESCITALOPRAM OXALATO,EDUCIL® 10
VER AL DORSO,SALBUTAMOL
CETIRIZINA DICLORHIDRATO,CETIRIZINA
MULTICOMPOSICION,FERRUM HAUSMANN® COMPLEX
TINIDAZOL,TINIDAZOL 
ACETAMINOFÉN,LAPROTER 
DEXKETOPROFENO TROMETAMOL EQ. A DEXKETOPROFENO BASE,ATENUA
VER AL DORSO,ATENUA
LIDOCAINA HCL DIFENHIDRAMINA HCL,MEDIGRAY ALERGEL
LIDOCAINA HCL DIFENHIDRAMINA HCL,MEDIGRAY ALERGEL
LIDOCAINA HCL DIFENHIDRAMINA HCL,MEDIGRAY ALERGEL
VER AL DORSO,BEXONE 1 mL 
LEVOFLOXACINA,LEVOFLOXACINA
ACETAMINOFEN; CLORZOXAZONA,MIOFLEX® FORTE
AMOXICILINA TRIHIDRATO,AMOLIX
METAMIZOL SODICO,DIPROLAR
IBUPROFEN,IBUPROFEN  
AMLODIPINA BESILATO,AMLODIPINA
DIMENHIDRINATO,DIMENHIDRINATO 50MG
ENALAPRIL MALEATO,ENALAPRIL MALEATO 10 MG
VER AL DORSO,SULFATO DE MAGNESIO 1 g /10 mL
AGUA ESTERIL PARA INYECCION,AGUA ESTERIL PARA INYECCION
ENOXAPARINA SODICA,LOMOH-40           
ENOXAPARINA SODICA,LOMOH-60     
SEVELAMER CLORHIDRATO.,FOSEAL - 400    
SEVELAMER CLORHIDRATO.,FOSEAL - 800     
FOSFOMICINA CALCICA MONOHIDRATADA,FOSBIOTIC
METFORMINA HIDROCLORURO + GLIMEPIRIDA,METFORMINA 850  MG + GLIMEPIRIDA 4 MG IF
VER AL DORSO,IBEROGREL 75 
VER AL DORSO,ADRENALINA ALFA 1 mg / mL
ADRENALINA TARTRATO EQUIVALENTE A ADRENALINA BASE,ADRENALINA ALFA 1  mg / mL  
MULTICOMPOSICION,LYSINEX-B
METAMIZOL SÓDICO,DIPROLAR
GLUCONATO DE CLORHEXIDINA,DIORBIS
TRIMETAZIDINA DICLORHIDRATO,ANTISKEM
VER AL DORSO,GONAPEPTYL DAILY
ACETATO DE TRIPTORELINA EQUIVALENTE A TRIPTORELINA,GONAPEPTYL DAILY
MEDROXIPROGESTERONA ACETATO,ROSFEMINA-DEPOT
S(-) BESILATO DE AMLODIPINA EQUIVALENTE A S (-) AMLODIPINA,ASOMEX 2.5
VER AL DORSO,ASOMEX-5
SULFATO DE MORFINA,DIMORF                                                                
INSULINA HUMANA ISÓFANA (ORIGEN ADN RECOMBINANTE),RECOMULIN - N (ISÓFANA)
INSULINA HUMANA DE ORIGEN (ADNR),RECOMULIN - R (REGULAR)
MULTICOMPOSICION,CEBRINOL COMPLEX 
MENOTROPINA,HMG HP
ROSUVASTATINA CALCICA + EZETIMIBE,ROSUCOR® EZ 20/10 
MULTICOMPOSICION,"FRUTADEX SUERO DE REHIDRATACION ORAL, SABOR UVA"
MULTICOMPOSICION,"FRUTADEX SUERO DE REHIDRATACION ORAL, SABOR UVA"
ROSUVASTATINA CALCICA + EZETIMIBE,ROSUCOR®  10  EZ 
INSULINA HUMANA DE ORIGEN ADN RECOMBINANTE,RECOMULIN 70/30 (ISÓFANA BIFÁSICA)
GESTODENO + ETINILESTRADIOL,FEMIANE
GESTODENO+ETINILESTRADIOL,FEMIANE
SULFATO DE MORFINA,DIMORF                                                                
LIDOCAINA,XYLESTESIN 100MG
IBUPROFEN,IBUPROFEN
ATENOLOL,ATENOLOL 50MG
VER AL DORSO,TETRACICLINA
AZITROMICINA DIHIDRATO,AZITROMICINA
OMEPRAZOL,OMEPRAZOL 
ENALAPRIL MALEATO,ENALAPRIL MALEATO
MULTICOMPOSICION,BROVENTIL EXPECTORANTE
OXIDO DE ZINC,OXIDO DE ZINC
COLISTINA METANSULFANATO,COLISTINA RICHET
MONOHIDRATO DEXTROSA.,DEXTROSA.
AMLODIPINA BESILATO,AMLODIPINA 10MG
IBUPROFEN,IBUPROFEN
RAMIPRIL,TRITACE
RAMIPRIL,TRITACE
ALBENDAZOL,ABZ
PENICILINA BENZATINICA,PENICILINA BENZATINICA 2.4 MEGA
DICLOFENAC SODICO,DICLOFENAC SODICO
PENICILINA BENZATINICA,PENICILINA BENZATINICA 1.2 MEGA
SULFATO DE MORFINA,DIMORF                                                                
CLORHIDRATO DE MIDAZOLAM,DORMIRE                                                               
CITRATO DE FENTANILO,FENTANEST
CLOHIDRATO DE TRAMADOL,TRAMADOL
CLOHIDRATO DE TRAMADOL,TRAMADON CRISTALIA
MEBENDAZOL,MEBELAAN 100MG
VER AL DORSO,ANDROCUR
ACICLOVIR,ACICLOVIR - INMENOL 400 MG
TERBINAFINA CLORHIDRATO (EQUIVALENTE A TERBINAFINA),TERBIX
GLIMEPIRIDA,GLIMEPIRIDA 
ESPIRONOLACTONA,CARDIATONE 25
ESPIRONOLACTONA,CARDIATONE 25
LORATADINA,LORATADINA 10 mg
LORATADINA,LORATADINA 10MG
CANDESARTAN CILEXETILO,CANDESAR 16
AMPICILINA TRIHIDRATO,AMPICILINA
KETOCONAZOL+ CLINDAMICINA,MAXIVAG
METRONIDAZOL,METRONIDAZOL
FUMARATO FERROSO +ACIDO FÓLICO +CIANOCOBALAMINA (B12),INNOFOLIC + B12 
PARICALCITOL,ZEMPLAR
MULTICOMPOSICION,BEDIFER
FUROATO DE MOMETASONA,FUROMET
MOMETASONA FUROATO,FUROMET
FERRIMANITOL OVOALBÚMINA EQUIVALENTE A HIERRO FERRICO,FERROPROTINA 40 MG
FERRIMANITOL OVOALBÚMINA EQUIVALENTE A HIERRO FERRICO,FERROPROTINA 40 MG
BETAMETASONA / DESLORATADINA,BETADES®
VER AL DORSO,PROCTOSULENO
TOCILIZUMAB,ACTEMRA                                                               
VER AL DORSO,SUCLOR RESPIRATORIO
AMBROXOL CLORHIDRATO,SUBROX
DICLOFENACO POTASICO + CLORZOXAZONA + ACETAMINOFEN,BERGERON-R
VER AL DORSO,MULTIVITAMINAS
ATENOLOL + CLORTALIDONA,ATENOLOL 100 MG+CLORTALIDONA 25 MG IF
MECLIZINA CLORHIDRATO,TERMEX
TAMOXIFENO CITRATO EQUIVALENTE A TAMOXIFENO,TAMOXIFENO 
VER AL DORSO,SUPROFEN COLD
METRONIDAZOL + NISTATINA,METRONIDAZOL + NISTATINA
GLUCONATO DE CLORHEXIDINA,CLORHEXIDINA
ALBENDAZOL,ALBENDAZOL 400mg
IBUPROFENO,IBUPROFENO MK®
SALBUTAMOL SULFATO,SALBUTAMOL 4MG
LEVOFLOXACINA,LEVOFLOXACINA 500 MG IF
DIOSMECTITA,SMECTA
LISINOPRIL,LISINOPRIL
CEFACLOR MONOHIDRATO / CLORHIDRATO DE AMBROXOL,BALSOFORT® RESPIRATORIO
CICLOPIROXOLAMINA,GIDACID®
PARECOXIB,VALDUREIM
PARECOXIB,VALDUREIM
FULVESTRANT,FASLODEX
FULVESTRANT,FASLODEX
AMPICILINA TRIHIDRATO,AMPICILINA 500MG
TOCILIZUMAB,ACTEMRA
KETOCONAZOL,KETOCONAZOL
"LOSARTAN POTASICO, HIDROCLOROTIAZIDA",AVANTAR PLUS 50/12.5 mg 
"LOSARTAN POTASICO, HIDROCLOROTIAZIDA",AVANTAR PLUS 50/12.5  MG 
"LOSARTAN POTASICO, HIDROCLOROTIAZIDA",AVANTAR PLUS 100/25  MG 
DIPIRONA ANHIDRA,BRAL 300 MG 
FOSFOMICINA,FOSBIOTIC
VER AL DORSO,AMPINA-250
NAPROXENO SÓDICO.,ALEVE
NAPROXENO SÓDICO.,ALEVE
AMOXICILINA TRIHIDRATADA,AMOLIX
ALBENDAZOL,OXARMIN
ALBENDAZOL,OXARMIN 
CARBAMAZEPINA,CARBAMAZEPINA 200 MG
VER AL DORSO,CLOTRIMAZOL
AGUA ESTERIL PARA INYECCION,AGUA ESTERIL PARA INYECCION
VER AL DORSO,DIVALS                                                                
ACIDO VALPROICO (COMO DIVALPROATO  DE SODIO),DIVALS 500
DICLOFENACO DIETILAMONIO,DICOPLEX 
"CLONIXINATO DE LISINA, TARTRATO DE ERGOTAMINA",MIGRAXIN
AMBROXOL CLORHIDRATO + CLENBUTEROL CLORHIDRATO,MUCOFLEX COMPUESTO
RISPERIDONA,RISPERDAL CONSTA
RISPERIDONA,RISPERDAL CONSTA
VER AL DORSO,SENTROL COMPUESTO
AMOXICILINA TRIHIDRATO + CLAVULANATO POTASICO,AMOXICILINA & CLAVULANATO POTASICO
CLARITROMICINA,CLATROMIN 250 MG / 5 ML
PROPINOATO DE CLOBETASOL,CLODERMA
KETOCONAZOL,KETOCONAZOL 200MG
FUROATO DE MOMETASONA,RINOLERG®
CITRATO DE OXOLAMINA + BROMHEXINA CLORHIDRATO,TOSFÉN COMPUESTO
PIPERACILINA SÓDICA Y TAZOBACTAM SÓDICO,PIPERACILINA & TAZOBACTAM
ACETAMINOFEN,ACETAMINOFEN 
BETAMETASONA / DESLORATADINA,BETADES® 
ATENOLOL + NITRENDIPINA + CLORTALIDONA,TRIPRES
IBUPROFENO,IBUPROFENO MK
VER AL DORSO,NOVABUPI CON VASOCONSTRICTOR
VER AL DORSO,CLORURO DE SODIO 0.30% Y DEXTROSA 5% ALFA 
AMBROXOL CLORHIDRATO,SUBROX
OLMESARTAN MEDOXOMILO + HIDROCLOROTIAZIDA,ILTUX HCT
OLMESARTÁN MEDOXOMILO + HIDROCLOROTIAZIDA,ILTUX HCT
LORAZEPAN,TENSOPAN 2
MONONITRATO DE ISOSORBIDE,ISOCARD 20
ENALAPRIL MALEATO,ENALAPRIL MALEATO 10MG
VER AL DORSO,ENEMA-LAX NIÑOS
ENALAPRIL MALEATO,ENALAPRIL MALEATO 20MG
METFORMINA CLORHIDRATO,MET-CORE® 850
CLORHIDRATO DE TETRAHIDROZOLINA,VISIONEX
PODOFILOTOXINA,CONDILEX 0.5
BISULFATO DE CLOPIDOGREL EQUIV. A CLOPIDOGREL,"0 -TROMB 75 MG "
BOSENTAN,USENTA
BOSENTAN,USENTA
ALENDRONATO SODICO,ALENDRONATO SODICO 
VER AL DORSO,XALERG 5
SECNIDAZOL,NORDAL
VER AL DORSO,NOVIREX® PLUS
ATENOLOL + CLORTALIDONA,ATENOLOL 50 MG +CLORTALIDONA 12.5 MG IF
VER AL DORSO,GASTROVUE
SULFATO FERROSO,SULFATO FERROSO 300 MG
NIFEDIPINA,NIFEDIPINA 20 MG
FLUOROURACILO,EFUDIX
METRONIDAZOL,METRICOL
AZITROMICINA DIHIDRATO,AZITROMICINA 
CANDESARTAN CILEXETIL + AMLODIPINA BESILATO,CANDERSIL®  MAX 8/5 
BUDESONIDA,SURE-BUDESONIDA                                                       
ALBUTEROL,SURE-ALBUTEROL                                                        
BROMURO DE IPRATROPIO,SURE-IPRATROPIUM                                                      
SULFATO DE ALBUTEROL + BROMURO DE IPRATROPIO,DOBLENEB                                                              
CLORHIDRATO DE BROMHEXINA,BROMHEXINA
OLMESARTAN MEDOXOMILO + HIDROCLOROTIAZIDA,ILTUX HCT
OLMESARTAN MEDOXOMILO + HIDROCLOROTIAZIDA,ILTUX HCT
BROMHEXINA CLORHIDRATO,BROMEXAN
VER AL DORSO,PREDNISOLONA CALOX
PREDNISOLONA ANHIDRA,PREDNISOLONA CALOX
AMPICILINA,AMPICILINA 
AMLODIPINA + ATENOLOL,AMLODIPINA 5 MG + ATENOLOL 50 MG IF
ALBENDAZOL,ALBENDAZOL
FUROSEMIDA,FUROSEMIDA
PREDNISOLONA + LORATADINA,ALERTINE A
NIFEDIPINA,NIFEDIPINA 10MG
IOPAMIDOL,PAMDOL 300
IOPAMIDOL,PAMDOL 370
BESILATO DE AMLODIPINA + LISINOPRIL DIHIDRATO,PRECOR L 5/10
OLMESARTAN MEDOXOMILO + HIDROCLOROTIAZIDA,ILTUX HCT
SULFATO FERROSO HEPTAHIDRATADO,SULFATO FERROSO
VER AL DORSO,GONAPEPTYL ® DEPOT 4.12 mg
NIFEDIPINA,NIFEDIPINA 10 MG
VER AL DORSO,XALERG 5 MG / ML
MULTICOMPOSICION,SUTRIMIN
SOBREROL + CARBOXIMETILCISTEÍNA,OBRON COMPUESTO 
SOBREROL,OBRON
MULTICOMPOSICIÓN,SINDOLÁN
DICLOFENAC DIETILAMONIO,DICLOFENAC AL 1.16%
DICLOFENAC DIETILAMONIO,DICLOFENAC AL 1.16%
MULTICOMPOSICION,SANIDRIL
TICLOPIDINA,TIPLAC 250 MG
DICLOFENAC SODICO,BERGERON GEL
CIPROFIBRATO,HIPOLIPIL 100 MG
ITRACONAZOL,ITRACONAZOL- INMENOL
GABAPENTINA,GABAPENTINA
ESOMEPRAZOL MAGNESIO TRIHIDRATO,ESOMEPRAZOL
VER AL DORSO,AMOXVULAN
VER AL DORSO,CIPROFLOXACINA 500 MG
DIMENHIDRINATO,DIMENHIDRINATO
ISOSORBIDA 5 MONONITRATO 40 % EN LACTOSA,MEDOCOR 20                                                         
KETOCONAZOL, KETOCONAZOL
BETAHISTINA MESILATO,VERTIX
AZITROMICINA,AZITROMICINA
VER AL DORSO,MEDILASCO
TRIMETOPRIM + SULFAMETOXAZOL,CO-TRIMOXAZOL
DICLOFENAC SODICO,DICLOFENAC SODICO 50MG
IBUPROFEN,IBUPROFEN 
DOXICICLINA HIDROCLORURO,DOXICICLINA 100MG
OXACILINA.,OXACILINA.
OXACILINA.,OXACILINA.
CLORHIDRATO DE AMBROXOL + CLEMBUTEROL,NATABRON PLUS
IBUPROFENO,SUPROFEN
VER AL DORSO,TECASSOL-NH
DICLORHIDRATO DE CETIRIZINA,CETIRIZINA
AMOXICILINA,AMOXICILINA
ONDANSETRÓN,ONDANSETRON
ACIDO FUSIDICO,ACIDO FUSIDICO INMENOL 2%
CANDESARTAN CILEXETIL + HIDROCLOROTIAZIDA,ACROSAR D 16/12.5 MG 
BUPIVACAINA CLORHIDRATO.,BUPIVACAINA CLORHIDRATO.
SULFATO DE HIOSCIAMINA + BROMHIDRATO DE HIOSCINA,COLIFER
VER AL DORSO,ULCEDAL 40
CEFOTAXIMA,CEFOTAXIMA 1G
BUPIVACAINA + DEXTROSA ANHIDRA,BUPIVACAINA PESADA
NISTATINA,NISTATINA
AMBROXOL CLORHIDRATO + CLENBUTEROL CLORHIDRATO,SUBROX-C
VER AL DORSO,SUBROX AMOXI
CLOPIDOGREL,CLOPIDOGREL SANDOZ
AMINOÁCIDOS (5% P/V) Y SORBITOL (5 % P/V),NIRMANIN 5S
MULTICOMPOSICION,SUTRIMIN
ATENOLOL + CLORTALIDONA,TENOMOD
FLUCONAZOL,FLUCONAZOL CALOX
VER AL DORSO,LEVOFLOXACINA ALFA  500 MG
CLORURO DE POTASIO.,CLORURO DE POTASIO.
AMOXICILINA,AMOXICILINA
VER AL DORSO,SUTOX BALSAMICO INFANTIL
PERMETRINA,PERMETRINA - INMENOL
CEFIXIMA,UNOCEF
CEFIXIMA,UNOCEF 
KETOCONAZOL,COLKET 2 %
CLORHEXIDINA GLUCONATO,PROCLEAN CLORHEXIDINA
NISTATINA,NISTATINA
DIFENHIDRAMINA HCL,FENILAR 
DIFENHIDRAMINA HCL,FENILAR 
CEFEPIME,CEFEPIME 1 G
DICLOXACILINA,DICLOXACILINA 500 MG
CLOTRIMAZOL,CLOTRIBIT
CLOTRIMAZOL,CLOTRIMAZOL
FLUCONAZOL,DIFLUCAN IV
CANDESARTAN CILEXETIL + AMLODIPINA BESILATO,CANDERSIL® MAX 16/10  
PREGABALINA,PEGABAL
PREGABALINA,PEGABAL
CABERGOLINE,DOSTINEX
AMLODIPINA BESILATO + LOSARTAN POTASICO,CARDICOL ARA 5/100
CARVEDILOL,CORYOL
DIMENHIDRINATO,VOMITRAL 25
CANDESARTAN CILEXETIL,ACROSAR 8 MG
CANDESARTAN CILEXETIL,ACROSAR 32 MG
CANDESARTAN CILEXETIL,ACROSAR 32
AMOXICILINA TRIHIDRATO & CLAVULANATO DE POTASIO, AMOXVULAN
AMOXICILINA TRIHIDRATO + CLAVULANATO DE POTASIO,AMOXVULAN
ACIDO MEFENAMICO,ACIDO MEFENAMICO 
CEFACLOR MONOHIDRATO / CLORHIDRATO DE AMBROXOL,BALSOFORT RESPIRATORIO
BISOPROLOL HEMIFUMARATO + HIDROCLOROTIAZIDA,BLOQ D 10 / 12.5
TERBINAFINA HCL,NAFIN 250
POLICRESULENO,REGENOL
POLIETILENGLICOL 400 + PROPILENGLICOL,HUMIDIA
OLMESARTÁN MEDOXOMILO,ILTUX
KETOROLACO,KETOROLACO INMENOL 20 MG
DIFENHIDRAMINA HCL,DIFENHIDRAMINA INMENOL
DIMENHIDRINATO,DRAMINEX
CEFALEXINA,CEFALEXINA 500MG  
DESLORATADINA,DESARIUS®
VER AL DORSO,CLODIZOL PLUS
PREDNISONA,PREDNISONA INMENOL
CANDESARTAN CILEXETIL,XILETIL 32
OXITOCINA.,OXITOCINA.
TADALAFIL,TEMPESTAD 
CLINDAMICINA,CLINDAMICINA INMENOL
CLORURO DE SODIO,CLORURO DE SODIO 0.9 % 
MULTICOMPOSICIÓN,METAPLEX                 
ESOMEPRAZOL MAGNESIO TRIHIDRATO,ESOMEPRAZOL
MULTICOMPOSICION,COMPLEJO B
DESLORATADINA,DESLORATADINA
CLINDAMICINA + CLOTRIMAZOL,AFUXCLIN PLUS
OLMESARTÁN MEDOXOMILO,ILTUX
DEXAMETASONA SODIO FOSFATO,DEXAMETASONA - INMENOL
LOSARTAN POTÁSICO,LOSARTAN MK® 
SALBUTAMOL,SALBUTAMOL 
PERMETRINA,PERMETRINA 5%
KETOROLACO TROMETAMINA,TROVIL 30 MG
NIFEDIPINA,NIFEDIPINA 10 MG
VER AL DORSO,TETRACICLINA 500 MG
CARVEDILOL,CORYOL
CARVEDILOL,CORYOL
MONTELUKAST SÓDICO,PLENAIR 5
VER AL DORSO,CANDERSIL ULTRA 8/5/12.5
CANDESARTAN CILEXETIL + HIDROCLOROTIAZIDA,CANDERSIL 32 D
CANDESARTAN CILEXETIL + HIDROCLOROTIAZIDA,CANDERSIL 32 D
VER AL DORSO,STERIMAR
PROTEÍNA (ALBÚMINA HUMANA),PLASBUMIN-25
PROTEÍNA (ALBÚMINA HUMANA),PLASBUMIN-25
PROTEÍNA (ALBÚMINA HUMANA),PLASBUMIN-20
PROTEÍNA (ALBÚMINA HUMANA),PLASBUMIN-20
PROTEÍNA (ALBÚMINA HUMANA),SERALBUMIN-25
PROTEÍNA (ALBÚMINA HUMANA),SERALBUMIN-25
ESTRADIOL,PROGET
GLUCOSAMINA SULFATO + MELOXICAM,DOLO VARTALON
GLUCOSAMINA SULFATO + MELOXICAM,DOLO VARTALON
CLORURO DE POTASIO,CLORURO DE POTASIO ALFA 7.5 %
CLORURO DE POTASIO,CLORURO DE POTASIO ALFA 7.5 %
TROMBOPOYETINA HUMANA RECOMBINANTE (RHTPO,ZYPOTIN-TPO        
FLUCONAZOL,DIFLUCAN
DEFLAZACORT,ZAMEN®
CEFALEXINA MONOHIDRATO,CEFALEXINA 250MG/5ML  
TIOPENTAL SODICO,THIOPENTAX
CANDESARTAN CILEXETIL,ACROSAR 16 MG
METRONIDAZOL + NISTATINA,METRONIDAZOL +  NISTATINA
CANDESARTAN CILEXETIL + HIDROCLOROTIAZIDA,ACROSAR D 32/12.5 MG 
ACIDO VALPROICO,VALIPESIA®
VER AL DORSO,CLORURO DE SODIO 0.45% CON DEXTROSA 5% ALFA
VER AL DORSO,SUPROFEN COLD
RHEPO,HEMOTIN-EPO                  
LEVETIRACETAM,KEPPRA
N-ACETILCISTEÍNA,U SQUARE FLUMIX      
FLUOXETINA.,FLUOXETINA
VER AL DORSO,DOXIPROCT
FENOFIBRATO,CONTROLIP
ERITROPOYETINA RECOMBINANTE HUMANA,ERITROPOYETINA 2000 UI ROWE
VER AL DORSO,ERITROPOYETINA  4000 UI ROWE
VER AL DORSO,ERITROMICINA ESTEARATO
DICLOFENACO SODICO,VOLTAREN SR 75 
GEMCITABINA (COMO CLOHIDRATO),GEMCITABINA 
GEMCITABINA COMO CLORHIDRATO,ERIOGEM 1000 MG
MULTICOMPOCISION,ANOREX
ESOMEPRAZOL,IBERPRAZOL 20
VER AL DORSO,TERMEX
ASPARTATO DE ARGININA + GLUTODINA,DYNAMOGEN
ASPARTATO DE ARGININA + GLUTODINA,DYNAMOGEN
FLUCONAZOL,ANTIFUNGOL
ORLISTAT,ESBELLE 120 MG
FORMOTEROL FUMARATO + BUDESONIDA,FORTEL B 
VER AL DORSO,AMOXYLAN
ACETAMINOFEN,ACETAMINOFEN
CLORANFENICOL,CLORANFENICOL 500MG
VER AL DORSO,AMINAX 
CEFIXIMA,UNOCEF
CEFIXIMA,UNOCEF
KETOROLACO TROMETAMINA,TROVIL 10
ALBENDAZOL,ALBENDAZOL
AMBROXOL HIDROCLORURO,AMBROXOL 
CLOPIDOGREL BISULFATO USP,CLOPIDOGREL LAM 75 MG
DIMENHIDRINATO,VOMITRAL 50
CARBONATO DE CALCIO + COLECALCIFEROL,CALCIO CARBONATO & COLECALCIFEROL (VIT. D3)
VER AL DORSO,SULFATO DE MAGNESIO  50% ALFA 
UNDECANOATO DE TESTOSTERONA,NEBIDO
UNDECANOATO DE TESTOSTERONA,NEBIDO
UNDECANOATO DE TESTOSTERONA,NEBIDO
CLORHIDRATO DE METFORMINA,PREDIAL 500MG
VITAMINA E + VITAMINA B6,AQUAVIT B6
LANSOPRAZOL,LANSOPRAZOL 
VER AL DORSO,"BETAMETASONA, CLOTRIMAZOL & GENTAMICINA"
INMUNOGLOBULINA ANTIHEPATITIS B (HUMANA),HYPERHEP B
VER AL DORSO,AMINAX 
TRIMETOPRIM + SULFAMETOXAZOL,CO-TRIMOXAZOL
FLUCONAZOL,FLUCONAZOL  ALFA 
FLUCONAZOL,FLUCONAZOL ALFA
PROPINOX HCL,SENTROL 
PREGABALINA,NEURAXPREG® 300
PREGABALINA,NEURAXPREG® 300
PREGABALINA,NEURAXPREG® 300 
PREGABALINA,NEURAXPREG 75 mg
PREGABALINA,NEURAXPREG® 75
PREGABALINA,NEURAXPREG 75 
GABAPENTINA,GABILEP 400 MG
CIPROFIBRATO,CEROCOL 100
FOSFATO DE CLINDAMICINA + CLOTRIMAZOL,VAGIDEL
KETOROLACO TROMETAMINA,DOLTEN 20
LANSOPRAZOL,PEPTICUS
HALOPERIDOL,HALOPERIDOL
PIRACETAM,ALERTOL 1G
CLARITROMICINA BASE,CLARITROMICINA   250 MG GENERIFAR
POLICRESULENO,ALBOTHYL
RIFAMICINA SV (COMO RIFAMICINA SV SÓDICA),RIFAMICINA LAFEDAR
DICLOFENAC ACIDO LIBRE,DICLOFENAC
GABAPENTINA,GABILEP 300 MG
CLORURO DE SODIO,CLORURO DE SODIO ALFA
CLORURO DE SODIO,CLORURO DE SODIO ALFA
LORAZEPAM,TENSOPAN 1
LORAZEPAM,TENSOPAN 1
TRIMETROPRIM & SULFAMETOXAZOL,CO-TRIMOXAZOL
IBUPROFENO,IBUFAR
IBUPROFENO,IBUFAR
PIRACETAM,PIRACETAM
VER AL DORSO,FLEXOR
ACETAMINOFEN + TRAMADOL CLORHIDRATO,DUPLODOL
ITRACONAZOL,SUED ITRAPLUS
AZITROMICINA.,AZITROMICINA.
ATENOLOL.,ATENOLOL.
MOSAPRIDA CITRATO,MOTIDE 5                                                              
MOSAPRIDA CITRATO,MOTIDE 5                                                              
PROPRANOLOL CLORHIDRATO.,PROPRANOLOL CLORHIDRATO.
ATROPINA SULFATO,ATROPINA ALFA  1 MG/ML
ATROPINA SULFATO,ATROPINA ALFA 1 MG / ML
CARISOPRODOL / MELOXICAM,DORSAL
ACETAMINOFEN,ALIDOL
ROCIVERINA,RILATEN 
ROCIVERINA,RILATEN
ATENOLOL,ATENOLOL 50                                                           
VER AL DORSO,HEBERPROT-P 75
ALBUMINA HUMANA,ALBUNORM
LEVOFLOXACINA (COMO HEMIHIDRATO),PRIMERIS 750                                                          
GENTAMICINA SULFATO,GENTA-SI 40 MG
CLORHIDRATO DE METFORMINA,PREDIAL PLUS 850 MG
METFORMINA + GLIBENCLAMINA,SIL-NORBORAL
VER AL DORSO,SIL-NORBORAL
ETAMSILATO,DICYNONE
VER AL DORSO,VISIPRED 110 MG
PARACETAMOL + ERGOTAMINA TARTRATO + CAFEÍNA,LAMIGRAX® PLUS 
NITAZOXANIDA,NIZONIDE
CEFUROXIMA AXETIL,LEXA 250 
SULFATO DE MAGNESIO (HEPTAHIDRATO),SULFATO DE MAGNESIO 200 MG/ML
ACETAMINOFEN+FENILEFRINA+LORATADINA,LARITOX SINUS
VER AL DORSO,LARITOX SINUS
KETOROLACO TROMETAMINA,TROVIL 60 MG
VER AL DORSO,MELACARE FORTE
NEVIBOLOL + HIDROCLOROTIAZIDA,NABUDOL-H
MULTICOMPOSICION,EFEC-TUSSIN
MULTICOMPOSICION,EFEC-TUSSIN 
NEBIVOLOL,NABILA
RISPERIDONA,RISPOLUX
RISPERIDONA,RISPOLUX
DEXTROSA,DEXTROSA 50%
FLUCONAZOL,FLUCONAZOL
BROMHIDRATO DE HIOSCINA,GASTROSANOL
ENOXAPARINA SODICA,COPARINA  40                                                          
ENOXAPARINA SODICA,COPARINA  40                                                          
ENOXAPARINA SODICA,COPARINA  80                                                          
ENOXAPARINA SODICA,COPARINA  60                                                          
ENOXAPARINA SODICA,COPARINA  60                                                          
ENOXAPARINA SODICA,COPARINA   20                                                         
ENOXAPARINA SODICA,COPARINA   20                                                         
CETUXIMAB,ERBITUX 
AMINOACIDOS (10 % P/V) CON ELECTROLITOS,NIRMANIN
GLIMEPIRIDA,GLIMERYL® 4
MULTICOMPOSICION,LARITOX®  MULTISINTOMAS
MULTICOMPOSICION,LARITOX® MULTISINTOMAS
BEVACIZUMAB,AVASTIN                                                               
VER AL DORSO,ZUDENINA PLUS
N-ACETIL-L-CISTEÍNA,USQUARE FLUMIX 
ACIDO ASCORBICO,ACIDO ASCÒRBICO
ALBENDAZOL,ALBENDAZOL
MULTICOMPOSICION,TRIVAL                                                                
VER AL DORSO,REUMOTEN
SIMVASTATINA,LIPOFAR® - 40
SIMVASTATINA,LIPOFAR® - 20
CLOTRIMAZOL,CLOTRIMAZOL CALOX 1%
CLOTRIMAZOL,CLOTRIMAZOL CALOX 1%
CLOTRIMAZOL,CLOTRIMAZOL CALOX 1%
VER AL DORSO,PROGRAF XL
VER AL DORSO,PROGRAF XL
VER AL DORSO,PROGRAF XL
VER AL DORSO,CLODIZOL 3
"ROSUVASTATINA CÁLCICA, EQUIVALENTE A ROSUVASTATINA",ROSALTA-10
VER AL DORSO,HEMOTIN-EPO
LOSARTÁN POTÁSICO,AVANTAR 100 MG
LOSARTÁN POTÁSICO,AVANTAR 
DICLOFENAC ÁCIDO LIBRE,DICLOFENAC -INMENOL
ATENOLOL + NITRENDIPINA + CLORTALIDONA,AKOREN
CARBONATO DE CALCIO,CALCIO CARBONATO 
TAMSULOSINA CLORHIDRATO PELLETS RETARD,TAMSULOSINA ETHICAL 
OXIBUTININA CLORHIDRATO,URGINAL
OXIBUTININA CLORHIDRATO,URGINAL                                                               
HIERRO DEXTRANO,HIERRO DEXTRANO
YODOPOVIDONA,PROCLEAN YODOPOVIDONA
SALBUTAMOL SULFATO,SALBUTAMOL-INMENOL 5 MG/ML
VER AL DORSO,SUTOX
VER AL DORSO,SUTOX
FOSFOMICINA,FORMICINA 
VER AL DORSO,FORMICINA
DIMENHIDRINATO,DIMENHIDRINATO INMENOL 50 MG
IBUPROFENO / CAFEINA / ERGOTAMINA TARTRATO,SUMIGRAN PLUS
CABERGOLINA,CABERTRIX
CABERGOLINA,CABERTRIX
VER AL DORSO,ACROTUSSIN D 
CEFIXIMA,EUROCEFA-3
NEOSTIGMINA METILSULFATO.,NEOSTIGMINA METILSULFATO.
VER AL DORSO,BRONCOCHEM DESCONGESTIONANTE
VER AL DORSO,BRONCOCHEM DESCONGESTIONANTE
MULTICOMPOSICION,BRONCOCHEM ANTIGRIPAL 
VER AL DORSO,ANTIFLU-DES FORTE
ENOXAPARINA SODICA,MEPARINA 80
ENOXAPARINA SODICA,MEPARINA 80
ENOXAPARINA SODICA,MEPARINA 40
ENOXAPARINA SODICA,MEPARINA 40 
ENOXAPARINA SODICA,MEPARINA 60
ENOXAPARINA SODICA,MEPARINA 60
ENOXAPARINA SODICA,MEPARINA 20
ENOXAPARINA SODICA,MEPARINA 20 
VALERATO DE ESTRADIOL + DIENOGEST,QLAIRA
OMEPRAZOL (COMO SAL SODICA),OMEPRAZOL RICHET
HIDROXICARBOXIMETILCELULOSA EHM,LAGRINOX 80 MG / 10 ML
CARBAMAZEPINA,VERSITOL RETARD 
NORADRENALINA (COMO BITARTRATO),NORADRENALINA RICHET
CANDESARTAN CILEXETILO + AMLODIPINA BESILATO,CANDERSIL® MAX 16/5 
TOBRAMICINA SULFATO EQUIVALENTE A TOBRAMICINA,OBICIN
VER AL DORSO,BRONCOCHEM ANTIGRIPAL 
VER AL DORSO,VICK VAPORUB
NITAZOXANIDA,NITAZOXANIDA - INMENOL 100 MG / 5 ML
NITAZOXANIDA,NITAZOXANIDA - INMENOL 500 MG
ACETAMINOFEN,ALIDOL
ACETAMINOFEN,ALIDOL
BISOPROLOL FUMARATO,BISOPROLOL ETHICAL
CANDESARTÁN CILEXETILO,CANDESARTÁN ETHICAL
INMUNOGLOBULINA HUMANA ANTI­​ D,RHOPHYLAC 300
METFORMINA + GLIBENCLAMIDA,HIPOGLUCEM PLUS
AZITROMICINA DIHIDRATO,AZITROMICINA INMENOL 500 MG
AZITROMICINA DIHIDRATO,AZITROMICINA INMENOL 500 MG
BENCILPENICILINA PROCAINICA FORTIFICADA,BENCILPENICILINA PROCAÍNICA FORTIFICADA 0.4
ACETAMINOFEN+GUAYACOLATO DE GLICEROLO+GUAYACOL,BRONQUILASCO 300 MG / 25 MG / 1.00 MG
CANDESARTÁN CILEXETILO + HIDROCLOROTIAZIDA,CANDESARTÁN + HIDROCLOROTIAZIDA ETHICAL
VER AL DORSO,FINITACID
RAMIPRIL,RAMIPRIL ETHICAL 
R-HUEPO,HEMOTIN-EPO                  
CARBAMAZEPINA,VERSITOL RETARD 
DOPAMINA,DOPAMINA
PARACETAMOL + TRAMADOL CLORHIDRATO,MATRIX
PARACETAMOL + TRAMADOL CLORHIDRATO,MATRIX                                                                
CARVEDILOL,CARBALINE 6.25 MG
VER AL DORSO,FINITACID 
MOMETASONA FUROATO,DERMACORTINE
CALCIO TETRAHIDRATADO + VITAMINA DE POLVO,CITRAGEL
FEXOFENADINA,ALLEGRA PEDIATRICO
FEXOFENADINA,ALLEGRA PEDIATRICO
FEXOFENADINA,ALLEGRA PEDIATRICO
VER AL DORSO,DRETOX COMPUESTO
INTERFERON B-1 a,REBIF NF 44 MCG / 0.5 ML
EFEDRINA SULFATO.,EFEDRINA SULFATO
VER AL DORSO,DOXALAM® ULTRA 50/5/12.5 
VER AL DORSO,HIERRO SACAROSA
BUSPIRONA,RELAX
ISOSORBIDE MONONITRATO,MONOBIDE 20                                                           
PIRACETAM,ACTIBRAL 1.0 G
PERINDOPRIL ARGININA + AMLODIPINO,COVERAM 5 MG / 5 MG
PERINDOPRIL ARGININA + AMLODIPINO,COVERAM 5 MG /10 MG 
PERINDOPRIL ARGININA + AMLODIPINO,COVERAM 10 MG /5 MG
SULFATO DE MORFINA,DIMORF                                                                
PRAMIPEXOL DICLORHIDRATO MONOHIDRATO,PARMITAL
CELECOXIB,MAXIMUS 200 MG
CELECOXIB,MAXIMUS 400 MG
ETAMSILATO,HEMOSTOP
LEVOCETIRIZINA DICLORHIDRATO,LEVALER 2.5 mg / 5 mL
DOPAMINA CLORHIDRATO.,DOPAMINA CLORHIDRATO.
MONTELUKAST SODICO EQUIVALENTE A MONTELUKAST,LUPRIKET 10 MG
DEXTROSA MONOHIDRATO,DEXTROSA ALFA 30% 
TINIDAZOL + TIOCONAZOL,COLPOSAN
 TIOCONAZOL+TINIDAZOL ,COLPOSAN
METFORMINA CLORHIDRATO + GLIMEPIRIDA,FORVEL PLUS 4
LEVOFLOXACINA HEMIHIDRATO EQ. A LEVOFLOXACINA BASE,FLOXAPRIN 750 mg
VER AL DORSO,FLOXAPRIN 750 MG
LEVOFLOXACINA,FLOXAPRIN 500 MG
VER AL DORSO,AMINAX 70 MG / ML
DIMENHIDRINATO,DRAMANYL 50 MG
CLOTRIMAZOL,CLOTRIMAZOL
METRONIDAZOL + NISTATINA,"METRONIDAZOL 500 MG + NISTATINA 100,000 UI IF"
VER AL DORSO,AFUXCLIN
BENCILPENICILINA BENZATINICA,BENCILPENICILINA BENZATÍNICA 0.6
BENCILPENICILINA PROCAINICA FORTIFICADA,BENCILPENICILINA PROCAÍNICA FORTIFICADA 4.0
CANDESARTAN CILEXETILENO + HIDROCLOROTIAZIDA,INLOSEP H 32 
METOCLOPRAMIDA,METOCLOPRAMIDA
DEXAMETASONA FOSFATO SÓDICO,DEXAMETASONA FOSFATO SÓDICO
LEVOTIROXINA SODICA,TIROXMEN 100
LEVOTIROXINA SODICA,TIROXMEN 100
VER AL DORSO,LUSIA - F
ÁCIDO ASCÓRBICO,CETAB
VER AL DORSO,TABCIN NIÑOS
TIBOLONA,CLIMATIX
TIBOLONA,CLIMATIX                                                              
PREDNISOLONA FOSFATO DISÓDICO,INFLAVIR
VER AL DORSO,INFLAVIR
PREDNISOLONA FOSFATO DISÓDICO,INFLAVIR
AMBROXOL HCL,BIO-BRONQ
DIMENHIDRINATO,DRAMANYL® 50 mg
METFORMINA CLORHIDRATO,METFORMINA CLORHIDRATO
LOSARTÁN POTÁSICO + HIDROCLOROTIAZIDA,LOSARTÁN + HIDROCLOROTIAZIDA ETHICAL
CITRATO DE ORFENADRINA - DICLOFENAC SODICO,ORFENAFLEX- D®
SEVOFLURANO,SEVOFLURANO
MENTOL + SALICILATO DE METILO,DOLORITA
ATORVASTATINA + EZETIMIBA,COLMIBE
R-HUEPO,HEMOTIN-EPO                  
LEVOCETIRIZINA,XUZAL
TRAVOPROST,XETIVA
ACIDO FUSIDICO,FUSICARE
VER AL DORSO,P-ZOBACT
ATORVASTATINA + EZETIMIBA,COLMIBE
CARBAMAZEPINA,ADMIRA 200
KETOROLACO TROMETAMOL.,KETOROLACO TROMETAMOL.
KETOROLACO TROMETAMOL.,KETOROLACO TROMETAMOL.
"LEVOSULPIRIDE, SIMETICONA",STOMET-L 100 MG+ 25 MG
ÁCIDO ASCORBICO + ZINC QUELATO,CEBION ZINC
ÁCIDO ASCORBICO + ZINC QUELATO,CEBION ZINC
LOSARTAN POTASICO,INDUFAR - ACCORD 50 MG 
VER AL DORSO,HOPENOR PLUS
VER AL DORSO,HOPENOR PLUS 
AMIKACINA SULFATO,AMIKA-SI 500 mg
PRAMIPEXOL DICLORHIDRATO,PARMITAL
NEBIVOLOL,NABILA
CITRATO DE FENTANILO,FENTANEST 
MULTICOMPOSICION,CALCIORAL
ETONOGESTREL / ETINILESTRADIOL,NUVARING
MULTICOMPOSICION,AMINOVEN10 %
TAMSULOSINA,SOLUPROST
METFORMINA CLORHIDRATO/ GLIMEPIRIDA,FORVEL PLUS 2
LOSARTAN POTASICO + HIDROCLOROTIAZIDA,LOSARTAN + HIDROCLOROTIAZIDA ETHICAL
CLORHIDRATO DE METFORMINA,PREDIAL PLUS 
VER AL DORSO,PRECOR L 5/20
VER AL DORSO,LIMAPENEM
SULFATO FERROSO + ACIDO FOLICO,FERROLASCO-FOLIC
VER AL DORSO,CLOPIDOGREL BISULFATO
PIRACETAM,PIRACET
ATORVASTATINA CALCICA,ARVAS 10 
DICLOXACILINA SÓDICA,DICLOXACILINA  
IBUPROFEN,IBUPROFEN
VER AL DORSO,GELFOS 
MONTELUKAST SODICO,PLENAIR 4
PERINDOPRIL ARGININA + AMLODIPINO,COVERAM
MONTELUKAST SODICO,MONTELUKAST 4 mg IF
PROPOFOL,NIRFOL
CAPECITABINA,CAPECITABINA VARIFARMA
GABAPENTINA,GABOTON
TOXINA BOTULINICA TIPO A,BOTOX
TOXINA BOTULINICA TIPO A,BOTOX
VER AL DORSO,DOXIPROCT PLUS
VER AL DORSO,DOXIPROCT PLUS
HEPARINA SÒDICA.,HEPARINA SÒDICA.
MISOPROSTOL,CYTOTEC
DEXTROSA HIDRATADA Y CLORURO DE SODIO,DEXTROSA AL 5 % / CLORURO DE SODIO AL 0.33%
VALSARTÁN + AMLODIPINA BESILATO,CARDIO - K® PLUS 160/10
FLUMAZENIL,FLUMAZENIL RICHET
MULTICOMPOSICION.,LIPOVENOS MCT 20 %.
PROPOFOL,PROPOFOL 1% MCT
CEFTRIAXONA SODICA,ZETRALER 1g
TRAMADOL CLORHIDRATO.,TRAMADOL CLORHIDRATO.
PIRACETAM,"ALERTOL 1,200"
VER AL DORSO,GASTOP
CITICOLINA SÓDICA,REAGIN 500
SECNIDAZOL,SECNIDAZOL
FACTOR DE COAGULACIÓN IX,OCTANINE F 
PROGESTERONA,PROGESTIN 100
IMATINIB (COMO IMATINIB MESILATO),MATINEB 100 
IMATINIB (COMO MESILATO),MATINEB 100
MANITOL,MANITOL 20% ALFA 
MANITOL,MANITOL 20% ALFA 
GLIMEPIRIDA,GLIMEPIRIDA 2MG IF
VER AL DORSO,HARDEX 2 A-D
FLUCONAZOL,FLUMARIN
CLORHIDRATO DE METFORMINA,METFORMINA MK
ETAMSILATO,HEMOSTOP
AMINOSIDINA SULFATO,AMIOXIN
BISOPROLOL FUMARATO,BISOPROLOL ETHICAL
VER AL DORSO,MODACEN
CLONAZEPAM,RIVOTRIL
CLONAZEPAM,RIVOTRIL
EBASTINA,EBAST
OMEPRAZOL,OMEPRAZOL 20 MG IF
VER AL DORSO,DENUAL
GLUCONATO DE CLORHEXIDINA,HIBISCLEAN 
DESOGESTREL,CERAZETTE
MONTELUKAST SÓDICO,ASMAX® 10
MONTELUKAST SÓDICO,ASMAX® 10
LEVOCETIRIZINA,XUZAL
VER AL DORSO,HUMYLUB OFTENO
IOPAMIDOL,SCANLUX
IOPAMIDOL,SCANLUX
VER AL DORSO,FLEET ENEMA NIÑOS                                                     
VER AL DORSO,NEUKINE  PFS
ROSUVASTATINA CALCICA,SKORLAT 5
ROSUVASTATINA CALCICA,SKORLAT 10
ROSUVASTATINA CÁLCICA,SKORLAT 10
METFORMINA CLORHIDRATO,METFORMINA CLORHIDRATO 850 
METFORMINA CLORHIDRATO,METFORMINA CLORHIDRATO
FENOFIBRATO,TRIGLICER 
MONTELUKAST SODICO. EQUIVALENTE A MONTELUKAST,LUPRIKET
ROSUVASTATINA,SKORLAT 20
DIOSMINA + HESPERIDINA,BENORIL 500
DIOSMINA + HESPERIDINA,BENORIL 500
CLINDAMICINA + KETOKONAZOL,CLIOFAR K
ÁCIDO FUSÍDICO,FUSIDEX
VER AL DORSO,SUBROX AMOXI
AMINOSIDINA SULFATO,AMIOXIN 500
GABAPENTINA,GABOTON
AMINOSIDINA SULFATO (EQUIVALENTE A AMINOSIDINA BASE),PARAMOX-250
AMLODIPINA BESILATO + HIDROCLOROTIAZIDA,LODIPIN-DIU 10/12.5
ALOPURINOL,ZURIM
ALOPURINOL,ZURIM
BETAMETASONA VALERATO (EQUIVALENTE A BETAMETASONA BASE),PONETEN
LEVOSULPIRIDE,LEVOSULPIRIDE
LEVOSULPIRIDE,LEVOSULPIRIDE                                                        
RAMIPRIL,RAMIPRIL ETHICAL
ACETAMINOFEN,LAPROTER 
MICOFENOLATO DE MOFETILO,MICOFLAVIN 500
MALEATO DE CLORFENIRAMINA + CAFEÍNA ANHIDRA,HISTAPRIN
ENANTATO DE TESTOSTERONA,PRIMOTESTON® DEPOT
AMINOSIDINA,AMIOXIN
KETOROLACO TROMETAMINA,DOLTEN 60 
KETOROLACO TROMETAMINA,DOLTEN 60
CEFTRIAXONA SÓDICA,CETRIAF 1 G / I.V.
PREGABALINA,NEURAXPREG  150
PREGABALINA,NEURAXPREG® 150  
ACETATO DE CIPROTERONA + ETINILESTRADIOL,PREVENT 
AZACITIDINA,ICLACITIDINA
AZACITIDINA,ICLACITIDINA
CLORHIDRATO DE OLOPATADINA,PATANOL-S
CLOTRIMAZOL + CLINDAMICINA FOSFATO,VAGIL C DUO
OMEPRAZOL,OMEPRAZOL
CEFTRIAXONA,CEFTRIAXONA FELTREX
FENTANILO,FENTANILO
MULTICOMPOSICION,ACROTUSSIN 
ROSUVASTATINA CÁLCICA + EZETIMIBE,SINCOLEX® EZ 20/10 
ROSUVASTATINA CÁLCICA,SINCOLEX® 20
ROSUVASTATINA CÁLCICA,SINCOLEX® 20
ROSUVASTATINA CÁLCICA,SINCOLEX® 20
CANDESARTAN CILEXETILO,CAPSARTAN 16 MG
DICLOFENACO POTÁSICO,OXA UNO 
VER AL DORSO,BLASTOFERON 44 µg (12 M.U.I.)
VER AL DORSO,BLASTOFERON 22 µg (6 M.U.I.)
IMIPENEM + CILASTATINA,IMIPENEM + CILASTATINA
CLOTRIMAZOL+NISTATINA,DEOZOL PLUS
CARVEDILOL,BIDECAR 25 MG
VER AL DORSO,TASIGNA
POLICRESULENO,STATICA
POLICRESULENO,STATICA
VER AL DORSO,TASIGNA
ERITROPOYETINA,ERITROPOYETINA 10.000 UI
MULTICOMPOSICIÓN,APETÉN
CIPROTERONA ACETATO Y ETINILESTRADIOL,CIPROTERONA ACETATO Y ETINILESTRADIOL
AMOXICILINA + SULBACTAM,TRIFAMOX IBL DUO
LEVONORGESTREL,IMEDIAT N
BISOPROLOL FUMARATO / HIDROCLOROTIAZIDA,TERIAL-H 5/6.25
BISOPROLOL FUMARATO + HIDROCLOROTIAZIDA,TERIAL H 2.5 / 6.25
ROSUVASTATINA CÁLCICA,SINCOLEX® 10
VER AL DORSO,ESPASMO DOLOFOR
PROPINOXATO HCI +CLONIXINATO DE LISINA,ESPASMO DOLOFOR
METRONIDAZOL.,KABIZOL
MESILATO DE DOXAZOSINA,CARDURA XL
MESILATO DE DOXAZOSINA,CARDURA XL
POLICRESULENO / CINCOCAINA,PRURICA
VER AL DORSO,PRURICA
VER AL DORSO,DIPRONOVA
TRAMADOL CLORHIDRATO+ DICLOFENACO SÓDICO,ADORLAN 
MANITOL,OSMORIN
ERITROPOYETINA,ERITROPOYETINA 2000 UI
ERITROPOYETINA,ERITROPOYETINA  4000 UI
ERITROPOYETINA,ERITROPOYETINA 4000 UI
PANTOPRAZOL,SECREPAN 20
PANTOPRAZOL,SECREPAN  40
CEFUROXIMA.,ZINNAT
CEFUROXIMA,ZINNAT
CETIRIZINA DICLORHIDRATO + FENILEFRINA DICLORHIDRATO,ALERCET D
DICLOFENAC SÓDICO,DICLOFENAC
VER AL DORSO,POYETIL-FOL
HIDROCLOROTIAZIDA,HIDROCLOROTIAZIDA
ÁCIDO ASCÓRBICO,ÁCIDO ASCÓRBICO
OMEPRAZOL SODICO,OMEPRERLIN
DIAZEPAM,COMPAZ CRISTALIA
VER AL DORSO,FILGRASTIM
AZITROMICINA (DIHIDRATO),MICROZIT
MULTICOMPOSICION,MEDOX ABC
FLUCONAZOL,FLUCONAZOL CALOX
GENTAMICINA SULFATO,GENTAMICINA
SALBUTAMOL SULFATO,SALBUTAMOL
CANDESARTAN CILEXETILO,LOCAND 16 mg
VER AL DORSO,ORBIT B-12
LANSOPRAZOL,LANSOPRAZOL PL
ACEBROFILINA,BIOMUCOL
ACIDO LACTICO,ACTIDERM
ACETAMINOFEN,ALIDOL
VER AL DORSO,DOLO-MEDOX
OLMESARTAN + HIDROCLOROTIAZIDA,OLMEDOS H 20/12.5
IOHEXOL,XULVARIO
ALCOHOL ISOPROPILICO,ALCOHOL ISOPROPILICO 70 % PROCLEAN
DIPIRONA SODICA MONOHIDRATADA,NEO - MELUBRINA
DIPIRONA SODICA MONOHIDRATADA,NEO - MELUBRINA
DIPIRONA SODICA MONOHIDRATADA,NEO-MELUBRINA
ALBUMINA SERICA HUMANA,ALBUMINA SK
ALBUMINA SERICA HUMANA,ALBUMINA SK
SALBUTAMOL SULFATO,SALBUMOX
MEROPENEM TRIHIDRATO,MEROPENEM 1 g BDR
MEROPENEM TRIHIDRATO,MEROPENEM 500 mg BDR
ACIDO ASCORBICO,CEBION SABOR NARANJA 1G
DICLOFENACO SODICO,DIOXAFLEX 75
DIPIRONA SODICA MONOHIDRATADA,NEO-MELUBRINA 
DIPIRONA SODICA MONOHIDRATADA,NEO-MELUBRINA
VER AL DORSO,BONESE
LOSARTAN POTASICO + AMLODIPINA BESILATO,CARDILAT PLUS 100/5
LOSARTÁN POTÁSICO + AMLODIPINA BESILATO,CARDILAT® PLUS 100/5 
PAROXETINA,PAXIL CR 25 mg
PAROXETINA,PAXIL CR 25 MG
MELOXICAM,MELOXICAM CALOX
VER AL DORSO,AMPICILINA 500 mg
CEFALEXINA ANHIDRA BP EQUIV CEFALEXINA,CEFALEXINA 500 MG
AMOXICILINA TRIHIDRATO BP EQUIVALENTE A AMOXICILINA,AMOXICILINA 500 MG
AZACITIDINA,VIDAZA
VER AL DORSO,OTOFAR
CETIRIZINA CLORHIDRATO,CETIRINA
CLARITROMICINA,CLARITROMICINA RICHET 
ESOMEPRAZOL,ULSSIUM
FOSFOMICINA CALCICA,FOSS
FOSFOMICINA CALCICA,FOSS
ESPIRONOLACTONA,INDURIT
OLANZAPINA,OLANFEL
TIOCOLCHICOSIDO,TIOCOLCHICOSIDO CALOX
GLUCOSA,GLUCOSA
AMLODIPINA BESILATO,NICROSS ®
VER AL DORSO,UNIPAR COMPLEX
VER AL DORSO,PIGLIFAR M 4/850
LOSARTÁN POTÁSICO + HIDROCLOROTIAZIDA,CARDILAT® 50 D   
CLOPIDOGREL BISULFATO AL 91.7%,CLOPIXAN ®
CLORHIDRATO DE FEXOFENADINA,ALLEGRA
CLORHIDRATO DE FEXOFENADINA,ALLEGRA
FUROSEMIDA,FUROSEMIDA
METOCLOPRAMIDA CLORHIDRATO,METOCLOPRAMIDA 
MOMETASONA FUROATO,DERMACORTINE
CANDESARTAN CILEXETILO,CAPSARTAN
BISULFATO DE CLOPIDOGREL,CLOPIDOGREL SUED
VER AL DORSO,PENICILINA G CRISTALINA
VER AL DORSO,CINAPIR BIOCEUTICS
AZITROMICINA DIHIDRATO,AZIBACTER BIOCEUTICS
AMBROXOL,AMBROXOL SAMED
CANDESARTAN CILEXETILO,REPERCUS
CLOPIDOGREL BISULFATO,PLAQUETONIL-75
LEVOFLOXACINA HEMIHIDRATADO,LEVONAT BIOCEUTICS
CARDESARTAN CILEXETILO,CARDICAN BIOCEUTICS
IRINOTECAN CLORHIDRATO TRIHIDRATO,IRINOTECAN UNIPHARM
VER AL DORSO,DICLOPRIN 1%
AZITROMICINA,AZITROMICINA CYMACLA
AZITROMICINA DIHIDRATO,AZITROMICINA CYMACLA
MULTICOMPOSICION,DOLO ULTRAFEN
"ACETAMINOFEN, VIT B1+VITB6+VITB12",DOLO ULTRAFEN
FOSFOMICINA,FOSFOMICINA CYMACLA
FOSFOMICINA,FOSFOMICINA CYMACLA
AZITROMICINA DIHIDRATO EQ. A AZITROMICINA,ZOSTRIX
BISOPROLOL HEMIFUMARATO + AMLODIPINA BESILATO,BISOCOR® PLUS 5/10
BISOPROLOL FUMARATO,BISBETA
BETAHISTINA DICLORHIDRATO,BOLARIA 24
BETAHISTINA DICLORHIDRATO,BOLARIA 24
BETAHISTANA DICLORHIDRATO,BOLARIA 24
BETAHISTINA DICLORHIDRATO,BOLARIA 24
VER AL DORSO,OPTIRAY 320
ESOMEPRAZOL MAGNESICO Eq. A ESOMEPRAZOL,METIOM 40 mg
ESOMEPRAZOL MAGNESICO EQ. A ESOMEPRAZOL,METIOM 20 mg
MULTICOMPOSICION,METAPLEX
ACIDO ACETIL SALICÍLICO,ASPIALFA 
VER AL DORSO,EVOCS III 
ROSUVASTATINA,ROSUVASTATINA 10 MG
ROSUVASTATINA,ROSUVASTATINA 20 mg
PROGESTERONA MICRONIZADA,ETIPROGEST
TADALAFILO,CIALIS
CETIRIZINA DICLORHIDRATO,CETIRIZINA DICLORHIDRATO CALOX
AMLODIPINA + LISINOPRIL,NOLICROSS EXTRA
PERMETRINA,NOVO HERKLIN 2000
DEXTROSA,DEXTROSA
DEXTROSA,DEXTROSA
"HIDROCORTISONA SÓDICA, SUCCINATO",HIDROCORTISONA 
METRONIDAZOL,METRONIDAZOL
TAMSULOSINA CLORHIDRATO,TAMSULOSINA 0.4 mg CÁPSULA DE LIBERACIÓN PROLONGADA
KETOROLACO TROMETAMINA,KETORODOL 10
VER AL DORSO,HIDRÓXIDO DE MAGNESIO + HIDRÓXIDO DE...(VER AL DORSO)
DIMENHIDRINATO,FIRESDAL
DIMENHIDRINATO,FIRESDAL
AMPICILINA SODICA/ SULBACTAM SODICO,SULTAMICILINA RICHET 
CARBOXIMETILCELULOSA SÓDICA,REFRESH TEARS GOTAS LUBRICANTES PARA OJOS
MULTICOMPOSICIÒN,BIOLYTE (SABOR NARANJA)
CLORHIDRATO DE PAZOPANIB,VOTRIENT
PERINDOPRIL ARGININA + INDAPAMIDA,PRETERAX
LANSOPRAZOL,LANSOPRAZOL   
VER AL DORSO,ARTRAN GEL 10 %
CLORHIDRATO DE DIFENHIDRAMINA,DIFENHIDRAMINA DISFARIQ
BETAMETASONA VALERATO + TETRACAINA CLORHIDRATO,BUCOSAN
BILASTINA,BILAXTEN
VER AL DORSO,EVOCS III
VER AL DORSO,RECOVERON N
POLICRESULENO,ALBOTHYL
FORMOTEROL FUMARATO + BUDESONIDA,AIRPLUS - 200 
ACICLOVIR,CICLOFERON
TETRAHIDROZOLINA,VISINE ORIGINAL
HIDROXIDO DE MAGNESIO,HIDROXIDO DE MAGNESIO
PANTOPRAZOL SODIO SESQUIHIDRATO,PANTOPRAZOL NORMON 
AMOXICILINA TRIHIDRATO,ACIMOX-500
EZETIMIBA + SIMVASTATINA,ZIMVASTIN - E 10 /20
DOCETAXEL,ONCOTAXEL-80
VER AL DORSO,ROVARTAL 10
CANDESARTAN CILEXETIL,CARDIRIT 16
SECNIDAZOL,SECNIDAZOL
LORATADINA + BETAMETASONA,NOXADINE
FOLINATO CÁLCICO,LEUCOVORINA
CARVEDILOL,CARVEDILOL
MALEATO DE CLORFENIRAMINA,CLORFENIRAMINA
CEFTRIAXONA SÓDICA,CETRIAF 500 MG / I.M. 
IRBESARTAN,IRBESARTAN 
LEVOTIROXINA SODICA,BAGOTIROX
LEVOTIROXINA SODICA,BAGOTIROX
ALPROSTADIL,ALPROSTADIL RICHET
VER AL DORSO,CHEMITUSIN
AZITROMICINA DIHIDRATO,QUERAMET
VER AL DORSO,DEXTROSA
CLOPIDOGREL + ACIDO ACETILSALICILICO,COPLAVIX
KETOCONAZOL + CLINDAMICINA,CLINUS
KETOCONAZOL+ CLINDAMICINA,CLINUS
MOMETASONA FUROATO,MOMMEX
AMLODIPINA BESILATO + HIDROCLOROTIAZIDA,LODIPIN-DIU 5/12.5
VER AL DORSO,TOLESTAN
ATORVASTATINA CALCICA,BRITADINA
CIPROFLOXACINA CLORHIDRATO,CIPROFLOXACINA 
VER AL DORSO,ISTENEM-C
PERINDOPRIL ARGININA + INDAPAMIDA,PRETERAX
LOSARTAN POTASICO,LOSARTAN POTASICO
ACETAMINOFEN,ACETEFF
FUROSEMIDA,LASIX
GENTAMICINA SULFATO,GENTAMICINA  
ACIDO FOLICO,ACIDO FOLICO INMENOL
DEXKETOPROFENO TROMETAMOL,ENAKE 25
PARACETAMOL + GUARANINA + ACIDO ASCORBICO,BIO-GRAMON CALIENTE CON VITAMINA C
ERITROPOYETINA RECOMBINANTE HUMANA,"EPOCASS 10, 000UI/ML"
TIROFIBAN (CLORHIDRATO),AGRASTAT
VER AL DORSO,CHEMITUSIN
ACETILCISTEINA,FLUIMUCIL
ACETILCISTEINA,FLUIMUCIL
PANTOPRAZOL SODICO SESQUIHIDRATO,KD-PANZOL
LOSARTAN POTASICO,LOSARTAN 50 mg
LOSARTAN POTASICO,PRESOTAN 50
CANDESARTAN CILEXETIL + HIDROCLOROTIAZIDA,CORIARTEN MAX
VER AL DORSO,MOXAR SI.
IRBESARTAN,IRBESARTAN
MULTICOMPOSICION,MULTIVHIERRO DISFARIQ 
MULTICOMPOSICION,MULTIVHIERRO DISFARIQ
CETIRIZINA DIHIDROCLORURO,CETIRIZINA 10 mg
CLOTRIMAZOL,CANESTEN V
MULTICOMPOSICION,DICLOPLEX
RAMIPRIL,TRITACE
HEPARINA SODICA,HEPARINA
HEPARINA SÓDICA,HEPARINA
DARIFENACINA BROMHIDRATO,DARISEC ELEA
ACETATO DE LEUPRORELINA,LUPRON DEPOT
ACETILCISTEINA,FLUIMUCIL
VALSARTAN,VALSARBRIT
VER AL DORSO,AMLOCARDI-E
POLIETILENGLICOL,CONTUMAX
CANDESARTAN CILEXETIL + AMLODIPINA BESILATO,INLOSEP-A 16/5
CANDESARTAN CILEXETIL + HIDROCLOROTIAZIDA,XILETIL H
VER AL DORSO,REX 20 BUSSIE
BISOPROLOL HEMIFUMARATO,BISOCOR® 2.5
BISOPROLOL HEMIFUMARATO,BISOCOR 2.5
ROSUVASTATINA CALCICA,REX 10 BUSSIE
RAMIPRIL / HIDROCLOROTIAZIDA,RAMIPRES H 5/12.5
RAMIPRIL + HIDROCLOROTIAZIDA,RAMIPRES H 10/ 12.5
DICLOFENAC SÓDICO,DICLOGESIC
DICLOFENAC,DICLOFENAC
ISOFLURANO,ISOFLURANO
ISOFLURANO,ISOFLURANO
BISOPROLOL FUMARATO/ HIDROCLOROTIAZIDA,CORADONA- D 5 / 6.25
PREDNISONA,PREDNISONA 5 MG
ACETAMINOFEN,CHEMIFEN
COLAGENASA + CLORANFENICOL,KOLLAGENASE CON CLORANFENICOL
MEROPENEM,MERODEX 500
OLMESARTAN MEDOXOMILO,EUKENE 40
DEXKETOPROFENO TROMETAMOL,ENDOSOL
DEXKETOPROFENO TROMETAMOL,ENDOSOL
LIDOCAINA + PRILOCAINA,LIDOCAINA 25 mg/g + PRILOCAINA 25 mg/g
TRAMADOL,TRAMADOL 50 mg
METFORMINA,METFORMINA FARQUI 850 mg
ROSUVASTATINA DE CALCIO,BLOKIMAX 10
OXIBUTININA CLORHIDRATO,URGINAL UD
VER AL DORSO,CARDIRIT 8
CANDESARTAN CILEXETILO,SAFEBUL
CANDESARTAN CILEXETILO,SAFEBUL
CARBAMAZEPINA,CARBAMAZEPINA INMENOL
VER AL DORSO,LISINOPRIL INMENOL
TRIMETOPRIM + SULFAMETOXAZOL,TRIMETOPRIM SULFA INMENOL
VER AL DORSO,CLINVAG
FUROSEMIDA,FUROSEMIDA INMENOL
GLIMEPIRIDA + METFORMINA,GLIPIRIDE COMPUESTO
LEVOSULPIRIDA,DISLEP 25
VER AL DORSO,OTOZAMBON
CANDESARTAN CILEXETIL + HIDROCLOROTIAZIDA,CARDIRIT-H 16/12.5
CANDESARTAN CILEXETIL+ HIDROCLOROTIAZIDA,CANDECROSS PLUS
BETAHISTINA DICLORHIDRATO,BETAHISTINA DICLORHIDRATO 24
FACTOR VIII DE COAGULACIÓN HUMANA,OCTANATE 1000
VER AL DORSO,CARBOPLATINO
VER AL DORSO,CARBOPLATINO
CLORHIDRATO DE BUPIVACAINA,NEOCAINA SIN VASOCONSTRICTOR
ATORVASTATINA CALCICA,ARVAS 80
ERITROPOYETINA HUMANA RECOMBINANTE,"EPOCASS 40,000UI / mL  "
EZETIMIBA + SIMVASTATINA,ZIMVASTIN - E 10 / 40
BISOPROLOL FUMARATO + HIDROCLOROTIAZIDA,CORADONA D 2.5 / 6.25
LOSARTÁN POTÁSICO/ AMLODIPINA,COZAAR XQ
LOSARTAN POTASICO + AMLODIPINA,COZAAR XQ
LOSARTÁN POTÁSICO/ AMLODIPINA,COZAAR XQ
USTEKINUMAB,STELARA
INSULINA LISPRO,HUMALOG MIX 25 KWIKPEN
DABIGATRAN ETEXILATO MESILATO,PRADAXA
OMEPRAZOL 1 (COMO SAL SODICA),OMEPRAZOL NORMON
VER AL DORSO,FERRUVENOL
NICOTINA,NIUX
ACIDO FUSIDICO + MOMETASONA,EUROFUSID-C
ACETILCISTEÍNA,FLUIMUCIL
ACETILCISTEINA,RINOFLUIMUCIL
ACETILCISTEINA,RINOFLUIMUCIL
CLORURO DE SODIO,CLORURO DE SODIO AL 0.45% ALFA
VER AL DORSO,RECOVERON-C
PICOSULFATO DE SODIO,LAXOSIL
CLOPIDOGREL,CLOPIDOGREL FARQUI 75 mg
CLOPIDOGREL,CLOPIDOGREL FARQUI 75 MG
CLINDAMICINA FOSFATO EQV. A CLINDAMICINA BASE,OVUCLINDA
COLAGENASA + CLORANFENICOL,GINO KOLLAGENASE 
DABIGATRAN ETEXILATO MESILATO,PRADAXA
DICLOXACILINA SODICA.,DICLOXACILINA INMENOL.
ACETATO DE LEUPRORELINA,LUPRON DEPOT
ACETATO DE LEUPRORELINA,LUPRON DEPOT
ACETATO LEUPRORELINA,LUPRON DEPOT
ACETATO DE LEUPRORELINA,LUPRON DEPOT
DIOSMINA-HESPERIDINA,DIOSMINA-HESPERIDINA
VER AL DORSO,COMBIWAVE SF 250
VER AL DORSO,RECOVERON -NC
KETAMINA,KETAMINA
VER AL DORSO,GLUCOVANCE
CAPTOPRIL,CAPTOPRIL
VER AL DORSO,ADROMUX® 
CIPROFLOXACINA HCL.,CIPROFLOXACINA INMENOL.
CLORANFENICOL,CLORANFENICOL
LOSARTAN POTASICO + HIDROCLOROTIAZIDA,CARDILAT 100 D
LOSARTÁN POTÁSICO + HIDROCLOROTIAZIDA,CARDILAT® 100 D   
BISOPROLOL FUMARATO+ HIDROCLOROTIAZIDA,CARDIBETA-D
FOSFOMICINA CALCICA,FOSFOBRITMAX
CLOPIDOGREL,APLAGREL
CETIRIZINA CLORHIDRATO,PRAMILE AGLF
CETIRIZINA CLORHIDRATO,PRAMILE AGLF
IRBESARTAN + AMLODIPINO,APROVASC
IRBESARTAN + AMLODIPINA,APROVASC
PREDNISOLONA FOSFATO DISODICO,BRONAL - 5 
IRBESARTAN,IBERYL® 150
ATORVASTATINA,STATIN 20
SALBUTAMOL,SALBUTRAL
SALBUTAMOL,SALBUTRAL
VALSARTAN,VALDIBER 320
CANDESARTAN CILEXETIL + AMLODIPINA BESILATO,CANDERSIL MAX®  32/5
CARBAMAZEPINA,CARBAMAZEPINA
VER AL DORSO,NEODERM
FLUTICASONA,CORTIFIL 
SALBUTAMOL SULFATO / BECLOMETASONA DIPROPIONATO,BUTOCORT HFA
METOCARBAMOL + PARACETAMOL,DISTEM
IRBESARTAN + AMLODIPINO,APROVASC
PROPOFOL,PROPOFOL
ACICLOVIR,POVIRAL 800
ACICLOVIR,POVIRAL 800
CETIRIZINA + PSEUDOEFEDRINA.,ZYRTEC-D
ACICLOVIR,ACICLOVIR-CALOX 5%
PERÓXIDO DE HIDRÓGENO,AGUA OXIGENADA PROCLEAN
PROPANOLOL,PROPANOLOL
NITAZOXANIDA,TAKINOX 500 mg
ATENOLOL,ATENOLOL 100 INMENOL
MULTICOMPOSICION,LARITOX® TE
MULTICOMPOSICION,LARITOX® TE
MONTELUKAST,AFLUXIL
MONTELUKAST,ESPILUKAST
VITAMINA A,RETIBLAN 100
SIMETICONA,AERO-OM FORTE
CARVEDILOL,CARVEDILOL 6.25 INMENOL
RIFAXIMINA,FARINIL
MULTICOMPOSICIÓN,BIOVIT PREMIUM 
IRBESARTAN,IBERYL® 300
IRBESARTAN,IBERYL® 300
PREDNISOLONA FOSFATO DISODICO,BRONAL - 10 
MONTELUKAST SODICO,MONTELUKAST SODICO
CARVEDILOL,CARVEDILOL 25 INMENOL
CARVEDILOL,CARVEDILOL 12.5 INMENOL
AMBROXOL,AMBROXOL INMENOL 30
GABAPENTINA,NEURONTIN
GABAPENTINA,NEURONTIN
QUETIAPINA,PSIQUET
ANIDULAFUNGINA,ECALTA
ACETAMINFOEN / CAFEINA / ERGOTAMINA TARTRATO,MIGRACETIN
VER AL DORSO,MIGRACETIN
PROPOFOL,PROPOVAN
ACIDO ACETIL SALICÍLICO,ASPIALFA NIÑOS 
PROGESTERONA,PROGEFFIK 200
PROGESTERONA,PROGEFFIK 200 
PROGESTERONA MICRONIZADA,PROGEFFIK 200
PROGESTERONA,PROGEFFIK 100 
PROGESTERONA MICRONIZADA,PROGEFFIK 100
VER AL DORSO,ALIN OFTALMICO
VER AL DORSO,BLOQ MAX  5/10
PAROXETINA,PAXIL CR 12.5  mg
PAROXETINA,PAXIL CR 12.5MG
PAROXETINA,PAXIL CR 12.5 MG
VER AL DORSO,BYE FLU
MECOBALAMINA,MECOBALAMINA 500 INMENOL.
CLOPIDOGREL BISULFATO EQUIVALENTE A CLOPIDOGREL,CLOPIDOGREL  
LISINOPRIL DIHIDRATO,LISINOPRIL
SIMVASTATINA,SIMVASTATINA
CANDESARTAN CILEXETIL +HIDROCLOROTIAZIDA,MINART © PLUS
PACLITAXEL USP,PACLITAXEL 100MG / 16.7ML 
VER AL DORSO,SERTRALINA 50
CLINDAMICINA FOSFATO,CLINDAMICINA FOSFATO
CITICOLINA,CITICOLINA ETHICAL
LEVODOPA + BENSERAZIDA,BRATENSIN
VER AL DORSO,CHEMITUSIN PLUS
DEFLAZACORT,DEFLAZACORT - 6
BORTEZOMIB,BOTEMIB 3.5
DIGOXINA,DIGOXINA
DESLORATADINA,DESLORATADINA CALOX
LEVOFLOXACINA HEMIHIDRATO,TALEVOXIN 
ACETAMINOFEN,ACETAMINOFEN
CAPTOPRIL,CAPTOPRIL
IBUPROFEN,IBUPROFEN
MONTELUKAST SODICO,TELEKAST
TADALAFIL,TADAL
CLOTRIMAZOL,FEMINAL
VER AL DORSO,DEX-LITOS SABOR FRESA 
VER AL DORSO,DEX-LITOS SABOR FRESA 
VER AL DORSO,VALNESIO 16
ENALAPRIL MALEATO,ENALAPRIL
VER AL DORSO,ACROSAR PLUS 16/5 
VER AL DORSO,MUCOBROM R JARABE
CLINDAMICINA FOSFATO,CLINDAMICINA
CARBONATO DE LODENAFILA,HELLEVA
ANASTROZOL,ASTRAZOL
VER AL DORSO,BISOCOR PLUS D  10/10/12.5
BETAHISTINA CLORHIDRATO,VERTIX
ACIDO FUSIDICO,EUROFUSID
CITICOLINA + NIMODIPINA,CIT COMPUESTO
CELECOXIB,CEDETREX
IBANDRONATO SODICO,UNAMES
ACIDO FUSIDICO,FUSICREAM
IRBESARTAN,IBERTAN® 300 
VER AL DORSO,AGUA ESTERIL PARA INYECCION
AL DORSO,DEX-LITOS SABOR UVA
VER AL DORSO,DEX-LITOS SABOR UVA
VER AL DORSO,DEX-LITOS SABOR CEREZA
VER AL DORSO,DEX-LITOS SABOR CEREZA
PREDNISONA,PREDNISONA FELTREX
CELECOXIB,CELECOXIB INMENOL
BETAMETASONA,BETAMETASONA-INMENOL
MELOXICAM,MELOXICAM INMENOL 15 MG
VER AL DORSO,GIOTEN-A 160/5
BISOPROLOL HEMIFUMARATO,PRESPOL-5
CLOTRIMAZOL,CLOTRIMAZOL MALLEN
MULTICOMPOSICION,POWER VIT DISFARMACO
AMOXICILINA TRIHIDRATO + AMBROXOL CLORHIDRATO,AMOXICILINA + AMBROXOL
HIOSCINA BROMHIDRATO,HIOSCINA
LISINOPRIL + HIDROCLOROTIAZIDA,ZENTURIL H
VER AL DORSO,PLENAIR 10
VER AL DORSO,SUMOX DUO
KETOROLACO TROMETAMINA,KERADOL 
PRAMIPEXOL DICLORHIDRATO MONOHIDRATO,NULIPAR 1
AMPICILINA TRIHIDRATADO,AMPICILINA
ETORICOXIB,ARCOXIA
VALSARTAN,VALDIBER 160
NORFLOXACINA,NORULOX
KETOCONAZOL,KETOCONAZOL 2 % 
VER AL DORSO,BRONCOCHEM BALSAMICO FORTE
VER AL DORSO,NEOFLEXTRAN RELAX
GLICINA,GLICINA AL 1.5 % ALFA EN AGUA
CARVEDILOL,CARVEDILOL 25 mg
CIPROFIBRATO,ACROFIBRAN 100
LEVOSULPIRIDA,GASTROPIRID 25
OLOPATADINA,OFTADINA 0.2% 
CLORHIDRATO DE DIFENHIDRAMINA,DIFENHIDRAMINA 50 MG
MELOXICAM,MELOXICAM
VER AL DORSO,VITAMINA K - 3 ALFA
VER AL DORSO,AVANTAR - A
VER AL DORSO,ROPI CRISTALIA 
AMBROXOL + AMOXICILINA,VENTOX DUO
QUETIAPINA,PSIQUET
LISINOPRIL DIHIDRATO,EUPRIL-10
LISINOPRIL DIHIDRATO,EUPRIL-10
MULTICOMPOSICION,POLITRES FORTE
VER AL DORSO,GIOTEN-A 320 / 10
VER AL DORSO,AMLOCARDI - AT 10/50
VER AL DORSO,ATORVASTIN 20
AMLODIPINA BESILATO (EQUIV. AMLODIPINA BASE) + ATENOLOL,AMLOCARDI - AT 10/50
VER AL DORSO,VALODIPIN PLUS 160/5 
QUETIAPINA FUMARATO,PSIQUET
ORLISTAT,ENLALINEA
AMBROXOL HCL,FARMUCOX
AMBROXOL HCL,FARMUCOX
AMBROXOL HCI,FARMUCOX
ACIDO FOLICO + VITAMINA B 12,FOLIER B12
MEROPENEM,MERODEX 1
NAPROXEN SODICO+ACETAMINOFEN,DOLMEX FORTE
VER AL DORSO,VALODIPIN PLUS 160/10 mg
INTERFERON RECOMBINANTE BETA 1B,BETAFERON
LEVOFLOXACINA,LEVOFLOXACINA
VER AL DORSO,CYMAGEL
PRAMIPEXOL DICLORHIDRATO MONOHIDRATO,"NULIPAR 0,25"
CLOPIDOGREL,CLOPIDOGREL FELTREX
DESLORATADINA,UBRILE
DESLORATADINA,ALERDEX LPS
CEFADROXILO MONOHIDRATO,CEFADROXILO
CEFADROXILO,CEFADROXILO
DOPAMINA CLORHIDRATO,DOPAMINA
DICLOXACILINA SODICA,DICLOXACILINA SODICA
MEMANTINA CLORHIDRATO,TONIBRAL
ESCITALOPRAM,SEROFEL
LEVETIRACETAM,FELCETAM
AZITROMICINA,AZITROMICINA FELTREX
POLICRESULENO,POLICRESULENO FELTREX
OLANZAPINA,OLANFEL
LEVOFLOXACINA,LEVOFLOXACINA FELTREX
PROPINOXATO HCL + CLONIXINATO DE LISINA,BUSCALON COMPUESTO
IRBESARTAN,IRBESARTAN
TRIMEBUTINA,POLIBUTIN
VER AL DORSO,DOLOMETAPLEX
LANSOPRAZOL,MONOLITUM FLAS 15mg
N-ACETILCISTEINA,DINALER
ACETAMINOFEN,CYMATEM
DIFENHIDRAMINA + CLORURO DE AMONIO,CYMABROM
MOXIFLOXACINO,MOXAVAL
METFORMINA HCL,DIAMENIL
COMPLEJO DE HIDRÓXIDO DE HIERRO (III) POLIMALTOSA,FERREMIX
ALGINATO DE SODIO + BICARBONATO DE SODIO,MILPAX
TIMOLOL,TIMOSUL-ANCALIMA
FLUNARIZINA CLORHIDRATO,FLUNARIN 
ERITROPOYETINA HUMANA RECOMBINANTE,"EPOCASS 2,000 UI/mL"
INSULINA LISPRO,HUMALOG KWIKPEN
PARACETAMOL,TYLENOL
PARACETAMOL,TYLENOL
VER AL DORSO,LEUCOVORINA
AMLODIPINA BESILATO,AMLODIPINA 
DICLOFENAC SODICO,DICLOFENAC
AMOXICILINA TRIHIDRATO,AMOXICILINA
AMOXICILINA TRIHIDRATO, AMOXICILINA 
FLUCONAZOL,BELINI
NIFEDIPINA,NIFEDIPINA
CEFALEXINA ANHIDRIDA,CEFALEXINA
SOBREROL,MUCOFLUX
DICLOFENAC DIETILAMINA,DICLOGEL AGLF
MULTICOMPOSICION,OCTAPLEX
INMUNOGLOBULINA HUMANA,OCTAGAM
OSELTAMIVIR,TAMIFLU 
FLUCONAZOL,NIRFLUCO
KETOCONAZOL,KETOCONAZOL
PARACETAMOL,NEOMOL
PARACETAMOL,NEOMOL
VER AL DORSO,Levofloxacino Normon 5 Mg
LOSARTAN POTASICO + AMLODIPINA + HIDROCLOROTIAZIDA,ARA II-A/D
ACIDO FOLICO,ACIDO FOLICO DISFARIQ
VER AL DORSO,FLENEX GEL
IRBESARTAN,IRBESARTAN
CLOTRIMAZOL,GINALIN
IVERMECTINA,KILOX
ESCITALOPRAM,MAXTRAL 10
PROGESTERONA MICRONIZADA NATURAL,PROFER 200
VER AL DORSO,CETIRIZINA
VALSARTAN,VALDIBER 80
MULTICOMPOSICION,PAINMAX-FLU
VER AL DORSO,VALNESIO 24
CEFALEXINA,CEFALEXINA CYMACLA
PERTUZUMAB,PERJETA
VEMURAFENIB,ZELBORAF
TRIHIDRATO DE DOCETAXEL,TAXOTERE
VER AL DORSO,TAXOTERE
EVEROLIMUS,AFINITOR 10 mg
LEVOFLOXACINA,LEVOFLOXACINA FELTREX
CANDESARTAN + HIDROCLOROTIAZIDA,NORPRESS-D
CANDESARTAN,CANDESARTAN FELTREX
CANDESARTAN+HIDROCLOROTIAZIDA,NORPRESS-D
HIDROXIZINA CLORHIDRATO,SERENUS    
HIDROXIZINA CLORHIDRATO,SERENUS    
LEVETIRACETAM,FELCETAM
PANTOPRAZOL,PANTOPRAZOL ETHICAL 
EXTRACTO SECO DE HEDERA HELIX,FLORELIX® 
MALEATO DE ENALAPRIL,RENITEC
ESCITALOPRAM,MAXTRAL 20
VER AL DORSO,ONTOL
VER AL DORSO,ONTOL
KETOROLACO TROMETAMINA,KETOROLACO
ESPIRONOLACTONA,ALDACTONE A
PALMITATO DE PALIPERIDONA,INVEGA SUSTENNA
D-GLUCOSAMINA SULFATO SODICA + CONDROITINA SULFATO,FLEXURE
AZITROMICINA DIHIDRATO,BACTAZIT
ROSUVASTATINA,REGUTOL
ROSUVASTATINA CÁLCICA,REGUTOL 20 MG
ACIDO FUSIDICO + MOMETASONA,FUSICREAM-C
NEBIVOLOL HIDROCLORURO + HIDROCLOROTIAZIDA.,NEBILET PLUS
MULTICOMPOSICION,PEDIALYTE SR 60 MEQ SABOR UVA
AMOXICILINA,AMOXICILINA ETHICAL
CIPROFLOXACINA HCL.,CIPROFLOXACINA INMENOL 750 MG
METRONIDAZOL BENZOATO,METRONIDAZOL
CEFTAZIDIMA,CEFTAZIDIMA RICHET / CEFTAZIDIMA PENTAHIDRATO
MONTELUKAST,MONTELUKAST 
AZITROMICINA,AZITROMICINA
IRBESARTAN + HIDROCLOROTIAZIDA,IBERYL D 150 / 12.5
LISINOPRIL DIHIDRATO,BRIMIPRIL
CLOTRIMAZOL,CLOTRIMAZOL 500 mg ALFA
CLOTRIMAZOL,CLOTRIMAZOL 100 MG ALFA
CANDESARTAN CILEXETILO + HIDROCLOROTIAZIDA,AKAVAR-D
SERTRALINA,ALTRULINE
HIDROCLORURO DE METILFENIDATO,RUBIFEN
AMLODIPINA BESILATO,PRESODIP 5
ROSUVASTATINA CÁLCICA,ROVASCOL 10
ROSUVASTATINA CÁLCICA,ROVASCOL 20
AZITROMICINA DIHIDRATO,AZITROMICINA 200 mg
DICLOFENAC SODICO,DICLOFENAC 50 mg
OMEPRAZOL,OMEPRAZOL 20 mg
DEXKETOPROFENO TROMETAMOL,PRION 25
AMLODIPINA BESILATO,PRESODIP 10
CLORHIDRATO DE METILFENIDATO,MEDIKINET RETARD 5 MG
CLORHIDRATO DE METILFENIDATO,MEDIKINET RETARD 40 MG
VER AL DORSO,PANTOPRAZOL NORMON 40 MG
ESCITALOPRAM OXALATO,ESCITALOPRAM NORMON 20 mg
CLORHIDRATO DE METILFENIDATO,MEDIKINET RETARD 30 MG
CLORHIDRATO DE METILFENIDATO,MEDIKINET RETARD 10 MG
CLORHIDRATO DE METILFENIDATO,MEDIKINET RETARD 20 mg
BUDESONIDE,NEUMOCORT 
LISINOPRIL DIHIDRATO + HIDROCLOROTIAZIDA,BRIMIPRIL H 20/12.5
ACIDO MEFENAMICO,PTANFEBRIT
VER AL DORSO,MEGESTROL
CEFTRIAXONA SODICA,LORCEF
ESOMEPRAZOL,STOZOL
FAMOTIDINA,FAMOTIDINA 40 MG
METRONIDAZOL,METRONIDAZOL 500 MG
CLOTRIMAZOL,CLOTRIMAZOL 1%
CAPTOPRIL,CAPTOPRIL 25 MG
LOSARTÁN POTÁSICO + AMLODIPINA,ARA II-A 
ESCITALOPRAM OXALATO,DELOPRAM 20
ESCITALOPRAM OXALATO,DELOPRAM 20
AZITROMICINA DIHIDRATO,BACTEXINA 500
AZITROMICINA DIHIDRATO,BACTEXINA 500
VER AL DORSO,MUCOBROM
PROPINOXATO HCL,BUSCALON® 
ESCITALOPRAM OXALATO,DELOPRAM 10
ESCITALOPRAM OXALATO,DELOPRAM 10
QUETIAPINA FUMARATO,SERENIL 25
QUETIAPINA FUMARATO,SERENIL 25
IRBESARTAN + HIDROCLOROTIAZIDA,IBERTAN® D 150/12.5
BISOPROLOL FUMARATO + HIDROCLOROTIAZIDA,BIDICOR-H 5 /6.25
BISOPROLOL FUMARATO,BIDICOR 10
BISOPROLOL FUMARATO,BIDICOR 10
BISOPROLOL FUMARATO + HIDROCLOROTIAZIDA,BIDICOR-H 10/6.25
ROSUVASTATINA,CORA - ROS
VALSARTAN + AMLODIPINA,CORANOR VA 
ACETAMINOFEN + CAFEINA,DOLFENOL ULTRA
ACETAMINOFEN,DOLFENOL©
ACETAMINOFEN,DOLFENOL
ROSUVASTATINA,CORA - ROS 20 mg
VALSARTAN,CORANOR 160 MG TABLETA
ESOMEPRAZOL,IBERPRAZOL 40
NIFEDIPINA,NICARDIA XL EXTENDED RELEASE
ATORVASTATINA CALCICA,ARVAS 40
CLORHIDRATO DE BENDAMUSTINA 100 MG,BENDAVAR
CLORHIDRATO DE BENDAMUSTINA 25 MG,BENDAVAR
PREGABALINA,FINPAL 75
LEVOFLOXACINA HEMIHIDRATO,TALEVOXIN
METILCOBALAMINA,NEUROCOBAL
CANDESARTAN CILEXETILO,SAFEBUL
CANDESARTAN CILEXETILO,SAFEBUL
PALMITATO DE PALIPERIDONA,INVEGA SUSTENNA
DICLOFENACO SODICO,ANADROX 
HIDROSMINA,VENOSMIL
HIDROSMINA,VENOSMIL
HIDROSMINA,VENOSMIL
ACTIVIDAD DE DESVIO DEL INHNIBIDOR DE FACTOR VIII,FEIBA
PALMITATO DE PALIPERIDONA,INVEGA SUSTENNA
GLICINA,GLICINA AL 1.5 % PARA IRRIGACION UROLOGICA BAXTER
CITALOPRAM BROMOHIDRATO,ZODEP 20
CLOTRIMAZOL,ISECOL
PARACETAMOL,TYLENOL
PARACETAMOL,TYLENOL
NISTATINA,NISTATINA
FLUCONAZOL,CANESORAL 
SECNIDAZOL,NORDAL-500
SECNIDAZOL,NORDAL-500
VER AL DORSO,DIMEGAN-D
ACIDO MEFENAMICO,DOPONTAC
MEMANTINA CLORHIDRATO,EUTEBROL
MONTELUKAST SÓDICO,GLEMONT CT 4
LOSARTAN POTASICO + HIDROCLOROTIAZIDA,PRESOTAN H PLUS
PREDNISOLONA,INFLAVIR
PREGABALINA / METILCOBALAMINA,PREBALINA M75
METFORMINA CLORHIDRATO,METFORAL 850
TAMSULOSINA HCL,NEOPROSTAT POLP
SULFATO FERROSO HEPTAHIDRATADO,SULFATO FERROSO 
OMEPRAZOL SODICO,OMEPRAZOL 40 MG
TERBINAFINA CLORHIDRATO,TERBINAFINA SUED
MONTELUKAST SÓDICO,GLEMONT - CT 5
VER AL DORSO,ATORVASTIN 40
VER AL DORSO,ATORVASTIN 80
ATORVASTATINA,ATORVASTATINA
MULTICOMPOSICION,PEDIALYTE SR  SABOR MANZANA
CLOTRIMAZOL,CLOTRIMAZOL DISFARIQ
LORATADINA+ CLORHIDRATO DE FENILEFRINA,DIMEGAN-D
CEFADROXILO,CEFADROXILO CALOX
LINEZOLID,LINEZOLID
MEROPENEM,MERONEM 
MEROPENEM,MERONEM
TOLTERODINA,DETRUSITOL
ATORVASTATINA,ATORVASTATINA
VER AL DORSO,SEDA
CLORURO DE POTASIO,CLORURO DE POTASIO
MONTELUKAST,MONTELUKAST -5
NITRATO DE ECONAZOL,MICOLIS
NITRATO DE ECONAZOL,MICOLIS
TRIMETOPRIM + SULFAMETOXAZOL,SULFATROPIM
TRIMETOPRIM + SULFAMETOXAZOL,SULFATROPIM
VER AL DORSO,GIOTEN-A 80/5
VALSARTAN,GIOTEN-160
VALSARTAN,GIOTEN-80
VER AL DORSO,ACROSAR PLUS 8/5
FUMARATO DE BISOPROLOL,BISOMAX 10
CLORHIDRATO DE VANCOMICINA,VAREDET 1000                                                          
VALSARTAN,GIOTEN-320
LOSARTAN POTASICO,LOSARTAN POTASICO
PREGABALINA,LYRICA
AMBROXOL + LORATADINA,BRONDIL A
MELOXICAM,DOLOXCAM
MELOXICAM,DOLOXCAM
CLOTRIMAZOL + SULFISOXAZOL+ALANTOINA,OV PLUS
MULTICOMPOSICION,VIT-NATAL
VER AL DORSO,CLINVAG
VER AL DORSO,DESARTIL-32
CLOZAPINA,TIBUZA CYMACLA
CLOZAPINA,TIBUZA CYMACLA
QUETIAPINA FUMARATO,PSIQUET
QUETIAPINA,PSIQUET
BISOPROLOL HEMIFUMARATO + AMLODIPINA BESILATO,BISOCOR®  PLUS 5/5
BISOPROLOL HEMIFUMARATO + AMLODIPINA BESILATO,BISOCOR®  PLUS 5/5
VER AL DORSO,ACTICAM MAX
OMEPRAZOL,OPSET
RITUXIMAB,MABTHERA 
IRBESARTAN + HIDROCLOROTIAZIDA,IBERTAN® D 300/25
ACETAMINOFEN,ULTRAFEN
FEXOFENADINA CLORHIDRATO,ALLEGRA
VER AL DORSO,ALLEGRA
CLORHIDRATO DE FEXOFENADINA,ALLEGRA
AMPICILINA,AMPICILINA SODICA
VER AL DORSO,DIPIRONA
HIDROCORTISONA SUCCINATO SODICO,HIDROCORTISONA SUCCINATO SODICO
HIERRO DEXTRANO,HIERRO DEXTRANO
SUCCINATO SODICO DE METILPREDNISOLONA,METILPREDNISOLONA 500 MG
BENCILPENICILINA SODICA,BENCILPENICILINA SODICA
ILOPROST,VENTAVIS® 
PARACETAMOL,TYLENOL 
PARACETAMOL,TYLENOL
LOSARTAN,LOSARTAN POTASICO 50MG
MELOXICAM,MELOXICAM
FLUCONAZOL,FLUCONAZOL
OMEPRAZOL,OMEPRAZOL
DICLOXACILINA SODICA MONOHIDRATO,DICLOXACILINA
AMOXICILINA TRIHIDRATO,AMOXICILINA
DICLOFENACO SODICO,DICLOFENACO SODICO
METOCLOPRAMIDA CLORHIDRATO,METOCLOPRAMIDA
PREGABALINA,EPREVIA
CEFIXIMA,CIPRODIN 
HEMIHIDRATO DE LEVOFLOXACINA,BIOLEVFLOX
CLOTRIMAZOL,CLOTRIMAZOL 500
KETOCONAZOL,KETOCONAZOL
AMLODIPINO (COMO BESILATO),AMPLIRON 5
CLINDAMICINA FOSFATO,CLINDAMICINA 100  mg
ACETAMINOFEN,ACETAMIN
BISOPROLOL FUMARATO + HIDROCLOROTIAZIDA,BISOMAX D 5/6.25 
CEFIXIMA,CIPRODIN 
AMBROXOL CLORHIDRATO + LORATADINA,MUCOBROM A JARABE
ESOMEPRAZOL,ESOMEPRAZOL FELTREX
CARVEDILOL,CARVEDILOL - 12.5
LOSARTAN POTÁSICO + HIDROCLOROTIAZIDA,LOSARTAN + HIDROCLOROTIAZIDA 100/12.5 mg
VER AL DORSO,TOBRAMICINA + DEXAMETASONA (0.3% / 0.1%) 
CLOPIDOGREL,CLOPIDOGREL 75 MG
BISOPROLOL FUMARATO + HIDROCLOROTIAZIDA,BISOMAX D 10/6.25
OLMESARTAN MEDOXOMILO + HIDROCLOROTIAZIDA,EUKENE H 40/25
KETANSERINA,SUFAL
VER AL DORSO,AMPLIRON 10
HIDROCLOROTIAZIDA,HIDROCHEM 50
CLOTRIMAZOL,CLOTRIMAZOL
DICLOFENAC SÓDICO,DICLOFENAC MALLÉN
METAMIZOL SÓDICO,ALITEMP
FLUCONAZOL,FLUCONAZOL
ACETAMINOFÉN,ACETEFF
BUPIVACAINA,BUPITROY HEAVY
BUPIVACAINA,BUPITROY HEAVY
BUPIVACAINA,BUPITROY HEAVY
SUCRALFATO,SUCRALFATO
METFORMINA CLORHIDRATO,FORCHEM 850
FITOMENADIONA,VITADIONA-K
DOCETAXEL,DOCETAXEL
KETOROLACO TROMETAMINA,KETORODOL 60 
OXIMETAZOLINA CLORHIDRATO,OXIMETAZOLINA CLORHIDRATO
ATORVASTATINA CALCICA,LIPCOR 40
DICLOFENACO SODICO,DICLO-LP
DICLOFENACO SÓDICO, DICLO-LP
CLORHIDRATO DE PAZOPANIB,VOTRIENT
TOBRAMICINA,TOBRAMICINA CASSARA
CLORHIDRATO DE DIFENHIDRAMINA,BENACYMA
SALMETEROL + FLUTICASONA.,SERETIDE EVOHALER 25/50MCG
SALMETEROL + FLUTICASONA,SERETIDE EVOHALER 25/50 MCG
SALMETEROL + FLUTICASONA,SERETIDE EVOHALER 25/250 MCG
SALMETEROL + FLUTICASONA.,SERETIDE EVOHALER 25/250MCG
CLORHIDRATO DE METILFENIDATO,MEDIKINET 
CANDESARTAN CILEXETIL + AMLODIPINA BESILATO,CANDERSIL® MAX 32/10  
VER AL DORSO,DOXALAM® ULTRA 100/10/25 
SALMETEROL + FLUTICASONA.,SERETIDE EVOHALER 25/125MCG
VER AL DORSO,SERETIDE EVOHALER 25/125 MCG
DOCETAXEL ANHIDRO,DOCETAXEL
MULTICOMPOSICION,KADECOL ADULTO
OLMESARTAN MEDOXOMILO + AMLODIPINA,BENICAR AMLO
OLMESARTAN MEDOXOMIL + AMLODIPINA BESILATO,BENICAR AMLO 
MULTICOMPOSICION,NORMOFUNDIN X-2.5
IRBESARTAN + HIDROCLOROTIAZIDA,IBERYL® D 300/25
IRBESARTAN + HIDROCLOROTIAZIDA,IBERYL® D 300/25
VER AL DORSO,ACRYLARM PLUS
ESTRIOL,OVESTIN
ESTRIOL,OVESTIN
ESTRIOL,OVESTIN
VER AL DORSO,CEFTRIAXONA
ACETATO DE LEUPROLIDA,ELIGARD                                                               
ACETATO DE LEUPROLIDA,ELIGARD                                                               
ACETATO DE LEUPROLIDA,ELIGARD                                                               
DOXICICLINA,MONODOXIN
BROMURO DE PINAVERIO + SIMETICONA,ALEVIAN DUO
BROMURO DE PINAVERIO + SIMETICONA,ALEVIAN DUO
LAMOTRIGINA,LAMICTAL
VER AL DORSO,ENTERO BACTICEL
CONDROITIN SULFATO + GLUCOSAMINA SULFATO,CONDROX MONODOSIS
PROPINOX CLORHIDRATO,SERTAL FORTE PERLAS
ALBENDAZOL,ALBENDAZOL 
ACICLOVIR MICRONIZADO,POVIRAL
ERITROPOYETINA,RELIPOIETIN 
ERITROPOYETINA (RHUEPO),RELIPOIETIN 2000 UI
ERITROPOYETINA,RELIPOIETIN 
ERITROPOYETINA (RHUEPO),"RELIPOIETIN 10,000 UI"
VER AL DORSO,DRETOX
VER AL DORSO,VIOTTO AGLF
TERBINAFINA HCL,FUNGUSFIN
MEBEVERINA CLORHIDRATO,DINISTER
CEFEPIME,VIAXON 
OLMESARTAN MEDOXOMIL / HIDROCLOROTIAZIDA,EUKENE H 40/12.5
LACOSAMIDA,LACOTEM
PROPINOX HCL + CLONIXINATO DE LISINA,COLIXAL COMPUESTO 10-125
PROPINOX HCL+CLONIXINATO DE LISINA,COLIXAL COMPUESTO FORTE
VALSARTAN + HIDROCLOROTIAZIDA,CORANOR VH
CLORHIDRATO DE DIFENHIDRAMINA,DIFENIDRIN
AZITROMICINA DIHIDRATO,AZTAVIR
IRBESARTAN,APROBRIT- 150 
MAGALDRATO + SIMETICONA,ACI-TIP
MAGALDRATO + SIMETICONA,ACI-TIP
QUETIAPINA FUMARATO,QUETIL CYMACLA
RISPERIDONA,RISDORIL
RISPERIDONA,RISDORIL
MELOXICAM,MELOXICAM CYMACLA
QUETIAPINA FUMARATO,QUETIL CYMACLA
VER AL DORSO,NIZOX
"TRIMEBUTINA MALEATO, DIMETILPOLISILOXANO",POLIBUTIN AG
RISPERIDONA,RISDORIL
SULFATO FERROSO HEPTAHIDRATADO,FERROSUL
BISOPROLOL HEMIFUMARATO,BISOTAB
L-ORNITINA-L-ASPARTATO,HEPA-MERZ
CEFEPIME,CEFEPIME 500 mg
TETRACICLINA HCL,TETRALAR
CLOTRIMAZOL + LACTOSA + ALANTOÍNA,CLOTRIMAZOL + LACTOSA + ALANTOÍNA 
IRBESARTAN,APROBRIT- 300 
MEDROXIPROGESTERONA,SAYANA
CLOPERASTINA FENDIZOATO,FLUOTOS                                                               
CLOPERASTINA FENDIZOATO,FLUOTOS                                                               
RISPERIDONA,RISDORIL
RISPERIDONA,RISDORIL
VER AL DORSO,ALOTEN-AC
LOSARTAN POTASICO + AMLODIPINA BESILATO,NEFROTAL A 100/5
VER AL DORSO,CARTYL C
VER AL DORSO,CARTYL C
CARVELIDOL,CARVELIDOL NORMON
FLUCONAZOL,FLUCONAZOL
AMPICILINA TRIHIDRATO COMPACTADA,AMPICILINA
TETRACICLINA HCL,TETRACICLINA
CEFTRIAXONA,CEFTRIAXONA SODICA PARA INYECCION
VER AL DORSO,MIBRIX PAILL
CIPROFLOXACINA,CIPROFLOXACINA
ESOMEPRAZOL,METIOM 
LEVONORGESTREL,SEGUIDET UNO
BISOPROLOL FUMARATO+ AMLODIPINA,CARDIBETA-A
MONTELUKAST SODICO,PLURAIR © 5
VER AL DORSO,DOLO NEUROBION DC
VER AL DORSO,NEUROBION DC 25000
VER AL DORSO,NEUROBION DC 10000
ESCITALOPRAM,CELTIUM
CANDESARTAN CILEXETIL + HIDROCLOROTIAZIDA,XILETIL D
EXTRACTO TITULADO DE CENTELLA ASIÁTICA,TECASSOL 1%
CANDESARTAN CILEXETILO,DESARTIL-8
CANDESARTAN CILEXETIL,DESARTIL-16
GLIMEPIRIDA + METFORMINA,DIABEBLOX PLUS
OMEPRAZOL,BELMAZOL 40
DEXKETOPROFENO TROMETAMOL,DEXOPAL
CLOTRIMAZOL,CANESTEN V
TADALAFIL,BEYACO
PANTOPRAZOL,TECTA
SITAGLIPTINA / CLORHIDRATO DE METFORMINA,JANUMET 
SITAGLIPTINA / CLORHIDRATO DE METFORMINA,JANUMET 
GOLIMUMAB,SIMPONI
GOLIMUMAB,SIMPONI
VER AL DORSO,CAPD/DPCA 4
MULTICOMPOSICION,CAPD/DPCA 2 
MULTICOMPOSICION,CAPD/DPCA 3
VILDAGLIPTINA,GLIPOX® 50
VILDAGLIPTINA,GLIPOX® 50
MULTICOMPOSICION,DEXA-NEUROBION DC
TRIAMCINOLONA ACETONIDO + NEOMICINA SULFATO + NISTATINA,POSITON
AMLODIPINO BESILATO,AMLODIPINO 10 MG
CETIRIZINA,CETIRIZINA 10MG
KETOROLACO TROMETAMINA,DOLOKET
HIERRO AMINOQUELADO / ACIDO FOLICO,FENELIX®
CARVEDILOL + AMLODIPINA BESILATO,REDUPRESS®  25
PREDNISOLONA ACETATO,LORASONE
DOBUTAMINA,INOJECT
CLORURO DE SODIO,AQUAMAR®
CLORURO DE SODIO,AQUAMAR® 
CLORURO DE SODIO,AQUAMAR®
LANSOPRAZOL,LANZOPRAL IV
SEVOFLURANO USP,SEVOFLURANO
ACETATO DE LEUPROLIDA,LECTRUM 
ACETONIDO DE TRIAMCINOLONA.,TAROSONE-10 
RISPERIDONA,RISDORIL
ATRACURIO BESILATO,TROYCURIUM
ATRACURIO BESILATO,TROYCURIUM 
LAMOTRIGINA,LAMICTAL
LAMOTRIGINA,LAMICTAL
OXIDO DE ZINC + CALAMINA,PROCICAR
CEFOTAXIMA SODICA,CEFOT 1 G / I.M.
CEFOTAXIMA,CEFOT 1G/I.V.
AMOXICILINA TRIHIDRATO COMPACTADA,AMOXICILINA
ERLOTINIB,TARCEVA                                                               
ERLOTINIB CLORHIDRATO,TARCEVA
DICLOFENAC ACIDO LIBRE,DICLOGESIC
TRIMETOPRIM + SULFAMETOXAZOL,LISAPRIM FORTE
METFORMINA HCL + GLIBENCLAMIDA,FORCHEM G 850/5
ACICLOVIR POLVO (EQUIVALENTE A ACICLOVIR),POVIRAL
ISONIAZIDA,ISONIAZIDA LAFEDAR
VER AL DORSO,NYVU RETARD
OMEPRAZOL,BELMAZOL 20
VER AL DORSO,SUDAGRIP AV
VER AL DORSO,SUDAGRIP AV
ENALAPRIL,ENALAPRIL MALEATO
CANDESARTAN,CORIARTEN 32 
LEVETIRACETAM,DERINOE 
LEVETIRACETAM,DERINOE
LEVETIRACETAM,DERINOE
VER AL DORSO,AIRTEC FB 400 
"DEXTROMETORFANO BROMHIDRATO, CLORFENIRAMINA MALEATO",CHEMITUSIN
MONTELUKAST,AFLUXIL 
MONTELUKAST,ESPILUKAST
CETIRIZINA,ABRAVIA
VER AL DORSO,"ALUMINA, MAGNESIA & SIMETICONA "
LORATADINA + CLORHIDRATO DE AMBROXOL,SENSIBIT XP
AZITROMICINA DIHIDRATO,QUERAMET
ACETAMINOFEN,ACETAMINOFEN
CIPROFLOXACINA HCL,CIPROCHEM 500
PANCREATINA + SIMETICONA,DIGEFULL
ATORVASTATINA CALCICA,STATIN 10
CETRIZINA DICLORHIDRATO,AMAZINA
BISOPROLOL FUMARATO + AMLODIPINO (COMO BESILATO),SOPROL A 5/10
VER AL DORSO,SOPROL A 5/5 
FLUCONAZOL,FLUCOZOL 50                                                           
KETOROLACO TROMETAMINA,HONTOCAL 60
VALSARTAN,VALCHEM 320
L-CLOPERASTINA FENDIOZATO,CLOPERAX
RISPERIDONA,RISDORIL
SIMVASTATINA,SIBUDEL  20 mg
CIPROFLOXACINA HCL,CIPROCHEM 750
VER AL DORSO,CHEMIFLUX
AMOXICILINA TRIHIDRATO,AMOXICILINA 250 MG/5 ML
CISPLATINO,CISPA­-50
VER AL DORSO,LUPOIDE DEPOT 7.5
LOSARTAN POTASICO,RENOTENSYL 100
VER AL DORSO,NEFROTAL AH 100/10/25
HIERRO GLICINATO QUELATO EQUIV. A HIERRO ELEMENTAL,CHELTIN
IMATINIB MESILATO,IMATINIB 400
IMATINIB MESILATO,IMATINIB 100
AXITINIB,INLYTA
AXITINIB,INLYTA
AXITINIB,INLYTA
HIDROXIETIL ALMIDON,VOLUVEN 6%
CEFEPIME,CEFEPIME 1 g
CEFTRIAXONA,LORCEF 250 MG/I.M.
VER AL DORSO,MOXIQUINOL  D
METRONIDAZOL BENZOATO,METRONIDAZOL 
VER AL DORSO,HEMATOCRI JB
METFORMINA HCL,FORCHEM 500
BISOPROLOL FUMARATO,BISOCHEM 5
VALSARTAN,VALSACOR 320
METOCLOPRAMIDA HCL BP,METOCLOPRAMIDA
CANDESARTAN,CORIARTEN 8
AZITROMICINA,AZICURE-500
MULTICOMPOSICION,DOLFENEX B
CLOTRIMAZOL,CLOTRIMAZOL
VER AL DORSO,GRITOS- EX D
IBUPROFEN,IBUPROFEN
LISINOPRIL,LISINOPRIL
CLOTRIMAZOL,CLOTRIBIT
CLOPIDOGREL BISULFATO,CLOPIDOGREL  75 mg IF
CELECOXIB,CELECOXIB
VER AL DORSO,CANDERSIL® ULTRA 32/10/25
CLOTRIMAZOL,CLOTRIMAZOL
HIERRO AMINOQUELADO + ACIDO FÓLICO,INTRAFER
MELATONINA,CRONOCAPS 
ROSUVASTATINA,REGUTOL 10 mg
ROSUVASTATINA,REGUTOL
ROSUVASTATINA CÁLCICA,TOREZA
LEVOFLOXACINA,DAOTOLBIN
CEFTRIAXONA,LORCEF 500MG/I.M.
CLOTRIMAZOL + CLINDAMICINA FOSFATO,KLINDACETRIN
MECOBALAMINA,BIOCOBAL 
PALIPERIDONA,INVEGA
CANDESARTAN CILEXETILO + AMLODIPINO BELISATO,INLOSEP-A 16/10
VER AL DORSO,METOCLOPRAMIDA
DICLOFENACO,DICLOFENACO SODIO INYECCION
CARVEDILOL,CARVECHEM 25
DICLOFENAC SODICO,VINIL
ACIDO URSODESOXICOLICO,URSACOL
ACIDO URSODESOXICOLICO,URSACOL
ALBENDAZOL,ALBENDAZOL
POLICRESULENO,ACICUEND ©
ATORVASTATINA CÁLCICA TRIHIDRATO ,ATORVASTATINA 20 
NAPROXENO SODICO,DEXANAL
TADALAFIL,CAPLIN NOFLEXX20
TADALAFIL,CAPLIN NOFLEXX20
VER AL DORSO,DOLO-MEDOX
MULTICOMPOSICION,DOLO-MEDOX
LIDOCAINA,LAFECAINA
VER AL DORSO,PRESOLOL A 5/10
CARVEDILOL,CARVECHEM 12.5
"DICLOFENAC + VITAMINAS B1, B6, B12",TRINAX
PIRACETAM,PIRACETAM MALLÉN
NAPROXEN SODICO,NAFAR® 
LISINOPRIL,LISINOPRIL
SILDENAFIL CITRATO,CAPLIN-9PM
IMIPRAMINA CLORHIDRATO,IMIPRAMINA CLORHIDRATO INMENOL 25 MG
ATENOLOL + CLORTALIDONA,BLOTENOL C 100
DICLOFENAC SODICO + PRIDINOL MESILATO,DIOXAFLEX PLUS
VER AL DORSO,BLOQ® ULTRA 5/5/12.5 
VER AL DORSO,BLOQ® ULTRA 10/10/12.5
MULTICOMPOSICION,PAIDOZIM COMPUESTO
AXITINIB,INLYTA
AXITINIB,INLYTA
RITUXIMAB,MABTHERA                                                              
EPTACOG ALFA (ACTIVADO),NOVOSEVEN RT
VER AL DORSO,LAMOXI-A
CARVEDILOL,CARVILAR 25
MEMANTINA CLORHIDRATO,CARRIER
MULTICOMPOSICION,"FRUTADEX SUERO DE REHIDRATACION ORAL, SABOR NARANJA"
MULTICOMPOSICION,"FRUTADEX SUERO DE REHIDRATACION ORAL, SABOR NARANJA"
MULTICOMPOSICION,"FRUTADEX SUERO DE REHIDRATACION ORAL, SABOR MANZANA"
MULTICOMPOSICION,"FRUTADEX SUERO DE REHIDRATACION ORAL, SABOR MANZANA"
MULTICOMPOSICION,"FRUTADEX SUERO DE REHIDRATACION ORAL, SABOR MANZANA"
CLARITROMICINA,ANTICLAR 
DIMENHIDRINATO,EMIDRIN
LISINOPRIL DIHIDRATO EQUIV. A LISINOPRIL,LISINOPRIL 20 mg
BROMHEXINA CLORHIDRATO,BROMHEXINA CLORHIDRATO 
CEFEPIMA,CEFIME
LOSARTAN POTASICO,INDUFAR ACCORD 100
ACIDO FÓLICO,FOLITAB 
CANDESARTAN,CANDESARTAN FELTREX
CLOTRIMAZOL + P-CLOROXILENOL,ORBISCLOR 
DEXKETOPROFENO,KILLIUM
VER AL DORSO,CARTYL
VER AL DORSO,CARTYL
LORATADINA,TADINISUR
VALSARTAN+HIDROCLOROTIAZIDA,GIOTEN-HCT 160/25
VER AL DORSO,HIPOVASTIN 20
METFORMINA CLORHIDRATO,METFORAL 500
CLOPIDOGREL BISULFATO,CLOPIBRIT
NAPROXENO SODICO,ALIVIOL
DICLOFENAC DIETILAMONIO,DOLOTREN
DICLOFENAC DIETILAMONIO,DOLOTREN
ACIDO BORICO + ALUMBRE AMONIACAL,FENGIL
HIDROCORTISONA ACETATO,HIDROCORTISONA
POLICRESULENO + CINCOCAINA HCL,ACICUEND-C
VER AL DORSO,PRESOLOL A 5/5
FENTERMINA,SUPRESS-P
METRONIDAZOL + DIYODOHIDROXIQUINOLEINA,FLAGENASE 400
LOSARTÁN POTÁSICO,COZAAR 
PREGABALINA,FINPAL 150
MOXIFLOXACINA,IXMU
EPTACOG ALFA (ACTIVADO),NOVOSEVEN RT
VER AL DORSO,CANDESAR-A 16/5
CIPROFLOXACINA HCL + FENAZOPIRIDINA HCL,CIFONOX URO
CIPROFIBRATO,CIPROLYP
VER AL DORSO,LODELIP A 320 / 10                                                    
OLMESARTAN MEDOXOMILO /HIDROCLOROTIAZIDA,EUKENE H 20/12.5
ENALAPRIL MALEATO,ENALAPRIL SUED 10 mg
ENALAPRIL MALEATO,ENALAPRIL SUED 20 MG
NIFEDIPINA,NIFPIN AP-30
SIMVASTATINA,BELMALIP 20
BROMHEXINA CLORHIDRATO,BROMHEXINA 
GLIMEPIRIDA + METFORMINA HCL,DIAMENIL G
VER AL DORSO,SOPROL A 10/10
BISOPROLOL FUMARATO / AMLODIPINO (COMO BESILATO),PRESOLOL A 10/5
OMEPRAZOL PELLETS EQUIVALENTE A OMEPRAZOL,OMEPRAZOL ALFA 
LOSARTAN POTASICO/AMLODIPINO (COMO BESILATO),NEFROTAL A 100/10
VER AL DORSO,MAXOFER 100 MG / 5 ML
MUPIROCINA,PRESIDERM
AMPICILINA,AMPICILINA
NITAZOXANIDA,NITAZOXANIDA
VENLAFAXINA,EFEXOR XR
VENLAFAXINA,EFEXOR XR
VALSARTAN + AMLODIPINO BESILATO,LODELIP A 320 / 5
BISOPROLOL FUMARATO / AMLODIPINO BESILATO,SOPROL A 10/5
BISOPROLOL FUMARATO + AMLODIPINO BESILATO,SOPROL A 10/5                                                         
BISOPROLOL FUMARATO/AMLODIPINO (COMO BESILATO),PRESOLOL A 10/10
VER AL DORSO,CYCLONOR
VER AL DORSO,DIPEPTIVEN.
ACIDO GADOPENTÉTICO,PENTAGLUBINE
TADALAFIL,TIMACLE
ROSUVASTATINA CALCICA,ROSUSTAR
ROSUVASTATINA CÁLCICA,TOREZA
IRBESARTAN,APROBRIT- 75 
LISINOPRIL DIHIDRATO, BRIMIPRIL 
ROSUVASTATINA CALCICA,ROSIGEROL 10
NITROPRUSIATO DE SODIO DIHIDRATO,NITROPRUS
METRONIDAZOL + NISTATINA,METRONIDAZOL + NISTATINA
FENITOINA,DILANTIN
FENITOINA,DILANTIN
FENITOINA SODICA,DILANTIN
TRICLOSAN,MEXANA
VALSARTAN+HIDROCLOROTIAZIDA,GIOTEN-HCT 320/12.5
VALSARTAN+HIDROCLOROTIAZIDA,GIOTEN-HCT 160/12.5
VALSARTAN+HIDROCLOROTIAZIDA,GIOTEN-HCT 320/25
KETOROLACO TROMETAMINA,BLOKEODOL-SL 30
LISINOPRIL DIHIDRATO,LISINOPRIL 10 mg
DICLOFENACO POTÁSICO,DICLOFENACO POTÁSICO 
VER AL DORSO,MEDROCORT-500 
VALSARTAN+HIDROCLOROTIAZIDA,GIOTEN-HCT 80/12.5
VALSARTAN + AMLODIPINA BESILATO,VALCHEM A 160/5
ATENOLOL + CLORTALIDONA,BLOTENOL C 50
ATENOLOL,BLOTENOL 50
ROSUVASTATINA CALCICA,ROSIGEROL 20
KETOCONAZOL,KETOCONAZOL 200 MG
LEVOCETIRIZINA DICLORHIDRATO,LEVOCETIRIZINA DICLORHIDRATO
CEFALEXINA MONOHIDRATO,CEFALEXINA
ETORICOXIB,ARCOXIA
TETRACICLINA CLORHIDRATO,TETRACICLINA ALFA 
FLUCONAZOL,FLONIN
SECNIDAZOL,SEGAMOL
SECNIDAZOL,SEGAMOL
ESCITALOPRAM,CELTIUM
CLORHIDRATO DE BENDAMUSTINA,RIBOMUSTIN
CLORHIDRATO DE BENDAMUSTINA,RIBOMUSTIN
LIMECICLINA,TETRALISAL                                                            
CLOPIDOGREL BISULFATO,CLOPIDOGREL 75 mg
TIMOLOL MALEATO,TIMOSUL-ANCALIMA
IBERSARTAN DCI,IRBESARTAN NORMON 300 MG
ROSUVASTATINA CALCICA (EQUIVALENTE A ROSUVASTATINA),LIPARON 10
KETOCONAZOL,KETOCONAZOL 
VER AL DORSO,AIRTEC FB 200
VER AL DORSO,CALACYMA CYMACLA
ACICLOVIR,ACICLOVIR 5 %
TOPIRAMATO,TOPIRAMATO NORMON 25 MG
CETIRIZINA DICLORHIDRATO,CETIRIZINA MALLEN
BRIMONIDINA TARTRATO,ALPHAGAN P
BRIMONIDINA TARTRATO,ALPHAGAN P
ACICLOVIR,ACICLOVIR INMENOL 5%
LEVOFLOXACINA HEMIHIDRATO,LEVOFLOXACINO 500 mg GENERIFAR
TOPIRAMATO,TOPIRAMATO NORMON 50 MG 
IBUPROFENO,IBUPROFENO
IBUPROFENO,IBUPROFENO
VENLAFAXINA,EFEXOR XR
VENLAFAXINA,EFEXOR XR
BRIMONIDINA DE TARTRATO + TIMOLOL ( COMO MALEATO),BRIMOPRESS T
DICLOFENAC POTASICO,INOPHERIN
CARVEDILOL,CARVETEN 3.125 
CLINDAMICINA CLORHIDRATO,CLINDAMICINA 300 MG 
AMINOFILINA,AMINOFILINA
VALSARTAN + HIDROCLOROTIAZIDA,VALSACOR D 80-12.5
VER AL DORSO,FLUVAGIN
NAPROXENO SODICO,NAPROXENO SODICO
MESALAZINA,PENTASA
QUETIAPINA FUMARATO,QUETIL CYMACLA
QUETIAPINA FUMARATO,QUETIL CYMACLA
PREGABALINA,EPREVIA®
CANDESARTAN CILEXETIL + AMLODIPINA (COMO BESILATO),COROPRES A 16/10                                                      
VER AL DORSO,COROPRES A 16/5
VER AL DORSO,COROPRES AH 16 / 12.5  / 5                                            
IRBESARTAN,TENSIBER 300 MG
TENSIBER 150 MG,TENSIBER 150 MG
CANDESARTAN CILEXETILO + AMLODIPINA (COMO BESILATO),COROPRES A 32 / 5                                                     
FLUCONAZOL + SECNIDAZOL,GYNFLU D
FLUCONAZOL + SECNIDAZOL,GYNFLU D 
ALBENDAZOL,CYMAZOL-CYMACLA
VER AL DORSO,CALACYMA CYMACLA D
LOSARTAN POTASICO,LOSARTAN  POTASICO
FLUTICASONA PROPIONATO - SALMETEROL,FLUTIVENT 
CEFEPIME,VIAXON  500 MG
LAMOTRIGINA,LAMOCAS
VALSARTAN + HIDROCLOROTIAZIDA,PEXABREL H 320/ 12.5                                                   
VALSARTAN + HIDROCLOROTIAZIDA,PEXABREL H 160/12.5                                                   
ACETAMINOFEN DC90,CHEMIFEN
LOSARTAN POTASICO / AMLODIPINA BESILATO, CARDILAT® PLUS 100/10
ACETAMINOFEN,CHEMIFEN
MULTICOMPOSICION,SUDAGRIP AV ANTIGRIPAL
CLORHIDRATO DE FLUOXETINA,PROZAC©                                                               
CLORHIDRATO DE FLUOXETINA,PROZAC©                                                               
KETANSERINA,SUFAL 
FOSFATO TRICALCICO,CALCIO
PREDNISOLONA,INFLAVIR
LOSARTAN,LOSARTAN 100 mg
ACETAMINOFEN,CYMATEM
ACETAMINOFEN,CYMATEM
CITICOLINA,COLITESE
ALBENDAZOL,ALBENDAZOL 200 MG 
OMEPRAZOL COMO GRANULOS CON RECUBIERTA ENTERICA,OMEPRAZOL
CANDESARTAN CILEXETILO,COROPRES 16
ROSUVASTATINA CALCICA,ROSUSTAR
VER AL DORSO,TRINAX
DICLOFENAC SÓDICO + AMOXICILINA TRIHIDRATO,DIDYX-PJ
KETOCONAZOL,KETOBRIT 
DEFLAZACOR,BREXUS 30
DICLOFENAC POTASICO,BERGERON SR
CEFADROXILO MONOHIDRATO,CEFADR-INN
IMIPENEM + CILASTATINA,SOLMIDEX
BISOPROLOL HEMIFUMARATO,PRESPOL-10
NISTATINA,NISTATINA INMENOL
VER AL DORSO,XILETIL 8 MG
FENITOINA SODICA,FENITOINA INMENOL - 100 MG
CANDESARTAN CILEXETIL + AMLODIPINA BESILATO,INLOSEP - A 8/5
SILDENAFIL CITRATO,SILDENAFIL INMENOL 100 MG
IRBESARTAN,IBERSAR 150 MG
CLOTRIMAZOL,CLOTRIBIT
CITICOLINA,CITICOL- 500
VER AL DORSO,CLINKEZOL
ACETAMINOFEN,ACETAMINOFEN SUED 750 MG
LEVOFLOXACINA HEMIHIDRATO,LEVOLONA-750
ESOMEPRAZOL TRIHIDRATO DE MAGNESIO,ESOPRAL AGLF 
LISINOPRIL + HIDROCLOROTIAZIDA,ECARDIL  D 20/12.5
CARVEDILOL,CARVETEN 6.25
METFORMINA CLORHIDRATO,METFORMINA 850 MG
CANDESARTÁN CILEXETILO,BALPRESS 8 MG
VALSARTAN + HIDROCLOROTIAZIDA,VALSACOR D 160-12.5
MULTICOMPOSICION,COMPLEROL AGLF
AMLODIPINA + VALSARTAN + HIDROCLOROTIAZIDA,DILOBEN D 5-160-25 
CLOPIDOGREL,CLOPIDOGREL 75 MG 
CARVEDILOL,CARVETEN 25 
LEVOFLOXACINO HEMIHIDRATO,LOXADIN 750
LEVOFLOXACINO HEMIHIDRATO,LOXADIN 500
CITICOLINA SÓDICA EQUIV. A CITICOLINA,COLITESE  
VER AL DORSO,XILETIL 16 MG
VALSARTAN + HIDROCLOROTIAZIDA,VALSACOR-D 160-25
LEVETIRACETAM,CALLEXE 
CANDESARTAN CILEXETILO,BALPRESS 16 MG
VER AL DORSO,DILOBEN D 5-160-12.5 
AMLODIPINA / VALSARTAN/ HIDROCLOROTIAZIDA,DILOBEN D 10-160-12.5 
CARVEDILOL,CARVEDILOL 25 MG 
ETORICOXIB,ARCOXIA
ETORICOXIB,ARCOXIA
CEFTRIAXONA,CEFTRIAXONA
CEFTRIAXONA,CEFTRIAXONA
VER AL DORSO,FILTROQUINONA BUSSIE
DANTRON / PANTOTENATO DE CALCIO,MODACEN SUSPENSION
NORADRENALINA,NORADRENALINA 
VER AL DORSO,CORSELET- MODELFARMA DIU
VER AL DORSO,ATORVASTATINA SUED 10 MG
METRONIDAZOL + NISTATINA,DIMEZOL
TADALAFIL,TALADRO MAX
TADALAFIL,TALDRO
CEFOTAXIMA.,CEFOTAXIMA.
CEFOTAXIMA.,CEFOTAXIMA
CEFOTAXIMA.,CEFOTAXIMA.
CEFAZOLINA SODICA,CEFAZOLINA RICHET 
AMOXICILINA TRIHIDRATO EQUIVALENTE A AMOXICILINA,AMOXICILINA 
VER AL DORSO,VITOFERRUM
AMLODIPINO + ATORVASTATINA,CADUET
AMLODIPINO + ATORVASTATINA,CADUET
DIAZEPAM,DIAZEPAM
TERIFLUNOMIDA,AUBAGIO®
TERIFLUNOMIDA,AUBAGIO 
VER AL DORSO,COMPLEJO B
MULTICOMPOSICION,POWER VIT DISFARMACO 
ROSUVASTATINA CALCICA,ROSUSTAR
MULTICOMPOSICION,BRONDIL BALSAMICO 250
MULTICOMPOSICION,BRONDIL BALSAMICO 600
PREDNISOLONA,AMCORT® 30
VER AL DORSO,AZITROMICINA SUED 200 MG
CLOPIDROGEL,CORAGREC
VER AL DORSO,OLMESARTAN + AMLODIPINA SUED 20 MG + 10 MG
IRBESARTAN,IBERSAR 300 MG
AZITROMICINA DIHIDRATO,AZBIOT 1000
PREGABALINA,LEPSIA
DEXKETOPROFENO,KLOSARA
METFORMINA HCL,GLICOMED
METFORMINA HCL,GLICOMED
SECNIDAZOL+KETOCONAZOL,SECNIDAZOL + KETOCONAZOL SUED 300 mg + 200 mg
CEFTRIAXONA,SUICEF
CEFTRIAXONA SODICA,SUICEF
AMLODIPINA + LISINOPRIL,AMLODIMER PLUS 
NEVIBOLOL,ANFIBOL
GLIMEPIRIDA,GLUCOPREX 2
VALSARTAN + AMLODIPINO BESILATO,VALDIBER-A 160/10
VER AL DORSO,POLICRESULENO SUED 90 MG
CEFTRIAXONA SODICA,SUICEF
CEFTRIAXONA SODICA,SUICEF
CEFTRIAXONA,SUICEF
CEFTRIAXONA SODICA,SUICEF
ACETAMINOFEN,SINEDOL FORTE
TADALAFILO,VUVUZELA-10
L-ASPARAGINASA,ONCOGINASE
VALSARTAN +AMLODIPINA + HIDROCLOROTIAZIDA,PEXABREL A H 320/10/12.5                                              
METFORMINA HCL / GLIMEPIRIDA,GLUCOPREX M 4-850
TADALAFILO,DURON-5
ESOMEPRAZOL MAGNESICO TRIHIDRATO,REGULACID
NITAXOZANIDA,VIARTAX 500
ESOMEPRAZOL MAGNESIO TRIHIDRATO,REGULACID
VALSARTAN + AMLODIPINO (COMO BESILATO),PEXABREL A 320/5                                                  
AMOXICILINA TRIHIDRATO,BOSNIA
TADALAFIL,PENFORT 10
VALPROATO SODICO,DIVALS                                                                
VALPROATO SODICO,DIVALS 200
PARICALCITOL,ZEMPLAR
PARICALCITOL,ZEMPLAR
VALSARTAN + HIDROCLOROTIAZIDA,VALCHEM D 160/12.5
TADALAFIL,PENFORT 20
GLIMEPIRIDA,GLUCOPREX 4
IBUPROFENO / CAFEINA / ERGOTAMINA TARTRATO,IBUPROFENO + CAFEINA + ERGOTAMINA
FLUCONAZOL,ANTIMICON
TRIMEBUTINA MALEATO,MUVETT 200 MG
TRIMEBUTINA MALEATO,MUVETT
DICLOFENAC SODICO,DICLOFENAC-50
VER AL DORSO,GIOTEN-A 320/5
VALSARTAN / AMLODIPINA BESILATO,VALTAX® MAX 320/5 
VALSARTAN / AMLODIPINA BESILATO,VALTAX ® MAX 320/5
ACETAMINIFEN,ACETAMINOFEN
VALSARTAN / AMLODIPINA BESILATO,VALTAX®  MAX 160/5 
TELMISARTAN,TELX - 80
SECNIDAZOL + KETOCONAZOL,SECNIDAZOL + KETOCONAZOL SUED 500 mg + 400 mg
CEFIXIMA TRIHIDRATO (EQUIVALENTE A CEFIXIMA BASE),CEFIXIMA SUED 400 mg
CEFADROXILO MONOHIDRATO (CEFADROXILO BASE),CEFADROXILO SUED 250 MG
BISOPROLOL FUMARATO,BISOCARDIL
BISOPROLOL HEMIFUMARATO / AMLODIPINA BESILATO,BLOQ® MAX 5/5
LEVOTIROXINA SÓDICA,TRIAXAL
BISOPROLOL FUMARATO,BISOCARDIL
ROSUVASTATINA + EZETIMIBE,ASUVAN EZ 
CLINDAMICINA + KETOCONAZOL,VAGISTERIL
METFORMINA CLORHIDRATO,GLISULIN® XR
METFORMINA CLORHIDRATO,GLISULIN® XR 
VALSARTAN,VALTAX® 160 
IRBESARTAN,IRBESARTAN SUED 300 MG
ESCITALOPRAM OXALATO (EQUIVALENTE A ESCITALOPRAM BASE),ESCITALOPRAM SUED 10 MG
LAMOTRIGINA,LAMOCAS 
BISOPROLOL FUMARATO,EUROBISOP
MONTELUKAST,MONTRATE
VER AL DORSO,OLMESAR-A 20/10
ESCITALOPRAM OXALATO (EQUIVALENTE A ESCITALOPRAM BASE),ESCITALOPRAM SUED 20 MG
AZITROMICINA,ATRIMON                                                               
SERTRALINA,ALUTRIN® ARSAL 
AMOXICILINA TRIHIDRATO,AMOXICILINA
METFORMINA CLORHIDRATO,MEDIABET 500
POLICRESULENO,FRODAL
AMPICILINA TRIHIDRATO,AMPICILINA
VALSARTAN + HIDROCLOROTIAZIDA,VALSACOR D 80-25
ISONIAZIDA,ISONIAZIDA 
METOTREXATO,METOXATE
DICLOFENAC SODICO,DICLOFENAC-100
MELATONINA,CRONOCAPS
CEFALEXINA MONOHIDRATO MICRONIZADO,CEFALEXINA
CITALOPRAM,AXOPRAM ARSAL® 
CITALOPRAM,AXOPRAM ARSAL® 
LEVOSULPIRIDA,LEVOGASTROL
ACETAMINOFÉN,ACETAMINOFÉN
AZITROMICINA,SEDAMIN
CELECOXIB,CELECOXIB
PENICILINA G BENZATINICA.,PENICILINA G BENZATINICA.
PENICILINA G BENZATINICA.,PENICILINA G BENZATINICA.
LACTULOSA CONCENTRADA,LAANSALAX
CLINDAMICINA + KETOCONAZOL,ALIANXA
LOSARTAN POTASICO / AMLODIPINA BESILATO,PRESOTAN A PLUS 
BISOPROLOL FUMARATO,EUROBISOP
NEBIVOLOL HIDROCLORURO + HIDROCLOROTIAZIDA,NEBILET PLUS
AMLODIPINA BESILATO + BISOPROLOL FUMARATO,CONCOR AM
BISOPROLOL FUMARATO + AMLODIPINA BESILATO,CONCOR® AM
VALSARTAN /AMLODIPINO,VALAXAM 80/5
ALCOHOL ISOPROPILICO,ALCOHOL ISOPROPILICO
LEVOSULPIRIDA,GASTROPIRID S 
FOSFATO DE CODEINA,CODEINA
TOBRAMICINA,XOLOF NICOLICH
TOPIRAMATO (D.C.I.),TOPIRAMATO NORMON 100 MG 
NIFEDIPINA,NIFEDIPINA
OMEPRAZOL,OMEPRAZOL
ASPARTATO DE L-ARGININA,STEINAMINOAX                                                          
DICLOFENAC SODICO,DICLOFENAC SODICO
OXIDO DE ZINC,DERMABABY
NEPAFENACO,ACRONEVA
MULTICOMPOSICION,OCULPRES MAX 
ERITROPOYETINA HUMANA RECOMBINANTE,EPOCASS
VER FORMULA,DEX-LITOS SABOR PIÑA
MULTICOMPOSICION,DEX-LITOS SABOR PIÑA 
VER AL DORSO,DEX-LITOS SABOR PIÑA
ACICLOVIR,ACEVIRAL 5% 
CLINDAMICINA FOSFATO,CLINDAMICINA
ESCITALOPRAM,LOPREM
LISINOPRIL DIHIDRATADO (EQUIVALENTE A LISINOPRIL),LISINOPRIL  SUED 20 MG
VER AL DORSO,CEFADROXILO + AMBROXOL SUED 250 MG + 15 MG
VER AL DORSO,CEFADROXILO SUED 500 mg
DROSPIRENONA + ETINILESTRADIOL,PRIMABELA
DROSPIRENONA + ETINILESTRADIOL,PRIMABELA 
VER AL DORSO,LISINOPRIL SUED 10MG
PROPINOX HCL,COLIXAL
AGUA DE MAR EQUIVALENTE A 0.9% DE NACI,STERIMAR BEBE
MELOXICAM,NORAGEL-15
AFLIBERCEPT.,EYLIA® 
ITRACONAZOL,ISOX
TRIAMCINOLONA,TAROSONE-40
AMLODIPINO Y ATORVASTATINA,CADUET
AMLODIPINO + ATORVASTATINA,CADUET
MULTICOMPOSICION,LA RAPIDITA
CEFALEXINA MONOHIDRATO,CEFALEXINA
CEFIXIMA TRIHIDRATADA (EQUIVALENTE A CEFIXIMA BASE),CEFIXIMA SUED 200 MG
FOSFOMICINA CALCICA,FOSFOBACTER
PIRACETAM,SUTROPIL-1200
MELOXICAM,MELOXICAM 15 MG IF
AMPICILINA,AMPICILINA
AMPICILINA,AMPICILINA
PIROXICAM,PIROXICAM 20 MG
CIPROFLOXACINA CLORHIDRATO MONOHIDRATADA,CIPROFLOX 
CEFIXIMA TRIHIDRATADA (EQUIVALENTE A CEFIXIMA BASE),FIXEM FORTE
VER AL DORSO,FIXEM FORTE 
TRIMETOPRIM + SULFAMETOXAZOL,TRIMETOPRIM + SULFAMETOXAZOL 160 MG * 800 MG
MULTICOMPOSICION.,HISOCEL.
AMLODIPINO + ATORVASTATINA,CADUET
AMLODIPINO + ATORVASTATINA,CADUET
AMLODIPINO + ATORVASTATINA,CADUET
HIDROCORTISONA ACETATO,HEMORRANE
HIDROCORTISONA ACETATO,HEMORRANE
PAROMOMICINA,PARACIDIN
DEXAMETASONA,DEXAMETIN
LAMOTRIGINA,LAMTOX 25
LAMOTRIGINA,LAMTOX® 25
LAMOTRIGINA,LAMTOX 25
TINIDAZOL,TINIDAZOL
TINIDAZOL,TINIDAZOL
TRAVOPROST,TRAVATAN
TRAVOPROST,TRAVATAN
BUTANIDA,MICCIL 1MG
ESPORAS DE BACILLUS CLAUSII,ENTEROGERMINA                                                         
ESPORAS DE BACILLUS CLAUSII,ENTEROGERMINA                                                         
ESPORAS DE BACILLUS CLAUSII,ENTEROGERMINA                                                         
ESOMEPRAZOL,ADISEM
VER AL DORSO,QUERAMET
VER AL DORSO,CIRBIA 500                                                    
ATRACURIO BESILATO,ATRACURIO BESILATO
AMIODARONA,AMIORAN
METFORMINA HCL,MEDIABET 850
ERGOMETRINA MALEATO.,ERGOMETRINA MALEATO.
VER AL DORSO,PIONORM-M 15
VER AL DORSO,OMEPRAZOL
VER AL DORSO,VAGINOCREM
CEFTRIAXONA SODICA,MEDIXONE
OMEPRAZOL SODICO,OMESTOP
AMLODIPINA BESILATO (EQUIVALENTE A AMLODIPINA BASE),AMLODIPINA SUED 5 MG
ÁCIDO ACETILSALICILICO DC 90,MAIJART
RAMIPRIL + HIDROCLOROTIAZIDA,RAMIPRIL +  HIDROCLOROTIAZIDA SUED 2.5 mg + 12.5 mg
TAMSULOSINA,PROTOBER
BACITRACINA / NEOMICINA / POLIMIXINA,NEOXORIN
CLARITROMICINA,KLARICID
SIMETICONA,BURMICIN
IBUPROFENO DCI,IBUPROFENO NORMON 600 MG
IBUPROFENO (D.C.I.),IbuNor Normon 600 mg
LEVOTIROXINA SODICA,TIGOFAR® 200
LEVOTIROXINA SODICA,TIGOFAR 125
MONTELUKAST,MONTELUKAST
AZITROMICINA,AZITROMICINA
VER AL DORSO,OLMESAR A 20/5
METAMIZOL SÓDICO,METAMIZOL SÓDICO 
ACIDO FOLICO/,ACIDO FOLICO
GENTAMICINA SULFATO,GENTAMICINA SULFATO 
FUROSEMIDA,FUROSEMIDA 
ACIDO ASCORBICO,ACIDO ASCORBICO
PIPERACICLINA SODICA + TAZOBACTAM SODICO,TAZOCIN
CLINDAMICINA + KETOCONAZOL,DOSS
CARVEDILOL,CARVETEN 12.5 
METRONIDAZOL,METRONIDAZOL 
CEFUROXIMA SODICA,LEXA
ACIDO FUSIDICO,SUIPHAR FUSIPHAR
DICLOFENACO SODICO,DICLOFENACO SODICO
DIOSMINA + HESPERIDINA,VENOSAN 500
CEFTRIAXONA SODICA,CEFTRIAXONA  SODICA
TACROLIMUS,TACROLIMUS
TACROLIMUS,TACROLIMUS
TACROLIMUS,TACROLIMUS
ESOMEPRAZOL,ADISEM
CANDESARTAN CILEXETILO,BLOPRESS
CLARITROMICINA,KLARICID
TELMISARTAN,TELX-20
OLMESARTAN MEDOXOMIL,OLMESARTAN SUED 5 mg
VER AL DORSO,ES-CITOPRAM 20
VER AL DORSO,ES-CITOPRAM 10
NITROFURAZONA,FURIZOL 0.2%
ACIDO ACETIL SALICILICO,ASSP CARDIOLOGICA
ACIDO ACETIL SALICILICO,ASSP CARDIOLOGICA
TELMISARTAN,TELX-40
CITRATO DE TAMOXIFENO,TAMOXIFENO VARIFARMA
LAMOTRIGINA,LAMIDUM            
LACTULOSA,DUPHALAC
SULBACTAM SÓDICO + AMPICILINA SÓDICA,UNASYN
LAMOTRIGINA,LAMIDUM            
AMPICILINA THRIHIDRATO,AMPICILINA INMENOL 1000 MG
SILDENAFIL CITRATO,SILDENAFIL CALOX
AMLODIPINA BESILATO (EQUIVALENTE A AMLODIPINA BASE),AMLODIPINA SUED 10 MG
VER AL DORSO,ETIFLU
TAMSULOSINA CLORHIDRATO,VELTAM 0.4
MULTICOMPOSICION,PAINMAX ANTIGRIPAL
VER AL DORSO,OLMESARTAN + AMLODIPINA SUED 40 MG + 10 MG
CISPLATINO,CISPLATINO
VER AL DORSO,OLMESAR A 40/10
ATENOLOL,BLOTENOL 100
ROSUVASTATINA (COMO ROSUVASTATINA CALCICA),ASUVAN 10 MG
PAROMOMICINA,PARACIDIN
VER AL DORSO,OLMESARTAN  + AMLODIPINA  SUED 40 MG + 5 MG
LEVOFLOXACINA,LEVOFLOXACINA
VER AL DORSO,OLMESARTAN  + AMLODIPINA  SUED 20 MG + 5 MG
PIRACETAM,PICETAM® 1200
METFORMINA + GLIBENCLAMIDA,MEDIABET G
ROSUVASTATINA (COMO ROSUVASTATINA CÁLCICA),ASUVAN 20 MG 
VER AL DORSO,OLMESAR A 40/5
AMBROXOL HCL + LORATADINA,VENTOX A
CEFALOTINA.,CEFALOTINA.
CEFALOTINA,CEFALOTINA
METFORMINA HIDROCLORURO + GLIBENCLAMIDA,GIGLOTRIL PLUS
METFORMINA HIDROCLORURO + GLIBENCLAMIDA,GIGLOTRIL PLUS
GLIBENCLAMIDA,GLIBENCLAMIDA
CANDESARTAN CILEXETILO + HIDROCLOROTIAZIDA,SAFEBUL HCT
LOSARTAN POTASICO,RENOTENSYL 50
VER AL DORSO,BUTO-VENT
OLOPATADINA,OFTAPRED OD 
CIPROFLOXACINA CLORHIDRATO,CIPROFLOXACINA
ACETAMINOFÉN,ACETEFF
ACETAMINOFÉN,ACETEFF 
DEXAMETASONA.,DEXAMETASONA
LEVOFLOXACINA,AXA-LEVO
CLORHIDRATO DE METFORMINA,METFORMINA
VER AL DORSO,VALESONA 0.1%
HIDROCORTISONA,DEMIX 1%
SULFADIAZINA DE PLATA,SULFADIAZINA DE PLATA 1%
AMBROXOL CLORHIDRATO,MUCOSOLVAN
CLORHIDRATO DE AMBROXOL,MUCOSOLVAN 
CLORHIDRATO DE AMBROXOL,MUCOSOLVAN 
BENZBROMARONA,BENZBROMARONA  SUED 100 MG
DESLORATADINA,BENIMET 5
MULTICOMPOSICIÓN ,BYE FLU TE ANTIGRIPAL
PACLITAXEL,PACLITAXEL
DEFLAZACORT,DEFAL FAES FARMA 6 MG
DEFLAZACORT,DEFAL FAES FARMA 6 MG
BISOPROLOL FUMARATO,BETAPROLOL 2.5
MULTICOMPOSICION,CEREBRANDO
ARGINATO DE IBUPROFENO,ESPIDIFEN
ARGINATO DE IBUPROFENO,ESPIDIFEN
FENITOINA,EPAMIN
FENITOINA,EPAMIN
FENITOINA,EPAMIN
TOLTERODINA L-TARTRATO,DETRUSITOL SR
INSULINA GLARGINA (ORIGEN ADNr),RECOMULIN G
CANDESARTAN CILEXETILO / HIDROCLOROTIAZIDA,COROPRES H 16/12.5                                                    
PROPINOXATO HCL,BUSCALON® 10
PREGABALINA,PREBALINA- 75
GENTAMICINA SULFATO.,GENTAMICINA.
VER AL DORSO,CHEMIFLUX
TAMSULOSINA CLORHIDRATO + DUTASTERIDA,VELTAM PLUS
ATENOLOL,ATENOLOL 50 MG GENERIFAR
SERTACONAZOL,ZALAIN
NITRATO DE SERTACONAZOL,ZALAIN
VER AL DORSO,EXTRACTO DE MALTA RANGEL
TRAMADOL CLORHIDRATO,DOTRAL 50
TRAMADOL/TRAMADOL HIDROCLORURO,TRAMADOL
VER AL DORSO,FUSCATA - DA 
MULTICOMPOSICION,BIOHEFORTE
DEXIBUPROFENO,DEXIBUPROFENO SUED 400 MG
VER AL DORSO,IRIPRESS 
PARACETAMOL + TRAMADOL CLORHIDRATO,DOLADOL
VILDAGLIPTINA + METFORMINA HCI,GALVUS MET 50/1000
VILDAGLIPTINA (LAF237) + METFORMINA,GALVUS MET 50/850
VILDALGLIPTINA (LAF237) + METFORMINA HCL,GALVUS MET 50/500
AMLODIPINO BESILATO / VALSARTAN / HIDROCLOROTIAZIDA,EXFORGE HCT
VER AL DORSO,EXFORGE HCT
BESILATO DE AMLODIPINO+VALSARTAN+HIDROCLOROTIAZIDA,EXFORGE HCT
VER AL DORSO,EXFORGE HCT
VER AL DORSO,EXFORGE HCT
AMLODIPINO + VALSARTAN,EXFORGE 10 MG/160 MG
PIRACETAM,SUTROPIL
CLORHIDRATO DE GRANISETRON,KYTRIL
PROPOFOL,PROSAFE
SAXAGLIPTINA + METFORMINA CLORHIDRATO,KOMBIGLYZE XR
SAXAGLIPTINA + METFORMINA CLORHIDRATO,KOMBIGLYZE XR
VER AL DORSO,IRIPRESS-MOL 
ALCOHOL POLIVINILICO,ALPOVINIL 
LEVOTIROXINA SODICA,TIGOFAR® 150
VER AL DORSO,VALTAX® ULTRA 160/5/12.5
ACIDO ACETILSALICILICO,CORALAT® S.O.S.
ACIDO NALIDIXICO,ÁCIDO NALIDIXICO INMENOL 500 MG
GRISEOFULVINA MICRONIZADA,GRISEOFULVINA INMENOL 500 MG
AZITROMICINA DIHIDRATO,AZTICINE
ACETAMINOFEN DC 90,AMERIN
LOSARTAN POTASICO + HIDROCLOROTIZADA,DOXALAM® D 50/12.5
LOSARTAN POTASICO / HIDROCLOROTIAZIDA,DOXALAM® D  50/12.5 
ESOMEPRAZOL MAGNÉSICO TRIHIDRATO,PIROTON® 20
VER AL DORSO,PROTOBER PLUS
VER AL DORSO,CALCIOPRONT-D
MEMANTINA,MEMANTIN
CANDESARTAN,NORPRESS
PREGABALINA,LEPSIA
TADALAFIL,ONN 
TADALAFIL,ONN®
CANDESARTAN CILEXETIL,ARAXIL® 16
CANDESARTÁN CILEXETIL,ARAXIL® 16
CANDESARTÁN CILEXETIL,ARAXIL® 16 
LEVOTIROXINA SODICA,TIGOFAR® 25
CARBOXIMETILCELULOSA SODICA,LUBRIFRES 
VER AL DORSO,BRIMOGOT-MOL 
VER AL DORSO,FAMODOL
VER AL DORSO,FAMODOL
ROSUVASTATINA CÁLCICA + EZETIMIBE,ROSUVINA ULTRA
AMLODIPINA BESILATO + HIDROCLOROTIAZIDA,AMLOBRIT-DIU 5
CANDESARTAN CELEXETILO,CANDEBRIT
DICLOFENAC SODICO,CATACLOFEN-PLUS
DICLOFENAC SODICO,CATACLOFEN-PLUS
LISINOPRIL DIHIDRATO,LISICHEM 20
LISINOPRIL DIHIDRATO,LISICHEM 10
ACIDO MEFENAMICO,XYCLAN AGLF  
VALSARTAN / AMLODIPINA / HIDROCLOROTIAZIDA,CORANOR VHA
RAMIPRIL,RAMIPRIL SUED 2.5 MG
"VITAMINA A, VITAMINA C, VITAMINA D3",BIOVIT NATAL NF
PROPINOXATO CLORHIDRATO + CLORNIXINATO DE LISINA,PROPINOXATO + CLONIXINATO DE LISINA SUED 10MG + 125MG
DICLOFENAC SÓDICO,DICLOFENAC 
DICLOFENAC SODICO,DICLOFENAC
NITAZOXANIDA,VIARTAX 
MELOXICAM,DEXFLAX
PANCREATINA + SIMETICONA + METOCLOPRAMIDA CLORHIDRATO,PAIDOZIM PLUS
LEVOTIROXINA SODICA,TIGOFAR® 50
LEVOTIROXINA SODICA,TIGOFAR® 175
VER AL DORSO,COMBIPLEX DOLO
VER AL DORSO,COMBIPLEX FORTE
DOXICICLINA,DOXICICLINA
CLARITROMICINA USP,CLARITROMICINA
ACIDO ASCÓRBICO ( VITAMINA C ) ZINC,REDOXON DOBLE ACCIÓN
ACIDO ASCÓRBICO ( VITAMINA C ) ZINC,REDOXON DOBLE ACCIÓN
VER FORMULA,TOSCAPIN AGLF
VER AL DORSO,TOSCAPIN AGLF
TRIMEBUTINA MALEATO,DEBRIUM                                                               
VANCOMICINA,VANCOMICINA
VANCOMICINA,VANCOMICINA
VANCOMICINA,VANCOMICINA
METILPREDNISOLONA.,METILPREDNISOLONA
METILPREDNISOLONA.,METILPREDNISOLONA.
PROTEINSUCCINILATO HIERRO,LEGOFER
CANDESARTÁN CILEXETILO,BALPRESS 32 
CLORURO DE SODIO,XYLISOL CASSARA
FLUNARIZINA,ZINASEN
FLUNARIZINA,ZINASEN
"ÁCIDO ASCÓRBICO, ASCORBATO DE SODIO",VITAMINA C (SABOR TUTTI FRUTTI)
DIMENHIDRINATO,DIMENHIDRINATO
BISOPROLOL USP+HIDROCLOROTIAZIDA USP,CILENOL-H 5/6.25
BISOPROLOL FUMARATO + HIDROCLOROTIAZIDA,CILENOL-H 5/6.25
CIPROFLOXACINA,CIPROFLOXACINA 500
ERGOTAMINA + CAFEÍNA + IBUPROFENO,MITRAN 
AMIODARONA CLORHIDRATO,AMIODARONA SUED 200 MG
METFORMINA HCL + GLIMEPIRIDA,GLUCODIATIN-PLUS
"ÁCIDO ASCÓRBICO, ASCORBATO DE SODIO",VITAMINA C (SABOR CHICLE)
ACIDO ASCORBICO + ASCORBATO DE SODIO,VITAMINA C ( SABOR NARANJA )
PROPRANOLOL,PROLOL-40
AMIODARONA CLORHIDRATO,AMIORAN 200
ACIDO ASCORBICO + ASCORBATO DE SODIO,VITAMINA C ( SABOR MANDARINA )
LEVOSULPIRIDE,LEVOSULPIRIDE SUED 25 MG
PROPRANOLOL,PROLOL-10
TRIMEBUTINA MALEATO,DEBRIUM
AMIODARONA CLORHIDRATO,ATLANSIL 
CEFAZOLINA SODICA,INTRAZOLINA
CEFOTAXIMA SODICA,INTRATAXIMA 1 G
DICLOFENAC POTASICO,DICLOPLEX RETARD
CARVEDILOL,CADALOL-6.25
BISOPROLOL,CILENOL10
BISOPROLOL,CILENOL 2.5 
MELOXICAM,ILACOX
VER AL DORSO,MEDOX-TRIPLE
AMLODIPINO,AMAPINE-10
AMIKACINA SULFATO EQUIV. A AMIKACINA,AMIKACINA
TADALAFILO,DURON-20
CARVEDILOL,CADALOL-25
LEVOSULPIRIDA,RIXDERA
TOBRAMICINA + DEXAMETASONA FOSFATO,OBICIN - D
CLORHIDRATO DE EPINASTINA,RELESTAT
VER AL DORSO,RELESTAT
ALOPURINOL,ALOPURINOL INMENOL
ALOPURINOL,ALOPURINOL INMENOL
AMOXICILINA TRIHIDRATO,AMOXICILINA INMENOL
MEMANTINA CLORHIDRATO,AKATINOL
VER AL DORSO,AKATINOL
MELOXICAM,DOYLE
ACETATO DE CLORMADINONA+ETINILESTRADIOL,PLANIFERT
ACETATO DE CLORMADINONA+ETINILESTRADIOL,PLANIFERT
PERMETRINA,HEXADERM
MORFINA SULFATO,NEOCALMANS IT
LISINOPRIL DIHIDRATO /AMLODIPINA BESILATO,CARSIPRIL® COMPUESTO 20/10
"DICLOFENAC COLESTIRAMINA, ACETAMINOFEN Y CLORZOXAZONA",NUMADOL®
CANDESARTAN CILEXETILO,CARDIOSARTAN
CANDESARTAN CILEXETILO,ACERTA
CANDESARTAN CILEXETILO,ACERTA
CANDESARTAN CILEXETILO + HIDROCLOROTIAZIDA,ACERTA-H
ESCITALOPRAM OXALATO,TOLOPRAM® 
ESCITALOPRAM OXALATO,TOLOPRAM®
MULTICOMPOSICION,NATODEX
MOXIFLOXACINO HCL EQUIVALENTE A MOXIFLOXACINO BASE,SICCINA
CETIRIZINA DHCL + FENILEFRINA HCL,SINALERG-DT 
CLORURO DE SODIO,CLORUSOD
MALEATO DE TIMOLOL EQUIVALENTE A TIMOLOL BASE,NEO-TIMOL 
KETOROLACO TROMETAMOL,RAPIBLOK
VER AL DORSO,NAFHIPROM
LISOZIMA,LISOZIMA ETHICAL 
LOSARTAN POTASICO,MAXIPRESS
CANDESARTAN CILEXETILO,CARDIOSARTAN
VER AL DORSO,FIXACORT -12.5
ROSUVASTATINA CALCICA. EQUIVALENTE A ROSUVASTATINA,LOPRAXIN-10
VER AL DORSO,LOPRAXIN-20
DICLOFENAC POTASICO,DICLOFENAC POTASICO
PREDNISONA BASE,PREDNISONA 20 MG GENERIFAR 
TELMISARTAN + HIDROCLOROTIAZIDA,TELX-H
VER AL DORSO,TELX-D
CLOPIDOGREL + ACIDO ACETILSALICILICO,APLAGREL PLUS
SULFATO DE ZINC,SULFATO DE ZINC
TADALAFILO,ACROFIL 5 MG 
LEVOFLOXACINA USP EQUIVALENTE A LEVOFLOXACINA ANHIDRA,LEVOFLOXACINA
DESLORATADINA,DESLORATADINA MK  ®
MULTICOMPOSICION,DOLOCOM
MULTICOMPOSICION,DOLOCOM
CANDESARTAN CILEXETIL,ARAXIL 8
CANDESARTAN CILEXETIL,ARAXIL® 8   
CANDESARTAN CILEXETIL, ARAXIL® 8
CANDESARTAN CILEXETIL,ARAXIL® 8
ACIDO MEFENAMICO,POSTAGESIC
LACOSAMIDA,LACOTEM                                                               
KETOTIFENO FUMARATO,FORTIFENO OCU
TOBRAMICINA + DEXAMETASONA,PROTABA
TOBRAMICINA + DEXAMETASONA,PROTABA
ACETATO DE ZINC DIHIDRATADO,DERMIZINC CLEAR
LATANOPROST,NEO-LATAN
AMPICILINA SODICA,AMPISUL 1g
IRBESARTAN+AMLODIPINA,IBERYL PLUS 150 / 5
IRBESARTÁN + AMLODIPINA BESILATO,IBERYL® PLUS  150/5
ENALAPRIL MALEATO,CARDIOPRES 10
VALSARTAN, CARDIO-K®  160
VALSARTÁN,CARDIO-K® 160
VALSARTÁN,CARDIO-K® 160
CANDESARTAN CILEXETILO + HIDROCLOROTIAZIDA,ACERTA-H
BISOPROLOL FUMARATO,IBERPRODOL 10
DIHEXAZINA,VITERNUM® 
CARVEDILOL,CARVEDILOL 6.25 MG IF
LEVETIRACETAM,IBEROTIL 1000
CLOTRIMAZOL,CLODIZOL
VER AL DORSO,MOXIBERO
LEVETIRACETAM,IBEROTIL 500
CARVEDILOL,CARVEDILOL 12.5 MG IF
BISOPROLOL FUMARATO,IBERPRODOL 5
BISACODILO,BISACODILO 5 MG IF
CARVEDILOL,CARVEDILOL 25 MG IF
METFORMINA HCL,METFORMINA 500 MG IF
OMEPRAZOL,OMEPRAZOL 40mg IF
PROGESTERONA MICRONIZADA,ETIPROGEST
VER AL DORSO,ACIFRESH
VER AL DORSO,TOPSAN MUCOLITICO
ANTIPIRINA+BENZOCAINA,DENTICURA
TARTRATO DE BRIMONIDINA,BRIMOGOT
VER AL DORSO,DEXASALYL
CIPROFLOXACINA HCL,CIFONOX SR
SIMVASTATINA,PHARVAM 
NOREPINEFRINA,ADRENOR
CLINDAMICINA CLORHIDRATO,RAMIDEX
ROSUVASTATINA CALCICA,ROSUCOR 10
ROSUVASTATINA CALCICA,ROSUCOR® 10
FOSFOMICINA,FOSFOMICINA ETHICAL 
AMPICILINA SODICA,AMPICILINA SODICA
AMPICILINA SÓDICA,AMPICILINA SÓDICA 
DEXAMETASONA,DEXALOCAL
DEXAMETASONA + SULFATO DE FRAMICETINA,DEXALOCAL - F
AMLODIPINA BESILATO /CARVEDILOL,AMLOBRIT-PLUS
LEVOFLOXACINO.,QUINOFRES.
AMOXICILINA TRIHIDRATO + ÁCIDO CLAVULÁNICO,MOPEN® PLUS 
AMOXICILINA TRIHIDRATO + ACIDO CLAVULÁNICO,MOPEN® PLUS 
AMOXICILINA TRIHIDRATO + ACIDO CLAVULÁNICO,MOPEN® PLUS 
VANCOMICINA CLORHIDRATO,VANCOQURE 500 MG
VANCOMICINA CLORHIDRATO,VANCOQURE  500 mg
VANCOMICINA CLORHIDRATO,VANCOQURE  500 MG
MONTELUKAST SODICO,SINGULAIR
MONTELUKAST SODICO,SINGULAIR
MONTELUKAST SODICO,SINGULAIR
AMOXICILINA + ÁCIDO CLAVULÁNICO,AMOXICILINA + ÁCIDO CLAVULÁNICO
LINCOMICINA MONOHIDRATO,LINCOCIN
LINCOMICINA MONOHIDRATO,LINCOCIN
LINCOMICINA MONOHIDRATO,LINCOCIN
TRAMADOL HCL,DOLOPAL-50
FELODIPINA,ATENPRIL 10
LERCANIDIPINA HCL,LECORDIUS 10
CARBAMAZEPINA,ADMIRA RETARD
MEMANTINA CLORHIDRATO,MIMETIX ODT
DEFLAZACORT,DEFAL FAES FARMA
DEFLAZACORT,DEFAL FAES FARMA
ACETAMINOFEN,ACETAMINOFEN
ATENOLOL,ATENOBRIT
FLAVOXATO CLORHIDRATO,FLAXATO
LEVONORGESTREL,CERCIORAT
VER AL DORSO,DANIELE
VORICONAZOL,VFEND
CLOSTEBOL ACETATO + NEOMICINA SULFATO,TROFOBOL AGLF  
GLUCONATO DE CLORHEXIDINA,CLORDIPOX
VER AL DORSO,OCULGLA-D
PREGABALINA + MECOBALAMINA,PREGAB-M
PREGABALINA + MECOBALAMINA,DOLONEUROPAT-M
METFORMINA CLORHIDRATO,METFORMINA ALFA 850 MG
VALSARTAN + HIDROCLOROTIAZIDA,PEXABREL H 320/25
TADALAFILO,VUVUZELA-20
BROMURO DE OTILONIO,SEDASPAM-40
BROMURO DE OTILONIO,SEDASPAM PEDIATRICO
TRAMADOL CLORHIDRATO,T-MOD
CLOPIDOGREL BISULFATO,APLAC
MIDAZOLAM MALEATO,MIDAZOLAM GRAY
MIDAZOLAM (COMO MALEATO),MIDAZOLAM GRAY
TEOFILINA ANHIDRA + FENILEFRINA HCL,NOLFRAN
RISPERIDONA,RIPEXIL 0.5
CITRATO DE FENTANILO,CITRATO DE FENTANILO 
CLOSTEBOL ACETATO + NEOMICINA SULFATO,TROFODERMAX
CETIRIZINA HCI,CETIRIZINA 
VER AL DORSO,PANTOPRAZOL 40 MG IF
VALSARTAN / AMLODIPINA BESILATO / HIDROCLOROTIAZIDA,VALTAX  ULTRA 160 / 10 / 12.5
ACICLOVIR,ACICLOVIR
PREDNISOLONA,PREDNISOLONA FELTREX
IRBESARTAN,IBERSAFEL
IRBESARTAN,IBERSAFEL
IRBESARTAN,IBERSAFEL
VER AL DORSO,LISINOPRIL ALFA 10 MG
CANDESARTAN CILEXETILO,CALMEX® - 32
ROSUVASTATINA CALCICA. EQUIVALENTE A ROSUVASTATINA,ROSUVASTATINA ALFA 10 MG
LORATADINA,LORATADINA 
VARDENAFIL HCL,YE-S 10
TAMSULOSINA,TAVUDINA
BACITRACINA ZINC,BACITRACINA                                                           
MOXIFLOXACINA Y DEXAMETASONA,IXMU D
ATENOLOL + CLORTALIDONA + NITRENDIPINA,ATECLOR PLUS                                                          
ATENOLOL + CLORTALIDONA + NITRENDIPINA,ATECLOR PLUS                                                          
HIERRO SACAROSA EQUIVALENTE A HIERRO ELEMENTAL,LUCOVIT - SAC
VER AL DORSO,LUCOVIT - SAC
AMINOSIDINA SULFATO,MOXIRAL AGLF
VER AL DORSO,OFTALPLUS
OLOPATADINA,FERMAL
SIMVASTATINA,SIMVASTATINA ALFA 20 MG
CARVEDILOL,CARVEDILOL ALFA 25 MG
SIMVASTATINA,SIMVASTATINA 40 MG IF
METFORMINA HCL + VILDAGLIPTINA,GLIPOX® MET 850/50 
ROSUVASTATINA CALCICA,ROSUCOR® 20 
ROSUVASTATINA CALCICA,ROSUCOR®  20 
VER AL DORSO,VALDIBER-TRES 160/10/25
HIDROXIDO DE ALUMINIO / HIDROXIDO DE MAGNESIO.,ALUGEL® COMPOSITUM
VER AL DORSO,ALUGEL® COMPOSITUM
LORATADINA,LORATADINA 
SUCRALFATO,SUCRALFATO
CALAMINA,CALADRYL
VALSARTAN / HIDROCLOROTIAZIDA,VALTAX® D 160/12.5
ÓXIDO DE ZINC,DERMIZINC
LATANOPROST,XALATAN
LATANOPROST,XALATAN
CIPROFLOXACINO + DEXAMETASONA,DECIPROX
HIDROXIDO DE ALUMINIO / HIDROXIDO DE MAGNESIO,ALUGEL® 
LACTULOSA,LACTULAX®
CLOXACILINA SODICA,CLOXACILINA 
METFORMINA HCL + VILDAGLIPTINA,GLIPOX MET 500/50
IRBESARTAN + AMLODIPINA BESILATO,IBERYL®  PLUS  300/10   
DUTASTERIDE,UROBICAL
FUMARATO DE BISOPROLOL,BISOMAX 5 
VITAMINA K1 (FITOMENADIONA),VITAMINA K1 ALFA 
VITAMINA K1 (FITOMENADIONA),VITAMINA K1 ALFA
VER AL DORSO,DOLOPAL-100
LINEZOLID,LITASINA
METILPREDNISOLONA SUCCINATO DE SODIO USP,METILPREDNISOLONA
VER AL DORSO,METILPREDNISOLONA
HIERRO SACAROSA EQ. A HIERRO ELEMENTAL,HIERRO SACAROSA  
VER AL DORSO,SOPHIXIN DX UNGENA
VER AL DORSO,SOPHIXIN DX UNGENA
ANFOTERICINA B,ANFOTERICINA B
VALSARTAN + HIDROCLOROTIAZIDA,VALDIBER-H 320/12.5
DICLOFENAC + AMOXICILINA,BERGERON-A
SOBREROL,CARBOXIL
VER AL DORSO,FOSFOMICINA SUED 250 MG
VER AL DORSO,DICLOFENACO SUED 1 G
ALBENDAZOL + QUINFAMIDA,QUINFAL BIOCEUTICS
SUCCINATO SODICO DE METILPREDNISOLONA USP,METILPREDNISOLONA
LORATADINA,EFECTINE
SULFADIAZINA DE PLATA,SULFADIAZINA DE PLATA
"DORZOLAMIDA, BRIMONIDINA Y TIMOLOL",BRIMONI DT 
VER AL DORSO,CANDEBRIT -ULTRA
LEVOCETIRIZINA HCL,ALGIUS
LAMOTRIGINA,LAMOCAS 25
GLUCOSA ANHIDRA,GLUCOSA
ROCURONIO BROMURO,ROCURONIO BROMURO
CLARITROMICINA,KLARICID IV
ACETILCISTEÍNA,ACEDIP
ACETAMINOFEN + CAFEINA,ACETAMINOFEN + CAFEINA SUED 500 MG + 65 MG 
CLORURO DE SODIO,CLORURO DE SODIO SUED
ACETAMINOFEN + CAFEINA,SINEDOL ULTRA
PREDNISOLONA BASE,PRINOSI 20
ACIDO FUSIDICO,FUSIBACT
KETOCONAZOL,DERMOKET
VER AL DORSO,AMOXICILINA + AMBROXOL SUED 875 MG + 30 MG
CLORURO DE SODIO,CLORURO DE SODIO AL 0.9% EN AGUA INYECTABLE BAXTER
OMEPRAZOL,OMEPRAZOL
OMEPRAZOL,FLAGOSEC
CANDESARTAN CILEXETILO+ HIDROCLOROTIAZIDA,SAFEBUL HCT
CANDESARTAN CILEXETILO + HIDROCLOROTIAZIDA,SAFEBUL HCT
PROPINOXATO CLORHIDRATO / CLONIXINATO DE LISINA,PROPINOXATO + CLONIXINATO DE LISINA SUED 20 MG+125 MG
PROPINOXATO CLORHIDRATO / CLONIXINATO DE LISINA,PROPINOX COMPUESTO FORTE
HIERRO SACAROSA EQUIV. A HIERRO ELEMENTAL,FLAGFER
HIERRO SACAROSA EQUIV. A HIERRO ELEMENTAL,FLAGFER
VER AL DORSO,BUTO- VENT
PREDNISOLONA BASE,PRINOSI 10
MULTICOMPOSICION,VITAMINAS CON HIERRO & ZINC
VER AL DORSO,MERCILON
PREDNISOLONA BASE,PRINOSI 30
SIMVASTATINA,ZIMVASTIN-20MG
CLOPIDOGREL BISULFATO,CLOPIDOGREL 
CANDESARTAN CILEXETILO + HIDROCLOROTIAZIDA,SAFEBUL HCT
BESILATO DE ATRACURIO,ATRACURIO BESILATO
MONTELUKAST SÓDICO EQUIVALENTE A MONTELUKAST,TELEKAST
ACICLOVIR,VIREXOL
FUSIDATO DE SODIO,FUSIBACT
FUSIDATO DE SODIO,FUSIBACT
BETAMETASONA / GENTAMICINA / CLOTRIMAZOL,TREXAVOX
KETOCONAZOL POLVO + TINIDAZOL,KETOCONAZOL + TINIDAZOL SUED 200 MG + 200 MG 
AMINOSIDINA SULFATO (EQUIVALENTE A AMINOSIDINA BASE),AMINOSIDINA SUED 500 MG
DIAZEPAM.,DIAZEPAM.
VALPROATO DE SODIO,VALPROATO DE SODIO
VER AL DORSO,PREDNISOLONA SUED 15 MG
ATENOLOL,ATENOBRIT
CANDESARTAN,ARAXIL 32
CANDESARTÁN CILEXETIL,ARAXIL® 32 
CANDESARTAN CILEXETIL, ARAXIL® 32
NAPROXENO SODICO,DOLMEX® 500
LEVETIRACETAM,CALLEXE
AMLODIPINO BESILATO,AMLODIPINO
KETOROLACO TROMETAMINA,DOLOKET 
ENALAPRIL MALEATO,ENALAPRIL-10
CILOSTAZOL,XILTOS-100
CARVEDILOL,CADALOL 12.5
LISINOPRIL DIHIDRATO + HIDROCLOROTIAZIDA,BRIMIPRIL-H
AMLODIPINA BESILATO,AMLOBRIT 2.5
MORFINA CLORHIDRATO,MORFINA CLORHIDRATO
MORFINA CLORHIDRATO.,MORFINA CLORHIDRATO.
PREDNISOLONA BASE,PREDNISOLONA SUED 30 MG
PREDNISOLONA BASE,PREDNISOLONA SUED 10 MG
PREDNISOLONA BASE,PREDNISOLONA SUED 20 MG
CARVEDILOL + AMLODIPINA BESILATO,ADACOR PLUS
CARVEDILOL + AMLODIPINA BESILATO,ADACOR MAX 
TERBINAFINA,TERBICIP
CLOPIDOGREL BISULFATO USP,CLOVART MM
TADALAFIL,TEMPESTAD - DAILY
CLOTRIMAZOL,OBSTECLOX
CLOTRIMAZOL,OBSTECLOX
DIMENHIDRINATO,DIMENATE
DIMENHIDRINATO,DIMENATE
MULTICOMPOSICION,COMPLEJO B
VER AL DORSO,COMPLEJO B
VER AL DORSO,ALERGALOP
MEBENDAZOL,MEBENDAZOL
RAMIPRIL,RAMIPRIL SUED 5 MG
AMLODIPINA BESILATO /CARVEDILOL,AMLOBRIT-PLUS
LISINOPRIL DIHIDRATO,LISINOPRIL -10
TRAMADOL CLORHIDRATO + ACETAMINOFEN,DOLOPAL FORTE
BICALUTAMIDA,BUNIDE 
FELODIPINA,ATENPRIL 5
FELODIPINA,ATENPRIL 2.5
DEXKETOPROFENO TROMETAMOL,KEPROM 
PANTOPRAZOL,PANTECTA
PANTOPRAZOL,PANTECTA
ATENOLOL / CLORTALIDONA,ATENSOL
ATENOLOL/CLORTALIDONA,ATENSOL 
VER AL DORSO,TENSODOX XR
PEMETREXED,PEMETREXED
FUROSEMIDA.,FUROSEMIDA.
LEVOTIROXINA SODICA,TIGOFAR® 75
SULFATO DE ZINC,SULFATO DE ZINC
ALENDRONATO SÓDICO,ALDROX
ALENDRONATO SÓDICO,ALDROX
ALFA METILDOPA EQUIV. A METILDOPA ANHIDRA,METILDOPA ALFA 500 MG
VER AL DORSO,CLOPIDOGREL ALFA 75 mg
ACIDO ACETILSALICILICO,EUROPIRINA
DESLORATADINA,DESLORATADINA 5 MG IF
HIDROCLOROTIAZIDA,HIDROCLOROTIAZIDA 50 MG IF
HIDROCLOROTIAZIDA,HIDROCLOROTIAZIDA 50 MG IF
IBANDRONATO SODICO,LONGAIR 150 
VER AL DORSO,EMULSIÓN KUBIER
VER AL DORSO,TRADOLAM-DUO
ACETAMINOFEN,PITIRIN
NITRENDIPINA + ATENOLOL,IBERPIME-DUO
HIDROCLOROTIAZIDA,HIDROCLOROTIAZIDA ALFA 25 MG
BROMHEXINA HCL,BROMHEXINA
MELOXICAM,MELATAX 
SIMVASTATINA,SIMVASTATINA 20 mg IF
CARBAMAZEPINA,CARMAVEN
ACIDO ACETILSALICÍLICO,ETIPIRIN
AMBROXOL HCL,AMBROXOL
ACETAMINOFEN,PAINMAX TABLETA MASTICABLE
LEVETIRACETAM,FELCETAM
LEVETIRACETAM,FELCETAM
VER AL DORSO,LASCOBRON-D
CLORHIDRATO DE TETRAHIDROZOLINA,OFTALIDRA
VER AL DORSO,DEX-LITOS SABOR COCO
VER AL DORSO,DEX-LITOS SABOR COCO
VER AL DORSO,DEX-LITOS SABOR COCO
AMLODIPINA BESILATO,ALOTEN 10
AMOXICILINA,AMOXICILINA 500 mg IF
VALSARTAN / HIDROCLOROTIAZIDA,VALDIBER-H 160/12.5
VALSARTAN+ AMLODIPINA,VALDIBER- A 160/5
AMOXICILINA TRIHIDRATO,LAMOXI 1000 MG
VER AL DORSO,FOSMICIN 
VALSARTAN / AMLODIPINA BESILATO / HIDROCLOROTIAZIDA,VALTAX ULTRA 320 / 10 / 25
VER AL DORSO,LOPEMIDA
VER AL DORSO,TOPSAN D
SILDENAFIL CITRATO,SILDENAFIL 100 MG IF
SILDENAFIL CITRATO,SILDENAFIL 100 MG IF
RISPERIDONA,RIPEXIL® 3
ALBENDAZOL,ABZ
VER AL DORSO,ALFASONE
VER AL DORSO,ALFASONE
CIPROFLOXACINA HCL,CIPRAMER 
ESOMEPRAZOL MAGNESICO,INHIBEX® 
AMOXICILINA TRIHIDRATO,AMOXMER
TADALAFIL,VIGATON 20 MG
VER AL DORSO,LAMOXI-A
ACICLOVIR,ACICLOVIR 800 MG IF
VER AL DORSO,ACROSAR PLUS D/16
TERBINAFINA,TERBICIP 
CLORHIDRATO DE LIDOCAINA + EPINEFRINA,ALPHACAINE 100
OLMESARTAN MEDOXIMILO + HIDROCLOROTIAZIDA,OLMESARTAN MEDOXIMILO 20 mg/ HIDROCLOROTIAZIDA 25 mg
PERMETRINA,MEDIGRAY PIOFIN PLUS
ONDANSETRÓN,ONONE
ACICLOVIR,ACICLOVIR
AMBROXOL CLORHIDRATO,AMBROXOL CALOX
CLOSTEBOL ACETATO + NEOMICINA SULFATO,TROFOBOL AGLF  
ATENOLOL/AMLODIPINA BESILATO,ATENOBRIT DUO 100
CETIRIZINA DIHIDROCLORURO,CETIRIZINA
SILDENAFIL CITRATO,CANQUIÑA
LOSARTAN POTASICO,LOSARTAN POTASICO
LOSARTAN POTÁSICO, LOSARTAN POTÁSICO
AMBROXOL CLORHIDRATO,AMBROXOL 
IBUPROFEN,IBUPROFEN 
KETOROLACO TROMETAMINA,RAPIX RD
BORTEZOMIB,VELCADE
OLOPATADINA,FERMAL
CANDERSATAN CILEXETIL,CANDECROSS
OLMESARTÁN MEDOXOMILO + HIDROCLOROTIAZIDA,OLMESARTÁN MEDOXOMILO 20 MG +...(VER AL DORSO)
VER AL DORSO,OLMESARTAN MEDOXOMILO 40mg  + ( VER AL DORSO)
CLONIDINA,KARPATIL
AMLODIPINA+VALSARTAN+ HIDROCLOROTIAZIDA,DILOBEN D 10-160-25
VER AL DORSO,ILTUXAM
VER AL DORSO,ILTUXAM
LORATADINA,QURITIN
CITRATO DE SILDENAFIL,VIVO SAAD
OLMESARTÁN MEDOXOMILO + AMLODIPINO,ILTUXAM
METFORMINA CLORHIDRATO,METFORMINA 850
PREGABALINA,PREBRAL 75
AMPICILINA TRIHIDRATO EQUIVALENTE A AMPICILINA ANHIDRA,AMPICILINA
PREGABALINA,PREBRAL 300
LOSARTAN POTASICO + HIDROCLOROTIAZIDA,ADVITRAN H 12.5
ATENOLOL + AMLODIPINA BESILATO,ATENOBRIT DUO 50
PREGABALINA + MECOBALAMINA,PEGABAL-M
TROPICAMIDA + FENILEFRINA HCL,TROPIDAL-F 
VER AL DORSO,FIXACORT-25
REGORAFENIB,STIVARGA® 
RIVAROXABAN,XARELTO® 
ESOMEPRAZOL MAGNESICO,INHIBEX® 
LOSARTAN POTASICO,DOXALAM 50
LOSARTAN POTASICO,DOXALAM 50
CLORHIDRATO DE NAFAZOLINA,NAFALERG
ACETAMINOFEN,ACETAMINOFEN FELTREX
CARVEDILOL,BLOKCAL® 12.5
CARVEDILOL,BLOKCAL 12.5
CARVEDILOL,BLOKCAL 25
CARVEDILOL,BLOKCAL 25
CLINDAMICINA + KETOCONAZOL,VAGIDUO-CLIN
VER AL DORSO,ARAXIL® PLUS D 8/5/12.5
FOSFATO DE SITAGLIPTINA + CLORHIDRATO DE METFORMINA,JANUMET                                                               
VER AL DORSO,JANUMET                                                               
PERMETRINA,PIOSIN
VER AL DORSO,VIANCA
VER AL DORSO,MEFLOX® 
VER AL DORSO,ACROSAR PLUS D 32
OXIDO DE ZINC,OXIDO DE ZINC
AMBROXOL HCL,MUCOX 
NISTATINA,NELUFAR
MULTICOMPOSICION,MULTILYTOS - R
VALSARTAN,VALSARTAN 320 MG IF
ALCOHOL ISOPROPILICO,ALCOHOL ISOPROPILICO 70% IF
DIFENHIDRAMINA HCL,DIFENHIDRAMINA 
SULFADIAZINA DE PLATA,SENTIBER
VER AL DORSO,IBERPIME-TRES
CARBONATO DE LITIO TRIHIDRATO,PLENUR 
NICLOSAMIDA,NICLOMIDA  
ATENOLOL,ATELOL 
VER AL DORSO,ROSUVASTATINA ALFA 20 MG
KETANSERINA,IBEROKET
LANSOPRAZOL,LANSOPRAZOL 30 MG IF
IMATINIB MESILATO,GLIVEC
IMATINIB MESILATO,GLIVEC
VER AL DORSO,BRIDOMOL
CARVEDILOL,CADALOL 3.125
METRONIDAZOL,IMILOX-500
LEVOFLOXACINA HEMIHIDRATO,LEVOMER
LEVOTIROXINA SODICA,LEVOTIROXINA 100 MCG
VALSARTAN / AMLODIPINA BESILATO,VALTAX® MAX 160/10 
LOSARTAN POTASICO,MAXIPRESS
TADALAFILO,VUVUZELA - 5
IRBESARTAN,IRBESARTAN 300 MG IF
IRBESARTAN,IRBESARTAN 150 MG IF
VALSARTAN,VALTAX 320
DIFENHIDRAMINA HCL,DIFENHIDRAMINA
TADALAFIL,ELEVEX
TADALAFIL,ELEVEX
IRBESARTAN,IBERTEROL 150
IRBESARTAN,IBERTEROL 75
IRBESARTAN,IBERTEROL 300
VER AL DORSO,TIMOTRAN 
TRAVOPROST,ACROTRAV
LANSOPRAZOL,LANSOPRAZOL 15 MG IF
ENOXAPARINA SODICO,CLEXANE
ENOXAPARINA SODICA,CLEXANE
NAPROXENO SODICO,NAPROXENO 550 MG
CARVEDILOL /AMLODIPINA BESILATO,BLOKCAL®  PLUS 25/5
CARVEDILOL + AMLODIPINA,BLOKCAL PLUS 12.5/5
VALSARTAN + HIDROCLOROTIAZIDA,VALTAX D 320/25
CANDERSANTAN CILEXETIL + AMLODIPINA BESILATO,ARAXIL PLUS 8/5
EXTRACTO FLUIDO DE RUIBARBO + ACIDO SALICILICO,PIRALASCO
ACETAMINOFEN,PITIRIN 
VER AL DORSO,DENVAR
MENTOL / EXTO. FLUIDO DE TOLU / BENJUI / EUCALIPTO / GOMENOL,INHAGEN
FEXOFENADINA CLORHIDRATO,ALERCAS
VER AL DORSO,DENVAR
VER AL DORSO,AMLODIPINA + BENAZEPRIL SUED 5 MG + 20 MG
VER AL DORSO,AMLODIPINA + BENAZEPRIL SUED 2.5 mg + 10 mg
AMOXICILINA TRIHIDRATADA (EQUIVALENTE A AMOXICILINA BASE),SUMOX 1G
AMOXICILINA TRHIDRATADA (EQUIVALENTE A AMOXICILINA BASE),AMOXICILINA SUED 1 G
AMLODIPINA + LISINOPRIL,REPRIL 5 /20 mg
ETINILESTRADIOL / DROSPERIDONA,ISIS
CLORFENAMINA MALEATO,CLORFENAMINA  MALEATO
ÁCIDO ZOLEDRÓNICO,ÁCIDO ZOLEDRÓNICO
VER AL DORSO,CANDEBRIT PLUS
VER AL DORSO,IBONE
VER AL DORSO,CANDEBRIT-ULTRA
CANDESARTAN CILEXETILO + HIDROCLOROTIAZIDA,CANDEBRIT-HCT
VER AL DORSO,IRONCAS
FOSFOMICINA CALCICA,FOSFOBRITMAX
METOCLOPRAMIDA.,METOCLOPRAMIDA.
METOCLOPRAMIDA.,METOCLOPRAMIDA.
MIDAZOLAM,MIDAZOLAM.
GONADOTROPINA CORIONICA HUMANA,CHORAGON 
OLMESARTAN MEDOXOMILO + BESILATO DE AMLODIPINA,BENICAR AMLO
OLMESARTAN MEDOXOMIL + BESILATO DE AMLODIPINA,BENICAR AMLO 
QUETIAPINA FUMARATO,ADAPTUS 25
MONTELUKAST SÓDICO,SUVIAR
LORATADINA / FENILEFRINA HCL,EFECTINE D
LORATADINA / FENILEFRINA HCL,EFECTINE D
LERCANIDIPINA HCL,LECORDIUS 20
PREGABALINA,PREBRAL 150
TADALAFIL,PENFORT 5
DEFLAZACORT,BREXUS 6
QUETIAPINA FUMARATO,ADAPTUS 100
DEXIBUPROFENO,ATRISCAL
VER AL DORSO,DICLONEURO RELAX
CEFTRIAXONA SÓDICA,CEFTRIAXONA 
METFORMINA HCL,METFORMINA 850 
FENTERMINA,TERFAMEX
TRIMETOPRIM + SULFAMETOXAZOL,TRIMETOPRIM SULFA
MELOXICAM,MELROI
PIPERAZINA CITRATO,PIPERAZINA
AZITROMICINA,ROICROLID 
ACETAMINOFÉN + CLORZOXAZONA,FULLFLEX
FOSFOMICINA CALCICA,FOSFOMICINA
IMIPRAMINA,IMIPROL
CLINDAMICINA FOSFATO,MICROCLIN
METRONIDAZOL BENZOATO,METRONIDAZOL  250 MG
LEVOCETIRIZINA DICLORHIDRATO,LERGIAROI
ACETAMINOFEN,PROQUIDOL
VER AL DORSO,FIXTINE
QUETIAPINA FUMARTO,ADAPTUS 200
METRONIDAZOL,METRONIDAZOL
DEXAMETASONA,DEXAGESIC 0.5
CLOTRIMAZOL,VAGINULTRA
VER AL DORSO,BRONDIL A 
CLOPIDOGREL BISULFATO,NOVOGREL
AMOXICILINA TRIHIDRATO,AMOXICILINA 500
AMLODIPINA COMO BESILATO,AMLODIPINA
MULTICOMPOSICION,GELNOREX NIÑOS                                                        
LEVOFLOXACINA HEMIHIDRATO,LEVOMER
DUTASTERIDE + TAMSULOSINA,AVORIDE PLUS
ACIDO MEFENÁMICO,MEFENAC
ACETATO DE LEUPROLIDA,ELIGARD
AMLODIPINO + VALSARTAN + HIDROCLOROTIAZIDA,PEXABREL AH 160/5/25                                                 
VALSARTAN +AMLODIPINA + HIDROCLOROTIAZIDA,PEXABREL AH 160/5/25                                                 
MICONAZOL NITRATO,ALTEZOL 
CLOTRIMAZOL,CLOTRIMAZOL 1% 
LOSARTAN POTASICO,LOSARTAN ALFA 100 MG
CETIRIZINA DICLORHIDRATO,CETIRIZINA ALFA 10 MG
SILDENAFIL CITRATO,GEROSEX
GLIMEPIRIDA,GLIMEPIRIDA 4 MG IF
CARVEDILOL,CARVEDILOL ALFA 12.5 MG
PROPRANOLOL HCL,PROPRANOLOL ALFA 40 MG
FUROSEMIDA,FUROSEMIDA ALFA 40 MG
CLOTRIMAZOL + SULFISOXAZOL+ALANTOINA,CLODIZOL PLUS
BISOPROLOL + HIDROCLOROTIAZIDA,IBERPRODOL- H 10
CANDESARTAN CILEXETILO,CANDESARTAN ALFA 8 mg
DEXKETOPROFEN,NEUCETAM® 
VER AL DORSO,AZITROMICINA ALFA 500 MG
CLOTRIMAZOL,FEMINAL-V
SALBUTAMOL,SALBUTAMOL 4MG IF
IBUPROFENO,IBEROFENO 800
CITICOLINA MONOSODICA,RILER 500                                                             
NAFAZOLINA HCL + MALEATO DE FENIRAMINA,NAFALERG-F
VER AL DORSO,PIROTÒN®  FAST 40
VER AL DORSO,PIROTON FAST 40
ESOMEPRAZOL MAGNESICO TRIHIDRATO,PIROTON® 40 
VER AL DORSO,PIROTÒN® FAST 20
VER AL DORSO,PIROTON FAST 20
VER AL DORSO,INTERANT ­ D
CANDESARTAN CILEXETILO+ HIDROCLOROTIAZIDA,COROPRES H 32 / 25                                                    
VER AL DORSO,CALMATUS 
ETANOLATO DE DARUNAVIR,PREZISTA
AMOXICILINA TRIHIDRATO + ACIDO CLAVULANICO,INNOCLAN
NEBIVOLOL HCL,NEBIUS 2.5
MELOXICAM,MELOXICAM SUED 15 MG
MONTELUKAST SODICO,XYETTE 
BISOPROLOL FUMARATO,BETAPROLOL 5
VALSARTAN,DIOVAN 320
HIALURONATO DE SODIO,TOPTEAR P                                                             
NEBIVOLOL HCL,NEBIUS 5 
VER AL DORSO,GENGIVRIL 
AMOXICILINA TRIHIDRATO,AMOXICILINA 250 MG IF
VER AL DORSO,SENTROL COMPUESTO
VER AL DORSO,SENTROL COMPUESTO
ALFA METILDOPA EQUIV. METILDOPA ANHIDRA,CORADOPA
VER AL DORSO,INFLADEX
AMBROXOL HCL + CLENBUTEROL HCL,BRONDIL COMPOSITUM 
AMBROXOL HCL,BRONDIL
MULTICOMPOSICION,BRONDIL BALSAMICO
MULTICOMPOSICION,PROSTA-NAT                                                            
CLARITROMICINA,CLARITROMICINA SUED 500 MG
VER AL DORSO,PEMETREXED GLENMARK 500MG
ROSUVASTATINA CALCICA EQUIVALENTE A ROSUVASTATINA,SUVASROI
MULTICOMPOSICION,SUTRIL
TENOFOVIR DISOPROXIL FUMARATO,SUED TAVIN
MELOXICAM,ANACOX 
VER AL DORSO,SILDENAFILO NORMON 50 MG
OLMESARTAN MEDOXOMIL,OLMESARTAN SUED 20 MG
CEFALEXINA,BELTRAK AGLF 
CEFALEXINA,BELTRAK AGLF 
KETAMINA CLORHIDRATO,KETAMINA CLORHIDRATO
"NEBIVOLOL CLORHIDRATO, EQUIVALENTE A NEBIVOLOL",NEBILET
PARACETAMOL + DICLOFENACO POTÁSICO,FENACOX ARSAL 
DICLOFENACO ACIDO LIBRE,DICLOFENAC 
METOCLOPRAMIDA HIDROCLORURO BP,METOPLAXIL
OXALIPLATINO,OXALIPLATINO
CANDESARTAN CILEXETILO,REPERCUS
CIPROTERONA + ETILESTRADIOL,ATINA
PROGESTERONA MICRONIZADA,JARIT 200 mg
ROSUVASTATINA,SUVASROI
MONTELUKAST SODICO,SUVIAR
SIMVASTATINA,SIMVASTATINA
AMLODIPINA COMO BESILATO,AMLODIPINA 
VER AL DORSO,TERFAMEX
MONTELUKAST SODICO,SUVIAR
QUETIAPINA FUMARATO,ADAPTUS 300
VER AL DORSO,SILDENAFIL NORMON 100 MG
PERMETRINA,PERMETRINA 1 %
CLOTRIMAZOL,CLOTRIBIT
LANSOPRAZOL,LAZOL
DOBESILATO DE CALCIO MONOHIDRATADO,DOBESILATO DE CALCIO SUED 500 MG
VER AL DORSO,ESMONAT
EBASTINA,ALERNO 20 MG
GENTAMICINA SULFATO,GENTAMICINA
TOBRAMICINA,XOLOF NICOLICH
VALSARTAN+ HIDROCLOROTIAZIDA,VALSACOR - D 320-25
CLORURO DE SODIO,CLORURO DE SODIO PANALAB 0.9%                                         
HIALURONATO DE SODIO,OFTAFILM
VALSARTAN,VALSARTAN SUED 160 MG
VALSARTAN,VALSARTEC 160
CETIRIZINA CLORHIDRATO,CETIRIZINA SUED 10 MG
VALSARTAN,VALSARTAN SUED 320 MG
BROMURO DE ROCURONIO,BROMURO DE ROCURONIO 50 mg / 5 mL
CANDESARTAN CILEXETILO + HIDROCLOROTIAZIDA,REPERCUS H
CANDESARTAN CILEXETILO,REPERCUS
CANDESARTAN CILEXETILO + HIDROCLOROTIAZIDA,REPERCUS H
METRONIDAZOL,METROCAPS 125 mg
METRONIDAZOL,METROCAPS 125 mg
VALSARTAN,VALSARTEC 320
DESLORATADINA + BETAMETASONA,LORAX - BETA
LISINOPRIL DIHIDRATO / AMLODIPINA BESILATO,CARSIPRIL®  COMPUESTO 20/5 
COLESTIRAMINA,COLESTIRAMINA LAM® 
AMOXICILINA TRIHIDRATO,AMOXICILINA 250 mg / 5 mL
DEFLAZACORT,DEFAL FAES FARMA 30 MG
DEFLAZACORT,DEFAL FAES FARMA 30 MG
CARISOPRODOL + ACETAMINOFEN,CARISOPROL
AGUA ESTERIL,AGUA ESTERIL PARA IRRIGACION
CLARITROMICINA,CLARITROMICINA 
VER AL DORSO,NITRENDIPINA 20 MG IF
BORTEZOMIB,BOTEMIB 1
BORTEZOMIB,BOTEMIB 2.5
TIOCOLCHICÓSIDO,XIRMEN 
FLUFENAZINA DECANOATO,FLUFENAZINA DECANOATO
LOTEPREDNOL ETABONATO,OFTOL NICOLICH
LOTEPREDNOL ETABONATO,OFTOL® FORTE
DROSPIRENONA + ETINILESTRADOL,ISIS MINI
GABAPENTINA,ELIFER
VER AL DORSO,FOLIL- B12
ATORVASTATINA CALCICA TRIHIDRATO,LIPOFEL
VER AL DORSO,AMANTADINA 
EPLERENONA,DIPITEN-50
OLANZAPINA,LANZEP 10
VALPROATO DE SODIO,VALPROATO DE SODIO
HALOPERIDOL,HALOPERIDOL
VER AL DORSO,CEFACLOR + AMBROXOL SUED 250 MG + 15 MG / 5 ML
"ENANTATO DE NORETISTERONA, VALERATO DE ESTRADIOL",NOGESTAL-1
ENANTATO DE NORETISTERONA + VALERATO DE ESTRADIOL,NOGESTAL-1
CLORHIDRATO DE CLOBENZOREX,MEDIX OBECLOX
CITICOLINA MONOSODICO,ALEATEL                                                               
IBUPROFENO,DORIVAL
CARBONATO DE CALCIO,FRUTACID 
CARBONATO DE CALCIO,FRUTACID
VER AL DORSO,VARCORAM
VALSARTÁN + AMLODIPINO BESILATO,VARTERAL NF 80/5 mg
ROSUVASTATINA,LUSTATIN - 20
BISOPROLOL HEMIFUMARATO,BISOROI
BISOPROLOL HEMIFUMARATO,BISOROI
VER AL DORSO,AMBROCYMA
ROSUVASTATINA,LUSTATIN - 10
CLORHIDRATO DE DOXORUBICINA,DOXORUBICINA
SILDENAFIL CITRATO,SILDENAFIL CITRATO
BISOPROLOL + HIDROCLOROTIAZIDA,IBERPRODOL- H 5
CILOSTAZOL,CEUDAL PANALAB 
"ATENOLOL,CLORTALIDONA",INFRATEN-50 
TERLIPRESINA,GLYPRESSIN
TERLIPRESINA,GLYPRESSIN
PROPINOX CLORHIDRATO,SERTAL COMPUESTO
PROPINOX CLORHIDRATO + CLONIXINATO DE LISINA,SERTAL COMPUESTO
TAMSULOSINA + DUTASTERIDE,TAMSUL PLUS 
CANDESARTÁN CILEXETILO,ACERTA
VER AL DORSO,CANDERSIL® ULTRA 16/5/12.5
TAMSULOSINA + DUTASTERIDE,TAVEN PLUS
SIMVASTATINA,SIMVASTATINA ALFA 40 MG
VER AL DORSO,LAMOXI-B
VER AL DORSO,LEVOFLOXACINA 750 MG
CLIOQUINOL+HEPARINA SODICA+LIDOCAINA HCL,COLOFIN SIMPLE
FLUMAZENIL,FLUMAZENIL
VER AL DORSO,ATDOS  UNION TRIO 160/5/12.5                                            
VER AL DORSO,ATDOS UNION TRIO 160/5/12.5
VALSARTAN+AMLODIPINA + HIDROCLOROTIAZIDA,PEXABREL AH 160/5/12.5                                               
ACIDO ZOLEDRONICO,PROCAPS ZOCLAST
LOSARTÁN POTÁSICO,LOSARTAN ALFA 50 MG 
MONTELUKAST + LEVOCETIRIZINA,MONTELUK-L
KETOCONAZOL,KETOCONAZOL
CLOTRIMAZOL,CLOTRIMAZOL 500 MG IF
ROSUVASTATINA CALCICA,ROSIGEROL 40
VER AL DORSO,CYMALIT
DIFENHIDRAMINA CLORHIDRATO,SLIP 
METOPROLOL,METOPROLOL ETHICAL
ACICLOVIR,ACICLOVIR
KETOCONAZOL,KETOCONAZOL 100 MG/5ML
VER AL DORSO,AZITROMICINA
FLURBIPROFENO,FYSID
METOPROLOL,METOPROLOL ETHICAL
SIMETICONA,FACTOR AG
FEBUXOSTAT,FEBUXTAT
ESOMEPRAZOL MAGNESIO TRIHIDRATO,ESOGES
PROGESTERONA MICRONIZADA,UTROGESTAN
VER AL DORSO,AZITROMICINA ALFA 200 MG / 5 ML
CARVEDILOL,BLOKCAL® 6.25
CARVEDILOL,BLOKCAL® 6.25 
CLOTRIMAZOL,CLOTRIMAZOL 2% IF
DEXKETOPROFENO TROMETAMOL,KEPROM
KETOCONAZOL,SANIMED
PROGESTERONA MICRONIZADA,UTROGESTAN
FLUCONAZOL,FUREX 150
ACETAMINOFEN,ACETAMINOFEN SUED 80 MG / 1 ML
MULTICOMPOSICIÓN,FULLFLEX B
VER AL DORSO,AKUN 1
PEROXIDO DE BENZOILO,AKUN 1
LEVETIRACETAM,IPNOPAN
PEROXIDO DE BENZOILO,AKUN 2
VER AL DORSO,ROSUVASTATINA 10 MG IF
SALMETEROL + FLUTICASONA,SALMEFLO 25/250  
METRONIDAZOL,METRONIDAZOL
VER AL DORSO,ESOMEPRAZOL ALFA 40 MG
GABAPENTINA,ELIFER
HIDROCORTISONA SUCCINATO SODICO,HIDROCORTISONA SUCCINATO SODICO
CEFTRIAXONA SÓDICA,CEFTRIAXONA SÓDICA CLINAR
ZOLPIDEM (D.C.I.) HEMITARTRATO,ZOLPIDEM NORMON 10 MG
METFORMINA HCL,GLUCOX® XR 750
METFORMINA HCL,GLUCOX® XR 750
VALSARTÁN + HIDROCLOROTIAZIDA,CARDIO-K® D 320/25
ALPRAZOLAM,"AlpraNor Normon 0,5 mg"
ALPRAZOLAM,ALPRANOR NORMON
DOCETAXEL,DOCETAXEL
MULTICOMPOSICIÓN,CROMATONBIC FERRO 
KETOCONAZOL,SANIMED
ADAPALENE + CLINDAMICINA,DICRON C
ALBENDAZOL,PARABENZOL
ALBENDAZOL,""
ALENDRONATO SÓDICO,ALENDRONATO
OXITOCINA,OXITOCINA 
SALBUTAMOL,SALBUTAMOL
BROMHEXINA CLORHIDRATO,BROMHEXINA
LAMIVUDINA Y ZIDOVUDINA,LAMIVUDINA Y ZIDOVUDINA
ABACAVIR Y LAMIVUDINA,ABACAVIR Y LAMIVUDINA
TIGECICLINA,TYGACIL
CLORHIDRATO DE DIFENHIDRAMINA,BENADRYL
CLORHIDRATO DE DIFENHIDRAMINA,BENADRYL
CLORHIDRATO DE DIFENHIDRAMINA,BENADRYL
AMBROXOL CLORHIDRATO / LORATADINA,AMBROXOL + LORATADINA SUED 30 MG + 5 MG / 5 ML
MORFINA SULFATO PENTAHIDRATO,DURAMORPH
ACETAMINOFÉN + CAFEÍNA ANHIDRA,ULTRAMOL-FORTE
QUETIAPINA FUMARATO,ETIAPIL 25 MG
ÁCIDO ACETILSALICÍLICO,CORASA-81
LOSARTAN POTASICO + HIDROCLOROTIAZIDA,HYZAAR
LOSARTÁN POTÁSICO + HIDROCLOROTIAZIDA,HYZAAR
VALSARTAN+AMLODIPINO+HIDROCLOROTIAZIDA,PEXABREL AH 160/10/12.5                                              
CLORHIDRATO DE PRAMOXINA + ACETATO DE ZINC DIHIDRATADO,CALADRYL CLEAR
BROMURO DE ROCURONIO,ESMERON
AZITROMICINA,AZICURE
INFLIXIMAB,REMICADE
ACETAMINOFEN,ACETAMINOFEN SUED 500 MG
GRISEOFULVINA,GRISEOFULVINA SUED 125 MG / 5 ML
VER AL DORSO,FOSFOMICINA SUED 500 MG
BISOPROLOL FUMARATO,BISOPROLOL SUED 10 MG
VALSARTAN + HIDROCLOROTIAZIDA,VALSARTEC H 320/25
CAPECITABINA,XENEVIA 500
ALFA METILDOPA EQUIVALENTE A METILDOPA ANHIDRA,METILDOPA ALFA 250 MG
DEXTROMETORFAN (COMO BROMHIDRATO),DEXTROMETORFAN
CITICOLINA MONOSODICA,ALEATEL                                                               
VALSARTAN + HIDROCLOROTIAZIDA,VALSARTAN + HIDROCLOROTIAZIDA SUED 160 MG + 12.5 MG 
ACICLOVIR,ACEVIRAL-400
VALSARTÁN / HIDROCLOROTIAZIDA,VALSARTEC H 160/12.5
VALSARTÁN / HIDROCLOROTIAZIDA,VALSARTÁN + HIDROCLOROTIAZIDA SUED 320 MG + 12.5 MG 
METRONIDAZOL,METRONIDAZOL
MONTELUKAST SODICO,XYETTE 10 MG
HIDROXIUREA,HIDROXIUREA VARIFARMA
ÀCIDO ZOLEDRONICO,ÀCIDO ZOLEDRONICO
VALSARTÁN / HIDROCLOROTIAZIDA,VALSARTÁN + HIDROCLOROTIAZIDA SUED 320 MG + 25 MG
QUINFAMIDA,QUINFAMIDA SUED 300 MG
QUINFAMIDA,QUINFAMIDA SUED 300 MG
ROSUVASTATINA CALCICA,SKORLAT 40
BISOPROLOL + HIDROCLOROTIAZIDA,BISOPROLOL + HIDROCLOROTIAZIDA SUED 10 MG + 6.25 MG
SULFADIAZINA DE PLATA,SULFADIAZINA DE PLATA SUED AL 1%
VER AL DORSO,METFORMINA 1000 MG IF
DESLORATADINA D.C.I.,DESLORATADINA NORMON 5MG
AMLODIPINO/ATENOLOL,AMAPINE­  AT 5/50
QUINFAMIDA,QUINFAMIDA SUED 50 MG
QUINFAMIDA,QUINFAMIDA SUED 50 MG
LINCOMICINA HCL,DARTOCIN 600
OXIMETAZOLINA CLORHIDRATO,ILIADIN
VER AL DORSO,TANDREX
TELMISARTAN / HIDROCLOROTIAZIDA,TELX-PLUS
DOCETAXEL ANHIDRO,DOCETAXEL
KETOCONAZOL,SANIMED
BUDESONIDA,BROMIUS
EPLERENONA,DIPITEN-25
DIENOGEST,EDYSVEN
MULTICOMPOSICION,AMINOVEN INFANT 10 %.
CANDESARTAN CILEXETILO + HIDROCLOROTIAZIDA,CALMEX H 32
CANDESARTAN CILEXETILO - HIDROCLOROTIAZIDA,CALMEX® - H 32
DICLOFENAC POTASICO,ZUNA ONE SR
CELECOXIB,CELECOXIB FELTREX
CELECOXIB,CELECOXIB FELTREX
VER AL DORSO,MEDROCORT-40
FENAZOPIRIDINA,AZO CHEM
VER AL DORSO,AZOCHEM
VER AL DORSO,CIPROCHEM AZO
FENITOINA SODICA,FENTOSOC
FENITOINA SODICA,FENTOSOC
RISPERIDONA,ATIPIDONA-1
RISPERIDONA,ATIPIDONA-1
CLARITROMICINA + AMBROXOL,CLATROMIN-A
NAPROXENO SODICO EQUIVALENTE A NAPROXENO BASE,NAPROXENO-500
OXIMETAZOLINA HCL,ILIADIN
ATORVASTATINA,LIPITOR
ATORVASTATINA,LIPITOR
ATORVASTATINA,LIPITOR
VER AL DORSO,MEDROCORT-80
NAPROXENO SODICO EQUIVALENTE A NAPROXENO BASE,NAPROXENO-250
ALBENDAZOL,ANTIPAR
HIDROXIZINA HCL,ECUANIX-10
HIDROXIZINA HCL,ECUANIX-10
VER AL DORSO,IBERLUKAS-L
OXIBUTININA CLORHIDRATO,OXIBUTININA SUED 5 MG
ONDANSETRON HIDROCLORURO EQUIVALENTE A ONDANSETRON,LIVRAN
LOSARTAN +HIDROCLOROTIAZIDA,LOSITEC
ACIDO FOLICO,ACFOL
VER AL DORSO,C-DERINA GOTAS 
VER AL DORSO,SUMOX DICLO
VER AL DORSO,AMOXICILINA + DICLOFENAC SUED 500 MG +  50 MG
BISOPROLOL HEMIFUMARATO,BISOPROLOL LAM® 10 MG
BISOPROLOL HEMIFUMARATO,BISOPROLOL LAM® 5 MG
CANDESARTAN CILEXETIL,CANDESARTAN LAM® 16 MG
ROSUVASTATINA CÁLCICA,ROSUVASTATINA LAM® 20 MG
LOSARTAN POTASICO + HIDROCLOROTIAZIDA,LOSITEC
CANDESARTAN CILEXETIL,CANDESARTAN LAM® 32 MG
VALSARTÁN,VALSARTÁN LAM® 160 MG 
VALSARTAN,VALSARTAN LAM® 320 MG
LEVETIRACETAM,IPNOPAN-500
ACETAMINOFEN,ORBIFEBRIN
ACETAMINOFEN,ORBIFEBRIN
VER AL DORSO,CEFADROXILO + AMBROXOL SUED 500 MG + 30 MG
AMLODIPINO,AMAPINE-5
CITICOLINA SODICA,BRITICOLINA 500 MG
NITROFURAZONA,NITROFURAZONA
HIDROCLOROTIAZIDA,HIDROCLOROTIAZIDA
CARVEDILOL,CARVEDILOL SUED 12.5 MG
CARVEDILOL,CARVEDILOL SUED 6.25 MG
CARVEDILOL,CARVEDILOL SUED 25 MG
CARVEDILOL,CARVEDILOL SUED 25 MG
METFORMINA,GLIDARA-­500
METFORMINA,GLIDARA-850
MOMETASONA FUROATO,RINETASON                                                             
CARVEDILOL,CARVEDILOL MAMEY®  12.5 MG
CITICOLINA SODICA,CITICOLINA CALOX
BISOPROLOL FUMARATO,BISOPROLOL 10 MG IF
BISOPROLOL FUMARATO,BISOPROLOL 5 MG IF
VALSARTÁN / HIDROCLOROTIAZIDA,VALSARTEC H 320/12.5
CARVEDILOL,CARVEDILOL MAMEY®  6.25 MG
ROSUVASTATINA CALCICA,ROSUVASTATINA LAM 10 MG
VER AL DORSO,CLOPIDOGREL MAMEY 75 MG
CARVEDILOL,CARVEDILOL MAMEY  25 MG
POLIETILENGLICOL 3350,POLILAX
POLIETILENGLICOL 3350,POLILAX
CLORHIDRATO DE MEBEVERINA,DUSPATALIN 
CLORHIDRATO DE MEBEVERINA,DUSPATALIN
MULTICOMPOSICION,CLOMAK
MERCAPTOPURINA,MERPURINE
VER AL DORSO,MEDROCORT PLUS
NAPROXENO,ALEVE LIQUI GELS
CLORHIDRATO DE METILFENIDATO,CONCERTA
CLORHIDRATO DE METILFENIDATO,CONCERTA
ACETATO DE OCTREOTIDA,SANDOSTATIN LAR
PAROXETINA CLORHIDRATO,NEOLNEX
BISOPROLOL FUMARATO+ HIDROCLOROTIAZIDA,BETAPROLOL H 5/6.25
OXIMETAZOLINA HCL + DEXPANTENOL,ILIADIN® LUB
BISOPROLOL FUMARATO+ HIDROCLOROTIAZIDA,BETAPROLOL H 2.5/6.25
ACETAMINOFEN,ACETAMINOFEN
VALSARTAN,VALSARTAN 80MG IF
VER AL DORSO,ACETAMINOFEN FRESA JUPIN
LORATADINA,LORATADINA
CLORHIDRATO DE TERBINAFINA,LAMISIL
TOXINA BOTULINA CLOSTRIDIO TIPO A,NEURONOX 50 UI
TOXINA BOTULINA CLOSTRIDIO TIPO A,NEURONOX 200 UI
VALSARTAN,VALSARTAN MAMEY 160 MG
FLUCONAZOL,FERGOZOL
VER AL DORSO,DEXAMETASONA ALFA 8 mg / 2 mL
VER AL DORSO,DEXAMETASONA ALFA 8 MG / 2 ML
VER AL DORSO,DIFENHIDRAMINA ALFA 20 mg / 2 mL
VER AL DORSO,DIFENHIDRAMINA ALFA 20 MG / 2 ML
TACROLIMUS,TALGRAF 0.1
TACROLIMUS,TALGRAF 0.1
ROSUVASTATINA,ROSUVAST
LEVONORGESTREL MICRONIZADO,JAYDESS® 
FUROSEMIDA,FUROSEMIDA ALFA 20 mg / 2 mL
FUROSEMIDA,FUROSEMIDA ALFA 20 MG / 2 ML
ATENOLOL,ATENOLOL MAMEY 50 MG
ORLISTAT,BERIOLI
BISOPROLOL HEMIFUMARATO,BISOPROLOL MAMEY® 2.5 MG
HIDROCLOROTIAZIDA,HIDROCLOROTIAZIDA  MAMEY® 25 MG
ROSUVASTATINA CALCICA,ROSUVASTATINA MAMEY 20 MG
FLUCONAZOL,FLUCONAZOL SUED 150 MG
CLORHIDRATO DE METILFENIDATO,CONCERTA
PREGABALINA,PREGABALINA 75 MG  IF
AMLODIPINA BESILATO,AMLODIPINA MAMEY® 2.5 MG
AMLODIPINA BESILATO,AMLODIPINA MAMEY® 5 MG
AMLODIPINA BESILATO,AMLODIPINA MAMEY® 10 MG
AMLODIPINA BESILATO,AMLODIPINA MAMEY® 10 MG
VER AL DORSO,LEVOCETIRIZINA 5 MG IF
VER AL DORSO,SURFEN
ROSUVASTATINA CALCICA,ROSUVASTATINA MAMEY® 10 MG 
HIDROXICINA HCL,HYDERAX
HIDROCLOROTIAZIDA MICRONIZADA,HIDROCLOROTIAZIDA 50 MG
DICLOFENAC POTASICO,DICLOFENAC POTASICO 100 MG
CEFEPIME HIDROCLORURO TAMPONADO CON L-ARGININA,CEFEPIME
VER AL DORSO,VANCOMICINA
VER AL DORSO,INLOSEP-A 32/10
CITICOLINA MONOSODICA,RILER 
SIMVASTATINA,SIBUDEL 40 MG
VER AL DORSO,PIPBAX
CAPECITABINA,CAPSYNTA 500
CEFTRIAZONA SODICA,MONIUM 
ROSUVASTATINA,ROSUVASTATINA ETHICAL
METRONIDAZOL,METRONIDAZOL
POLIETILENGLICOL 400 + PROPILENGLICOL,SYSTANE ULTRA
BILASTINA,BLAXITEC
BILASTINA,BLAXITEC
VALSARTAN + AMLODIPINO BESILATO,PEXABREL  A 160/5
VALSARTAN/AMLODIPINO (COMO BESILATO),PEXABREL A 160/5
VALSARTAN,PEXABREL 320
ENALAPRIL MALEATO,ENALAPRIL MAMEY® 10 MG
AMLODIPINO + LISINOPRIL,AMAPINE L 10/20
LEVOCETIRIZINA / MONTELUKAST,LESKERA M  5/ 10 
HIDROCLOROTIAZIDA,HIDROCLOROTIAZIDA MAMEY 50 MG
ESOMEPRAZOL MAGNESICO TRIHIDRATO,ESOMEPRAZOL MAMEY 40 MG
ESOMEPRAZOL MAGNESICO TRIHIDRATO,ESOMEPRAZOL MAMEY® 40 MG
VALSARTAN/AMLODIPINO (COMO BESILATO),PEXABREL A 160/10
METFORMINA CLORHIDRATO,METFORMINA 500 MG
KETOCONAZOL,KENO-RINN 
TERBINAFINA CLORHIDRATO (EQUIVALENTE A TERBINAFINA),TERBINAFINA SUED 250 MG
VILDAGLIPTINA,VILDAGLIPTINA MAMEY 50 mg
ATENOLOL + CLORTALIDONA,ATENOLOL + CLORTALIDONA MAMEY® 50/12.5
ATENOLOL + CLORTALIDONA, ATENOLOL +CLORTALIDONA MAMEY® 100/25 
VER AL DORSO,"NEUROTROPAS ALFA 5,000"
VER AL DORSO,"NEUROTROPAS ALFA 5,000"
VER AL DORSO,"NEUROTROPAS ALFA 5,000"
RAMIPRIL,RAMIPRIL MAMEY®  5 MG
RAMIPRIL,RAMIPRIL MAMEY 2.5 MG
AMBROXOL HCL,AMBROXOL ALFA 15 mg / 2 mL
AMBROXOL HCL,AMBROXOL ALFA 15 mg / 2 mL
VER AL DORSO,"VITAMINAS B1, B6, B12 +  IBUPROFENO"
TADALAFIL,TADALAFIL MAMEY 20 MG
MULTICOMPOSICION,CENTRUM
MULTICOMPOSICION,CENTRUM
MULTIVITAMINICOS CON MINERALES,NATELE
HYDRALAZINA HIDROCLORURO,HYDRAPRES
FOSFATO DE RUXOLITINIB,JAKAVI
FOSFATO DE RUXOLITINIB,JAKAVI
FOSFATO DE RUXOLITINIB,JAKAVI
VER AL DORSO,SURFEN RETARD
VER AL DORSO,LISITROL - A 20/5
VER AL DORSO,LISITROL - A 20/10
TERBINAFINA CLORHIDRATO,TERBINAFINA SUED 1 G / 100 ML
ACETAMINOFEN,ACETAMINOFEN MAMEY®  125 MG/5 ML
LORATADINA / FENILEFRINA CLORHIDRATO,LORATADINA + FENILEFRINA SUED 5 MG + 5 MG / 5 ML
PERMETRINA,PERMETRINA 1%
ACETAMINOFÉN,ACETAMINOFÉN SUED 160 MG / 5 ML
AMOXICILINA TRIHIDRATO,LAMOXI 100 mg
VER AL DORSO,ESOMEPRAZOL MAMEY® 20 MG
LISINOPRIL DIHIDRATO,LISINOPRIL MAMEY 10 MG
CANDESARTAN CILEXETIL,CANDESARTAN MAMEY 8 MG
CANDESARTAN CILEXETIL,CANDESARTAN MAMEY 16 MG
LISINOPRIL DIHIDRATO,LISINOPRIL MAMEY 5 mg
CEFACLOR,CEFACLOR 375 MG IF
VER AL DORSO,BRONCIBEN MIEL
CLORHIDRATO DE BUPROPION,WELLBUTRIN XL
CLORHIDRATO DE BUPROPION,WELLBUTRIN XL
CETIRIZINA CLORHIDRATO / FENILEFRINA CLORHIDRATO,CETIRIZINA + FENILEFRINA SUED 5 MG + 10 MG / 5 ML
LOSARTÁN POTÁSICO + HIDROCLOROTIAZIDA,MAXIPRESS-D
CARBAMAZEPINA,NEUGERON S
ROSUVASTATINA CALCICA + EZETIMIBE,ROSIGEROL COMPUESTO
AMLODIPINO+ LISINOPRIL,AMAPINE​ L 5/20
DEXAMETASONA,DARDEX
DEXAMETASONA,DARDEX
CLORHIDRATO DE DOXORUBICINA,DOXORUBICINA
LOSARTÁN POTÁSICO + HIDROCLOROTIAZIDA,MAXIPRESS-D
DEXTROSA 1H2O USP EQUIVALENTE A DEXTROSA ANHIDRA,DEXTROSA AL 20% ALFA
ACIDO ASCORBICO,CECITRO
CETIRIZINA DICLORHIDRATO,CETIRIZINA ETHICAL
IRBESARTAN,IRBECOR 150
IMATINIB,TINIMAB 400 
QUETIAPINA FUMARATO,QUETAXIL 200
LOSARTAN POTASICO +AMLODIPINO (COMO BESILATO),LOSACOR PLUS 100/10
SALBUTAMOL + BROMURO DE IPRATROPIO,SULBULIN I
HIDROCORTIZONA SODICA SUCCINATO,ALC-LAB LIBERI 
ELETRIPTAN,RELERT
ELETRIPTAN,RELERT
VER AL DORSO,VAXIDUO
ACETALOZAMIDA,ONLAZIN-250
ACETAZOLAMIDA,ONLAZIN-250
NALBUFINA CLORHIDRATO,NALBUFINA GRAY
METILDOPA,ALDOMET
METILDOPA,ALDOMET
METILDOPA,ALDOMET
METILDOPA,ALDOMET
HIDROCORTISONA,HIDROKASA/HIDROCORTISONA 100MG
CEFALEXINA MONOHIDRATO COMPACTADA,CEFALEXINA
RITUXIMAB,MABTHERA
RITUXIMAB,MABTHERA                                                              
TRASTUZUMAB,HERCEPTIN                                                             
ACETILCISTEINA,ACETILCISTEINA
LOSARTAN POTASICO,LOSARTAN MAMEY 50 MG
ACETAMINOFEN,ACETAMINOFEN MAMEY 500 mg
LOSARTAN POTASICO + HIDROCLOROTIAZIDA,LOSARTAN  +HIDROCLOROTIAZIDA MAMEY 100/25
LOSARTAN POTASICO + HIDROCLOROTIAZIDA,LOSARTAN  +HIDROCLOROTIAZIDA MAMEY 50/12.5
MECLIZINA CLORHIDRATO,MECLIZINA SUED 
LOSARTAN POTASICO,LOSARTAN MAMEY 100 MG
CITICOLINA SODICA,CITICOLINA
ATENOLOL,ATENOLOL MAMEY 100 mg
BISOPROLOL FUMARATO+ HIDROCLOROTIAZIDA,BETAPROLOL H PLUS
NIFEDIPINA,PRESNIFE RETARD-60
NIFEDIPINA,PRESNIFE RETARD-60
NIFEDIPINA,PRESNIFE RETARD-30
NIFEDIPINA,PRESNIFE RETARD-30
FLUCONAZOL,FLUCONAZOL
VER AL DORSO,LOSACOR D PLUS 100/10/25
BISOPROLOL HEMIFUMARATO,BISOPROLOL MAMEY 5 mg
VER AL DORSO,CONCOR AM 
VER AL DORSO,CONCOR AM
VER AL DORSO,LOSACOR PLUS 100/5
DIENOGEST + ETINILESTRADIOL,BELLAFACE
DIENOGEST / ETINILESTRADIOL,BELLAFACE TABLETAS RECUBIERTAS
DIENOGEST / ETINILESTRADIOL,BELLAFACE
MECOBALAMINA.,MECOLAGIN.
VER AL DORSO,YE-S 20
MULTICOMPOSICION,CENTRUM SILVER
MULTICOMPOSICION,CENTRUM SILVER
KETOROLACO TROMETAMINA,KETOIN
ALGINATO DE SODIO + BICARBONATO DE SODIO,MILPAX
ALGINATO DE SODIO + BICARBONATO DE SODIO,MILPAX
VALSARTÁN / AMLODIPINO,VALAXAM
VALSARTAN / AMLODIPINA,VALAXAM
AZITROMICINA,AZITROMICINA 
AZITROMICINA,AZITROMICINA
VER AL DORSO,ESCITALOPRAM SUED 20 MG / 1 ML
VER AL DORSO,ES-CITOPRAM
ACETAMINOFEN,TICLEX
AMOXICILINA TRIHIDRATO Y DICLOFENAC POTÁSICO,DICLOPLEX BIÓTICO 
AMOXICILINA TRIHIDRATO Y DICLOFENAC POTÁSICO,DICLOPLEX BIÓTICO
TAMSULOSINA CLORHIDRATO,PROSINA
TAMSULOSINA CLORHIDRATO,PROSINA
TAMSULOSINA CLORHIDRATO,PROSINA
MEMANTINA CLORHIDRATO,TIMANTIL
MEMANTINA CLORHIDRATO,TIMANTIL 10 MG
MEMANTINA CLORHIDRATO,TIMANTIL
VER AL DORSO,TIMANTIL 5 mg
GLUCOSA (DEXTROSA).,GLUCOSA (DEXTROSA).
DILTIAZEM HCL,DILTIAZEM
AZITROMICINA,AZITROMICINA
NITAZOXANIDA,NITAZOXANIDA 
NITAZOXANIDA,NITABAC
PEROXIDO DE BENZOILO,AKUN 5
HALOPERIDOL,LOPEL-5
HALOPERIDOL,LOPEL-5
CETIRIZINA CLORHIDRATO,CETIRIZINA SUED 5 MG
CETIRIZINA CLORHIDRATO,CETIRIZINA SUED 5 MG
VER AL DORSO,ROVARIL
SALBUTAMOL,VENTOLIN INHALER.
CIPROFLOXACINO,CIPLOXIN
MULTICOMPOSICION,EXTRANEAL 
PIRIDOXINA + DOXILAMINA,GESEMET
MULTICOMPOSICION,POLITRES FORTE 
PREGABALINA,PREGABALINA ETHICAL
PREGABALINA,PREGABALINA ETHICAL
ROSUVASTATINA CÁLCICA,RUSARTE-20 
ROSUVASTATINA CÁLCICA,RUSARTE-20 
CLONAZEPAM,CLONEX CD
DEXIBUPROFENO,DEXIBUPROFENO SUED 300 MG
CLOTRIMAZOL,CLOTRIMAZOL SUED 500 MG
FUROATO DE MOMETASONA,MOMETASONA SUED INFANTIL 50 MCG / 0.100 ML
LEVODOPA / CARBIDOPA.,CLOISONE
OMEPRAZOL SODICO ESTERIL,QUANTICO
LOSARTAN POTASICO,LOSARTAN POTASICO
RIVASTIGMINA,EXELON PATCH 15
RIVASTIGMINA,EXELON PATCH 15
BENDAMUSTINA CLORHIDRATO,RAMIZA 100
DAPAGLIFLOZINA PROPANODIOL,FORXIGA
DAPAGLIFLOZINA PROPANODIOL,FORXIGA
DAPAGLIFLOZINA PROPANEDIOL,FORXIGA
DAPAGLIFLOZINA PROPANODIOL,FORXIGA
CLORHIDRATO DE PIOGLITAZONA + CLORHIDRATO DE METFORMINA,PIONORM-M 30
FOSFATO DE SITAGLIPTINA,JANUVIA                                                               
CARBOPLATINO,CARBOPLATINO VARIFARMA 450
PACLITAXEL,PACLITAXEL VARIFARMA
RAMIPRIL,LATIMAX - 2.5 MG
RAMIPRIL + HIDROCLOROTIAZIDA,LATIMAX-D 10/12.5
VER AL DORSO,OLMEDOS A 40/5
DEFLAZACORT,DEFLAZACORT SUED 6 MG
RAMIPRIL,RAMIPRIL ALFA 5 mg
HIDROCLOROTIAZIDA,HIDROCLOROTIAZIDA 25 MG
VER AL DORSO,OLMEDOS A 20/5
RAMIPRIL,RAMIPRIL ALFA 2.5 mg
ESCITALOPRAM,TACILOPRAM
IBUPROFENO,IBUPROFEN SUED 400 MG
RAMIPRIL,RAMIPRIL ALFA 10 MG
AMBROXOL CLORHIDRATO / GUAIFENESINA,AMBROXOL + GUAIFENESINA SUED 15 MG + 100 MG / 5 ML 
RAMIPRIL,LATIMAX - 5 MG
VER AL DORSO,OLMEDOS A 20/10
BISOPROLOL HEMIFUMARATO,BISOPROLOL MAMEY 10 MG
VALSARTAN,ATDOS UNION 160
VALSARTAN,ATDOS-UNION 160
ACIDO LACTICO,LACTIBON FEM
ENALAPRIL MALEATO,ENALAPRIL MAMEY® 20 MG
PACLITAXEL,PACLITAXEL VARIFARMA
CIPROFLOXACINA,CIPROFLOXACINA CYMACLA
PACLITAXEL,PACLITAXEL VARIFARMA
PROPINOXATO + CLONIXINATO DE LISINA,AMPLIESPAM-C
CIPROFLOXACINA,CIPROFLOXACINA CYMACLA
MOMETASONA FUROATO MONOHIDRATO,MOMETASONA FUROATO 0.05%
VER AL DORSO,TRIPLIXAM
VER AL DORSO,TRIPLIXAM 
VER AL DORSO,TRIPLIXAM
VORTIOXETINA BROMHIDRATO,BRINTELLIX
VORTIOXETINA BROMHIDRATO,BRINTELLIX
VER AL DORSO,BRINTELLIX
VORTIOXETINA BROMHIDRATO,BRINTELLIX
MOMETASONA FUROATO,SUAVICORT CASSARÁ
VER AL DORSO,IBERSAR A 300/5
IRBESARTAN + HIDROCLOROTIAZIDA,VASSLUTEN H
METFORMINA / GLIMEPIRIDA,ASENDIA GX
ACIDO ACETILSALICILICO,ACIDO ACETILSALICILICO
IRBESARTÁN / AMLODIPINA BESILATO (EQUIVALENTE A AMLODIPINA),IRBESARTÁN + AMLODIPINA SUED 300 MG + 5 MG
IRBESARTÁN / AMLODIPINA BESILATO (EQUIVALENTE A AMLODIPINA),IBERSAR A 150/10
NEBIVOLOL (COMO CLORHIDRATO),EPITRIOL 5
OLANZAPINA,OLAZIN CYMACLA
VER AL DORSO,OLMEDOS  A 40/10 
VER AL DORSO,ONTOL SPRAY
VER AL DORSO,CARSIPRIL ULTRA 20 / 5 / 12.5
LOSARTAN POTASICO,LOSARTAN POTASICO
DICLORHIDRATO DE BETAHISTAMINA,BETASERC
DICLORHIDRATO DE BETAHISTINA,BETASERC
DICLORHIDRATO DE BETAHISTINA,BETASERC 24 MG
DICLORHIDRATO DE BETAHISTAMINA,BETASERC
SULFATO DE EFEDRINA.,SULFATO DE EFEDRINA
AMOXICILINA + ÁCIDO CLAVULÁNICO,DETRIX
SULTAMICILINA TOSILATO,UNASYN
DOBUTAMINA.,DOBUTAMINA.
VER AL DORSO,IRBESARTÁN + AMLODIPINA SUED 300 MG + 10 MG
VER AL DORSO,IRBESARTÁN + AMLODIPINA SUED 150 MG + 10 MG
CLONAZEPAM,CLONEX CD
CLONAZEPAM,CLONEX CD
FLUTICASONA PROPIONATO,RESPILANEX
VER AL DORSO,HIDRALAZINA CLORHIDRATO
KETOCONAZOL,MEDICASP SHAMPOO
VER AL DORSO,VENOLEX
CANDESARTAN CILEXETIL + HIDROCLOROTIAZIDA,LOPREROI-H
CELECOXIB,CELECOXIB
IBERSARTAN + HIDROCLOROTIAZIDA,IBERSAFEL-H
VER AL DORSO,IBERSAR A 300/10
PARACETAMOL,PARACETAMOL
IRBESARTÁN / AMLODIPINA BESILATO (EQUIVALENTE A AMLODIPINA),IRBESARTÁN + AMLODIPINA SUED 150 MG + 5 MG
BISOPROLOL FUMARATO,BISOCARDIL
BISOPROLOL FUMARATO,EUROBISOP
ROSUVASTATINA CÁLCICA,RUSARTE-40 
ROSUVASTATINA CÁLCICA,RUSARTE-40 
FOSFATO DE CALCIO TRIBASICO,CALCIO GRANULADO JUPIN
ESPIRONOLACTONA,ESPIRONOLACTONA ALFA 100 mg
VER AL DORSO,OXUS
VER AL DORSO,ROVARIL 10 mg
ÁCIDO FÓLICO,ACIDO FOLICO CLASC SAMED
RIOCIGUAT,ADEMPAS®
RIOCIGUAT,ADEMPAS® 
RIOCIGUAT,ADEMPAS®
RIOCIGUAT,ADEMPAS®
RIOCIGUAT,ADEMPAS®
CANDESARTAN CILEXETIL + HIDROCLOROTIAZIDA,LOPREROI-H
VER AL DORSO,VALCHEM A 320/10
VALSARTAN + AMLODIPINA BESILATO,VALCHEM A 320/10
ETINILESTRADIOL/CLORMADINONA ACETATO, BELARA
CEFALEXINA,CEFAVAL 
"ENALAPRIL MALEATO, HIDROCLOROTIAZIDA",ENALAPRIL + HIDROCLOROTIAZIDA SUED 20 MG + 12.5 MG
CANDESARTAN CILEXETIL + AMLODIPINA BESILATO,ARAXIL® PLUS 16/5
DICLOFENAC POTÁSICO,CATACLOFEN-K
ESPIRONOLACTONA,ESPIRONOLACTONA ALFA 25 mg
DICLOFENAC SÓDICO,DICLOFENAC-150
AMLODIPINA BESILATO + HIDROCLOROTIAZIDA, AMLOBRIT-DIU 10
CEFADROXILO MONOHIDRATO EQ. A CEFADROXILO ANHIDRO,BRONCETIL
RISPERIDONA,ATIPIDONA-2
RISPERIDONA,ATIPIDONA-2
DESLORATADINA,DESLORATADINA CALOX
METFORMINA HCL,NOGLICEN-850
METFORMINA HCL,NOGLICEN-850
AMITRIPTILINA HCL,DEPREPTILIN
IRBESARTAN+HIDROCLOROTIAZIDA,IBERSAFEL H
IRBESARTAN + HIDROCLOROTIAZIDA,IBERSAFEL-H
IRBESARTAN,IRBESARTAN-150
"ÁCIDO FUSÍDICO, FUROATO DE MOMETASONA",ÁCIDO FUSÍDICO + FUROATO (VER AL DORSO)
PANTOPRAZOL,IBERDOPA 20
VER AL DORSO,FASTINEX®
FLUCONAZOL,FLUCONAZOL 2 MG / ML
BISOPROLOL FUMARATO + HIDROCLOROTIAZIDA,BISOPOROLOL-H 10MG IF
OLANZAPINA,OLAZIN CYMACLA
CIPROFLOXACINA,CIPLOXIN OD
VER AL DORSO,CHEMIGEL
VER AL DORSO,FOSFOCIL
CANDESARTAN CILEXETIL + AMLODIPINA BESILATO,ARAXIL PLUS® 32/10
HIDROCORTISONA SUCCINATO SÓDICO,HAIMETRIL
CANDESARTÁN CILEXETIL + HIDROCLOROTIAZIDA,ARAXIL® D 32/25
LEVOCETIRIZINA DIHIDROCLORURO,TRICEVOL AGLF
DESVENLAFAXINA,FAPRIS
VER AL DORSO,SPIRIVA® RESPIMAT®
FLUTICASONA,CUTIVATE
FLUTICASONA,CUTIVATE
CANDESARTAN CILEXETIL + AMLODIPINA BESILATO,ARAXIL PLUS 16/10
AMOXICILINA TRIHIDRATO + ACIDO CLAVULANICO,MOXIL DUO 
OMEPRAZOL SODICO,OMEPRERLIN
AMLODIPINA BESILATO + BISOPROLOL FUMARATO,CONCOR AM 
AMLODIPINA BESILATO + BISOPROLOL FUMARATO,CONCOR AM
CETIRIZINA DICLORHIDRATO + FENILEFRINA CLORHIDRATO,CETIZIN-D 5/10
LAMOTRIGINA,LAMOCAS
AMOXICILINA TRIHIDRATO + ACIDO CLAVULANICO,MOXIL DUO 
LEVOFLOXACINA,LEVOFLOXACINO CALOX
VALSARTÁN + AMLODIPINO BESILATO,VARTERAL NF
VALSARTÁN + AMLODIPINO BESILATO,VARTERAL NF 160 / 10 mg 
LEVOFLOXACINA HIDRATO,KEVOL
IBUPROFENO POLVO,IBUPROFENO 400 MG
IRBESARTÁN / HIDROCLOROTIAZIDA,IRBESARTÁN + HIDROCLOROTIAZIDA SUED 300 MG + 12.5 MG
IRBESARTAN + HIDROCLOROTIAZIDA,IRBESARTÁN + HIDROCLOROTIAZIDA SUED 150 MG + 12.5 MG
IRBESARTÁN / HIDROCLOROTIAZIDA,IRBESARTÁN + HIDROCLOROTIAZIDA SUED 300 MG + 25 MG
DICLOFENACO POTASICO,DICLOFENACO POTASICO CALOX
DICLOFENACO POTASICO,DICLOFENACO POTASICO CALOX
GENTAMICINA SULFATO,GENTAMICINA 0.1 %
CANDESARTÁN CILEXETIL + HIDROCLOROTIAZIDA,ARAXIL® D 16/12.5 
CANDESARTÁN CILEXETIL + HIDROCLOROTIAZIDA,ARAXIL® D 16/12.5 
CANDESARTAN CILEXETIL + HIDROCLOROTIAZIDA,ARAXIL® D 16/12.5
IRBESARTAN,IRBESARTAN MAMEY® 300 mg
GLIMEPIRIDA,GLIMEPIRIDA  MAMEY 2 mg
GLIMEPIRIDA,GLIMEPIRIDA  MAMEY® 4 MG
MULTICOMPOSICION,DOLO-AGTRES
DIFENHIDRAMINA HCL,DIFENDRA
EPINEFRINA.,EPINEFRINA. 
KETOCONAZOL,KETOCONAZOL 
ACETILCISTEINA,ACEDIP 
DUTESTARIDA,AVODART
DUTASTERIDE,AVODART
INTERFERÓN RECOMBINANTE HUMANO ALFA 2B,RELIFERON 5 MIU
INTERFERÓN RECOMBINANTE HUMANO ALFA 2B,RELIFERON 3 MIU
DIMENHIDRINATO,DRAMAMINE
DIMENHIDRINATO,DRAMAMINE
VER AL DORSO,TRESIBA
INSULINA DEGLUDEC,TRESIBA
VER AL DORSO,FACTOR DERMICO
VER AL DORSO,ISENTRESS
RALTEGRAVIR,ISENTRESS
RALTEGRAVIR POTASIO,ISENTRESS
RALTEGRAVIR,ISENTRESS 
VER AL DORSO,FAMODOL
CANDESARTAN CILEXETILO,SAFEBUL
CANDESARTAN CILEXETILO,SAFEBUL
AMBROXOL,VENTOX 
PROPINOXATO CLORHIDRATO,PROPINOXATO SUED 5 MG / 1 ML
BROMHEXINA CLORHIDRATO,BROMHEXINA
CARVEDILOL,DILOX-6.25
CARVEDILOL,DILOX-6.25
VER AL DORSO,ESOMEPRAZOL ALFA 20 MG 
AMBROXOL CLORHIDRATO,AMBROXOL
PEROXIDO DE HIDROGENO,AGUA OXIGENADA INMENOL 3% 10 VOL.
LORATADINA,LORATADINA
CLORHIDRATO DE VANCOMICINA,VANCOMED
CARVEDILOL,CARVEDILOL- 50 MG
MULTICOMPOSICION,CHIK-   UN -PLEX  
CEFIXIMA,FIXIM
CEFIXIMA,FIXIM
CANDESARTAN CILEXETILO,CANDESARTAN ALFA 16 Mg
CIPROFLOXACINA CLORHIDRATO,CIPROCHEM 1 g
BORTEZOMIB,BORTEZOMIB LIBRA 
COLINA SALICILATO + BENZALCONIO CLORURO,DERCOLINA
ATORVASTATINA,LIPITOR
ATORVASTATINA,LIPITOR
ATORVASTATINA,LIPITOR
ACETAMINOFEN,ALC- LAB PHENTAMOL 
ECONAZOL NITRATO,NOMICON
PROPRANOLOL,PROLOL­-20
GLIMEPIRIDA,GATTIKA AGLF  
TEMOZOLOMIDA,TELAMID-20
ATORVASTATINA,LIPICOL 10
ATORVASTATINA,LIPICOL 20
ATENOLOL + NITRENDIPINA + CLORTALIDONA,ATENOLOL 50 MG/ NITRENDIPINA (VER AL DORSO)
ARIPIPRAZOL,PRIPAX
MULTICOMPOSICION,DICLOPLEX -MAXIMO  
CLORHIDRATO DE MOXIFLOXACINO + FOSFATO DE DEXAMETASONA,VIGADEXA
VER AL DORSO,VIGADEXA
VER AL DORSO,REM CHOBET
VER AL DORSO,ALLEGRA-D
VER AL DORSO,ALLEGRA - D
VER AL DORSO,ALLEGRA-D
VER AL DORSO,MULTILYTOS - M
NITAZOXANIDA,NITAZOXANIDA 100 mg / 5 mL
SALBUTAMOL (COMO SULFATO),SALBUTAMOL
CLARITROMICINA,CLARITROMICINA
SERTRALINA CLORHIDRATO,NEOLSER
MIDAZOLAM DCI,MIDAZOLAM NORMON
CANDESARTAN CILEXETILO + AMLODIPINA BESILATO,CANDEBRIT PLUS
AMLODIPINA BESILATO,CORACOR-5
AMLODIPINA BESILATO,CORACOR-5
CANDESARTAN CILEXETILO + AMLODIPINA BESILATO,CANDEBRIT PLUS
CARBONATO DE LITIO,CARBONATO DE LITIO
SUBSALICILATO DE BISMUTO,BISMULAG
SUBSALICILATO DE BISMUTO,BISMULAG
HIDROCLOROTIAZIDA,HIDROCARD-25 
HIDROCLOROTIAZIDA,HIDROCARD-50 
LOSARTÁN POTÁSICO + AMLODIPINA BESILATO,BLOSAR 100-10
AMLODIPINA BESILATO + HIDROCLOROTIAZIDA,CORACOR-10 HCT
AMLODIPINA BESILATO + HIDROCLOROTIAZIDA,CORACOR-10 HCT
CEFIXIMA,FIXIM
CEFIXIMA,FIXIM
VER AL DORSO,NIKZON
AMITRIPTILINA HCL,TRIPTIL
DEXAMETASONA FOSFATO,DEXAMETASONA FOSFATO
AMLODIPINA BESILATO,CORACOR-10
AMLODIPINA BESILATO,CORACOR-10
ESOMEPRAZOL SODICO,ESMONAT
CANDESARTAN CILEXETIL + AMLODIPINA BESILATO,CARDIRIT-A 8/5
CANDESARTAN CILEXETIL + AMLODIPINA BESILATO,CARDIRIT-A 8/5
ERGOMETRINA MALEATO.,ERGOMETRINA MALEATO.
VALSARTAN + AMLODIPINA BASE + HIDROCLOROTIAZIDA,TERAPRES-AH 160/5/12.5
VECURONIO BROMURO,VECURONIO BROMURO
CIPROFLOXACINA,AMPLIBIOTIC-XR
RISPERIDONA,REMPIL 3
RISPERIDONA,REMPIL 3
RISPERIDONA,REMPIL 3
CANDESARTAN CILEXETILO,CANDESARTAN ALFA 32 MG 
DEXTROSA AL 5 % EN CLORURO DE SODIO AL 0.9 %.,DEXTROSA AL 5 % EN CLORURO DE SODIO AL 0.9 %.
CITRATO DE SILDENAFIL EQUIVALENTE A SILDENAFIL,SILDENAFIL  ALFA 50 MG
VER AL DORSO,AMBROXOL + CLENBUTEROL
BENCILPENICILINA SÓDICA,PENICILINA G. CRISTALINA 
BENCILPENICILINA SÓDICA CRISTALINA,PENICILINA G. CRISTALINA 
ACETATO DE MEDROXIPROGESTERONA,FAMY DEPO
ACETATO DE MEDROXIPROGESTERONA,FAMY - DEPO
ACETAMINOFÉN,ACETAMINOFÉN  LAM® 500 MG
METOCLOPRAMIDA,CLO-PRIM 5
METOCLOPRAMIDA CLORHIDRATO,CLO-PRIM® 5 
VALSARTAN / AMLODIPINO BESILATO,VARTERAL NF 320 / 10 mg
VER AL DORSO,BETADUO
CITRATO DE SILDENAFIL,SILZOOM 100
ETORICOXIB,ETORICOXIB CALOX
CLARITROMICINA,CLARITROMICINA 250 MG/5 ML
TRAMADOL HCL,TRAMADOL ALFA 50 MG / 1 ML
TRAMADOL HCL,TRAMADOL ALFA 50 MG / 1 ML
CANDESARTÁN CILEXETILO + HIDROCLOROTIAZIDA,BALPRESS H 32/12.5 
DICLORHIDRATO DE CETIRIZINA + CLORHIDRATO DE FENILEFRINA,ALERG-ANT
AZITROMICINA DIHIDRATO,AZITROMICINA
CANDESARTÁN CILEXETILO + HIDROCLOROTIAZIDA,BALPRESS H PLUS 
CANDESARTÁN CILEXETILO + HIDROCLOROTIAZIDA,BALPRESS H 16/12.5 
ACIDO ZOLEDRÓNICO,ZOGARA
VER AL DORSO,CANDEBRIT-ULTRA
RISPERIDONA,REMPIL 1
RISPERIDONA,REMPIL 1
CELECOXIB,REVCOX
VER AL DORSO,TELEKAST-L
VER AL DORSO,TELEKAST-L
RISPERIDONA,RISPERIDONA 1 MG
RISPERIDONA,RISPERIDONA 1 MG
CITRATO DE CALCIO,CITRATO DE CALCIO LAM® 1500 MG 
AZATIOPRINA,AZORAN -50
MECOBALAMINA,MECOBAPRIX
ACICLOVIR,ACEVIRAL
ACETAMINOFEN,ACETAMINOFEN
DICLOFENAC SODICO,DICLOFENAC 100 MG
CIPROFLOXACINA Y DEXAMETASONA,CIPLOXIN-D
CLINDAMICINA + KETOCONAZOL+TINIDAZOL,CLAVEL PLUS
CLOTRIMAZOL,CLOTRIMAZOL CYMACLA
CANDESARTAN CILEXETILO + AMLODIPINA BESILATO,CANDEBRIT PLUS  
ECONAZOL NITRATO,NOMICON
FENITOINA SODICA,FENITOINA SODICA 
NITAZOXANIDA,AMBARINA
RISPERIDONA,REMPIL 2
RISPERIDONA,REMPIL 2
RISPERIDONA,REMPIL 2
CLINDAMICINA,CLAVEL
PREGABALINA,PREBICTAL
IRBESARTAN,IRBESARTAN LAM® 150 MG
DOLUTEGRAVIR,TIVICAY
DICLOFENAC SÓDICO,DICLOFENAC SÓDICO
VALSARTÁN / AMLODIPINO / HIDROCLOROTIAZIDA,VALAXAM D
OLOPATADINA (COMO CLORHIDRATO),KUARA 
TADALAFIL,ONN®
TADALAFIL,ONN®
CANDESARTAN CILEXETIL,CARDIRIT 32 
CANDESARTAN CILEXETIL,CARDIRIT 32
CANDESARTAN CILEXETIL,CARDIRIT 32
CILOSTAZOL,CEUDAL PANALAB 50 
CILOSTAZOL,CEUDAL PANALAB 50
METFORMINA,GLIDARA XR - 1000
ACETAMINOFEN,NATRAFEN
VER AL DORSO,ISOSORBIDA MONONITRATO 20 MG 
CEFUROXIMA AXETIL USP,CEROXIM      
CLORHIDRATO DE MEPIVACAINA,ZEYCO
CLORHIDRATO DE MEPIVACAINA,ZEYCO 3 % 
OLANZAPINA,OLAPIN 10
OLANZAPINA,OLAPIN 10
ACETAMINOFEN,NATRAFEN
NEBIVOLOL,NABUDOL-5
IRBESARTAN,IRBESARTAN LAM 300 MG
DICLOFENAC POTÁSICO,DICLOFENAC SUED 100 MG
ROSUVASTATINA CALCICA,ROSUVASTATINA MAMEY® 40 MG 
DIVALPROATO DE SODIO EQUIVALENTE A ÁCIDO VALPROICO,DIVALPREX 250
DIVALPROATO DE SODIO EQUIVALENTE A ÁCIDO VALPROICO,DIVALPREX 500
FLUCONAZOL,AFUNGIL
CLORURO DE SODIO,CLORURO DE SODIO AL 7%
BUPIVACAÍNA CLORHIDRATO + DEXTROSA,BUPIVACAÍNA CLORHIDRATO 0.50% + DEXTROSA
UMECLIDINIO + VILANTEROL,ANORO ELLIPTA
UMECLIDINIO + VILANTEROL,ANORO ELLIPTA
FLAVOXATO CLORHIDRATO,DETRUCALM
MESILATO DE IMATINIBE,MESILATO DE IMATINIBE
VALSARTÁN / AMLODIPINO / HIDROCLOROTIAZIDA,VALAXAM D
CLORDIAZEPOXIDO+BROMURO DE CLIDINIO,STABILITE
ERITROPOYETINA HUMANA RECOMBINANTE,HEMOEPO 4000 UI
ERITROPOYETINA HUMANA RECOMBINANTE,HEMOEPO 4000 UI
VALSARTAN + AMLODIPINA + HIDROCLOROTIAZIDA,TERAPRES-AH 320/10/25
VALSARTAN + AMLODIPINA + HIDROCLOROTIAZIDA,TERAPRES-AH 320/10/25
DIGLUCONATO DE CLORHEXIDINA,PERIO-CLOR
DIGLUCONATO DE CLORHEXIDINA,PERIO-CLOR
FRACCIÓN FLAVONOIDE PURIFICADA MICRONIZADA,DAFLON 1000 MG
ESTRIOL,BLISSEL
VER AL DORSO,LEVONORGESTREL Y ETHINYLESTRADIOL (VER AL DORSO)   
VER AL DORSO,TRIPLIXAM
MULTICOMPOSICION,SOLUCION  DE LACTATO RINGER
PROPILENGLICOL,SYSTANE BALANCE
BEVACIZUMAB,AVASTIN
AMLODIPINO / VALSARTÁN,VALAXAM 10 / 160
DIMENHIDRINATO,DIMENHIDRINATO 
VER AL DORSO,MUCOSOLVAN COMPOSITUM
VER AL DORSO,MUCOSOLVAN COMPOSITUM
VER AL DORSO,MUCOSOLVAN COMPOSITUM
PIROXICAM,PIROXICAM
CETIRIZINA DICLORHIDRATO,TIRIZIN
SILDENAFIL CITRATO,SILDENAFIL LAM® 50 MG 
LEVONORGESTREL + ETHINYLESTRADIOL.,LEVONORGESTREL +  ETHINYLESTRADIOL.    
SILDENAFIL CITRATO,SILDENAFIL LAM® 100 MG 
VER AL DORSO,VAPRESAN AH 160/5/12.5
AMLODIPINO (COMO BESILATO) /VALSARTAN/HIDROCLOROTIAZIDA,VAPRESAN AH 160/5/12.5
LEVETIRACETAM,CEUMID 
BICALUTAMIDA,BICALUTAMIDA SANDOZ
PARACETAMOL,PARACETAMOL MALLEN
GOSERELINA COMO ACETATO DE GOSERELINA,PROZOLADEX
VILDAGLIPTINA,GALVUS
COMPLEJO DE HIDRÓXIDO DE HIERRO (III) Y POLIMALTOSA,FERRUM HAUSMANN
COMPLEJO DE HIDRÓXIDO DE HIERRO (III) Y POLIMALTOSA,FERRUM HAUSMANN
VALSARTÁN + AMLODIPINO BESILATO,VARTERAL NF 320 / 5 mg
CICLOFOSFAMIDA,CICLOSFOSFAMIDA KEMEX
AZITROMICINA DIHIDRATO,AZIBACTER BIOCEUTICS
AZITROMICINA DIHIDRATO,AZIBACTER BIOCEUTICS
BUDESONIDA / FORMOTEROL FUMARATO DIHIDRATADO,NEUMOCORT PLUS
MULTICOMPOSICION,MARTIVAL FORTE
BROMURO DE IPRATROPIO,ATROVENT
AMLODIPINO BESILATO,AMLODIPINO 5
CANDESARTAN CILEXETILO + AMLODIPINA BESILATO,CANDEBRIT PLUS 
PACLITAXEL,PACLITAXEL KEMEX
PACLITAXEL,PACLITAXEL KEMEX
UMECLIDINIO,INCRUSE ELLIPTA
UMECLIDINIO,INCRUSE ELLIPTA
VER AL DORSO,DOLFENOL MULTISINTOMAS
CLINDAMICINA / CLOTRIMAZOL,COXERVA®
BETAMETASONA + CLORFENIRAMINA,BECLOMET
TADALAFIL,TADALAFIL LAM® 20 MG
AMOXICILINA + ACIDO CLAVULANICO,AMOXICILINA - ACIDO CLAVULANICO CALOX
CANDESARTAN CILEXETILO,CANDESARTAN 16 MG IF
VER AL DORSO,NITROFURANTOINA 50 MG IF
VER AL DORSO,NITROFURANTOINA 100 MG IF
TOXINA CLOSTRIDIUM BOTULINUM TIPO A,BOTULAX
TOXINA CLOSTRIDIUM BOTULINUM TIPO A,BOTULAX
VER AL DORSO,AZITROMICINA
KETOROLACO TROMETAMINA,ACULAR LS
CANDESARTAN CILEXETILO,CANDEBRIT 
DICLOFENACO (D.C.I.) SODICO,DOLOTREN
CLORHEXIDINA,EUROCLOREX
VER AL DORSO,VALODIPIN PLUS 320/5
LEVOTIROXINA SÓDICA,TRIAXAL 175 MCG
LEVOTIROXINA SÓDICA,TRIAXAL 200 MCG
LEVOTIROXINA SÓDICA,TRIAXAL 75 MCG
ROSUVASTATINA CALCICA,SINCOLEX® 40
IBUPROFEN,IBUPROFEN SUED 50 MG / 1 ML
LEVOTIROXINA SÓDICA: 25 MCG / COMPRIMIDO,TRIAXAL 25 MCG
ESCOPOLAMINA N-BUTIL BROMURO.,ESCOPOLAMINA  N-BUTIL BROMURO.
CITALOPRAM BROMHIDRATO (EQUIVALENTE A CITALOPRAM),CITALOPRAM SUED 20 MG
VILDAGLIPTINA,VILDAGLIPTINA LAM® 50 MG
VER AL DORSO,ARAXIL® PLUS D 32/10/25
CEFTRIAXONA,CEFTRION
CANDESARTAN CILEXETIL,CANDESARTAN LAM® 8 MG
LEVOTIROXINA SÓDICA,TRIAXAL 125 MCG
DIMENHIDRINATO,VIAJESAN
AMBROXOL + CLEMBUTEROL,AMBROXOL -­ CLEMBUTEROL CALOX
VER AL DORSO,XALERG-D
VER AL DORSO,PAINMAX TE
VER AL DORSO,AMBROXOL COMPUESTO IF
VER AL DORSO,HEMOCROMIN
VER AL DORSO,HEMOCROMIN 
PREGABALINA,PREGABALINA 150 MG IF
AMOXICILINA + ÁCIDO CLAVULÁNICO,CLAVOXILIN PLUS 1G
AMOXICILINA + ÁCIDO CLAVULÁNICO,CLAVOXILIN PLUS 1 G
POLIETILENGLICOL 400 + PROPILENGLICOL,SYSTANE
NIFEDIPINO,NIFICARD 30
BORTEZOMIB,VOTOBEL
LEVOTIROXINA SÓDICA,TRIAXAL 50 MCG
AMBROXOL,AMBROXOL
LEVOFLOXACINA HEMIDRATO,FLOXAPRIN
VER AL DORSO,VALDIBER-TRES 160/5/12.5
PARACETAMOL,PARACETAMOL 750 MG IF
CLORHIDRATO DE IRINOTECAN TRIHIDRATO,HIDROTECAN
IRBESARTAN,IBERSARTAN 75 MG IF 
VER AL DORSO,ALEATEL NIMO
VER AL DORSO,TRINAX JF
VER AL DORSO,TRINAX JF
APREPITANT,EMEND 
IRBESARTÁN,IRBEVITAE
EBASTINA,ALERNO BD
DUTASTERIDA,TRUVERA
GRANISETRON CLORHIDRATO EQUIVALENTE A GRANISETRON,GRANISETRON 1 MG/ML
SALMETEROL + FLUTICASONA.,SERETIDE DISKUS 50/500 MCG
AMPICILINA SÓDICA,AMPICILINA SÓDICA CLINAR
VER AL DORSO,MOXCLANAV BID 875 /125
AMLODIPINA BESILATO / VALSARTAN,VAPRESAN A 160/5
VER AL DORSO,VAPRESAN A 160/10
CLORHIDRATO DE CIPROFLOXACINA,CIPROFLOXACINA-500
CANDESARTAN CILEXETILO,CANDEBRIT-32
QUETIAPINA,QUETIAZIC XR
KETOCONAZOL,KETOCONAZOL SUED 2G / 100 G
SALMETEROL + FLUTICASONA.,SERETIDE DISKUS 50/250 MCG
LORATADINA,LORATADINA SUED 5 MG / 5 ML
CETIRIZINA DICLORHIDRATO,TIRIZIN
AMBROXOL CLORHIDRATO,AMBROXOL SUED 7.5 mg / 1 mL
"DICLOFENAC SODICO, + CLORZOXAZONA + ACETAMINOFÉN",DICLOPLEX RELAX 
MEMANTINA,EUROMEMANTINA
EXTRACTO NATIVO DE ACAROS,ORALTEK ACAROS 
DEXTROMETORFANO HBR+ CLORFENIRAMINA MALEATO,TUSSICHEM
IMIGLUCERASA,CEREZYME
IMIGLUCERASA,CEREZYME
USTEKINUMAB,STELARA
LEVETIRACETAM,EVETIRAM
PREDNISOLONA,PREDNISOLONA 20 mg TABLETAS
HIDROCLOROTIAZIDA,HIDROCLOROTIAZIDA SUED 25 MG
DEXAMETASONA,DEXAMETASONA 4 MG / ML
AMLODIPINO BESILATO + VALSARTAN,VAPRESAN A 320/10
VALSARTAN + AMLODIPINA (COMO BESILATO),VAPRESAN A 320/5
CISPLATINO,CISPLATINO KEMEX
INTERFERÓN BETA-1A RECOMBINANTE,RELIBETA 30
INTERFERÓN BETA1A RECOMBINANTE,RELIBETA 30
MIDAZOLAM MALEATO EQUIVALENTE A MIDAZOLAM BASE*,SOMNIZON 7.5
MIDAZOLAM MALEATO EQUIVALENTE A MIDAZOLAM BASE*,SOMNIZON 15
DEXMEDETOMIDINA,PRECEDEX 100MG
NALOXONA CLORHIDRATO,GRAYXONA
TADALAFILO,TADALAFILO CALOX
VER AL DORSO,VAPRESAN AH 160/10/12.5
VER AL DORSO,VAPRESAN AH 160/10/12.5
AMLODIPINA + VALSARTAN + HIDROCLOROTIAZIDA,AMPLIRON VL H 10 / 160 / 12.5
VER AL DORSO,VAPRESAN AH 160/10/12.5 
MULTICOMPOSICION,NEURO NIRAPEL
ACIDO ACETIL SALICILICO,CORALEGRE AGLF  
FUROATO DE MOMETASONA MONOHIDRATO,METASPRAY
CARBOPLATINO,WOMASTIN
SUCCINATO SÓDICO DE METILPREDNISOLONA,SOLU-MEDROL
SUCCINATO SÓDICO DE METILPREDNISOLONA,SOLU-MEDROL
SUCCINATO SÓDICO DE METILPREDNISOLONA,SOLU-MEDROL
SUCCINATO SÓDICO DE METILPREDNISOLONA,SOLU-MEDROL
BUPIVACAINA CLORHIDRATO,CAINA-G 0.50% SIN EPINEFRINA
MORFINA CLORHIDRATO TRIHIDRATO,ANALMORPH
KETOROLACO TROMETAMINA,SUPRADOL
VER AL DORSO,PENYSOL 400
AMBROXOL CLORHIDRATO,CLEMBROXIL FLEM PEDIATRICO
FLUTICASONA + VILANTEROL.,RELVAR ELLIPTA 200MCG-25MCG
FLUTICASONA + VILANTEROL,RELVAR ELLIPTA 100MCG25MCG
TOCILIZUMAB,ACTEMRA
TOCILIZUMAB,ACTEMRA
IRBESARTAN,CARDITRAN 150 mg
CANDESARTAN CILEXETILO + HIDROCLOROTIAZIDA,CALMEX -H16
METILCOBALAMINA,VITO MAGNUS
DEXKETOPROFENO,KETOFENEX
VER AL DORSO,MIDAZOLAM
CARVEDILOL,DILOX-25
VER AL DORSO,BROGAROL
VER AL DORSO,BROGAROL
AMLODIPINA + HIDROCLOROTIAZIDA.,ELIDIPINA - D
VER AL DORSO,BECOPIME
VER AL DORSO,SINMUCUS
VER AL DORSO,TROYMETH
OBINUTUZUMAB,GAZYVA
OBINUTUZUMAB,GAZYVA 
ETINILESTRADOL DIENOGEST,ABL TINELLE
VER AL DORSO,ABL TINELLE
METOPROLOL TARTRATO,METOPROLOL WEMED ®
LOSARTÁN POTÁSICO + AMLODIPINA BESILATO,BLOSAR 100-5
MONTELUKAST SODICO,MONTELUKAST CALOX
GABAPENTINA,GABAPENTINA 300  mg IF
MULTICOMPOSICION,DOLORCLAN
VER AL DORSO,CEPOKAB
CANDESARTAN CILEXETIL,CANDESARTAN MAMEY® 32 MG 
VALSARTAN,VALSARTAN MAMEY 320 mg
VALSARTÁN,VALSARTÁN MAMEY® 320 MG 
ROSUVASTATINA CALCICA,ROSUCOR® 40 
VER AL DORSO,MAMEY AGRIPAX ®
FILGASTIM,NEUTROFIL 30
CANDESARTAN CILEXETIL,CLOCAN 
METFORMINA HCL,METFORMINA MAMEY® 850 MG
TRIAMCINOLONA ACETONIDO / NEOMICINA SULFATO / NISTATINA,POSITON
CILOSTAZOL,CILOSVITAE
VALSARTAN,PASUFEL
ITRACONAZOL,IBERTOBAR
BROMURO DE IPATROPIO,IPATROPIO BROMURO LAFEDAR
CISATRACURIO.,CISATRACURIO
LACOSAMIDA,ECITAL 50
GLICOPIRROLATO,ACPAN 
DEXKETOPROFENO TROMETAMOL,DEXKETOPROFENO MAMEY® 25 MG 
HIDROXIZINA HCL,ECUANIX
TEMOZOLOMIDA,TERMOSTRONG
LEVETIRACETAM,LEVEVITAE
LEVETIRACETAM,LEVEVITAE
DEXIBUPROFENO,DEXENO 600
KETOCONAZOL + CLINDAMICINA,FERGOX
LISINOPRIL DIHIDRATO + HIDROCLOROTIAZIDA,TENSOPLUS-D
LOSARTÁN POTÁSICO + AMLODIPINA BESILATO,BLOSAR 50-5
METOPROLOL TARTRATO,METOPROLOL SUED 50 MG
FENTANILO CITRATO,FENTANILO GRAY
VALSARTAN,VAPRESAN 320
DICLOFENACO POTÁSICO,ALGITEX
CLORANFENICOL,CLOFAR
VER AL DORSO,BAFFIT-HCT 10/25
CELECOXIB,CELECOXIB
VALERATO DE ESTRADIOL + DIENOGEST.,RUBI
OMEPRAZOL,OMEPRAZOL 40MG
OMEPRAZOL,OMEPRAZOL 40MG
"VITAMINA A OLEOSA, VITAMINA D3 OLEOSA, OXIDO DE ZINC",AID ZINC 
VER AL DORSO,ORBIDERM
FENITOINA SODICA, FENITRON
HIDROSMINA,FLUVENIL
CANDESARTAN CILEXETIL,CLOCAN
CITICOLINA SÓDICA,OXIGEN-500 
DICLOFENAC POTASICO,GYVENAC
CAPROATO DE HIDROXIPROGESTERONA,PROGESTIN DEPOT 250
VER AL DORSO,DOLFENOL MULTISINTOMAS GRANULADO
DICLOFENAC SODICO,CICLOGENAL 2
OLMESARTÁN MEDOXOMILO,OLARBI
MEROPENEM TRIHIDRATO,MEROPENEM CLINAR
LACOSAMIDA,ECITAL 200
LACOSAMIDA,ECITAL 100
LACOSAMIDA,DUALMIDA
LOSARTAN POTASICO,LODESTAR
CEFAZOLINA SODICA ESTERIL,CANTUS ALC 
LACOSAMIDA,DUALMIDA
OLMESARTÁN MEDOXOMILO,OLARBI
PARACETAMOL,BIOACELIFEN 750
CARMELOSA (CARBOXIMETILCELULOSA SÓDICA),REFRESKAN­-T PLUS LANSIER
VER AL DORSO,MOLCASS 300
OLANZAPINA,OLAPIN 5
DICLOXACILINA SÓDICA EQUIVALENTE A DICLOXACILINA BASE,DICLOXACILINA SÓDICA
PROGESTERONA,SUGEST-100
PROGESTERONA,SUGEST-400
QUINFAMIDA,QUIMIDA
LOSARTAN POTASICO,LOSARTAN POTASICO
VALSARTAN + AMLODIPINA + HIDROCLOROTIAZIDA,TERAPRES AH 160/10/12.5 
VALSARTAN + AMLODIPINA + HIDROCLOROTIAZIDA,TERAPRES AH 160/10/12.5
PEMBROLIZUMAB,KEYTRUDA 
PEMBROLIZUMAB,KEYTRUDA 
PEMBROLIZUMAB,KEYTRUDA
FELODIPINA,PLENDIL
FELODIPINA,PLENDIL
SILDENAFIL CITRATO,
ATORVASTATINA,LIPITOR
ATORVASTATINA,LIPITOR
ATORVASTATINA,LIPITOR
ETORICOXIB,COXMAC
VER AL DORSO,OLMEDOS AH 40 /5/12.5
IBUPROFENO,IBUPROFENO
CLORURO DE SODIO,NASOLVIN IQI
VER AL DORSO,AZITROMICINA 
LEVONORGESTREL,ENAVYN
ATORVASTATINA + EZETIMIBE,LIPICOL E 10/10
VER AL DORSO,MEPROLOL -A 100 / 10
VER AL DORSO,PREOXID C
LOSARTAN POTASICO,LODESTAR
LACOSAMIDA,DUALMIDA
AMOXICILINA + ÁCIDO CLAVULÁNICO,CLAVUCYD 600 BID
VER AL DORSO,EUCAND H 16
ATORVASTATINA DE CALCIO + EZETIMIBE,LIPICOL-E 20/10
"HIDROQUINONA, TRETINOINA Y FUROATO DE MOMETASONA",TRILEMAX
VER AL DORSO,COMBIVENT
ATORVASTATINA,LIPITOR
ATORVASTATINA,LIPITOR
ATORVASTATINA,LIPITOR
ATENOLOL + CLORTALIDONA,ATENOLOL 50 MG + CLORTALIDONA 12.5 MG
SIMVASTATINA,SIMVASTATINA 20 mg
CLORURO DE BENZALCONIO,CLORURO DE BENZALCONIO AL 10 %
VER AL DORSO,HEXAXIM
ACETAMINOFEN,LAPROTER
DULAGLUTIDA,TRULICITY
DULAGLUTIDA,TRULICITY
DULAGLUTIDA,TRULICITY
QUETIAPINA FUMARATO,SERENIL 100
CETIRIZINA HCL,CETIRIZINA LAM® 10 MG 
VER AL DORSO,CORENTEL A 5/5
MULTICOMPOSICION,GYVENAC-B
BISOPROLOL FUMARATO + AMLODIPINO (COMO BESILATO),CORENTEL A 5/10
KETOROLACO TROMETAMINA,KETOROLACO MAMEY® 20 MG 
MELOXICAM,MELOXICAM MAMEY® 15 MG
PROGESTERONA,SUGEST-200
INMUNOGLOBULINA HUMANA NORMAL,PRIVIGEN®
VER AL DORSO,PRIVIGEN®
CICLOFOSFAMIDA,PHOSUNI 1000
N-ACETILCISTEINA,FLEMAXIN
HIDROCLOROTIAZIDA,HIDROCLOROTIAZIDA SUED 50 MG
NITAZOXANIDA,NODIK 500 mg
AMOXICILINA TRIHIDRATO,AMOXICILINA SABA MEDICAL
KETAMINA CLORHIDRATO,INDUCMINA
KETAMINA CLORHIDRATO,INDUCMINA
ESPORAS DE BACILLUS CLAUSII,ENTEROGERMINA PLUS
ESPORAS DE BACILLUS CLAUSII,ENTEROGERMINA PLUS
ESPORAS DE BACILLUS CLAUSII,ENTEROGERMINA PLUS
PANTOPRAZOL,FERGOPRAZOL
BACLOFENO,ISOPLEX 20
TRAMADOL CLORHIDRATO,TRADOXIL
CELECOXIB,CELECOXIB 400 mg
CELECOXIB,CELECOXIB 400MG
BROMHEXINA CLORHIDRATO,BROMHEXINA CLASC SAMED
VER AL DORSO,INLOSEP-TRES 16/5/12.5
SILDENAFIL,TANDURAX
AMLODIPINA BESILATO - ATENOLOL,CORACOR-A
CARVEDILOL + AMLODIPINA BESILATO,VASUTAN-A
VER AL DORSO,PIRDAN-2
TIZANIDINA,PIRDAN - 2
VER AL DORSO,PIRDAN -4
TIZANIDINA,PIRDAN - 4
QUETIAPINA FUMARATO,PSICOPINA
QUETIAPINA FUMARATO,PSICOPINA
AMBROXOL CLORHIDRATO,FECOCIL
IRBESARTAN,QUIMESART
CANDESARTAN CILEXETIL / HIDROCLOROTIAZIDA,CORDIPREN-­H 
CANDESARTAN CILEXETIL,CORDIPREN
VER AL DORSO,IODINE PRO
CARVEDILOL,VASUTAN
ACIDO ASCORBICO,VITAMINA C GOTAS ORALES 100 MG / ML
ACIDO ASCORBICO,VITAMINA C  GOTAS ORALES 100 MG / ML
CANDESARTAN CILIXETILO + AMLODIPINA BESILATO,CORDIPREN-A
VER AL DORSO,CORTIMICIN
MULTICOMPOSICION,BIO-GRAMON DIA / NOCHE
PIRFENIDONA,KITOSCELL LP
ESOMEPRAZOL TRIHIDRATO DE MAGNESIO,ELINTRIX
ACIDO FOLICO,FOLIER
BACLOFENO,ISOPLEX 10
NISTATINA,NELUFAR
MOXIFLOXACINA CLORHIDRATO,ACTIFLOX
OMEPRAZOL,OMEPRAZOL MAMEY® 40 MG
METOPROLOL TARTRATO,METOPROLOL SUED 100 MG
CLINDAMICINA + CLOTRIMAZOL,VAGINSOL F
TACROLIMUS,TACROLIMUS
PRUCALOPRIDA SUCCINATO,PRUVAL
IRBESARTAN + HIDROCLOROTIAZIDA,CARDITRAN -H 150 - 12.5
VER AL DORSO,SILDENAFIL 100
PRUCALOPRIDA SUCCINATO,PRUVAL
FLUTICASONA PROPIONATO,FLUTICORT
ACIDO FOLICO,FOLIER
CARVEDILOL,VASUTAN
VER AL DORSO,SULFADIAZINA DE PLATA 1%
VER AL DORSO,SILDENAFIL 50
DEXKETOPROFENO TROMETAMOL,MERLIX
CARVEDILOL + AMLODIPINA BESILATO,VASUTAN-A
OMEPRAZOL,OMEPRASEC® 40
CLOPIDOGREL BISULFATO + ACIDO ACETILSALICILICO,CARDET DUO
VER AL DORSO,KEXILI - 0.3
AZITROMICINA,AZITROMICINA 500MG - LIOMONT
DIFENHIDRAMINA HCL,SORENEX
NIFEDIPINA,IBERTENCIN SR
ESZOPICLONA,EPLIMAX
AMOXICILINA TRIHIDRATO / CLAVULANATO DE POTASIO,BACTOCLAV 
CARBETOCINA,LONACTENE
AMOXICILINA TRIHIDRATO,LAMOXI 200 MG
QUETIAPINA FUMARATO,PSICOPINA
VALSARTAN,VALSARTAN 80 mg
ACIDO ASCORBICO,VITAMINA C JARABE 100 MG / 5 ML
ACIDO ASCORBICO,VITAMINA C JARABE 100MG/5ML
MORFINA SULFATO PENTAHIDRATO,DURAMORPH
CELECOXIB BP,CELECOXIB 200 MG
IRBESARTAN/ HIDROCLOROTIAZIDA,TENSIBER HCT
CARBOXIMETILCELULOSA DE SODIO,REFRESH LIQUIGEL GEL LUBRICANTE PARA OJOS
NISTATINA,NISTATINA
CELECOXIB,CELECOXIB
VER AL DORSO,SIMBIOX
VALSARTAN,VALSARTAN 160 MG
TOXINA CLOSTRIDIUM BOTULINUM TIPO A,BOTULAX
TADALAFIL,TESAR
CARBONATO DE CALCIO / COLECALCIFEROL (VITAMINA D3),DEMILOS
CLORHIDRATO DE SERTRALINA,SERTRALIVE
CLORHIDRATO DE SERTRALINA,SERTRALIVE
CEFTRIAXONA SODICA,CEFTRIAXONA
AMPICILINA SODICA,AMPICILINA SODICA
VER AL DORSO,FUCIAC PLUS
PANTOPRAZOL SODICO SEQUIHIDRATO EQUIV A PANTOPRAZOL,PANTOPRAZOL 
CLOBETASOL PROPIONATO,CLOBETASOL PROPIONATO
CLOBETASOL PROPIONATO,BETAMAC NS
AZITROMICINA DIHIDRATO,MAGRIA
DEXKETOPROFENO,ENANGESIC 
VER AL DORSO,CEFIXIM
LEVOTIROXINA SÓDICA,LEVOID
DIAZEPAM,DIAZEPAM
VER AL DORSO,T-SOLTEX
AMOXICILINA + ÁCIDO CLAVULÁNICO,CLAVUCYD 1G BID
CANDESARTAN CILEXETILO,TRIOBRAS 16
AZITROMICINA,SEDAMIN
BISOPROLOL FUMARATO + AMLODIPINO (COMO BESILATO),CORENTEL A 10/5
ACETAMINOFEN POLVO,PROQUIDOL
CLORURO DE POTASIO,CLORURO DE POTASIO AL 10 %
VER AL DORSO,YE-S 5
TAPENTADOL CLORHIDRATO,TAPFREE
BIOTINA,NAT2YOU BIOTIN 1000 MCG
LORATADINA,LOREZE
SIMETICONA,ANAFLAT
HALOPERIDOL,LOPEL
MEMANTINA,EUROMEMANTINA
BISOPROLOL FUMARATO,FARIBIS
VER AL DORSO,NAT2YOU VITAMIN D3 1000 UI
OMEPRAZOL SÓDICO,OMEPRAZOL
CARBOXIMETILCELULOSA SODICA / GLICERINA,REFRESH OPTIVE 
IRBESARTAN + HIDROCLOROTIAZIDA,QUIMESART - H
DROSPIRENONA / ETINILESTRADIOL,DICEA 30
CLORHIDRATO DE LABETALOL,LABETALOL RICHET
VER AL DORSO,MIRANDA
AMPICILINA TRIHIDRATO EQUIVALENTE A AMPICILINA,AMPICILINA 500 MG
VILDAGLIPTINA + METFORMINA HCL,VILGLICOL-M 50/850
AMOXICILINA TRIHIDRATO & ACIDO CLAVULANICO,AMOXYPLUS
CANDESARTAN CILEXITILO + HIDROCLOROTIAZIDA,TRIOBRAS-H 16/12.5
CIPROFLOXACINA HCL,ARIMFLOX
VER AL DORSO,KETOCONAZOL 2 %
CANDESARTAN CILEXETILO,CORDIPREN
CANDESARTAN CILEXETILO + HIDROCLOROTIAZIDA,CORDIPREN-H
IRBESARTAN,QUIMESART
ALCAFTADINA,KEROS
IBUPROFEN BP,IBUPROFEN
GLIMEPIRIDA,SULGLIMEP 2 MG
AMOXICILINA TRIHIDRATO + CLAVULANATO DE POTASIO,AMOXICILINA - ACIDO CLAVULANICO CALOX
CLORHIDRATO DE AMBROXOL,PECTODOS
VER AL DORSO,QUIMESART - A
IRBESARTAN + HIDROCLOROTIAZIDA,QUIMESART-H
BISOPROLOL FUMARATO + HIDROCLOROTIAZIDA,MIPRORPIN - H
IRBESARTAN + HIDROCLOROTIAZIDA,QUIMESART - H
VER AL DORSO,AMINOSIDINA SUED
BISOPROLOL FUMARATO + HIDROCLOROTIAZIDA,MIPRORPIN - H
VILDAGLIPTINA + METFORMINA HCL,VILGLICOL-M 50/500
VILDAGLIPTINA + METFORMINA HCI,VILGLICOL-M 50 / 1000
LEVOCARNITINA (L-CARNITINA),CARNISIN
WARFARINA SÓDICA,WARFARINA 
SIMETICONA,GOGAZ
RANOLAZINA,RANCV MSN LAB
RANOLAZINA,RANCV MSN LAB
AMPICILINA,AMPICILINA
ETORICOXIB,ACORDIA SUED
ETORICOXIB,ACORDIA SUED  
VER AL DORSO,PROQUIDOL- FLU
DESOGESTREL,KALOPSIS
DESOGESTREL,KALOPSIS
VER AL DORSO,EUKENE PLUS 40 / 12.5 / 5
VALSARTAN + AMLODIPINA + HIDROCLOROTIAZIDA,PASUFEL PLUS H
CANDESARTAN CILEXETIL,CANDESARTAN 16 MG
CANDESARTAN CILEXETIL,CANDESARTAN 8 MG
CANDESARTAN CILEXETIL,CANDESARTAN 32 MG
SILDENAFIL CITRATO,SILDENAFIL
CARVEDILOL,VASUTAN 
PREGABALINA + MECOBALAMINA,PRECOBAL
ALTEPLASA,ACTILYSE
ALTEPLASA,ACTILYSE
BETACAROTENO-ACIDO ASCORBICO-(VER FORMULA),OFTAVITA
SERTACONAZOL NITRATO,ZALAIN 
PROPINOXATO HCI,ESLOPINOX
VALSARTAN,VALSARTAN 160 mg
ACIDO ASCORBICO,VITALY IQI
CLOPIDOGREL,LIQUOFLEX
MULTICOMPOSICION,FERRUM HAUSMANN® COMPLEX FOLIC
BISOPROLOL FUMARATO + HIDROCLOROTIAZIDA,FARIBIS D
CLARITROMICINA,CLARITROMICINA 
PROPINOXATO CLORHIDRATO,PROPINOXATO IF
LEVOCETIRIZINA 2HCL,VARLON
VALSARTAN / HIDROCLOROTIAZIDA,ATDOS UNION H 160/12.5
VALSARTAN + HIDROCLOROTIAZIDA,ATDOS UNION H 160/12.5  
LEVETIRACETAM,LEPCETAM® 500
LEVETIRACETAM,LEPCETAM® 500 
LEVETIRACETAM,LEPCETAM® 500
DEXTROMETORFANO,DESTIDER
LEVOTIROXINA,LEVOTIROXINA 0.088 IF
VER AL DORSO,QUIMESART - ULTRA
VER FORMULA,KOMOLIN
RAMIPRIL,MARTONESAN
IBUPROFEN,DOLIFEN® 600
TIBOLONA,TIBONELLA
METOPROLOL TARTRATO,METOPROLOL
ACIDO FOLICO,CIOCAL 5 mg
LISINOPRIL ANHIDRO,LIPROQUIMED
VER AL DORSO,LIPROQUIMED-A
LEVOSULPIRIDE,ESLOPIRID 25
LISINOPRIL DIHIDRATO,LIPROQUIMED
ESOMEPRAZOL,ESOMEPRAZOL 40 mg IF
VER AL DORSO,LIPROQUIMED-A
VER AL DORSO,METRONIDAZOL 125 MG / 5 ML
LEVOFLOXACINA ANHIDRA,MAXIFER
LEVOFLOXACINA ANHIDRA,MAXIFER
ATENOLOL + CLORTALIDONA,ATENOPRESOR 50-12.5
FENOFIBRATO,FENOFIBRATO  SR IF
ESOMEPRAZOL SODICO,METIOM IV
PIRAZINAMIDA,PIRAZINAMIDA
METADONA HCL,METACALMANS
CARBAMAZEPINA,TERIL 200 mg
SECNIDAZOL,SECNIDAZOL
CELECOXIB,PELECOX D AGLF
CANDESARTAN CILEXETIL + HIDROCLOROTIAZIDA,KERALA H -32 / 12.5
CANDESARTAN CILEXETILO / HIDROCLOROTIAZIDA,KERALA H 32 / 25
CANDESARTAN CILEXETILO / HIDROCLOROTIAZIDA,KERALA H - 16 / 12.5
BROMURO DE IPRATROPIO,BROMIP 
ACETAMINOFEN,ACETAMINOFEN 500 MG
TOVAPTAN,TOLVAT MSN LAB
TOLVAPTAN,TOLVAT MSN LAB
COMPLEJO DE HIDRÓXIDO DE HIERRO (III) Y POLIMALTOSA.,FERRUM HAUSMANN
VER AL DORSO,ANAFLAT COMPUESTO
VER AL DORSO,ANAFLAT ENZIMATICO
PEROXIDO DE BENZOILO,BENZAC AC
CANDESARTÁN CILEXETILO + HIDROCLOROTIAZIDA,ARACURE-H 16
LEVOTIROXINA SODICA,LEVOTIROXINA 0.100 IF
IBUPROFENO,IBUWIN 600 
CANDESARTAN CILEXETIL + HIDROCLOROTIAZIDA,CUIDAT H 16 / 12.5
CANDERSARTAN CILEXETIL / HIDROCLOROTIAZIDA,CUIDAT H 16/12.5
VER AL DORSO,KUDOS-0.4
CANDESARTÁN CILEXETILO + HIDROCLOROTIAZIDA,ARACURE-H 32/25
RISPERIDONA,RISPERIDONA 1 MG
CANDESARTAN CILEXETILO + HIDROCLOROTIAZIDA,ARACURE-H 32
SILDENAFIL CITRATO,SILDENAFIL CITRATO
VER AL DORSO,TALERDIN
CETIRIZINA,TALERDIN 
VALSARTAN + HIDROCLOROTIAZIDA,ATDOS - UNION H 320 / 12.5
DICLOFENACO POTÁSICO,CAPLINDOLFIX
CETRIZINA CLORHIDRATO,CETIRIZINA CLORHIDRATO
CETIRIZINA CLORHIDRATO,CAPLIN-FLUFIN
IBUPROFENO,IBWIN 400
EXTRACTO DE HEDERA HELIX,ASPRAX
CLOBETASOL PROPIONATO,CLOBETASOL 0.05 %
VER AL DORSO,BICLOFEN
RISPERIDONA,RISPERIDONA 2 MG
DIFENHIDRAMINA,DIFENHIDRAMINA
CLARITROMICINA,COCLARIT 500
IBUPROFENO,IBUPROFEN
CANDESARTAN CILEXETIL,CUIDAT 16
BISOPROLOL FUMARATO + AMLODIPINA BESILATO,MIPRORPIN-A
CANDESARTAN CILEXETIL,CUIDAT 32
CANDERSARTAN CILEXETIL,CUIDAT 32
CETIRIZINA + PSEUDOEFEDRINA,TALERDIN D
LOSARTAN POTASICO + HIDROCLOROTIAZIDA,LODESTAR® ZID
VITAMINA E,SABA MEDICAL
LINEZOLID,LINEZOLID 600 MG
LINEZOLID,LINEZOLID 600 MG 
FOSFOMICINA (COMO FOSFOMICINA TROMETAMOL),FOSBIOTIC 2
CLOTRIMAZOL,CLOTRAXIN
DICLOFENAC POTÁSICO,DOLOCURE-100 
DICLOFENAC POTASICO / ACETAMINOFEN / CLORZOXAZONA,DOLOCURE PLUS
MEROPENEM ANHIDRO,MONAN
VER AL DORSO,OMEPRAZOL SODICO 40 mg
FOSFOMICINA (COMO FOSFOMICINA TROMETAMOL),FOSBIOTIC 3
VER AL DORSO,METACALMANS
MULTICOMPOSICION,GARDASIL 9 VACUNA NONAVALENTE (VER AL DORSO)
VER AL DORSO,GARDASIL 9 VACUNA NONAVALENTE (VER AL DORSO)
NIFEDIPINA + ATENOLOL + CLORTALIDONA,EVOPRIL ATC
VER AL DORSO,SINPER PLB 10
DICLOFENAC POTASICO,DELSA K
DICLOFENAC POTÁSICO,DELSA K 100
LISINOPRIL DIHIDRATO + HIDROCLOROTIAZIDA,SINOPRIL H PLUS 20/25
FOSFOMICINA,FOSFOMICINA 250 IF
DEXKETOPROFENO TROMETAMOL,DEXKEVITAE
VER AL DORSO,DOLO-NAV-BIOTIC
BROMURO DE IPRATROPIO MONOHIDRATO,ATROVENT
HIERRO DEXTRANO,HIERRO DEXTRANO
CEFIXIMA TRIHIDRATO,CEFIXIMA
DOLUTEGRAVIR + ABACAVIR + LAMIVUDINA,TRIUMEQ
TADALAFIL,MOMENTIX
CLORANFENICOL LEVOGIRO,CLORANFENICOL
FURAZOLIDONA + CAOLIN,FURALAAN
DROSPIRENONA Y ETINILESTRADIOL,AST
AMLODIPINA,AMLODIPINA 10
PREGABALINA,PREGABAKERN 25 mg
VALSARTAN + HIDROCLOROTIAZIDA,VALDIBER-H 320/25
POLIESTIRENO SULFONATO CÁLCICO,KALARA
ACIDO IBANDRONICO (COMO IBANDRONATO DE SODIO),IVADRI
TADALAFIL,NEOVIGOR
VER AL DORSO,DUBIOTIX 
PREGABALINA,PREGABAKERN
CLOPIDOGREL BISULFATO,CLOPIDOGREL 75 mg
CLOPIDOGREL BISULFATO,CEREDOL 
ETORICOXIB,ERICOX
ETORICOXIB,ERICOX
ETORICOXIB,ERICOX
VER AL DORSO,LECHE MAGNESIA JUPIN
PANTOPRAZOL SODICO,ESLOPEP 40
IRBESARTAN + HIDROCLOROTIAZIDA,IVEPRAX H
DEXKETOPROFENO,FINIDOL
BISOPROLOL,MIPRORPIN
BISOPROLOL + HIDROCLOROTIAZIDA,MIPRORPIN-H
CLOTRIMAZOL,CLODIZOL
VER AL DORSO,IBERYL® PLUS 300/5 
VER AL DORSO,AMIKACINA
BISOPROLOL FUMARATO,MIPRORPIN
VER AL DORSO,RESPIQUIT
CITRATO DE PIPERACINA,PIPERACINA LABOCONT
SILDENAFIL CITRATO,SILDENAFIL CITRATO
PREGABALINA,PREGABAKERN 75 MG
AMLODIPINA BESILATO,LODIPIN 5
VALSARTAN + HIDROCLOROTIAZIDA,VALSCARD-80 HCT
VALSARTAN+AMLODIPINA,PASUFEL PLUS
DICLOFENAC POTASICO,ESLOFENAC 12.5
CETIRIZINA DICLORHIDRATO,BERAK
CETIRIZINA DIHIDROCLORURO,CETIRIZINA DI-HIDROCLORURO
AZITROMICINA DIHIDRATO,AZITROMICINA MAMEY 500 mg
PREGABALINA,PREGABAKERN 150 mg
VER AL DORSO,BLOKAPIN 5/100
DIMENHIDRINATO,FIRESDAL
CLOMIFENO,REJUN-50
ACETILCISTEINA,MAZENIL 200
LOSARTAN POTASICO,QUISALOR
CIPROTERONA ACETATO Y ETINILESTRADIOL,PARISATIS 
VER AL DORSO,MEROPENEM
BISOPROLOL + AMLODIPINA,MIPRORPIN - A
BISOPROLOL,MIPRORPIN
ACETAMINOFÉN,PROQUIDOL
VALSARTAN,SOSIRTAN
OXANDROLONA,OXANABOL
DIMETIL FUMARATO,TECFIDERA
DIMETILFUMARATO,TECFIDERA
ETORICOXIB,ERICOX
BICARBONATO DE SODIO,NORMOX
DICLOFENACO DE SODICO + TRAMADOL CLORHIDRATO,MATRIX D
CLINDAMICINA+KETOCONAZOL,DALTREX K
LIDOCAINA HCL + CLORURO DE DECUALINIO,ANGIDOL® 1/0.25
LIDOCAÍNA HCL + CLORURO DE DECUALINIO,ANGIDOL® 1/1
DICLOFENAC POTASICO,ELOFENAC 100
VER AL DORSO,LAANSAFENOL
VER AL DORSO,INDUFAR BRONALAR
PRILOCAÍNA CLORHIDRATO,ODDONTOPRILO 
AMBROXOL HCL + CLENBUTEROL HCL,MUCOBROXOL COMPOSITUM
VER AL DORSO,DUBIOTIX 
VER AL DORSO,ERGO-Z-MOL
IRBESARTAN / HIDROCLOROTIAZIDA,TENSIBER HCT
IRBESARTAN/ HIDROCLOROTIAZIDA,TENSIBER HCT
CANDESARTAN CILEXETIL,INDUTENOL
VER AL DORSO,SAGREL 75 mg
ESOMEPRAZOL SODICO,ESOZ
FIMASARTÁN + HIDROCLOROTIAZIDA,DIARAKOR
LORATADINA + CLORHIDRATO DE AMBROXOL,SENSIBIT XP
VER AL DORSO,DEXA NERVIDOCE D.A.
LEVOFLOXACINA HEMIHIDRATO,LEVOFLOXACINA WEMED
METOPROLOL TARTRATO,LOW-MAX 50
ACIDO FOLICO,ACIDO FOLICO 5 mg
LEVOCETIRIZINA DICLORHIDRATO,LESKERA - 5
CANDESARTAN / AMLODIPINA / HIDROCLOROTIAZIDA,CORDIPREN-ULTRA
METOPROLOL TARTRATO,LOW-MAX 100
HIDROCLOROTIAZIDA,HIDROCLOROTIAZIDA 12.5 MG
LOSARTÁN + AMLODIPINA,QUISALOR-A
LOSARTÁN + HIDROCLOROTIAZIDA,QUISALOR-H
VALSARTAN + HIDROCLOROTIAZIDA,VALSARTAN + HIDROCLOROTIAZIDA 320 / 12.5 IF
FLUCONAZOL,AZOL
VER AL DORSO,LEVOFLOXACINO CALOX
PREGABALINA,ODICA ALTIAN
ROSUVASTATINA CALCICA,ROSUVINA 40
VALSARTAN / HIDROCLOROTIAZIDA,VALSCARD-320 HCT
CLOTRIMAZOL,CLOTRIMAZOL 2%
KETOCONAZOL,KETOCONAZOL 2 %
FLUCONAZOL,BERFLUC
ACIDO ZOLEDRONICO MONOHIDRATO,ACIDO ZOLEDRONICO
LOSARTÁN + AMLODIPINA + HIDROCLOROTIAZIDA,QUISALOR-ULTRA
CANDESARTÁN + AMLODIPINA,CORDIPREN-A 32/10
CANDESARTAN + AMLODIPINA,CORDIPREN-A
AZITROMICINA,XIRITRINA
DICLOXACILINA,BECLODIL
BISOPROLOL FUMARATO,CORANPROL 5
LEVOTIROXINA SÓDICA,LEVOTIROXINA 100 mcg FARQUI
CLOPIDOGREL BISULFALTO,CLOPIDOGREL 75 MG 
CANDESARTAN + AMLODIPINA,CORDIPREN-A
ACIDO ZOLEDRONICO MONOHIDRATO,ACIDO ZOLEDRONICO
VER AL DORSO,NEODOLOL
ACETATO CASPOFUNGIN,CASPOFUNGIN 50 MG
VER AL DORSO,CALCIDEN NATAL
MULTICOMPOSICION,PROQUIDOL-FLU
ADAPALENO,ADAFERIN
LAMOTRIGINA,LAMICTAL
IBANDRONATO SODICO,DRONABON 150
GLIMEPIRIDA,GLUCOPIR 4
AMBROXOL CLORHIDRATO + LORATADINA,ALI-COLD LT
QUINFAMIDA,QUIMIDA
QUINFAMIDA,QUIMIDA
VER AL DORSO,AUDIPAX MULTIDOSIS
BETAHISTINA DICLORHIDRATO,AUDIPAX MULTIDOSIS
IRBESARTAN,IVEPRAX
HIDROSMINA,XISOMINA 
IRBESARTÁN + AMLODIPINA,QUIMESART-A
CANDESARTAN CILEXETIL + HIDROCLOROTIAZIDA,XILETIL FORTE
AMBROXOL HCL,AMBROXOL HCL
FLUCONAZOL / FLUCONAZOL,FLUCONAZOL
VER AL DORSO,CASPOFUNGIN 70 MG
VER AL DORSO,ACROTUSSIN 
VER AL DORSO,ACROTUSSIN
TOXINA TIPO A DE CLOSTRIDIUM BOTULINUM,NABOTA
YODO POVIDONA,BACTERISOL
DIMENHIDRINATO,FIRESDAL
AZITROMICINA DIHIDRATO,AROBIOL
VALSARTAN+ AMLODIPINO BESILATO,ATDOS UNION A 160/10
ALBENDAZOL,ALBENZOL
CARBAMAZEPINA,AVAPLEX
IBUPROFENO,IBUPROFENO 800 mg IF
FUMARATO FERROSO,IBEROFOL 
VALSARTAN,PASUFEL
LEVOFLOXACINA HEMIHIDRATO,GENIPROL
CETIRIZINA DE DICLORHIDRATO,INTERANT
ACETAMINOFEN,ACETAMINOFEN
ACETAMINOFEN DC-90 Y TRAMADOL,DISPAMOL IQI DUO
CLOTRIMAZOL,CLOTRAXIN
LEVONORGESTREL,BLINDADA
VER AL DORSO,AZITROMICINA
NIFEDIPINA,NIFEDIPINA 20 mg
CANDESARTAN CILEXITILO + AMLODIPINA BASE,CORDIPREN-A
VER AL DORSO,BLOSAR PLUS-50
VER AL DORSO,BLOSAR PLUS-50
FOSFOMICINA CALCICA,FOSFOMICINA
IBUPROFENO DC 90,IBUFEN 800
LEVOFLOXACINA HEMIHIDRATO,GRANLEVO
GLIMEPIRIDA + METFORMINA,GLIPIRIDE COMPUESTO
CLORURO DE SODIO USP,CLORURO DE SODIO
VER AL DORSO,KETRAMOL
FENOFIBRATO,ADIPEX
CITRATO DE HIERRO AMONIACAL,DEPURATIVO MEGA 3 LABOCONT
VER AL DORSO,GRANICIP
DICLOFENAC POTASICO,INFLATRIO UNO
AMBROXOL CLORHIDRATO,PROMIXOL
FAMPRIDINA,DATIZIC
VER AL DORSO,PECTUSIN PEDIATRICO
CLOPIDOGREL BISULFATO EQUIVALENTE A CLOPIDOGREL,CLOPIDOGREL 
LEVOFLOXACINA HEMIHIDRATO,LEVOCURE-500 
LEVOFLOXACINA HEMIHIDRATADA,LEVOCURE- 750
BETAMETASONA + CLOTRIMAZOL,BETAZOLE
PREGABALINA,PREGABALINA 25 mg IF
VER AL DORSO,ARACURE PLUS-32 
VALSARTAN + AMLODIPINA BESILATO,VALSCARD - A 320 / 5
PREGABALINA,FINPAL 25
VILDAGLIPTINA,VILTREVAN 50
CLOPIDOGREL BISULFATO,CLOPIDOCURE
CLOPIDOGREL BISULFATO,CLOPIDOCURE
VER AL DORSO,APRILIUM
VALSARTÁN + AMLODIPINA BESILATO,VALSCARD-A 160/5
ACETAMINOFEN DC-90,ACETAMINOFEN 325 MG
LOSARTAN POTASICO,LOSARTAN 100
CANDESARTAN CILEXETILO / AMLODIPINA BESILATO,ARACURE- A 32 / 10
SECNIDAZOL,SECNIDAZOL 500 mg IF
IRBESARTAN + HIDROCLOROTIAZIDA,IRBECOR H 300 / 25 
CANDESARTAN + HIDROCLOROTIAZIDA,CORDIPREN-H
ATENOLOL,ATENOLOL
RABEPRAZOL DE SODIO,PARIET 
SEVOFLURANO,SEVORANE
PROGESTERONA,SUGEST-100
IBANDRONATO SODICO,BANDROCARE AGLF
KETOROLACO TROMETAMINA,KETODOL
ABIRATERONA ACETATO,ABIRATRAL 
SEVOFLURANO,SEVOFLURANO
SEVOFLURANO,SEVOFLURANO
SECNIDAZOL,VERMIAL 500
IRBESARTAN + HIDROCLOROTIAZIDA,IRBECOR H 300 / 12.5 
TARTRATO ACIDO DE NORADRENALINA,ADRENOR
MINOXIDIL,REGAXIDIL
VER AL DORSO,HEXADERM
INSULINA HUMANA DE ORIGEN ADNr,BIOSULIN N
INSULINA HUMANA DE ORIGEN ADNR,BIOSULIN N
AMOXICILINA TRIHIDRATADA POLVO + AMBROXOL CLORHIDRATO,AMBROX
VER AL DORSO,CEREVAS
LEVOFLOXACINA HEMIHIDRATO,LEVOFLOXACINA
KETOTIFENO FUMARATO,KETOTIFENO 1 MG / 5 ML
DICLOFENAC SÓDICO + TRAMADOL CLORHIDRATO,DICASEN 
IRBESARTAN,IRBEKERN 150 mg
BISOPROLOL FUMARATO + HIDROCLOROTIAZIDA,BETAUNO 10 HCT
BISOPROLOL FUMARATO + HIDROCLOROTIAZIDA,BETAUNO 5 HCT
TRIBENOSIDE + LIDOCAÍNA,PROCTO GLYVENOL
TRIBENOSIDE + LIDOCAÍNA,PROCTO GLYVENOL
CARVEDILOL,CARVEDILOL
IRBESARTAN + HIDROCLOROTIAZIDA,IRBEKERN HCTZ 150/12.5 mg
CLOTRIMAZOL,CLOTRAXIN
IRBESARTAN,IRBEKERN 300 MG
LISINOPRIL DIHIDRATO + AMLODIPINA BESILATO,HIBRIDA-A 20/10
VER AL DORSO,HIBRIDA-A 20/5
DESLORATADINA,DESLORAN
CLOPIDOGREL BISULFATO,TENOGREL
VER AL DORSO,HIBRIDA-A 10/5
LEVETIRACETAM,DERINOE XR 500
DESLORATADINA,DESLORAN
CEFUROXIMA AXETIL EQUIV A CEFUROXIMA,CEFUROMAC 
DICLOFENACO SODICO,KATAFENAC D
MILRINONA,MILRINONA RICHET
VER AL DORSO,BACTEK-U
BETAMETASONA 17 VALERATO,BETAMETASONA AL 0.1%
PERMETRINA,PERMETRINA AL 1%
CALAMINA + OXIDO DE ZINC + DIFENHIDRAMINA,CALODINC
IVERMECTINA,SOOLANTRA
IVERMECTINA,SOOLANTRA
IVERMECTINA,SOOLANTRA
VER AL DORSO,APRILIUM
ACIDO ASCORBICO,NAT2YOU VITAMIN C 500 mg
CIPROFLOXACINA HCL,CIPROCURE-750 
VALSARTÁN+ AMLODIPINA BESILATO,ATDOS UNION A 160/5 
VER AL DORSO,PECTUSIN NF
IRBESARTAN + AMLODIPINA BESILATO,APROBRIT DUO
CANDESARTAN CILEXETIL,CARDEFARIQ
AMOXICILINA TRIHIDRATO,R-AMOXI
VER AL DORSO,COTRIMOXAZOL 960 mg
BENCILPENICILINA BENZATINA,PENICILINA G BENZATINA
DIMETIL FUMARATO,TECFIDERA
DIMETILFUMARATO,TECFIDERA
IRBESARTAN + HIDROCLOROTIAZIDA,IRBEKERN HCTZ 300 / 25 mg
CIPROFLOXACINA HCL,CIPROCURE- 500
VER AL DORSO,NANDROBOLIN - 250
ACIDO MEFENAMICO,ACIDO MEFENAMICO
VER AL DORSO,NOREXAL
AMIKACINA SULFATO,AMIKACINA
PREDNISOLONA ANHIDRA,PREDNISOLONA
CLOTRIMAZOL + FOSFATO DE CLINDAMICINA,INNOCLOR-INN DUO
ALBENDAZOL,ALBENDAZOL
OLANZAPINA,OLANZAPINA 10mg  IF
CLOPIDOGREL (COMO CLOPIDOGREL BISULFATO), ROEMMERS CLENTEL 
CARVEDILOL,FIBRILAN-25
ATENOLOL+ CLORTALIDONA +NITRENDIPINA,AMIPRIX-PLUS
HIDROCLOROTIAZIDA,HIDROCLOROTIAZIDA 25  mg
FUROSEMIDA,FUROSEMIDA
ATENOLOL + CLORTALIDONA + NITRENDIPINA,PREEATRES
IRBESARTAN,IBERPRES 300
IRBESARTAN,IBERPRES® 300
ÓXIDO DE ZINC,CALERGIN
LOSARTAN POTASICO,LOSARTAN POTASICO 
VALSARTÁN + AMLODIPINA,SOSIRTAN-A
LOSARTAN +AMLODIPINA + HIDROCLOROTIAZIDA,QUISALOR-ULTRA
ACETILCISTEINA,MAZENIL 100
LOSARTAN + HIDROCLOROTIAZIDA,QUISALOR-H
METOCLOPRAMIDA HCL,CLOPRAMIN 
PREGABALINA,ODICA ALTIAN
VER AL DORSO,SALBUTAMOL
KETOCONAZOL,KETOCONAZOL
VALSARTÁN + HIDROCLOROTIAZIDA,SOSIRTAN-H
DROSPIRENONA + ETINILESTRADIOL,DANAE
BISOPROLOL FUMARATO,CORADONA
BISOPROLOL FUMARATO,CORADONA
ROSUVASTATINA,ROSURVITAE
AMOXICILINA+BROMHEXINA,TUSSIBRON COMPUESTO
PANCREATINA Y SIMETICONA,PANCREATINA + SIMETICONA
VER AL DORSO,BACTERIMAX
VER FORMULA,DICLOVIT ROSE MED
ACETATO DE CIPROTERONA / ETINILESTRADIOL,VENISSE
VILDAGLIPTINA,VIDACTIF 
BISOPROLOL FUMARATO + AMLODIPINA BESILATO,BIPROCOR A 5­-10
FLUTICASONA,FLIXOTIDE 50MCG
VER AL DORSO,ACETAMINOFEN 125 mg / 5 mL
CARVEDILOL,OROFLAM-3.125
CARBAMAZEPINA,CARBAMAZEPINA 100 mg
LOSARTAN POTASICO,PRESIDOL-50
CLINDAMICINA / PEROXIDO DE BENZOILO,CLINDAMICINA-PEROXIDO DE BENZOILO CASSARA
IRBESARTAN,IRBEKERN 75 mg
VER AL DORSO,AMOXY PLUS
ACIDO ZOLEDRONICO MONOHIDRATADO,VARIDRONICO
FLUCONAZOL,FLUCONAZOL
LEVOCETIRIZINA DICLORHIDRATO,LECEFAR
CLOTRIMAZOL,GYNOSAN 500
CEFTRIAXONA,BETASPORINA
PARACETAMOL,PARACETAMOL 
PACLITAXEL,PACLITAXEL TUTEUR
LEVETIRACETAM,CONVULTIN
VANCOMICINA,VALEPTA-1000
TIOCOLCHICOSIDO,XIRMEN
LEVOFLOXACINA HEMIHIDRATO,LEVOFLOXACINA
PREDNISOLONA,PRELONE
TOBRAMICINA + DEXAMETASONA,TOBRAZOL-DX
KETOROLACO TROMETAMINA,SEUDRIN
FLUTICASONA,FLIXOTIDE
RISPERIDONA,UNIRIDONA 4 MG TABLETAS RECUBIERTAS
LEVOFLOXACINA HEMIHIDRATO,GENIPROL
ACETAMINOFEN,ULTRAMOL 750
MULTICOMPOSICION,CICATRISSOL
VER AL DORSO,ZUNIDB
RISPERIDONA,UNIRIDONA 3 MG TABLETAS RECUBIERTAS
ATORVASTATINA CALCICA,REDUGREL-20
VER AL DORSO,AVAMIGRAN
HIERRO GLICINATO QUELATO EQUIV. A HIERRO ELEMENTAL,CONGLIFER 150 MG TABLETAS RECUBIERTAS
VANCOMICINA,VALEPTA-500
ESOMEPRAZOL,CARBUM 40
BUDESONIDA + FORMOTEROL,BUDEPLUS
NITAZOXANIDA,NITAZOXANIDA
FOSFATO SODICO DE DEXAMETASONA,DEXAMETASONA
FOSFATO DE CLINDAMICINA,CLINDAVIC
CANDESARTAN CILEXETIL / HIDROCLOROTIAZDA,MINART PLUS
CANDESARTAN CILEXETIL + HIDROCLOROTIAZIDA,MINART PLUS
VER AL DORSO,MIDAZOLAM
VER AL DORSO,XEOMIN
MOMETASONA FUROATO,MOMEVIC
ROSUVASTATINA,ROVASTA 10
ROSUVASTATINA,ROVASTA 5
ATORVASTATINA CALCICA,TOPIR-20
VER AL DORSO,ROVASTA 20
LISINOPRIL DIHIDRATO + HIDROCLOROTIAZIDA,LISIPREX D
DEFLAZACORT,DEFLARIN 
CETIRIZINA DICLORHIDRATO,ZIRIN
SITAGLIPTINA FOSFATO / METFORMINA CLORHIDRATO,JANUMET XR
TRICLOSAN + FENOL,JABÓN GERMICIDA ROLDÁN AL 1 %
PREDNISOLONA,PRELONE
PREDNISOLONA,PRELONE
DECANOATO DE FLUFENAZINA BP,FLUFENAZINA DECANOATO
RISPERIDONA,GOVAL 2
VER AL DORSO,IDOLMA-5
LEVOFLOXACINA HEMIHIDRATO,LEVOFLOXACINA WEMED
ACETATO DE DESMOPRESINA,OCTOSTIM
BISOPROLOL FUMARATO+ HIDROCLOROTIAZIDA,LINOVO D 5
VER AL DORSO,IDOLMA- 2.5
MEROPENEM TRIHIDRATO,MEROPENEM
ITRACONAZOL,FUNGIVIC-T
IRBESARTAN + HIDROCLOROTIAZIDA,"IRBEKERN HCTZ  300/12,5 mg"
MULTICOMPOSICION,FERCOBRE CARNITINA
OLOPATADINA,OLOF
CLOTRIMAZOL,CINABEL
LOSARTAN POTASICO + HIDROCLOROTIAZIDA,ADVITRAN HCT 50-12.5
PROPIONATO DE CLOBETASOL,CLOBETAVIC
PREGABALINA,PREGOLAN-BRIT
PREGABALINA,PREGOLAN - BRIT
AMBROXOL HCL,AMBROXOL
NITROFURANTOINA,NITROFURANTOINA 50 mg
VER AL DORSO,SULFATO FERROSO 300 mg
CEFTRIAXONA SODICA,LORCEF 500 mg / I.V
CIPROFLOXACINA HCL / FENAZOPIRIDINA,NOGALXINA
GLUCONATO DE CALCIO,GLUCONATO DE CALCIO 
MULTICONCENTRACION,SUVINALES NATAL
VER AL DORSO,APIREXIA 750 mg
LEVOSALBUTAMOL TARTRATO,LEVOSALBUTAMOL AEROSOL
VER AL DORSO,METREX
VER AL DORSO,NEOSTIGMINA
VER AL DORSO,SUBROX ALER
AMOXICILINA TRIHIDRATO,AMOXICILINA 125 mg
AMOXICILINA TRIHIDRATO,AMOXICILINA 125 mg
FOSFOMICINA CALCICA MONOHIDRATADA,SEGURIBACT
PARACETAMOL,HEMANOFEN 300 MG PEDIÁTRICO SUPOSITORIO
ACIDO ASCORBICO (VITAMINA C),ENERGEN C
DICLOFENAC SODICO,INDOLOFF 100 MG SUPOSITORIO
MECOBALAMINA,MECOBALAMINA 500 MCG TABLETAS
VER AL DORSO,AMOXY PLUS 
HIERRO GLICINATO QUELATO EQUIVALENTE A HIERRO ELEMENTAL,CONGLIFER 30MG/ML SOLUCION GOTAS ORALES
VER AL DORSO,ZARUNI 500 MG CAPLETAS RECUBIERTAS
BLEOMICINA SULFATO,BLEOMICINA
FLUCONAZOL,AMUNIT 150 MG CAPLETAS RECUBIERTAS
CLINDAMICINA FOSFATO EQUIVALENTE A CLINDAMICINA BASE,KEMELY
CARVEDILOL,CARVEDI-PRES 3.125
CAPECITABINA,CAPEFAS 
INSULINA GLARGINA,TOUJEO
INSULINA HUMANA DE ORIGEN ADNR + INSULINA ISOFANA,BIOSULIN 30/70
VER AL DORSO,BIOSULIN 70/30
INSULINA HUMANA DE ORIGEN ADNR + INSULINA ISOFANA,BIOSULIN 70/30
DEXAMETASONA,ALIN
BEVACIZUMAB,AVASTIN
VANCOMICINA CLORHIDRATO,VANCOMICINA 
TEMOZOLAMIDA,TEMOZOLAMIDA 100 mg
SITAGLIPTINA FOSFATO / METFORMINA CLORHIDRATO,JANUMET XR 
CLARITROMICINA,INNOBROX 
ASPARTATO DE L-ARGININA,SAUGELAC
FUROSEMIDA, FUROSEMIDA
BISOPROLOL + AMLODIPINA,MIPRORPIN-A
MULTICOMPOSICION,EXTRACTO VIGORIZANTE FERAN-GEL
PANCREATINA / SIMETICONA,FLATUGAST
VER AL DORSO,REGULACID L
ESOMEPRAZOL,CARBUM 20
TICAGRELOR,TICAREL SUED 
VER FORMULA,FERCOBRE CARNITINA
ROSUVASTATINA CÁLCICA EQUIVALENTE A ROSUVASTATINA.,ROSUVASTATINA 20 MG
VER AL DORSO,LAXOL
OLMESARTAN MEDOXOMILO + BESILATO DE AMLODIPINA,BENICAR AMLO
OLMESARTAN MEDOXOMIL + BESILATO DE AMLODIPINA,BENICAR AMLO
VER AL DORSO,DEX-LITOS 45 SABOR MANZANA 
ACEITE DE RICINO,ACEITE DE RICINO
VER AL DORSO,CEFTRIAXONA
ETORICOXIB,CINIMAS 90
VER AL DORSO,PANTOPRAZOL
MULTICOMPOSICION,LYVOLEX
MELOXICAM,TENARON  15 
METFORMINA CLORHIDRATO + GLIMEPIRIDA,GLIPIXOR M 2/500
VER AL DORSO,DOLO-REMUFIX
ACETAMINOFEN,ULTRAMOL PLUS 1000
DIFENHIDRAMINA HCL + CLORURO DE AMONIO,ALBATUSIN
VER AL DORSO,AMOXICILINA
METFORMINA CLORHIDRATO,METFORMINA
DEXMEDETOMIDINA,KRUNAMINA
LETROZOL,LUPRIZA
BUPIVACAINA CLORHIDRATO,BUPIVACAINA HCL 0.5%
HIDROCLORURO DE LABETALOL,LACIMEN 5MG/ML
LEVOFLOXACINA,LEFLOTRIN
GALSULFASA,NAGLAZYME
BISOPROLOL / HIDROCLOROTIAZIDA,LINOVO D 10
CLONAZEPAM,CLONIXAN ARSAL
MONTELUKAST,LUKANEX
AMLODIPINA,CARDIPRES 7.5 
"DORZOLAMIDA, BRIMONIDINA TARTRATO Y TIMOLOL",BRIMONI DT 
AMLODIPINA,CARDIPRES 5
PREGABALINA,GACELA 75
TERBINAFINA HIDROCLORURO,TERBICIP - 250 
TERBINAFINA,TERBICIP - 250
VER AL DORSO,CLOPIDOGREL
PREGABALINA,GACELA 150 
RABEPRAZOL SODICO,PARIET 
VER AL DORSO,BUPIVACAINA HCL PESADA  0.5%
LISINOPRIL,LISIPREX  10
PREGABALINA,GACELA  300
AMBROXOL HCL,FARMUCOX
LISINOPRIL,LISIPREX 20
PREGABALINA,PREGABALINA FELTREX
BISOPROLOL + HIDROCLOROTIAZIDA,LINOVO D 2.5
POLIETILENGLICOL 400+ PROPILENGLICOL,HUMIDIA
CLORHIDRATO DE LIDOCAINA,LIDOCAINA
CEFTRIAXONA,CEFTRIAXONA MALLEN
AMOXICILINA TRIHIDRATO,AMOXICILINA 200 mg IF
DICLOFENACO SODICO,DICLOFENACO SODICO (LINEA INTRALAB)
CLORANFENICOL BP,CLORANFENICOL
TOXINA TIPO A DE CLOSTRIDIUM BOTULINUM,NABOTA
CIPROFLOXACINA,CIPROFLOXACINA 500 mg
ROSUVASTATINA,ROSUVASTATINA 40 MG
VER AL DORSO,SUSTENIUM TOTAL
TIOCOLCHICÓSIDO,XIRMEN
METOCLOPRAMIDA,METOCLOPRAMIDA
DEFLAZACORT,DEFLARIN 
DEFLAZACORT,DEFLARIN
TRAMADOL HCL,TRAMADOL MAMEY® 50 MG
METOTREXATO,METOTREXATO
PREGABALINA,PREGABALINA LAM 150 mg
DONEPEZILO CLORHIDRATO,DONEPRIL 5
DIMENHIDRINATO,DIMENHIDRINATO
LORATADINA + BETAMETASONA,ANTIAL-BT®
CAPTOPRIL,CAPTOPRIL 25
CARVEDILOL,OROFLAM-6.25
VER AL DORSO,"NEUROTROPAS ALFA 25,000"
DICLOFENAC POTASICO + CODEINA FOSFATO,KLAFENAC P FORTE
DICLOFENAC POTÁSICO + CODEÍNA FOSFATO,KLAFENAC® P FORTE
ESCITALOPRAM OXALATO,ESCITALOPRAM MAMEY® 20 mg
VER AL DORSO,DEXTOS BIAL
DICLOFENAC SÓDICO + TRAMADOL CLORHIDRATO,DROMADOL
RH FACTOR DE COAGULACION VIII,NUWIQ
RH FACTOR DE COAGULACION VIII,NUWIQ
VITAMINA D3 (COLECALCIFEROL),MAXIMUN D3
KETOROLACO TROMETAMOL,MEDROLGIN
CITICOLINA SODICA EQUIVALENTE A CITICOLINA,RONOCIT 500MG/4ML
CITICOLINA SODICA EQUIVALENTE A CITICOLINA,RONOCIT 500MG/4ML
VILDAGLIPTINA,JALRA
PREGABALINA,ODICA
PREGABALINA,ODICA
LEVOTIROXINA SODICA,LEVOTRIN ®100
QUETIAPINA FUMARATO,QUETIAPINA MAMEY 300 mg
QUETIAPINA FUMARATO,QUETIAPINA MAMEY® 300 MG 
ALBENDAZOL / QUINFAMIDA,ALBENDAZOL + QUINFAMIDA  LAM   200/ 150 mg
TRAMADOL HCL,LAMTRA® 
PREGABALINA,PREGABALINA MAMEY 75 MG
PREGABALINA,PREGABALINA MAMEY® 75 MG
ESCITALOPRAM OXALATO,ESCITALOPRAM  LAM  10 mg
ESCITALOPRAM OXALATO,CITADEX® 10
LEVOSULPIRIDE,DISPEPSIL®
CELECOXIB,CELERAX® 400 
CELECOXIB,CELECOXIB MAMEY 400 mg
CELECOXIB,CELECOXIB MAMEY® 400 MG
LEVOTIROXINA SÓDICA,LEVOTIROXINA LAM® 175 MCG 
LEVOTIROXINA SODICA,LEVOTIROXINA LAM® 50 MCG 
DICLOFENAC,DICLOFENAC LAM ®
NIFEDIPINA,NIFEDIPINA LAM®  20 MG  
LEVOTIROXINA SODICA,LEVOTIROXINA LAM® 75 MCG
PREGABALINA,PREGABALINA LAM 300 mg
DONEPEZILO HCL,DONEPRIL® 10
PREGABALINA,PREGABALINA LAM 75 mg
LORATADINA/ BETAMETASONA,ANTIAL-BT® 
DICLOFENAC RESINATO,DICLOFENAC MAMEY® 
ESOMEPRAZOL MAGNÉSICO TRIHIDRATO,ESOMEPRAZOL LAM® 20 MG
ESCITALOPRAM OXALATO,ESCITALOPRAM  MAMEY 10 mg
LEVOTIROXINA SODICA,LEVOTRIN® 75
LEVOTIROXINA SODICA,LEVOTRIN ® 175
LEVOTIROXINA SODICA,LEVOTRIN ®150
OLANZAPINA,OLANZAPINA MAMEY 5 mg
OLANZAPINA,OLANZAPINA MAMEY® 5 MG
ALBENDAZOL / QUINFAMIDA,ALBENDAZOL+QUINFAMIDA  MAMEY  200/150 mg
LEVOTIROXINA SODICA,LEVOTRIN® 200
LEVOTIROXINA SÓDICA,LEVOTIROXINA LAM® 125 MCG 
LEVOTIROXINA SODICA,LEVOTIROXINA LAM® 100 mcg
METFORMINA HCL,GLUCOX® XR 500
PREGABALINA,PREGABALINA MAMEY 150 MG
LEVOSULPIRIDE,DISPEPSIL® 25  
CELECOXIB,CELECOXIB LAM 400 Mg
IBUPROFENO,DOLIFEN®
PREGABALINA,PREGABALINA MAMEY® 300 MG
PREGABALINA,PREGABALINA MAMEY® 300 MG
ETORICOXIB,ETORICOXIB LAM 90 mg
ROSUVASTATINA CALCICA,ROSUCOR 5
LEVOTIROXINA SODICA,LEVOTIROXINA LAM® 200 MCG 
METFORMINA HCL,GLUCOLESS® XR 500
AMOXICILINA TRIHIDRATO COMPACTADA,R-AMOXI
SULFATO DE AMANTADINA,PK-MERZ
SULFATO DE AMANTADINA,PK­-MERZ
ACETAMINOFEN + CARISOPRADOL,NOBEROL FORTE
TARTRATO DE VINORELBINA,NAVELBINE 20MG
TARTRATO DE VINORELBINA,NAVELBINE 30 MG
METRONIDAZOL BENZOATO,METROZYL® 
CANDESARTAN CILEXETIL,CORPREXIA 32
AMLODIPINA + LISINOPRIL,CARDIPRES ECA 10-20
TRAMADOL CLORHIDRATO,TRAMADOL LAM 50 mg
VER AL DORSO,CARDIONIL® ULTRA 20/10/12.5 
AMLODIPINA BESILATO,AMLODIPINA
TRIMEBUTINA MALEATO / SIMETICONA,MUVETT S
ETORICOXIB,ETORICOXIB MAMEY® 120 MG
ETORICOXIB,ETORICOXIB MAMEY® 120 MG
LEVOTIROXINA SÓDICA,LEVOTIROXINA LAM® 150 mcg
VER AL DORSO,KLAFENAC  P
LEVOFLOXACINA HEMIHIDRATO,LEVOFLOXACINA LAM® 750 MG
IBUPROFENO,DOLIFEN
LEVOTIROXINA SODICA,LEVOTRIN® 125
METFORMINA HCL / VILDAGLIPTINA,VILDINA MET 1000/50
METFORMINA HCL,METFORMINA LAM 500 XR
METRONIDAZOL BASE,METROZYL® 500 
METFORMINA HCL,GLUCOLESS 850
METFORMINA HCL,METFORMINA MAMEY 500 XR
ESCITALOPRAM OXALATO,CITADEX® 20
LISINOPRIL DIHIDRATO + AMLODIPINA BESILATO + CLORTALIDONA,CARSIPRIL® ULTRA 20/10/12.5 
LACOSAMIDA,LACOSAN® 50
SULFATO DE ATROPINA,ATROPINA
KETOROLACO TROMETAMINA,DOLOKET
AMIODARONA CLORHIDRATO,MIODAR
SUBSALICILATO DE BISMUTO,PEPTO-BISMOL
METOPROLOL TARTRATO,VIDACOR® 50
CETIRIZINA HCL,ALERPLUS®
CETIRIZINA HCL,ALERPLUS® 
AGUA DESTILADA,AGUA DESTILADA
ETORICOXIB,ETORICOXIB MAMEY 90 mg
PREDNISOLONA,PRELONE
PREDNISOLONA,PRELONE
VER AL DORSO,APROBRIT MAX
VER AL DORSO,APROBRIT MAX
AMOXICILINA COMO TRIHIDRATO /DICLOFENAC POTASICO,DICLO K BIOTIC
BRINZOLAMIDA + BRIMONIDINA TARTRATO,SIMBRINZA
BRINZOLAMIDA + BRIMONIDINA TARTRATO,SIMBRINZA
DEXKETOPROFENO TROMETAMOL EQ. A DEXKETOPROFENO,ATENUA
CLOTIAZEPAM,CLOTIUM CD
CLONIDINA,CLONIPERTEN 
VITAMINA A + VITAMINA C + VITAMINA D3,ENORDEN 1
CLONIDINA,CATAPERTEN
FOSFOMICINA TROMETAMOL EQUIVALENTE A FOSFOMICINA,FOSFOCIL G.U
PREGABALINA,ODICA ALTIAN
CANDESARTÁN CILEXETILO + HIDROCLOROTIAZIDA, CANDEBRIT HCT 
CIPROFIBRATO, LIVASTINA 
VER AL DORSO,DOLO - COMPLEJO B ALFA
"DROSPIRENONA, ESTRADIOL",GADOFEM
CETIRIZINA CLORHIDRATO,CETIRIZINA SUED 10 MG
NITROFURANTOINA + CAMILOFINA DICLORHIDRATO,SPASMO-UROLONG
TELMISARTAN + AMLODIPINA,TELYDALT DUO
METOPROLOL TARTRATO,METOPRES® 100 
VER AL DORSO,PROXIVEN XL
TELMISARTAN + AMLODIPINA,TELYDALT DUO
LEVOFLOXACINA CLORHIDRATO,LEVOFLOXACINA CLORHIDRATO
CLORHIDRATO DE CEFEPIME,CEFEPIME
VER AL DORSO,DEXAMETASONA FOSFATO
METRONIDAZOL,METRONIDAZOL 
DOCETAXEL,DOCETAXEL KEMEX
FUROSEMIDA,FUROSEMIDA (LINEA INTRALAB)
SIMVASTATINA,SIMVASTATINA LAM 40 mg
METOPROLOL TARTRATO,VIDACOR® 100 
METOPROLOL TARTRATO,METOPROLOL LAM 100 mg
METOPROLOL TARTRATO,METOPROLOL MAMEY® 100 MG
POLIÉSTER MUCOPOLISACÁRIDO DEL ÁCIDO SULFÚRICO,HIRUDOID FORTE  GEL
VER AL DORSO,HIRUDOID FORTE 
CIPROFLOXACINA LACTATO,CIPROFLOXACINA LACTATO
BUDESONIDA,BUDEK
BUDESONIDA,BUDEK 
IRBESARTAN + AMLODIPINA BESILATO., APROBRIT DUO 
MULTICONCENTRACION,TABCIN EXTRA FUERTE DÍA
AMLODIPINA + LISINOPRIL,CARDIPRES ECA 5-20
AMOXICILINA TRIHIDRATO,AMOXICILINA 500 
PIPACETATO CLORHIDRATO,SELVIGON
CANDESARTAN CILEXETIL + HIDROCLOROTIAZIDA,CORPREXIA D
CIPROFLOXACINA HCL,CIPROFLOXACINA MAMEY 500 MG
CANDESARTAN,CORPREXIA 8
VER AL DORSO,DEXAMETASONA (LINEA INTRALAB)
PARACETAMOL / CAFEINA,LAMIGRAX
DOMPERIDONA,GASTROFLUX
CEFADROXILO BASE MONOHIDRATADO,LAPRICEF 
ROSUVASTATINA CALCICA + EZETIMEBA,ROZONA PLUS 20
ROSUVASTATINA CALCICA + EZETIMIBA,ROZONA PLUS 10 
VER AL DORSO,"NEUROTROPAS ALFA 10,000"
CANDESARTAN + AMLODIPINA,CORPREXIA-A 
CLOHIDRATO DE PIPACETATO,SELVIGON
METFORMINA CLORHIDRATO,METFOR-SR 850
METFORMINA CLORHIDRATO,METFOR-SUED 850
MULTICOMPOSICION, CATACLOFEN - FORTE
IBUPROFEN,FENOPROX
AMPICILINA,AMPINA
CARBAMAZEPINA,LIVASTAL
CARBAMAZEPINA,LIVASTAL
GENTAMICINA SULFATO,GENTAMICINA ALFA 160 mg / 2 mL
IBUPROFEN,FENOPROX
DIENOGEST + ETINILESTRADIOL,OBBIAT
DIENOGEST + ETINILESTRADIOL,OBBIAT
ACIDO ACETILSALICILICO,ASPIALFA 500 MG
CLORANFENICOL,CLORANFENICOL 1%
SULFADIAZINA DE PLATA,SULFAMAX
ACIDO MEFENAMICO,BONALIV
CARVEDILOL,CARVEDILOL
ISOTRETINOINA,ISOLVE 20 mg
VER AL DORSO,ROSALTA PLUS 10
"BROMHEXINA HCL, MALEATO DE CLORFENAMINA",RESFRIDOL COMPLEX
VER AL DORSO,SERTAL COMPUESTO
ROSUVASTATINA CALCICA + EZETIMEBA,ROSALTA PLUS 20
BEVACIZUMAB,AVASTIN
LISINOPRIL + AMLODIPINA,CARDIPRES ECA 5-10
CANDESARTAN CILEXETIL + HIDROCLOROTIAZIDA,CORPREXIA MAX 
CANDESARTAN,CORPREXIA 16
BROMHEXINA CLORHIDRATO,BROMHEXINA  
NIFEDIPINA,NIFEDIPINA 
PREGABALINA,MARTESIA 150
PREGABALINA,MARTESIA 75
METILPREDNISOLONA,MEDROCORT-125
CARBAMAZEPINA,LIVASTAL
ROFLUMILAST,SALETIN
OLMESARTÁN MEDOXOMIL - HIDROCLOROTIAZIDA,OLMESARTÁN - HIDROCLOROTIAZIDA CALOX
OLMESARTÁN MEDOXOMILO + HIDROCLOROTIAZIDA,OLMESARTÁN - HIDROCLOROTIAZIDA CALOX
LOSARTÁN POTÁSICO + HIDROCLOROTIAZIDA,LOSACOR D
OLANZAPINA,OLANZAPINA LAM ® 5 mg
OLANZAPINA,OLAXIL® 5
VER AL DORSO,SPASMOSÁN
VER AL DORSO,ALISTEN 100
VER AL DORSO,DOLO-NEUROLAM® XR
ETORICOXIB,ETORICOXIB LAM 120 mg
IRBESARTAN / HIDROCLOROTIAZIDA,APROBRIT HCT
CLOTIAZEPAM,CLOTIUM CD
PARACETAMOL,PARACONICA
MINOXIDIL,REGAXIDIL
IBUPROFENO,IBUPROFENO
LINCOMICINA CLORHIDRATO EQUIVALENTE A LINCOMICINA BASE,LINCOMICINA ALFA 300 / 1 mL
CLONIXINATO DE LISINA + CICLOBENZAPRINA CLORHIDRATO,DORIXINA RELAX
ACIDO ASCORBICO,ACIDO  ASCORBICO 
IRBESARTAN/ AMLODIPINA,IRBECOR A 300/7.5
VER AL DORSO,LESKERA 5
LEVOCETIRIZINA DIHIDROCLORIDRATO,LESKERA 5
PICOSULFATO DE SODIO,VACOA
OLMESARTÁN MEDOXOMILO / HIDROCLOROTIAZIDA,OLMESAR H 40+25
LEVETIRACETAM,LEPCETAM®
KETOCONAZOL + PIROCTONA OLAMINA,KETOPIROVIC 
TRIHIDRATO DE AMPICILINA BP EQ A AMPICILINA,AMPICILINA 1000 MG
HIDROCORTISONA BASE,HIDROCORTISONA GV
DIVALPROATO DE SODIO,VALPROLAM
QUETIAPINA FUMARATO,QUETIAPINA MAMEY® 200 mg
QUETIAPINA FUMARATO,QUETIAPINA MAMEY® 200 MG 
CARBOPLATINO,CARBOPLATINO KEMEX
PREDNISOLONA,PREDNISOLONA SUED 50 mg
MAGALDRATO / SIMETICONA,GACIMEX
VER AL DORSO,LEVOFLOXACINA 
CLONIXINATO DE LISINA + ERGOTAMINA TARTRATO,MIGRA-­DORIXINA
IRBESARTÁN / AMLODIPINA BESILATO / HIDROCLOROTIAZIDA,APROBRIT MAX   
BROMURO DE OTILONIO,ELEKTIOL
ACIDO FOLICO,SAMIN 5 MG
AZACITIDINA,AZACITIDINA KEMEX
CLINDAMICINA FOSFATO EQUIVALENTE A CLINDAMICINA,VAGIBIOTIC 
VER AL DORSO,TETRAXIM
MULTICOMPOSICION,TETRAXIM
VER AL DORSO,TETRAXIM
VER AL DORSO,TETRAXIM
VER AL DORSO,TETRAXIM
VER AL DORSO,TRIVERAM
HIDROCORTISONA BASE,HIDROCORTISONA GV
TINIDAZOL,TINIDAZOL  1 g
TINIDAZOL,TINIDAZOL 1 g
LINCOMICINA HCL,LINCOMICINA 500 mg
ESCITALOPRAM OXALATO,EDUCIL 20
ESCITALOPRAM OXALATO,EDUCIL® 20
ALBENDAZOL,DEFENDEK 200
CANDESARTÁN CILEXETIL Y AMLOPIDINO BESILATO,MINART® AM
DEXKETOPROFENO TROMETAMOL,TAZAROL RAPID
MEZCLA DE MEROPENEM TRIHIDRATO Y CARBONATO DE SODIO,MEROPENEM 500 MG
LOSARTÁN POTÁSICO + HIDROCLOROTIAZIDA, ADVITRAN HCT 100-25
DONEPEZILO CLORHIDRATO,EVOCAZ CD
DONEPEZILO CLORHIDRATO,EVOCAZ CD
QUETIAPINA FUMARATO,QUETIAPINA MAMEY 100 mg
QUETIAPINA FUMARATO,QUETIAPINA MAMEY® 100 MG 
METOPROLOL TARTRATO,METOPROLOL MAMEY® 50 MG
DEXKETOPROFENO,DEXKEVITAE
QUETIAPINA FUMARATO,QUETIAPINA MAMEY 25 mg
QUETIAPINA FUMARATO,QUETIAPINA MAMEY 25 MG
VER AL DORSO,PENTAXIM
VER AL DORSO,PENTAXIM
VER AL DORSO,PENTAXIM
TRIMETOPRIM / SULFAMETOXAZOL,CO-TRIMOXAZOL 
QUETIAPINA FUMARATO,QUETIAPINA LAM 200mg
QUETIAPINA FUMARATO,QUETIARA® 200
ETORICOXIB,DOLOCOXIB 90
MONTELUKAST SODICO,MONTELUKAST MAMEY 10 mg
VER AL DORSO,ALENDRONATO  ALFA 70 MG
QUETIAPINA FUMARATO,QUETIAPINA LAM® 100 MG 
QUETIAPINA FUMARATO,QUETIARA® 100 
GUAIFENESINA,ZORRITONE 
MONTELUKAST SODICO,MONTELUKAST LAM® 10 MG
SOLUCION DE MOLIBDATO SODICO (99MO),TEKCIS 
LACOSAMIDA,LACOSAN® 200
LEVOFLOXACINO HEMIHIDRATO,TARGEFLOX
VER AL DORSO,LODONAL
RANOLAZINA,ANOLAZ
DROSPIRENONA / ETINILESTRADIOL,DAMSELLA
MACROGOL 3350 POLIETILENGLICOL 3350,SULAX
VER AL DORSO,SUN PROART 
QUETIAPINA FUMARATO,QUETIAPINA LAM® 25 MG
QUETIAPINA FUMARATO,QUETIARA® 25
VER AL DORSO,LINCOMICINA ALFA 600 MG / 2 ML
CELECOXIB,RB-3
CIPROFLOXACINA HCL,CIPROXACIN® 500  
MECOBALAMINA,BECOTAMIN 500 mcg / mL
CLINDAMICINA FOSFATO EQUI. A CLINDAMICINA + KETOCONAZOL,KLIARA CPHARM
QUETIAPINA FUMARATO,QUETIARA® 300 
DICLOFENAC SODICO,DICLOPLEX
ACICLOVIR,ACICLOVIR
OLANZAPINA, PLENPINA 10
AMIODARONA CLORHIDRATO,AMIODARONA 200 
ALBENDAZOL / QUINFAMIDA,QUINFAZOL PLUS
HALOPERIDOL BASE,HALOPERIDOL ALFA 
HALOPERIDOL BASE,MITONAL
MEROPENEM TRIHIDRATADO,MEROPENEM 
VER AL DORSO,CARDITRAN - A 150-5
ATORVASTATINA CALCICA,ATORVASTATINA CALOX
FLUTICASONA FUROATO,FLOSALE
FLUTICASONA FUROATO,FLOSALE 
VER AL DORSO,CHELTIN FOLIC
DICLOFENAC POTASICO,DICLOFENAC 100
AMITRIPTILINA CLORHIDRATO,BARRE PM
NITROFURANTOINA, NITROFURANTOINA 100MG
MONTELUKAST SODICO, ASMABRIT
DICLOFENAC POTASICO,DICLOFENAC 50
RISPERIDONA,TRANQUINIL - MECD 0.5
METFORMINA CLORHIDRATO + GLIMEPIRIDA,DIAPRIDE FORTE 850 / 4
IBUPROFEN,IBUPROFEN 600 MG
VACUNA DE LA HEPATITIS A (INACTIVADO ABSORBIDA),AVAXIM 80 U PEDIATRICO
VACUNA DE LA HEPATITIS A (INACTIVADO ABSORBIDA),AVAXIM 80 U PEDIATRICO
VER AL DORSO,VAPO - DOL D
DONEPEZILO HCL,EVOCAZ CD
DONEPEZILO CLORHIDRATO,EVOCAZ CD
PROPINOX CLORHIDRATO,SENTROL SIMPLE
CLORHIDRATO DE CIPROFLOXACINA,CIPROFLOXACINA 500 MG
VER AL DORSO,VAXEMES
METILCOBALAMINA,MECOBALAMINA
GONADOTROPINA CORIÓNICA HUMANA,CORGON HP 5000
VER AL DORSO,TINIDAZOL
HIDROCLORURO DE GRANISETRON,GRANICIP
VER AL DORSO,GRANICIP
CLINDAMICINA + KETOCONAZOL,PROCLIN K 
PREGABALINA,PREGABALINA
DIVALPROATO DE SODIO,VALPROLAM 500
ACETAMINOFEN USP,ACETAMINOFEN 
DICLOFENAC SÓDICO,DICLOFENAC MALLÉN
AMLODIPINA BESILATO EQUIVALENTE AMLODIPINA BASE,AMLOCARDI 10 mg
MULTICOMPOSICION,TESTOSTERONA 250MG/ML. INDUFAR 
GONADOTROFINA CORIÓNICA HUMANA,CORGON HP 10000
LORATADINA,LORATADINA 10 mg
FEXOFENADINA CLORHIDRATO,ALEXIA
ENALAPRIL MALEATO,ENALAPRIL 10 MG
MELOXICAM,MICSA 15 MG
VER AL DORSO,GEMCITABINA
VER AL DORSO,VITAMINA C
NIFEDIPINA,NIFEDIPINA 10 mg
IBUPROFEN,IBUPROFEN 600 MG
CISATRACURIO,RECIREN
CETIRIZINA CLORHIDRATO,CETIRIZINA
HIDROCORTISONA,HIDROCORTISONA
CLOTRIMAZOL,CLOTRIMAZOL 
PIROXICAM,PIROXICAM 20 MG
CONCENTRADO BACTERIANO INACTIVO,BACTEK- R
CLORHIDRATO DE CLENBUTEROL,ALPHA PHARMA ASTRALEAN 
SOLUCION DE GLUCONATO DE CLORHEXIDINA AL 20%,INNO-BACT
VER AL DORSO,DIPROPIONATO DE BECLOMETASONA (VER AL DORSO)
TADALAFIL,TADALAFIL 20 mg
LEVETIRACETAM,DERINOE 1000
ETORICOXIB,DOLOCOXIB® 60
LACOSAMIDA,LACOSAN® 100
AZITROMICINA DIHIDRATO,AZITROMICINA
AMIODARONA CLORHIDRATO,CORONAL
VER AL DORSO,NANVIT E
AMBROXOL DCI,AMBROXOL 15MG/5ML
LORAZEPAM,LORAZEPAM
HIALURONATO SODICO,OFTAFILM SP
HIALURONATO SÓDICO,OFTAFILM SP
PREGABALINA,PREGABALINA
METFORMINA HCL / VILDAGLIPTINA,GLIPOX MET 1000/50
METFORMINA HCL/ VILDAGLIPTINA,GLIPOX MET 1000/50
CIPROFLOXACINA CLORHIDRATO EQUIVALENTE A CIPROFLOXACINA,CIPROFLOXACINA
ETORICOXIB,ETORICOXIB MAMEY  60 mg
LEVOFLOXACINA HEMIHIDRATO,LEVOFLOXACINA LAM® 500 MG
VER AL DORSO,DOLOARTRISAR
GLIMEPIRIDA,DIABEBLOX
GLIMEPIRIDA,DIABEBLOX
ORLISTAT,THERMOSLIM
AMOXICILINA TRIHIDRATO + ACIDO CLAVULANICO,BOSNIA FORTE
KETOCONAZOL,KETOCONAZOL 200 MG
ACETAMINOFÉN,ULTRAMOL
LEVOFLOXACINA COMO HEMIHIDRATO,LEVOFLOX
BISOPROLOL FUMARATO,PRESOLOL 2.5
BISOPROLOL FUMARATO,PRESOLOL 2.5
METOPROLOL TARTRATO,METOPRES® 50
BUPIVACAINA CLORHIDRATO ANHIDRA,BUPIVACAINA CLORHIDRATO EN INYECCION DE DEXTROSA
LEVOFLOXACINA HEMIHIDRATO,LEVOFLOXACINA MAMEY® 500 mg
AMOXICILINA,AMOLIX
LEVOFLOXACINA HEMIHIDRATO,LEVOFLOXACINA MAMEY  750 mg
OLANZAPINA,OLANZAPINA MAMEY® 10 mg
OLANZAPINA,OLANZAPINA MAMEY® 10 MG 
OLANZAPINA,OLANZAPINA MAMEY® 10 MG
RISPERIDONA,TRANQUINIL – MECD 1 
PREGABALINA,PREGABALINA 150MG
LEVETIRACETAM,CEUMID 500
VILDAGLIPTINA + METFORMINA,VILTREVAN M  50/850
AMBROXOL HCL,AMBROXOL LAM® 
MULTICOMPOSICION,MICOZOLE
DEXKETOPROFENO TROMETAMOL,ENANTYUM 25 mg
TINIDAZOL,TINIDAZOL
LEVETIRACETAM,DERINOE 500
VILDAGLIPTINA + METFORMINA,VILTREVAN M  50/1000
VANCOMICINA CLORHIDRATO,VANCOQURE 1g
VANCOMICINA CLORHIDRATO,VANCOQURE 1G
VANCOMICINA CLORHIDRATO EQUIVALENTE A VANCOMICINA,VANCOQURE 1 G
ESOMEPRAZOL TRIHIDRATO MAGNESIO,ESOPUM 40 MG 
AMPICILINA TRIHIDRATO EQUIVALENTE A AMPICILINA,AMPICILINA
PARACETAMOL,PARACETAMOL
TAPENTADOL CLORHIDRATO,TAPFREE 100
IBANDRONATO SODICO MONOHIDRATADO,IBANDRONATO LAM® 150 MG
VER AL DORSO,PALEXIS
VER AL DORSO,PALEXIS RETARD
CLORHIDRATO DE TAPENTADOL,PALEXIS RETARD
CLORHIDRATO DE TAPENTADOL 100MG,PALEXIS RETARD
CLORHIDRATO DE TAPENTADOL,PALEXIS RETARD
PROPIANATO DE TESTOSTERONA,PROPIANATO DE TESTOTERONA 
ROSUVASTATINA CALCICA,ROSUVASTATINA
DICLORHIDRATO DE LEVOCETIRIZINA,MINADYN
DIFENHIDRAMINA HIDROCLORURO,DORMIMAX
GLICOPIROLATO,PIROGLICOL
ACETAMINOFEN DC-90 (EQUIVALENTE A ACETAMINOFEN) + CAFEINA,DISPAMOL IQI ULTRA
PREGABALINA,PREGABALINA 150 
AMOXICILINA,AMOXICILINA
AMLODIPINA,AMLODIPINA 5 mg
POLICRESULENO,CERVIXEPT
ENALAPRIL MALEATO + HIDROCLOROTIAZIDA,ENALAPRIL + HIDROCLOROTIAZIDA MAMEY®  20/12.5 
SIMVASTATINA,SIMVASTATINA MAMEY® 40 MG
METRONIDAZOL,METRONIDAZOL 500 mg
CLOTRIMAZOL,GUTIS CANDISTAT
CLOTRIMAZOL,GUTIS CANDISTA
ENALAPRIL MALEATO + HIDROCLOROTIAZIDA,CARDIOPRES® H 20/12.5 
VER AL DORSO,ALDUZOL COMPUESTO
VER AL DORSO,ALDUZOL COMPUESTO
ROSUVASTATINA CALCICA,ROSUVASTATINA CALCICA
GLIMEPIRIDA + METFORMINA HCL,GLUCOLESS® 2/500
CEFAZOLINA SODICA,CEFAZOLINA
VER AL DORSO,HIDROCORTISONA (LINEA INTRALAB)
DIOSMINA+ HESPERIDINA,VEDIPAL
CEFTRIAXONA SODICA,SUICEF
POLICRESULENO,CERVIXEPT
VER AL DORSO,PEXOLE 0.50 MG 
VER AL DORSO,PEXOLE 0.25 MG 
IRBESARTÁN,IRBESARTÁN CALOX
IRBESARTÁN,IRBESARTÁN CALOX
IRBESARTÁN,IRBESARTÁN CALOX
HALOPERIDOL,RESPITAMOL
PIRACETAM,NOOTROX®
VER AL DORSO,LAPRICEF
CITRATO DE SILDENAFIL,SILDENAFIL 100 mg
LACTASA,NUTIRA
BUDESONIDA MICRONIZADA,BUDESONEB
DEXKETOPROFENO TROMETAMOL,PRION GEL
LACOSAMIDA,LACOSAMIDA
LACOSAMIDA,LUCOSAMIN
VER AL DORSO,PATROX ALFA
FLUTICASONA PROPINATO + OXIMETAZOLINA CLORHIDRATO,RESPILANEX PLUS
NAPROXENO SODICO,SANAXEN
SIMVASTATINA,SIMVASTATINA MAMEY® 20 MG
DEXKETOPROFENO TROMETAMOL,DEXKETOPROFENO TROMETAMOL
VER AL DORSO,ALFA-FLOXAL 500 
VER AL DORSO,GLUCOSAMINA SULFATO 1500 mg + MELOXICAM 15 mg 
VER AL DORSO,GLUCOSAMINA SULFATO 1500MG + MELOXICAM 15MG
KETOCONAZOL + CLINDAMICINA FOSFATO,KETOCLIN
TADALAFIL,TADALAFIL 5 mg 
MULTICOMPOSICION,PROSTA-NAT
MULTICOMPOSICION,PROSTA-NAT
CIPROFLOXACINA,CIPRO XR
VER AL DORSO,CORPAN
CEFTRIAXONA,TRIACEF
LEVOTIROXINA SODICA,ATIROX ® 25 
SIMETICONA EMULSION 30% (EQUIVALENTE SIMETICONA),SIMETICONA SUED
ATORVASTATINA + EZETIMIBA,ATORVASTATINA + EZETIMIBA
VER AL DORSO,AMOXICILINA /CLAVULANATO DE POTASIO
LEVOCARNITINA,CARNISIN
LEVOCARNITINA,CARNISIN
DROSPIRENONA + ETINILESTRADIOL,DICEA 28
FUMARATO FERROSO + ACIDO FOLICO,AIRON FA
PROGESTERONA,PROGESTERONA - ALFA
SILDENAFIL CITRATO,VERIUX JET
TIOCOLCHICOSIDO,CONRELAX FUERTE
TIOCOLCHICOSIDO,CONRELAX FUERTE
METRONIDAZOL,METRONIDAZOL
PIMECROLIMUS,ELIDEL®
PIMECROLIMUS,ELIDEL
DICLOFENACO SODICO,VOLTAREN 50
VILDAGLIPTINA / METFORMINA HCL,VILDAGLUX - M 50 / 850
ALBENDAZOL,ALBENDAZOL 400 MG
QUETIAPINA FUMARATO,ETIAPIL 100
QUETIAPINA FUMARATO,ETIAPIL 300
ACIDO ACETIL SALICILICO,CORASPIR 81
CARBOPLATINO,CARBOPLATINO KEMEX
GLIMEPIRIDA + METFORMINA,EUROGLIMEP-M
CETIRIZINA DICLORHIDRATO,TALERDIN
KETOCONAZOL + CLINDAMICINA FOSFATO,KETOBRIT DUO
UBIDECARENONA,NEUQUINON 
MULTICOMPOSICION,INFANRIX HEXA
MULTICOMPOSICIÓN,INFANRIX HEXA
ÓXIDO DE MAGNESIO,MAGNESIA ROLDÁN
METOTREXATO,METOTREXATO KEMEX
PANTOPRAZOL SODICO,SALOL 40 mg
SILDENAFIL CITRATO,SILZOOM 50
LINAGLIPTINA,LINATAB
ACETAMINOFEN,DISPAMOL IQI
ALPRAZOLAM,MEPRAX  2
RESORCINA,RESORCINA GV
BISOPROLOL FUMARATO,SOPROL 2.5
BISOPROLOL FUMARATO,SOPROL 2.5
TETRACICLINA CLORHIDRATO,TETRACICLINA 
MENTOL CRISTAL,VAPO-DOL ICE
CIPROFLOXACINO,VOFLACIN 500
VER AL DORSO,VAGIBIOTIC PLUS
CELECOXIB,ARTROX 400
METFORMINA CLORHIDRATO,DIAFORMINA LP 500
DIOSMINA + HESPERIDINA,VENATOR® 
SULFATO FERROSO,SULFATO FERROSO 300 MG
VER AL DORSO,CIRIAX 500
VER AL DORSO,DEXKETOPROFENO ALFA 50mg / 2 mL
CLINDAMICINA + CLOTRIMAZOL,PROCLIN C 
VER AL DORSO,CARDIALEC A - 10
DIMENHIDRINATO,DIMENHIDRINATO ALFA 50 MG / ML
VER AL DORSO,OTOCOM
PREGABALINA,PREGOLAN-BRIT 
ESOMEPRAZOL MAGNESIO,WAXTO
TOBRAMICINA MICRONIZADA + DEXAMETASONA,TOBRADEX
VER AL DORSO,TOBRADEX
ESCITALOPRAM,ESCIDALT
AMIODARONA HCL,CARDIOGESIC® 
QUETIAPINA (COMO FUMARATO),EDAGAN 200
CEFTRIAXONA SODICA,CEFTRIAXONA SODICA
METRONIDAZOL,METRONIDAZOL 500 MG
ACETAMINOFEN,ACETAMINOFEN 500 MG
MULTICOMPOSICION,MEGANIL LABOCONT
GLIMEPIRIDA + METFORMINA HCL,GLUCOX® 2G/500
GLIMEPIRIDA + METFORMINA HCL,GLUCOX® 4G/1000
OLMESARTÁN MEDOXOMILO / HIDROCLOROTIAZIDA,OLMESAR H 40+12.5
MALEATO DE TRIMEBUTINA & SIMETICONA,GASTOP PLUS 
VER AL DORSO,VALODIPIN PLUS D 320/10/25
ACETAMINOFEN,FENOMISUR
METOCLOPRAMIDA,METOCLOPRAMIDA
TRIMETOPRIM + SULFAMETOXAZOL,TROPRISUR
METFORMINA HCL,NOGLICEN-500
METFORMINA HCL,NOGLICEN-500
VER AL DORSO,DESGRATIN 10/10
VER AL DORSO,HAPLAKIM
ÁCIDO BÓRICO USP,ÁCIDO BÓRICO ROLDÁN
DICLOFENAC ACIDO LIBRE,CATAFLAM DISPERSABLE
BORTEZOMIB,BORTEZOMIB KEMEX
VITAMINA C,POP-C
VITAMINA C,POP- C
VITAMINA C,POP-C
VITAMINA C,POP-C
VITAMINA E ACETATO (DL ALFA TOCOFEROL ACETATO),VITAMINA E
LEVETIRACETAM,LEKEPTAM 1000 
CLORURO DE SODIO,NOZOLIN-S
AZITROMICINA,BINOZYT
AZITROMICINA,DARINOVA
ETORICOXIB,DOLOCOXIB® 120
METFORMINA HCL,METFORMINA LAM®  750 XR
LORATADINA,SENSIBIT® 
MULTICOMPOSICION,SANITOSS ALERT
OLANZAPINA,OLAXIL® 10
OLANZAPINA,OLAXIL® 10 
CLOTRIMAZOL,CINABEL
IBANDRONATO SODICO MONOHIDRATADO,IBANDRONATO MAMEY 150 mg
METFORMINA HCL,METFORMINA MAMEY 750 XR
TRIHIDRATO DE AMOXICILINA BP,AMOXICILINA 1000MG
VER AL DORSO,COMPENSIAL
VER AL DORSO,ACIMOX C
VER AL DORSO,ACIMOX C
GLIMEPIRIDA,GLIPIXOR - 2 
AMLODIPINA BESILATO,AMLODIPINA BESILATO 
ACIDO FOLICO,SURCILINA
LACOSAMIDA,LACOSAMIDA
LACOSAMIDA,LUCOSAMIN
CLORURO DE SODIO USP,MUCOSALIN
METFORMINA CLORHIDRATO,DIAFORMINA LP 750
ATENOLOL + NITRENDIPINA + CLORTALIDONA,Clortenolol -N
BROMURO DE PIRIDOSTIGMINA,MESTINON
IBANDRONATO SODICO MONOHIDRATADO,BIFOSFAN® 150
CLORHIDRATO DE VANCOMICINA EQUIVALENTE A VANCOMICINA,VANCOMICINA HCL
KETOROLACO TROMETAMINA,DOLKETOL 60 MG/ 2 ML
DICLOFENACO,DICLOFENACO 1 %
LEVOFLOXACINA,LEVOFLOXACINA HEMIHIDRATO
LEVOFLOXACINA HEMIHIDRATO,VIDAZOREL
CLORHIDRATO DE TERBINAFINA EQUIVALENTE A TERBINAFINA,MYCELVAN
LACOSAMIDA,LACOSAMIDA
LACOSAMIDA,LUCOSAMIN
AMBROXOL CLORHIDRATO + CLENBUTEROL CLORHIDRATO,PROMIXOL R 
MEMANTINA HIDROCLORURO,MEMANKERN 10 MG
CLOTRIMAZOLE 500 MG,CLOTRIMAZOLE 
MEMANTINA HIDROCLORURO,MEMANKERN 20MG 
KETOROLACO TROMETAMINA,KETOROLACO
TADALAFILO,TADALAFIL 
VANCOMICINA,VANCOMED 1
LOSARTÁN POTÁSICO,LOSACOR 
VER AL DORSO,RESFRIDOL MAX
ACETAMINOFEN,KENALFEN® 
VARIGESTROL ACETATO,VARIGESTROL 160MG
VER AL DORSO,ESOMEPRAZOL
ESCITALOPRAM,ESCIDALT 
HIDROCORTISONA,HIDROCORTISONA
GEL DE HIDROXIDO DE BISMUTO - PECTINA,BISMUCOLHUS CHOBET 
NEBIVOLOL CLORHIDRATO,NEBIVITAE
CAPTOPRIL,CAPTOPRIL NORMON 50 mg
DOCETAXEL,DOCETAXEL KEMEX
CARBAMAZEPINA.,CARBAMAZEPINA.
VINCRISTINA,VINCRISTINA KEMEX
ROSUVASTATINA CALCICA,ROVASCOL 40
VILDAGLIPTINA - METFORMINA HCL,VILDAGLUX - M 50/500
CEFUROXIMA AXETIL,CEFUROMAC 
CINITAPRIDA (COMO TARTRATO ÁCIDO),ENDIAL
VER AL DORSO,VACUNA HEPATITIS B ( R DNA) (PEDIATRICA)
AMLODIPINA,AMLODIPINA 10 mg
CLORHIDRATO DE METOCLOPRAMIDA USP,METOCLOPRAMIDA
DICLOFENAC SODICO,DICLOFENAC
MULTICOMPOSICION,"NEUROALFA 25,000"
SULFATIAZOL,SULFATIAZOL 500 mg
CLINDAMICINA FOSFATO,CLINDAVIC
MEMANTINE CLORHIDRATO,NEUROPLUS XR 28
CLOTRIMAZOL,VAGIFLOR
CLOTRIMAZOL,VAGIFLOR
VER AL DORSO,VAGIBIOTIC PLUS
VER AL DORSO,VAGIBIOTIC PLUS
ACETAMINOFEN,PIRALMIN
CARVEDILOL,FIBRILAN -12.5
ESCITALOPRAM COMO ESCITALOPRAM OXALATO,ACROPRAM 20 MG
SUBSALICILATO DE BISMUTO,BISMUTAL FORTE
METFORMINA CLORHIDRATO,MEFORMAX 850 XR
METFORMINA CLORHIDRATO,MEFORMAX 750 XR
METFORMINA CLORHIDRATO,MEFORMAX 500 XR
METFORMINA CLORHIDRATO,MEFORMAX 1000 XR
ESCITALOPRAM COMO ESCITALOPRAM OXALATO,ACROPRAM 10 MG
CARVEDILOL,OROFLAM-25
AMBROXOL CLORHIDRATO,VICROXOL GV
SILDENAFIL CITRATO,VERIUX JET
CIPROFLOXACINA.,CIPROFLOXACINA
CLONIXINATO DE LISINA,MUSIDINA® 200
DICLOFENAC SODICO,SAGLI 50 mg
ACETAMINOFEN,ACETAMINOFEN LAM® 125 MG
IBUPROFENO,IBUWIN FORTE 
OXALIPLATINO,OXALIPLATINO KEMEX
VER AL DORSO,MECD VITAMIN E
TADALAFIL BP (20 MG),TADALAFIL 20 MG TABLETS
KETOROLACO TROMETAMINA,KETOIN 
OXALIPLATINO,OXALIPLATINO KEMEX
MELOXICAM,MELOXICAM  TABLETS BP 15 MG
HIERRO EN FORMA DE CARBOXIMALTOSA DE HIERRO,FERINJECT
VITAMINA D3,DETRES GADOR
CIRPOFLOXACINA CLORHIDRATO,CIPROLONA
CIPROFLOXACINA CLORHIDRATO,CIRPOLONA 
"6-MERCAPTOPURINA",VARIMER 
Cefalexina BP Eq.a Cefalexina Anhidro,CEFALEXINA 500 mg
AMOXICILINA TRIHIDRATADA BP EQUIVALENTE A AMOXICILINA,AMOXICILINA 500 MG
VER AL DORSO,BRIMOGOT-ULTRA
CLORHIDRATO DE AMBROXOL + AMOXICILINA TRIHIDRATO,LABROFLOX PLUS
"CLORHIDRATO DE AMBROXOL, AMOXICILINA TRIHIDRATO",LABROFLOX  PLUS
PARACETAMOL + DICLOFENAC SODICO,SATRO PLUS
ROSUVASTATINA CALCIO BP EQUIVALENTE A ROSUVASTATINA,ROSUVASTATINA 10 MG
VER AL DORSO,AZITROMICINA
CAPECITABINA,RELICITABINE 500
MULTICOMPOSICION,FERREMIX PLUS
PROGESTERONA MICRONIZADA,GESTAGENO
PROGESTERONA MICRONIZADA,GESTAGENO
VER AL DORSO,CIPROFLOXACINA 500 MG
VER AL DORSO,AMBROXOL 7.5 mg / CLENBUTEROL 0.005 mg ALFA
PIRACETAM,NOOBREX AL 20%
LEVOTIROXINA SODICA,ATIROX® 150
RIFAXIMINA,FARINIL 550
RIFAXIMINA,FARINIL 550
AMOXICILINA + ACIDO CLAVULANICO,AMOXICILINA + ACIDO CLAVULANICO 
FOSFOMICINA CALCICA MONOHIDRATADA,FOSFOMICINA LAM® 500 MG
GENTAMICINA SULFATO,GENTA GOBENS 40 mg/mL (CONT. AL DORSO)
TOPIRAMATO,TOPIVITAE
MOXIFLOXACINA CLORHIDRATO,MOZER
MOXIFLOXACINA CLORHIDRATO,MOZER
TOPIRAMATO,TOPIVITAE
AMLODIPINA BESILATO + LISINOPRIL DIHIDRATO,AMLOBRIT DUO
PIRACETAM,NOOBREX 1200 mg
AMBROXOL CLORHIDRATO,ALI-COLD S 
LEVOTIROXINA SODICA,ATIROX 50
ACETAMINOFEN,PIRALMIN-N
FENTERMINA CLORHIDRATO,OBEXOL
QUETIAPINA,QUIAPIN
QUETIAPINA,QUIAPIN
PIOGLITAZONA CLORHIDRATO,PIONORM-30
MULTICOMPOSICION,COLDIVIN
VER AL DORSO,REBRAIN
LOSARTAN POTASICO +HIDROCLOROTIAZIDA,PRESIDOL-HCT 100/25
VER AL DORSO,FANAXIL® 50
QUETIAPINA,QUIAPIN
ACETAMINOFEN,TEMPERALITO®
ALCOHOL ISOPROPILICO,ROLDAN ALCOHOL ISOPROPILICO 70° V/V
SACAROSA HIERRO,BIO-IRON
VILAZODONA CLORHIDRATO,VESSONE 40
MALEATO DE CLORFENIRAMINA,HISTAPRIN
LOSARTÁN POTÁSICO + HIDROCLOROTIAZIDA,LOSACOR D
BISOPROLOL FUMARATO,BISOPROLOL ALFA 10 mg
VER AL DORSO,ANTOVIR
VALSARTAN,VALSARTAN ALFA 160mg
CALAMINA BP + OXIDO DE ZINC BP,CALAMINA  / OXIDO DE ZINC 
LEVOCETIRIZINA DICLORHIDRATO,LESKERA
MULTICOMPOSICION,SUDAGRIP GRIPE Y TOS
KETOROLACO TROMETAMINA,DOLTEN 20
VER AL DORSO,IBERTAN ULTRA 150/5/12.5
HIDROCLOROTIAZIDA,HIDROCLOROTIAZIDA
LOSARTAN POTASICO + HIDROCLOROTIAZIDA,LOSARTAN 50 mg + HIDROCLOROTIAZIDA 12.5 MG ALFA
CANDESARTÁN CILEXETIL Y AMLOPIDINO BESILATO,MINART® AM
FOSFOMICINA CALCICA MONOHIDRATADA,FOSFOMICINA MAMEY  500 mg
FOSFOMICINA CALCICA MONOHIDRATADA,FOSFOMICINA MAMEY® 500 MG
VALSARTAN,VALSARTAN ALFA 80 mg
VALSARTAN,VALSARTAN ALFA 320mg
VER AL DORSO,VIDACTIF-M
CARVEDILOL,CARVEDILOL
CARVEDILOL,VIXPRO
ACIDO FOLICO,ACIDO FOLICO ALFA 5 mg
CANDESARTAN CILEXETIL + HIDROCLOROTIAZIDA,CANDEBRIT HCT
CANDESARTAN CILEXETIL + HIDROCLOROTIAZIDA,CANDEBRIT HCT
AMLODIPINA BESILATO + LISINOPRIL DIHIDRATO,AMLOBRIT DUO 
PREDNISOLONA FOSFATO SODICO,LAMGINA  
ETORICOXIB,CINIMAS 120
CALCITRIOL,CALTROM
PERMETRINA,PERMETRINA LOCION JUPIN
AMBROXOL,AMBROXOL JARABE CLASC SAMED
PERMETRINA,PERMETRINA LOCION CLASC SAMED
TEOFILINA,TEOFILINA JARABE SAMED
FUMARATO DIHIDRATADO DE FORMOTEROL,FENOROL 12 mcg
VILAZODONA CLORHIDRATO,VESSONE  20  
AMPICILINA TRIHIDRATO,AMPICILINA
DICLOXACILINA SÓDICA,BECLODIL
VER AL DORSO,MASON NATURAL VITAMIN C (VER AL DORSO)
DEXKETOPROFENO TROMETAMOL,DEXKETOPROFENO 
CITRATO DE SILDENAFIL,EL TRUQUITO 
AMLODIPINA BESILATO + LISINOPRIL DIHIDRATO,AMLOBRIT DUO 
ACETAMINOFEN,ACETAMINOFEN PEDIATRICO SAMED SABOR FRESA
MEROPENEM,MEROPENEM
PARACETAMOL ( ACETAMINOFEN),PARACETAMOL ALFA 750 MG 
VER AL DORSO,PARACETAMOL ALFA 750 MG 
LEVOTIROXINA SODICA,ATIROX® 125
ROSUVASTATINA,LESTEROL
ROSUVASTATINA CALCICA,LESTEROL
SECNIDAZOL + KETOCONAZOL,SECDAZOL PLUS
MONTELUKAST SODICO,MONTELUKAST 5 MG 
ACETAMINOFEN,ACETAMINOFEN PEDIATRICO JUPIN SABOR FRESA
VER AL DORSO,ESOPRASEC® FAST 40
LEVOTIROXINA SÓDICA,ATIROX® 100 
VER AL DORSO,FIXEM PLUS
LEUCOVORINA CALCICA USP EQ. A LEUCOVORINA,LEUCOVORINA
FENTERMINA CLORHIDRATO,OBEXOL
VER AL DORSO,CIPROSAY
GLIMEPIRIDA + METFORMINA HCL,GLUCOLESS® 4/1000
GLIMEPIRIDA + METFORMINA HCL,GLUCOLESS® 4/1000
POLIESTER MUCOPOLISACARIDO DEL ACIDO SULFURICO,HIRUDOID
METFORMINA CLORHIDRATO/ GLIBENCLAMIDA,METFORMINA 1000mg + GLIBENCLAMIDA 5 mg ALFA
PIRACETAM,NOOBREX 800 MG
BISOPROLOL FUMARATO,BISOPROLOL ALFA 2.5mg
LURASIDONA CLORHIDRATO,IBANTI 40
ACETILCISTEINA,CYSTENIL
BISOPROLOL FUMARATO,BISOPROLOL  ALFA 5 mg
IRBESARTÁN,IRBEVITAE
IRBESARTÁN,IRBEVITAE
PREDNISOLONA,ANTOVIR
VER AL DORSO,A - RET HC
METFORMINA CLORHIDRATO/ GLIBENCLAMIDA,METFORMINA 850mg + GLIBENCLAMIDA 5 mg ALFA
AZITROMICINA DIHIDRATO,IMBYS
DICLOFENACO DIETILAMINA EQUIVALENTE DICLOFENACO SODICO,DICLOKERN 1%
KETOCONAZOL BP 400 MG,PROFAZOL K 
PACLITAXEL UNIDO A PROTEINAS DE ALBUMINA,ABRAXANE
PACLITAXEL UNIDO A PROTEINAS DE ALBUMINA,ABRAXANE
PACLITAXEL UNIDO A PROTEINAS DE ALBUMINA,ABRAXANE®
MEMANTINA HCL,PILSOL 10 mg
VER AL DORSO,LEVIQUE 
DOPAMINA HCL,DOPAMINA  ALFA 200 MG / 5 ML 
OMEPRAZOL,LANSA 20 mg
ETORICOXIB,ACADIA
AMLODIPINA BESILATO,LODIPRES® 2.5 
CLORFENIRAMINA MALEATO,CLORFENIRAMINA ALFA 4 MG
VER AL DORSO,LEVIQUE 500 MG CAPLETAS RECUBIERTAS
CLOTRIMAZOL,VAGINULTRA 200 MG OVULO VAGINAL
DEXTROSA AL 50%,DELMED DEXTROSA AL 50 %
ASPARTATO DE ARGININA,PLUSARGIN 
CEFTRIAXONA SÓDICA ESTÉRIL,CEFTRIAXONA MK®
PROPRANOLOL HCL,PROPRANOLOL
PROPRANOLOL HCL,POXIFAR
TEMOZOLAMIDA,TEMOZOLOMIDA 100
CLORHEXIDINA GLUCONATO,CLORHEXIDINA
VER AL DORSO,ATAMICINA 500 MG 
ESCITALOPRAM,ESCIDALT
QUETIAPINA,QUIAPIN
VITAMINA A + VITAMINA D,ADEMAX
VILAZODONA CLORHIDRATO,VESSONE  10
KETOROLACO TROMETAMINA,DOLTEN 30
VER AL DORSO,ANGELSI
LEVOTIROXINA SODICA,ATIROX® 75 
CELECOXIB,ARTROX 200
CLORHIDRATO DE PROPAFENONA,CLORHIDRATO DE PROPAFENONA
CLORHIDRATO DE PROPAFENONA,CLORHIDRATO DE PROPAFENONA
YODOPOVIDONA,BETA POVIDONA
CLOPIDOGREL BISULFATO,GREGREL
TEMOZOLAMIDA,TEMOZOLOMIDA 20
DESVENLAFAXINA FUMARATO MONOHIDRATO,SICLOT XR 100
DESVENLAFAXINA FUMARATO MONOHIDRATO,SICLOT XR 50
PREGABALINA,EMPERYCA 75 MG CAPLETAS RECUBIERTAS
CEFTRIAXONA SÓDICA ESTÉRIL,CEFTRIAXONA MK®
CLORHIDRATO DE VANCOMICINA,VANCOMICINA HCL PARA INYECCION
METFORMINA CLORHIDRATO,DIAFORMINA LP 1000
VER AL DORSO,LEVOFLOXACINA
VER AL DORSO,SUNLIN DÍA
ACETAMINOFEN /DEXTROMETORFANO HBR / FENILEFRINA HCL,SUNLIN DIA
MEMANTINE CLORHIDRATO,NEUROPLUS XR 14
VER AL DORSO,DEX-LITOS SABOR MANZANA
VER AL DORSO,DEX-LITOS SABOR MANZANA
MEMANTINA HCL,PILSOL 20 MG
ATENOLOL,OLONET
FORMOTEROL FUMARATO DIHIDRATO / BUDESONIDA,FORTEL B 4.5 / 160
DICLOFENAC ACIDO LIBRE,DELSA K 
NITAZOXANIDA,NEONITAX
METOTREXATO,METOTREXATO KEMEX
RAMIPRIL,RAMIPRIL SUED 10 mg
AMLODIPINA BESILATO BP EQUIVALENTE A AMLODIPINA,AMLODIPINA BESILATO 10 mg
TIOTROPIO,INHA-LUNG
MELATONINA,SOGNI
PREGABALINA,EMPERYCA  150
CARBOXIMETILCELULOSA SODICA,NASS
MECOBALAMINA,METHYCOBAL INYECCION 500 µG
SOLIFENACINA SUCCINATO,FACID- 5
VILDAGLIPTINA + METFORMINA HCI,VIDACTIF- M
OLANZAPINA,PLENPINA 5 
PITAVASTATINA,PRINZEN-2
PITAVASTATINA,PRINZEN-4
VER AL DORSO,MICLOSA
CLARITROMICINA USP,CLARITROMICINA
TELMISARTAN + HIDROCLOROTIAZIDA,TELYDALT PLUS 80MG /25MG
TELMISARTAN + HIDROCLOROTIAZIDA,TELYDALT PLUS 80MG /25MG
PITAVASTATINA,PRINZEN-1
PREGABALINA,KINEPTIA
LEVOTIROXINA SODICA,ATIROX® 175 
AZITROMICINA DIHIDRATO,ARIX 
DIMENHIDRINATO,GRAVOL 
CAPTOPRIL,CAPTOPRIL
HICROCLOROTIAZIDA,HICROCLOROTIAZIDA 50 MG
CITICOLINA - NIMODIPINA,VERTIFAR - N
TADALAFILO,LUDIKA
VER AL DORSO,TRIACEF
QUETIAPINA FUMARATO EQUIVALENTE A QUETIAPINA BASE.,NERVODEP 25 MG
CLORURO DE SUXAMETONIO,CLORURO DE SUXAMETONIO
CIPROFLOXACINA Y DEXAMETASONA,CIPLOXIN D
MELOXICAM,MELOXICAM
MELOXICAM,MECATEX
TRAMADOL CLORHIDRATO,TRAMAFAST
DEXKETOPROFENO TROMETAMOL,INNODESK
MULTICOMPOSICION,PERCODRYL-A
CARBONATO DE CALCIO,ALKA SELTZER FRUTABS
CARBONATO DE CALCIO,ALKA SELTZER FRUTABS
ATORVASTATINA CALCICA,ATORVASTATINA MAMEY 40MG
ATORVASTATINA CALCICA,ATORVASTATINA MAMEY® 40 MG 
CEFOTAXIMA SODICA,CEFOTAXIMA
CEFOTAXIMA SODICA,CEFOTAXIMA
MECLIZINA HCL,MECLIZINA MAMEY 25 mg
PREGABALINA,PREGASAFE 75
VER AL DORSO,DIA-MED PLUS
ACETAMINOFEN + CAFEINA,PERCODRYL ULTRA
IBUPROFEN,IBUPROFEN MAMEY 400 mg
ACETAMINOFEN,PERCODRYL 
QUETIAPINA FUMARATO EQUIVALENTE A QUETIAPINA BASE,NERVODEP 200 MG
IBUPROFEN,IBUPROFEN LAM® 400 mg
HIOSCINA BUTILBROMURO,HIOSCINA BUTILBROMURO 10 MG
CARBAMAZEPINA,CARBAMAZEPINA 200 MG
OLANZAPINA,UNILAPIN 10 MG
SIMVASTATINA,SIMVASTATINA LAM ® 20mg
MELFALAN,MELFALAN VARIFARMA
LIDOCAINA CLORHIDRATO CON EPINEFRINA,ODDONTOLIDO
QUETIAPINA FUMARATO EQUIVALENTE A QUETIAPINA BASE.,NERVODEP 
QUETIAPINA FUMARATO EQUIVALENTE A QUETIAPINA BASE.,NERVODEP 100 mg
VER AL DORSO,CIRBIA ER 500
ATENOLOL,ATENOLOL 100 MG
IRBESARTAN + HIDROCLOROTIAZIDA,APROBRIT HCT 
VER AL DORSO,DIVALS XR 250 
VER AL DORSO,DIVALS XR 500
CLORHIDRATO DE FLUOXETINA USP,FLUOXETINA 20 mg
CLOTRIMAZOL,CANDID 
CLOTRIMAZOL,PHARMIZOL 
HEDERA HELIX,HEDERA HELIX MAMEY
MULTICOMPOSICION, ASCORIL 
AMOXICILINA,AMOXICILINA 125 MG CLASC SAMED
CIPROFLOXACINA CLORHIDRATO MONOHIDRATO,CIPROFLOXACINA 500 MG
AMOXICILINA,AMOXICILINA 250 MG SAMED
VER AL DORSO,ALEGOT  1 MG
VER AL DORSO,AMBROXOL + AMOXICILINA CLASC SAMED
ALBENDAZOL + QUINFAMIDA,LUGADAZOL DUO 
CEFUROXIMA AXETILO AMORFA EQUIVALENTE A CEFUROXIMA,ALTACEF 500 MG
VER AL DORSO,CIRBIA ER 250
PERMETRINA,PIOJIN
MULTICOMPOSICION,VITA-MEGATHOM DIARIA
RH FACTOR DE COAGULACION VIII,NUWIQ
OLANZAPINA,UNILAPIN 5 MG
FLUCONAZOL,FLUCONAZOL 
DICLOFENAC SODICO,ALGITEX
DICLOFENAC SÓDICO,ALGITEX
TELMISARTAN + HIDROCLOROTIAZIDA,TELYDALT  PLUS 80 mg /12.5 mg
ESZOPICLONA,NEOGAIVAL 3
ESZOPICLONA,NEOGAIVAL 2
ESZOPICLONE,NEOGAIVAL 2
MULTICONCENTRACIÓN,PILEXIL LACER CÁPSULAS 
ENALAPRIL MALEATO,ENALAPRIL
ENALAPRIL MALEATO,ERUVIN
PREGABALINA,PREGAVEN 150
ATENOLOL,ATEFAR
ATENOLOL,ATEFAR
LOSARTÁN POTÁSICO,LOSACOR 100
VER AL DORSO,ESOPRASEC® FAST 20
DULOXETINA (COMO CLORHIDRATO),CLONIA 30
MECLIZINA HCI,MECLIZINA LAM® 12.5 mg
FOSFOMICINA CALCICA MONOHIDRATADA,FOSFOMICINA LAM®
LINEZOLID,LIZOLID
PREGABALINA,PREGASAFE 150
AMLODIPINA BESILATO,AMLODIPINA
AMLODIPINA BESILATO,PISTARME
LEVOSULPIRIDA,GASTROFOR
VER AL DORSO,DERMODIACINA
HIOSCINA BROMHIDRATO,HIOSCINA
LEVONORGESTREL,EMER-PILL
TINIDAZOL,TINIDAZOL
KETOCONAZOL + TINIDAZOL + CLINDAMICINA FOSFATO,KETOBRIT® TRIO  
DULOXETINA (COMO CLORHIDRATO),CLONIA 60
ATORVASTATINA CALCICA,ATORVASTATINA LAM® 40 MG
LEVOTIROXINA SODICA,ATIROX 200
METFORMINA + VILDAGLIPTINA,DIA-MED  PLUS
CALAMINA,CALAMINA 0.15%
OMEPRAZOL,OMEPRAZOL MAMEY® 20 MG
OMEPRAZOL,OMEPRAZOL MAMEY® 20 MG
ATORVASTATINA CALCICA,ORATOR® 40
VER AL DORSO,DIA-MED PLUS 1000 + 50 MG
VER AL DORSO,APCURIO
PREDNISOLONA,LONAPRED
VER AL DORSO,OMEPRAZOL 40 MG (LINEA INTRALAB)
ATORVASTATINA CALCICA,LESATOR® 40
CILOSTAZOL (MICROGRANULADO),CILOSTAL XR  
VER AL DORSO,PIONORM-15
CEFUROXIMA,ZINNAT 500MG
BUDESONIDA + FORMOTEROL FUMARATO,BUDEK PLUS
CLOBETASOL PROPIONATO,CLOBETAVIC
VER AL DORSO,CORABLOK-10
METISOPRINOL,ISOPRINOSINE 500 mg
BISOPROLOL FUMARATO,"CORENTEL 2,5"
AMOXICILINA,AMOXICILINA 250 MG CLASC SAMED
MULTICOMPOSICION,DIGESTOMEN COMPLEX
MULTICOMPOSICION,DIGESTOMEN COMPLEX
BIFONAZOL,CANESPOR UÑA FASE 2
VITAMINA K3 (MENADIONA SODIO BISULFITO),VITAMINA K 10 MG
LANSOPRAZOL,LANZOPRAL 30
LANZOPRAZOL,LANZOPRAL 30
VER AL DORSO,CIPROLENT URO
ETORICOXIB,ALGIOXIB 60 
ETORICOXIB,ALGIOXIB 60  
VER AL DORSO,CORABLOK  -ECA 5/10
VER AL DORSO,CORABLOK  -ECA 10/20
VALPROATO SODICO,VALPROATO SODICO
CLORMADINONA ACETATO / ETINILESTRADIOL,BRUNELLE
CLONIXINATO DE LISINA / PROPINOX CLORHIDRATO,SERTAL COMPUESTO 
LEVOFLOXACINA HEMIHIDRATO EQUIVALENTE A LEVOFLOXACINA,GLEVO 500
CIPROFLOXACINA CLORHIDRATO EQUIVALENTE A CIPROFLOXACINA,CIPROGLEN-GLENMARK
SALBUTAMOL,ASTHAXIN
DEXKETOPROFENO TROMETAMOL,DEXFEN
HIDROCORTISONA HEMISUCCINATO + CLORURO DE BENZALCONIO,AFTA JUVENTUS
BISOPROLOL HEMIFUMARATO + HIDROCLOROTIAZIDA,PRESPOL-HCT 5/6.25
IBUPROFEN,IBUPROFEN LAM 800 mg
ENALAPRIL MALEATO,CONTROLVAS 20
ACETAMINOFEN,ACETAMINOFEN 100 mg
DESLORATADINA,DESLORATADINA   
VER AL DORSO,CORABLOK  -ECA 5/20
LOSARTAN POTASICO + HIDROCLOROTIAZIDA,PRESIDOL-HCT 50/12.5
VER AL DORSO,NUWIQ
YODURO DE SODIO + YODO CRISTAL,TINTURA DE YODO 2%
CARVEDILOL,FIBRILAN
VER AL DORSO,DESGRATIN 10/20
VER AL DORSO,LACTULOSA 66.7 %
ERITROMICINA,ERITROMICINA 125 mg / 5 mL
ERITROMICINA ETILSUCCINATO,ERITROMICINA 125 MG / 5 ML
BISOPROLOL FUMARATO,ZUBLOK-5
SIMVASTATINA,SIMVASTATINA 40 MG
BISOPROLOL HEMIFUMARATO + HIDROCLOROTIAZIDA,PRESPOL-HCT 10/6.25
LISINOPRIL DIHIDRATO EQUIVALENTE A LISINOPRIL BASE,LISINOPRIL-10
ACIDO SALICILICO,KAPI CONTROL PLUS
PREDNISOLONA,PREDNABENE
PREDNISOLONA,PREDNABENE
VER AL DORSO,METILPREDNISOLONA SUCCINATO SODICO
METILPREDNISOLONA SUCCINATO SODICO,METILPREDNISOLONA SUCCINATO SODICO
AMLODIPINA,VALCK-10
AMLODIPINA,VALCK-5
BORTEZOMIB (COMO BORONATO ESTER DE MANITOL),BORVIZ  3.5
ERLOTINIB,RELOTIB 150 MG
VITAMINA D3,MAXIMUN D3
MECLIZINA HCL,MECLIZINA MAMEY® 12.5 mg
ACETONIDO DE TRIAMCINOLONA,TAROSONE - 40
TRETINOINA+ HIDROQUINONA+ HIDROCORTISONA,TRIBLANQ GV
OMEPRAZOL * PELLETS RECUBIERTO ENTERICOS *,OMEPRAZOL 
ACETAMINOFEN DC-90 + CAFEINA,ACETAMINOFEN + CAFEINA
PARACETAMOL / CAFEINA,BOSKA
PREDNISONA,PREDNISONA 20 mg
ETORICOXIB,DAVINTEX 60
ETORICOXIB,DAVINTEX 60 
LISINOPRIL EQUIV A LISINOPRIL ANHIDRO,LISINOPRIL 
LISINOPRIL EQUIV A LISINOPRIL ANHIDRO,LISINOPRIL
ROSUVASTATINA DE CALCIO,BLOKIMAX 20
ROSUVASTATINA DE CALCIO,BLOKIMAX 20
BISOPROLOL,BIDICOR 5
AZITROMICINA DIHIDRATO EQUIVALENTE A AZITROMICINA,AZITROMICINA LAANED
GLUCONATO DE CLORHEXIDINA,CLOREXIN
GLUCONATO DE CLORHEXIDINA AL 20%,CLOREXIN 
L-ACIDO ASCORBICO (VITAMINA C),NANVIT-C 
VER AL DORSO,HIERRO SACAROSA  (LINEA INTRALAB)
CAPECITABINA,CAPECITABINA
CAPECITABINA,CAPECITABINA
VER AL DORSO,TRUVERA MAX
VER AL DORSO,FORTEB-PLUS
VER AL DORSO,HYBICLOXIN 7.1 %
VORICONAZOL,VORIOLE 200
VER AL DORSO,FLOXLEVO
DEXTROMETORFANO HIDROBROMURO,EXI-TUSS SIMPLE
IODURO DE SODIO (I-131),IODURO DE SODIO (I-131) CAPSULAS T
VER AL DORSO,FOSFO B-12                
TEMOZOLAMIDA,TEMOSEVEN 20 MG
DONEPEZILO HIDROCLORURO,ARICEPT 
LINEZOLID,TROIKAA LINOZID
ASPARTATO DE ARGININA,PLUSARGIN
BROMURO DE IPRATROPIO BP,TROPIUNEB
CARVEDILOL,FIBRILAN-6.25
ACETAMINOFEN + TRAMADOL CLORHIDRATO,DOTRAL DUAL
VALSARTAN + HIDROCLOROTIAZIDA,SOSIRTAN - H
LOSARTAN POTASICO + AMLODIPINA BESILATO,IBERCLOFAM-A 100/10
BISOPROL FUMARATO,BISBETA
TRAMADOL HCL,TRAMADOL 50 MG IF
IBUPROFENO,IBEROFENO 600
VER AL DORSO,BROCORAL-T
LOSARTÁN + AMLODIPINA,QUISALOR-A
ROSUVASTATINA,ROSURVITAE
DICLOFENACO SODICO,DICLOFENACO 100 MG
VER AL DORSO,BROCORAL FORTE
AMBROXOL CLORHIDRATO,FECOCIL 
VALSARTÁN + AMLODIPINA,SOSIRTAN-A 160/10
ARTICAINA CLORHIDRATO + EPINEFRINA,ODDONTOARTI
CETIRIZINA DICLORHIDRATO,CETIRIZINA 10 mg
VER AL DORSO,LEVOFLOXACINA 500 MG
CETIRIZINA DICLORHIDRATO,CETIRIZINA
HIDROCLOROTIAZIDA,HIDROCLOROTIAZIDA 50 MG
BISOPROLOL FUMARATO + HIDROCLOROTIAZIDA,BISBETA-H 10
VER AL DORSO,MOMATE AZ
HIDROCLOROTIAZIDA,HIDROCLOROTIAZIDA 25 MG
VER AL DORSO,LEVOFLOXACINA 750 MG
TADALAFIL,K-36
DIFENHIDRAMINA HCL,SOMNUS
ACETAMINOFEN,ACETAMINOFEN
NOMEGESTROL ACETATO + ESTRADIOL,SALOME
AMOXICILINA,AMOXICILINA
BISOPROLOL FUMARATO + HIDROCLOROTIAZIDA,BISBETA -H 5
LOSARTAN POTASICO + AMLODIPINA BESILATO,IBERCLOFAM-A 50/5
AMLODIPINA BESILATO,AMLODIPINA 10 MG
CLONIDINA HCL,CLOADOS 0.200
VER AL DORSO,CIPROFLOXACINA
VER AL DORSO,MICOFTAL D
CARVEDILOL,VEDICROSS
PICOSULFATO DE SODIO,CONSTILAX
VER AL DORSO,ZENTURIL-A 20/10
CANDESARTÁN CILEXETILO + AMLODIPINA BESILATO,ARACURE-A 32/5
RAMIPRIL + HIDROCLOROTIAZIDA,LOTENSOR-2.5 HCT
SECNIDAZOL,SECNIDAZOL IF
CLONIDINA HCL,CLONIDINA IF
CLORHIDRATO DE DIFENHIDRAMINA,DIFENHIDRAMINA
AMBROXOL CLORHIDRATO,AMBROXOL
BISOPROLOL FUMARATO,BETAUNO - 5
CANDESARTÁN CILEXETILO + AMLODIPINA BESILATO,ARACURE-A 16/5
VER AL DORSO,MEGA MULSION KIDS NARANJA
MULTICOMPOSICION,VITA PLUS L LABOCONT
MULTICOMPOSICION,POTENCIA VITAL
VER AL DORSO,ATHEROX PLUS
FOSFOMICINA CÁLCICA,FOSFOMICINA WEMED 
KETOCONAZOL + CLINDAMICINA FOSFATO,KETOCONAZOL + CLINDAMICINA 
VER AL DORSO,COMPLEJO B IF
PERMETRINA,DERMASTEN AL 5%
BISOPROLOL FUMARATO, BETAUNO-2.5
AMOXICILINA TRIHIDRATO + ACIDO CLAVULANICO,XIBRAN
ACIDO ACETILSALICILICO,CORAPROT
NIFEDIPINA,BETSA 10 MG
VER AL DORSO,ZENTURIL-A 5/10
VER AL DORSO,DORZOLATIM
EZETIMIBE + SIMVASTATINA,COLESTAR 10-20 
VER AL DORSO,CANDID-B
AMBROXOL CLORHIDRATO,FECOCIL
ACETAMINOFEN,ESLOFEM 750
TERBINAFINA CLORHIDRATO,FUNGUSFIN
IRBESARTAN + AMLODIPINA BESILATO + HIDROCLOROTIAZIDA,IBERTEROL-TRES 150/10/25
VER AL DORSO,ATHEROX 40
METRONIDAZOL,METRONIDAZOL
DESLORATADINA,BENIMET
CLOTRIMAZOL,CLOGEN
CEFADROXILO MONOHIDRATO,CEFADROXILO
FLUCONAZOL,FLUCONAZOL MALLEN
FLUCONAZOL,FLUCONAZOL ALTAN
LEVONORGESTREL/ETINILESTRADIOL,VIOLETA FLOR
VER FORMULA,MEJORA-THE MULTISINTOMAS
BROMHEXINA HCL + CLORFENIRAMINA MALEATO,MEJORA-THE MUCOLITICO Y EXPECTORANTE
DEXKETOPROFENO TROMETAMOL,IBEX
QUETIAPINA FUMARATO,EQUIATIN 300 mg
VER AL DORSO,MIGRATOFIL
VER AL DORSO,XALERG
VER AL DORSO, MEJORA-THE MULTISINTOMAS NOCHE 
MULTICOMPOSICION,DICLOFENAC COMPUESTO IF
MULTICOMPOSICION,HISTAGRIP JARABE
ETORICOXIB,ACADIA
VALSARTAN+AMLODIPINA,PASUFEL PLUS
PREGABALINA,PREGABALINA FELTREX
PREGABALINA,PREGABALINA FELTREX
MORFINA CLORHIDRATO TRIHIDRATO,VENDAL RETARD 100 MG
ALBENDAZOL,ALBENDAZOL 
CELECOXIB,CELECOXIB WEMED
ACETAMINOFEN,ULTRAFEN
ACETAMINOFEN,ULTRAFEN
LOSARTAN,LOSARTAN FELTREX
LOSARTAN,LOSARTAN FELTREX
HYDRALAZINA HIDROCLORURO,HYDRAPRES 
"IRBESARTAN, AMLODIPINA E HIDROCLOROTIAZIDA", KEOTAN PLUS 300/10/25 
AMOXICILINA+BROMHEXINA,TUSSIBRON COMPUESTO
LEVOTIROXINA SODICA,SYNOX-75
LEVOTIROXINA SODICA,SYNOX-150
ROSUVASTATINA,LUSTATIN 20
CIPROFLOXACINA,CIPLOXIN OD
ERITROPOYETINA HUMANA RECOMBINANTE,YETINEX-4000
CLORHIDRATO DE METFORMINA,DIAFORMINA 
CEFALEXINA,CEFALEXINA 
TRIMETOPRIM + SULFAMETOXAZOL,LISAPRIM
LEVOTIROXINA SODICA,SYNOX-112
FUROSEMIDA,FUROSEMIDA
MULTICOMPOSICION,POMADA SAN LUIS ®
VER AL DORSO,FLEET ENEMA ADULTOS
MULTICOMPOSICION,AMINOTER
COMPLEJO DE HIDRÓXIDO DE HERRO (III) POLIMALTOSA,FERRUM HAUSMANN® 
ACETAMINOFEN,ORBIFEBRIN 
MULTICOMPOSICIÓN,ROWACHOL 
HALOPERIDOL,FELTRAM
TINIDAZOL,PROQUIS
TINIDAZOL,PROQUIS
MULTICOMPOSICIÓN,VITALYSIN
MULTICOMPOSICIÓN,VITALYSIN
MULTICOMPOSICIÓN,ROWATINEX
TINIDAZOL+NITRATO DE MICONAZOL,BACANTRIL
CLORHIDRATO DE AMIODARONA,CORDARONE
CLORHIDRATO DE AMIODARONA,CORDARONE 
VER AL DORSO,TIAMINAL B12 TRIVALENTE AP
BROMHEXINA HCL + CLORFENIRAMINA MALEATO,BRONCOCHEM EXPECTORANTE
VER AL DORSO,ADEK MUCOLITICO
HIDROCLOROTIAZIDA,HIDROCLOROTIAZIDA ETHICAL
CLORHIDRATO DE XILOMETAZOLINA,OTRIVINA
CLORHIDRATO DE XILOMETAZOLINA,OTRIVINA
CLORURO DE BENZALCONIO,DECODERM
CLORURO DE BENZALCONIO,DECODERM
VER AL DORSO,VISIMAX 
HIDROXIDO DE MAGNESIO,LECHE MAGNESIA DR. COLLADO
DOXICICLINA,MONODOXIN
MULTICOMPOSICION,APETONIL NIÑOS
VER AL DORSO,OTOFULL
VER AL DORSO,"BENEURAL 25,000"
FUROSEMIDA,FUROSEMIDA ETHICAL
VER AL DORSO,VICADEL
VER AL DORSO,PROPRANOLOL ETHICAL
VER AL DORSO,BACIMIX
VER AL DORSO,BRONCO BACTRIZOLE 
SIMETICONA,ESPAVEN PEDIATRICO
SIMETICONA,ESPAVEN PEDIATRICO
HIDROCLOROTIAZIDA,HIDROTIADOL 50
VER AL DORSO,ACROTUSSIN 
ACETATO DE PREDNISOLONA,PREDSOL FORTE
ACIDO ACETILSALICILICO,ASPRIM 325
INSULINA HUMANA ISOFANA,HUMULIN N
VER AL DORSO,SULF-SALIC
VER AL DORSO,NOLVADEX - D
LOPERAMIDA HCL,PRODOM
VER AL DORSO,AMOXICILINA ALFA 500 MG
BECLOMETASONA DIPROPIONATO + CLIOQUINOL,MENADERM OTOLÓGICO 
VER AL DORSO,ACIFAR
VER AL DORSO,ACIFAR
ACETAMINOFÉN,ISOFEN 
AMOXICILINA TRIHIDRATO EQUIVALENTE A AMOXICILINA BASE,AMOXICILINA ALFA  
"ANTIPIRINA, BENZOCAINA",ANESTESIN
FENOBARBITAL BASE,FENOBARBITAL PEDIATRICO ALFA 15 MG / 5 ML
FENOBARBITAL BASE,FENOBARBITAL PEDIATRICO ALFA 15 MG / 5 ML
FENOBARBITAL,FENOBARBITAL ALFA 100 MG 
DIFENHIDRAMINA HCL,HISTOMIN 
DIFENHIDRAMINA CLORHIDRATO,HISTOMIN 12.5 mg / 5 mL
DIFENHIDRAMINA CLORHIDRATO,HISTOMIN 12.5 MG / 5 ML 
CLOTRIMAZOL,CLOVAGIL 500
CLOTRIMAZOL,CLOZOL
CLOTRIMAZOL,CLOZOL
AMPICILINA,AMPITREX
AMPICILINA TRIHIDRATO EQUIVALENTE A AMPICILINA BASE,ALFACIN 1 G
CLOTRIMAZOL,CLOZOL
MINOXIDIL,LOCIÓN EPC 
MULTICOMPOSICION,AMINO-B COMPLEX
VER AL DORSO,LUCOTUSIN 
GLIBENCLAMIDA,GLIBENCLAMIDA ALFA 5 MG 
ENALAPRIL MALEATO,ENALAP
VER AL DORSO,DAFLON 500 MG
DICLOFENACO DIETILAMONIO,VOLTAREN EMULGEL
DICLOFENACO DIETILAMONIO,VOLTAREN EMULGEL
ACETAMINOFEN,FEBRONOL
GENTAMICINA SULFATO,GENTADERM 
ACETAZOLAMIDA,OCULTEN 
IBUPROFENO,IBUPROFENO MK®
VER AL DORSO,NITRENOL
ATENOLOL,ATENOLOL
CLORHIDRATO DE VERAPAMILO,ISOPTIN
CLORHIDRATO DE VERAPAMILO,ISOPTIN
MULTICOMPOSICION,VAPO-DOL
AMIKACINA (D.C.I) SULFATO,AMIKACINA NORMON 500MG/2ML
HEPARINA SÓDICA,LIOTON 
ACIDO ASCÓRBICO,VITAMINA-C ALFA 
EXTRACTO DE GINKGO BILOBA,TEBOKAN
EXTRACTO DE GINKGO BILOBA,TEBOKAN
EXTRACTO DE GINKGO BILOBA,TANAKAN 40
NISTATINA + OXIDO DE ZINC,NISTAZINC 
PICOSULFATO DE SODIO,LAXARIN
ACIDO FOLICO,ACIFOL 5 MG
SULFISOXAZOL + ALANTOINA + CLOTRIMAZOL,VAGIL
VER AL DORSO,ACIFAR ®
VER AL DORSO,ACIFAR®
CEFUROXIMA,ZINNAT
CEFUROXIMA,ZINNAT
PIROXICAM,FARXICAN®
PIROXICAM,FARXICAN®
VER AL DORSO,TUSILEXIL
VER AL DORSO,TUSILEXIL                                                             
MULTICOMPOSICION,ALKA SELTZER
VER AL DORSO,AMOTRAN MUCOLITICO
VITAMINA B1 / VITAMINA B6 / VITAMINA B12,BEDOYECTA TRI
ACETAMINOFEN - CLORZOXAZONA,MIOFLEX
ACETAMINOFEN + CLORZOXAZONA,MIOFLEX®
SULFISOXAZOL + ALANTOINA+ CLOTRIMAZOL,VAGIL
NIFEDIPINA+ ATENOLOL,BETA-DIPIN
VER AL DORSO,URO-VAXOM
DIMENHIDRINATO,DRAMANOL 25 MG 
DEXAMETASONA FOSFATO SODICO,DEXONA 
MALEATO DE TIMOLOL,OCULPRES 0.5%
ACETATO DE MEDROXIPROGESTERONA,DEPO-PROVERA
ACETATO DE MEDROXIPROGESTERONA,DEPO-PROVERA
DICLOFENAC SODICO,DICLOFAR®
ALCOHOL POLIVINILICO,LAGRIMAX 
PIROXICAM,ARTRIGESIC
NIFEDIPINA,NIFEDICOR 20 
VERAPAMIL CLORHIDRATO,VERAPAMIL 120
PROPRANOLOL,PROPRANOLOL 40
LINCOMICINA,DARTOCIN 300
SALBUTAMOL,AEROLIN 
VALERATO DE BETAMETASONA,BETACORT
ACIDO RETINOICO,RETIDERM 
NITRENDIPINA,NITRENDIPINA 10
NITRENDIPINA,NITRENDIPINA 20
PIROXICAM,PROXICAM 20
SALBUTAMOL SULFATO + TEOFILINA ANHIDRA,SALBUFILINA
SALBUTAMOL,AEROLIN
FAMOTIDINA,GASTRIL 40
CITRATO DE HIERRO DE AMONIO + CIANOCOBALAMINA,FERROBON 5000 
ACETAMINOFEN,ACETAMINOFEN PEDIATRICO
ACETAMINOFEN,ACETAMINOFEN PEDIATRICO
NITROFURAZONA,NIFUREN
PENICILINA G BENZATINICA,DIAMINE 1.2
RIBAVIRINA,VIRAZIDE
RIBAVIRINA,VIRAZIDE
RIBAVIRINA,VIRAZIDE
VER AL DORSO,TUSILEXIL
CEFUROXIMA.,ZINNAT
EPINEFRINA HIDROCLORIDRICA,ADRENALINA 1:1000
FOSFOMICINA CALCICA MONOHIDRATADA,FOSFOCIL
VER AL DORSO,VANTAL BUCOFARINGEO
VER AL DORSO,MENTIS
"PIRISUDANOL, DIMALEATO",MENTIS
HIDROSMINA,VENOSMIL
DICLOFENACO SODICO,DOLOTREN
DICLOFENACO SODICO,DOLOTREN
VER AL DORSO,FLUZINA
IOPROMIDA,ULTRAVIST® 370
IOPROMIDA,ULTRAVIST® 300 
NORFLOXACINA,AMBIGRAM BUSSIE
FOSFOMICINA DISODICA EQUIVALENTE A FOSFOMICINA,FOSFOCIL
CAPTOPRIL,CAPTORIL 100
MAGALDRATO+SIMETICONA,ACI-TIP
OMEPRAZOL,ETIPRAZOL
BETAMETASONA,INFLACOR
TIOPENTAL SÓDICO,TIOPENTAL SODICO 1 G
TRIMETOPRIM - SULFAMETOXAZOL,SULTRIM
TRIMETOPRIM + SULFAMETOXAZOL,SULTRIM®
VER AL DORSO,LODOCAINA AL 2% CON EPINEFRINA
NITRENDIPINA,FELNITREX
VER AL DORSO,LIDOCAINA AL 1% CON VASOCONSTRICTOR (EPINEFRINA)
VER AL DORSO,ACIFAR 1000
MULTICOMPOSICION,DEXA B-TRES 
MULTICOMPOSICION,B-TRES DOLO
VER AL DORSO,METOCLOPRAMIDA CLORHIDRATO SINTESIS
ATENOLOL + NIFEDIPINA,MAGNACOR
PICOSULFATO DE SODIO,ANARA
CITICOLINA,SOMAZINA
VER AL DORSO,DIAZEPAN
AMINOFILINA,AMINOFILINA
MULTICOMPOSICION,DRETOX
CLORFENIRAMINA MALEATO,CLORFENIRAMINA
VER AL DORSO,PREDNISONA-ALFA
VER AL DORSO,DICLOFENAC SODICO
VER AL DORSO,CEFALEXINA
METRONIDAZOL,METROCAPS 250
METRONIDAZOL,METROCAPS
METRONIDAZOL,METROCAPS
METRONIDAZOL+ NISTATINA,METROMONA
BICARBONATO DE SODIO,BICARBONATO DE SODIO
HALOPERIDOL,HALOPERIDOL
CLORURO DE POTASIO,CLORURO DE POTASIO
ENALAPRIL MALEATO,PRESOPRIL 20
ATENOLOL + CLORTALIDONA,ATECLOR
MANITOL,MANITOL
CLORURO DE SODIO,NASALIN 
SULFATO FERROSO,SULFATO FERROSO ALFA
MULTICOMPOSICION,PRURINOL 
DIGOXINA,DIGOXINA ALFA 0.25 mg
NITRATO DE ECONAZOL,MICOLIS
NITRATO DE ECONAZOL,MICOLIS 
NITRATO DE ECONAZOL,MICOLIS
VER AL DORSO,AQUAVIT E 400 MG
VER AL DORSO,DIPIRONA 1 G
ATENOLOL + CLORTALIDONA,ATENOLOL COMPUESTO
MULTICOMPOSICIÓN,LIPOFUNDIN MCT/LCT 20%
RANITIDINA,RANDIL
CAPTOPRIL + HIDROCLOROTIAZIDA,ECAPRES D 
ACETILCISTEINA,FLUIMUCIL
ATENOLOL,ATENOLOL 100
ATENOLOL,ATENOLOL  100
ATENOLOL,ATENOLOL  100
CLOTRIMAZOL / NEOMICINA / BETAMETASONA,TRIGENTAX
SUBSALICILATO DE BISMUTO,BISMUTAL 
FUROSEMIDA,FUROSEMIDA 20 MG / 2 ML
FAMOTIDINA,PEPTRIL
ACETAMINOFEN,SINEDOL
KETAMINA CLORHIDRATO,KETAMINA
RANITIDINA CLORHIDRATO,RANITIDINA
CLORANFENICOL SUCCINATO DE SODIO,CLORANFENICOL
VER AL DORSO,BETA-SI 4 MG / ML
GENTAMICINA SULFATO,GENTA-SI 80 MG
MULTICOMPOSICION,MIGRETIL
ATENOLOL + NIFEDIPINA,CORADIP® 100/20
MALEATO DE ERGONOVINA,ERGONOVINA
FUMARATO DE KETOTIFENO,KETOTIFENO MK® 
LINCOMICINA CLORHIDRATO,LINCO-SI 300 mg
HIDRALAZINA HIDROCLORHIDRICA,HIDRALAZINA HIDROCLORHIDRICA
EXTRACTO DE GINKGO BILOBA,TEBOKAN FORTE
EXTRACTO DE GINKGO BILOBA,TEBOKAN FORTE
GINKGO BILOBA EXTRACT,TANAKAN FORTE                                                         
VER AL DORSO,TANAKAN FORTE
FITOMENADIONA,VITAMINA K1
OXITOCINA,OXITOCINA 10 UI / ML
DIMENHIDRINATO,DIMENHIDRINATO
VER AL DORSO,METREX 250
TOBRAMICINA SULFATO (EQUIVALENTE A TOBRAMICINA),TOBRIMIN 
GLICEROL,SUPOSITORIO SENOSIAIN BEBE
GLICEROL,SUPOSITORIOS SENOSIAIN ADULTO
SIMVASTATINA,ZOCOR
NIFEDIPINA/ CLORTALIDONA/ ATENOLOL,CORADIP® D 100
CLORPROMAZINA HCL,CLORPROMAZINA SINTESIS
FOSFATO SODICO DE DEXAMETASONA,DEXAMETASONA
AMIKACINA SULFATO,AMIKA-SI 100 mg
CAPTOPRIL,CAPTOPRIL MK® 
SULFATO DE MAGNESIO,SULFATO DE MAGNESIO 10%
AMOXICILINA TRIHIDRATADA (EQUIVALENTE A AMOXICILINA BASE),SUMOX 500
AMOXICILINA TRIHIDRATADA (AMOXICILINA BASE),SUMOX 250
AMOXICILINA + BROMHEXINA,SUMOX RESPIRATORIO
VER AL DORSO,SUMOX RESPIRATORIO
ISOSORBIDE MONONITRATO,MONOBIDE 40                                                           
ATENOLOL + NIFEDIPINA,ATENOPINA                                                             
CETIRIZINA.,ZYRTEC
CETIRIZINA.,ZYRTEC
VER AL DORSO,COMPLEJO VITAMINAS B SINTESIS
PIROXICAM,PROXICAM
VER AL DORSO,ERGOSONAL
NIFEDIPINA,NIFEDIPINA 20 mg ALFA
VER AL DORSO,VITAMINA K
VER AL DORSO,DEXTROSA AL 50%
ENANTATO DE NORETISTERONA + VALERATO DE ESTRADIOL,MESIGYNA® 
ENANTATO DE NORETISTERONA + VALERATO DE ESTRADIOL,MESIGYNA®
PARACLOROMETAXILENOL (CLOROXILENOL),B-33
CEFADROXILO,CEFA
CEFADROXILO,CEFA
VER AL DORSO,RELAX
KETOCONAZOL,DIKOVEN®
KETOCONAZOL,DIKOVEN
KETOCONAZOL,DIKOVEN®
METRONIDAZOL,METRONIDAZOL MK®
CEFOTAXIMA,CEFOT 500 MG / I.V.
VER AL DORSO,OTOMIXIN 
VER AL DORSO,CYCLO 3 FORT
ALOPURINOL,ALO-URIL 
DICLOFENACO POTÁSICO,DICLO-K
DICLOFENACO POTÁSICO,DICLO-K 
COLCHICINA,COLCHICINA LAM® 
DICLOFENACO POTASICO,DICLO­-K 50
SUBCITRATO DE BISMUTO,BISMUSYL®
KETOCONAZOL,NIZORAL
KETOCONAZOL,NIZORAL
METRONIDAZOL,METRONIDAZOL  0.5%
AZITROMICINA,AZITROM 
AZITROMICINA,AZITROM
VER AL DORSO,DERMOFULL 
KETOCONAZOL,DIKOVEN®
KETOTIFENO,KETIFEN® 
KETOTIFENO FUMARATO,KETIFEN®
KETOPROFENO,ARTROGEL
FLUTAMIDA,FLUTAMID® 250
KETOCONAZOL,DIKOVEN®
VER AL DORSO,BROMHEXINA ALFA 4 mg / 5 mL
VER AL DORSO,NEUTROLAR
VER AL DORSO,NEUTROLAR
ACETAMINOFÉN,DOLENOL 
CIPROFIBRATO,HIPERLIPEN                                                            
CIPROFIBRATO,HIPERLIPEN
CIPROFIBRATO,HIPERLIPEN
NIFUROXAZIDA,TOPRON
NIFUROXAZIDA,TOPRON
DICLOFENAC SÓDICO,DICLOFENAC ALFA 50 MG
FLUCONAZOL,FLUCOZOL 150                                                          
FLUCONAZOL,FLUCOZOL 150
VER AL DORSO,COMPLEJO B  ALFA
MICONAZOL,DAKTARIN
MICONAZOL,DAKTARIN 2%
MICONAZOL,DAKTARIN 2%
MICONAZOL,DAKTARIN 2%
FLUCONAZOL,MICOFULL
LISINOPRIL + HIDROCLOROTIAZIDA,LISIPRIL-D
FINASTERIDE,PROSTASAX
ACETAMINOFÉN,DOLENOL
SALBUTAMOL SULFATO EQUIVALENTE A SALBUTAMOL BASE,SALBUTAMOL ALFA
SALBUTAMOL SULFATO EQUIVALENTE A SALBUTAMOL BASE,SALBUTAMOL ALFA
MULTICOMPOSICION,RECEBREX 
NITRATO DE MICONAZOL,DAKTARIN
CICLOSPORINA,SANDIMMUN NEORAL 25 MG
CICLOSPORINA,SANDIMMUN NEORAL 25 MG
CICLOSPORINA,SANDIMMUN NEORAL 25 MG
CICLOSPORINA,SANDIMMUN NEORAL 100 MG
CICLOSPORINA,SANDIMMUN NEORAL 100 MG
CICLOSPORINA,SANDIMMUN NEORAL 100 MG
CEFTRIAXONA SÓDICA,CETRIAF 1.0 G / I.M. 
AMLODIPINA,MAXIDIPIN
AMLODIPINA,MAXIDIPIN
VER AL DORSO,CEFALEXINA 250 MG / 5 ML
GRISEOFULVINA,FULKAIN
ACETAMINOFÉN,SINEDOL
BETAMETASONA DIPROPIONATO + ACIDO SALICILICO,DIPROSALIC
BETAMETASONA DIPROPIONATO + ACIDO SALICILICO,DIPROSALIC
VER AL DORSO,DIPROSONE
POLIMIXINA- NEOMICINA -GRAMICIDINA,OFTABIOTICO
VER AL DORSO,SERTAL
PARGEVERINA ( PROPINOX ) CLORHIDRATO,SERTAL
VER AL DORSO,INFA - VITAN
MAGALDRATO HIDRATADO / SIMETICONA,GACIMEX
VER AL DORSO,SUPRITOX®
IBUPROFENO,ARTRAN 800 mg
ACETAMINOFÉN,SINEDOL
ALPRAZOLAM,ALPLAX 0.5 
ALPRAZOLAM,ALPLAX 1 
ALPRAZOLAM,ALPLAX 2 
ALBENDAZOL,SUBENZOL
ZOLPIDEM HEMITARTRATO,SOMIT
VITAMINA B1+B6+B12,NEURO-3
HIDROXICLOROQUINA SULFATO,PLAQUINOL
HIDROXICLOROQUINA SULFATO,PLAQUINOL
HIDROXICLOROQUINA SULFATO,PLAQUINOL
VER AL DORSO,QUADRIDERM
VER AL DORSO,QUADRIDERM
CINARIZINA,STUGERON FORTE
ATENOLOL + CLORTALIDONA,BLOKANOL-D 100/25
MULTICOMPOSICION,IMMUVIT PLUS Q10
RISPERIDONA,RISPERDAL
RISPERIDONA,RISPERDAL
KETOCONAZOL,KETOZOL 2%
ACIDO FOLICO,ACIDO FOLICO
ACIDO FOLICO,ACIDO FOLICO
DOXICICLINA MONOHIDRATO,SUPRAMYCINA FORTE
CIPROFLOXACINA HCI,CIPROFEL
KETOCONAZOL,KETOZOL 400 
INTERFERON ALFA 2B HUMANO RECOMBINANTE,BIOFERON 10 M U.I.
PEROXIDO DE HIDROGENO,AGUA OXIGENADA 3%
SUCRALFATO,ULCOGANT 
ACETAMINOFEN,ULTRAFEN
VER AL DORSO,TRACYL 500 mg
ATENOLOL,BLOKANOL 50
ATENOLOL,BLOKANOL 100 
DEXTROSA MONOHIDRATADA,INDODEXTRO 50
VER AL DORSO,CEFALEXINA
VER AL DORSO,BETASPORINA
INSULINA HUMANA (ADN RECOMBINANTE),NOVOLIN R
INSULINA HUMANA (ADN RECOMBINANTE),NOVOLIN N 
ACICLOVIR,CICLOFERON
HEPARINA SÓDICA,MENAVEN GEL 1000
OTILONIO BROMURO,SPASMOCTYL 40 
MONONITRATO DE ISOSORBIDE,ISOCARD 40
MONONITRATO DE ISOSORBIDE,ISOCARD 40
VER AL DORSO,COMPLEJO B UNION
LOSARTAN POTASICO,NEFROTAL 50
ACETAMINOFEN,ULTRAFEN
FUROATO DE MOMETASONA,ELOCOM
NAPROXENO+PARACETAMOL,DOLOPROXEN 500
ENOXAPARINA SODICA,CLEXANE
ENOXAPARINA SODICA,CLEXANE
AZITROMICINA DIHIDRATADA,ZITHROMAX
OMEPRAZOL,GASPRON
KETOCONAZOL,NACOZOL
AMLODIPINO BESILATO,AMLODIPINO MK®
AZITROMICINA,TROMIC
AZITROMICINA,TROMIC ®
LISINOPRIL DIHIDRATO + HIDROCLOROTIAZIDA,LISINOPRIL D 10/25
ENALAPRILAT,LOTRIAL
ATENOLOL + CLORTALIDONA,BETANOLOL D 50/12.5
ATENOLOL + CLORTALIDONA,BETANOLOL D 100/25 
VITAMINA A + VITAMINA D3,VIADEKAL
VITAMINA A + VITAMINA D3 + VITAMINA E,VIADEKAL FORTE
ASPARTATO DE ARGININA,SARGENOR FORTE
MECLIZINA CLORHIDRATO,HIPERMEX
BICALUTAMIDA,CASODEX
LOPERAMIDA,IMODIUM
LOPERAMIDA,IMODIUM
ENALAPRIL,ENALAPRIL MK®
CLOTRIMAZOL,VAGIL-C                                                               
CLOTRIMAZOL,VAGIL C 
CARBOXIMETILCISTEÍNA,TUSILEXIL SIMPLE 
MECLIZINA CLORHIDRATO,HIPERMEX
VER AL DORSO,DICLO-K 
ENALAPRIL MALEATO / HIDROCLOROTIAZIDA,CO-SULAPRIL 20/12.5
LISINOPRIL,TENSOLISIN 20
PROPANTELINA BROMURO + FENAZOPIRIDINA,COLIBINEF
LOSARTAN POTASICO + HIDROCLOROTIAZIDA,ARA II-D
SECNIDAZOL,MAXIDAZOL
FOSFOLIPIDOS ESENCIALES,COMPENSIAL                                                            
LISINOPRIL + HIDROCLOROTIAZIDA,PRESITEN D
PROTEÍNA (ALBUMINA HUMANA),SERALBUMIN-20
VER AL DORSO,ENANTYUM 25 mg
VER AL DORSO,ENANTYUM 25 MG
VER AL DORSO,AZITROMICINA MK®
AZITROMICINA DIHIDRATO,AZITROMICINA MK
CIPROFLOXACINO,CIPROFLOXACINO MK®
CIPROFLOXACINO,CIPROFLOXACINO MK
RISPERIDONA,RISPERIN 1
RISPERIDONA,RISPERIN 1
RISPERIDONA,RISPERIN 2
RISPERIDONA,RISPERIN 2
RISPERIDONA,RISPERIN 3
ALBENDAZOL,ALBENZOL
VER AL DORSO,BETA-BIOTIC 
GENTAMICINA,GENTAX
VER AL DORSO,ARZOMICIN 200
LOSARTÁN POTÁSICO,PAXON 
ALBENDAZOL,APARDU-6
LETROZOL,FEMARA 2.5
LETROZOL,FEMARA 2.5
BASILIXIMAB,SIMULECT
DICLOFENACO SODICO,"3-A OFTENO"
CLORHIDRATO DE CIPROFLOXACINO MONOHIDRATADO,SOPHIXIN OFTENO
ACETATO DE PREDNISOLONA,SOPHIPREN OFTENO
ACETATO DE PREDNISOLONA,SOPHIPREN OFTENO
AMPICILINA TRIHIDRATO EQUIVALENTE A AMPICILINA,AMPICILINA 
A ETAMINOFEN,ACETAMINOFEN
FUROATO DE MOMETASONA,NASONEX
DICLOFENACO,DICLOFENACO  MK® 
VER AL DORSO,MOTILIUM
HIPROMELOSA,METICEL OFTENO
ENALAPRIL+ HIDROCLOROTIAZIDA,PRESOPRIL D
LOSARTAN POTASICO,ARA II
IBUPROFEN,ARTRAN
OMEPRAZOL,ETIPRAZOL
TERAZOSINA,TEZOSYN
LISINOPRIL ANHIDRO,LISIPRIL
LOSARTAN POTASICO + HIDROCLOROTIAZIDA,NEFROTAL H 50/12.5
INDAPAMIDA,NATRILIX SR
CEFACLOR,CEFALTREX
VER AL DORSO,CYCLOFÉMINA 
VER AL DORSO,NAPHACEL OFTENO
TINIDAZOL,TINIDAZOL
CETIRIZINA,KALVEN
ITRACONAZOL + SECNIDAZOL,SPORASEC
VER AL DORSO,COLIRIO CLORANFENICOL AL 0.5%
VER AL DORSO,VIFAZOL
ANASTROZOL,ARIMIDEX
ANASTROZOL,ARIMIDEX
DICLOFENAC POTASICO,DICLOFENAC ALFA 
VER AL DORSO,BORAZINC
MULTICOMPOSICION,MEDA
CETIRIZINA DICLORHIDRATO,KALVEN
CETIRIZINA DICLORHIDRATO,KALVEN
METRONIDAZOL BASE + NISTATINA,METRICOL-N
ENALAPRIL MALEATO,ENALAP
CLARITROMICINA,CLARITROMICINA MK®
ÁCIDO ASCORBICO + CALCIO,CEBION CALCIO SABOR A NARANJA
VER AL DORSO,FAKTU
VER AL DORSO,FAKTU
ENALAPRIL MALEATO, LOTRIAL 5 
ENALAPRIL MALEATO, LOTRIAL 10
ENALAPRIL MALEATO, LOTRIAL 20
AMBROXOL CLORHIDRATO,BUTEN
MULTICOMPOSICION,DOLO-NEUROBION-N
ÁCIDO FÓLICO,FOLIMEN 5 MG
CLINDAMICINA,EUROCLIN
CLINDAMICINA,EUROCLIN
CLINDAMICINA,EUROCLIN V 
BROMURO DE CLIDINIO,NOR-COLIC
PANTOPRAZOL,PANTECTA P 20
PANTOPRAZOL,PANTECTA P20
SILIMARINA,HEPAVITAL
AMLODIPINA BESILATO (EQUIVALENTE A AMLODIPINA BASE),LODIPAR 5
AMLODIPINA BESILATO EQUIVALENTE AMLODIPINA BASE,LODIPAR 10
DIPIRONA SODICA,DIPARIN
DIPIRONA SODICA,DIPARIN
PIRACETAM.,NOOTROPIL
CLORHIDRATO DE METFORMINA,GLISULIN 500 
CLORHIDRATO DE METFORMINA,GLISULIN 850
VER AL DORSO,NOR-VOLTEN FLEX
AMOXICILINA TRIHIDRATADA,AMOXICILINA MK® 
AMOXICILINA TRIHIDRATO,AMOXICILINA MK®
CEFALEXINA MONOHIDRATO,CEFALEXINA MK®
PARACETAMOL,TYLEX 750
PARACETAMOL,TYLEX 750
POLICRESULENO,ALBOTHYL
ACETAMINOFEN,WINASORB  NIÑOS SABOR A  CEREZA
ACETAMINOFEN,WINASORB NIÑOS SABOR A CEREZA
VER AL DORSO,CATAFLAM 
CARBAMAZEPINA,TEGRETOL
CLOPIDOGREL,PLAVIX
CLOPIDOGREL,PLAVIX
BETAHISTINA DIMESILATO,NOVIREX®
MONTELUKAST,SINGULAIR
MONTELUKAST SODICO,SINGULAIR
ACETATO DE OCTREOTIDA,SANDOSTATIN LAR
ACETATO DE OCTREOTIDA,SANDOSTATIN LAR
MEROPENEM,MERONEM
MEROPENEM,MERONEM
MEROPENEM,MERONEM
PANCREATINA + DIMETILPOLISILOXANO + BROMOPRIDE,ENZYPRIDE
CARBAMAZEPINA,TEGRETOL CR 200 
LEVOFLOXACINO,ELEQUINE
TETRAHIDROZOLINA CLORHIDRATO,VISINTES
MEBENDAZOL,RUZOL
VER AL DORSO,METRONIDAZOL ALFA 500 MG
NIFEDIPINA,NIFEDICOR RETARD 20
NIFEDIPINA,NIFEDICOR RETARD 30
NIFEDIPINA,NIFEDICOR RETARD 60
"METRONIDAZOL BASE, NISTATINA","METROMONA 500 MG + 100,000 UI"
VER AL DORSO,NUCLEO C.M.P. FORTE
MULTICOMPOSICION,NUCLEO C.M.P. FORTE
CEFUROXIMA AXETIL,ZINNAT
CEFUROXIMA AXETIL,ZINNAT
QUINFAMIDA,ETIMEBA 
AMBROXOL CLORHIDRATO+CLENBUTEROL CLORHIDRATO,BUTEN COMPUESTO
ISOTRETINOINA,ROACCUTANE                                                            
ISOTRETINOINA,ROACCUTANE 
ISOTRETINOINA,ROACCUTANE                                                            
VER AL DORSO,HYPERRHO® S/D
MULTICOMPOSICION,NEUROTROPAS 10 000 SINTESIS
TRIMETOPRIM + SULFAMETOXAZOL,BAXOLEX
KETOROLACO TROMETAMINA,KERADOL
TRIMETOPRIM + SULFAMETOXAZOL,BAXOLEX
RISPERIDONA,RISPERDAL
KETOROLACO TROMETAMINA,KERADOL
ERITROPOYETINA HUMANA RECOMBINANTE,ERITROPOYETINA
ERITROPOYETINA HUMANA RECOMBINANTE,ERITROPOYETINA 
ERITROPOYETINA HUMANA RECOMBINANTE,ERITROPOYETINA 
ERITROPOYETINA HUMANA RECOMBINANTE,ERITROPOYETINA 
ERITROPOYETINA HUMANA RECOMBINANTE, ERITROPOYETINA 
FILGRASTIM,FILGRASTIM
FILGRASTIM,FILGRASTIM
DIHIDRATO DE AZITROMICINA,AZITROMICINA MK®
DIHIDRATO DE AZITROMICINA,AZITROMICINA MK®
CITICOLINA SÓDICA,SOMAZINA
CITICOLINA SÓDICA,SOMAZINA
DICLOFENACO,DOLOTREN
DIGOXINA,DIGOXINA SINTESIS
VER AL DORSO,CLORXIMA
INTERFERON ALFA- 2B RECOMBINANTE,BIOFERON 3 MUI
INTERFERON ALFA 2B HUMANO RECOMBINANTE,BIOFERON 3 M U.I.
MULTICOMPOSICION,VITAMINAS NEUROTROPAS 5000
RAMIPRIL ,RAMIPRES 2.5
RAMIPRIL,RAMIPRES 5
PICOSULFATO SODICO,FISIOLAX
AMOXICILINA + ACIDO CLAVULANICO,CLAVULIN C /12
VER AL DORSO,CLAVULIN C/12
METANDROSTENOLONA,ANABOLEX
ENOXAPARINA SODICO,CLEXANE
ENOXAPARINA SODICA,CLEXANE 
ENOXAPARINA SODICA,CLEXANE 
CLORPROMAZINA CLORHIDRATO.,CLORPROMAZINA CLORHIDRATO.
MULTICOMPOSICION,"DORIXINA B1,B6,B12"
MULTICOMPOSICION,"DORIXINA B1,B6,B12"
DIMENHIDRINATO,DRAMANOL
DIMENHIDRINATO,DRAMANOL
DIMENHIDRINATO,DRAMANOL
VER AL DORSO,ELAFAX 75
OMEPRAZOL,INHIBITRON
CLORHIDRATO DE AMBROXOL,MUCOVIBROL
CLORHIDRATO DE AMBROXOL,MUCOVIBROL
NAPROXENO SODICO,DAFLOXEN
DICLOFENAC SODICO,DICLOFENAC ALFA 75mg / 3mL
DICLOFENAC SODICO,DICLOFENAC ALFA 75 MG / 3 ML
SILDENAFIL CITRATO,PRONAC
SILDENAFEL CITRATO,PRONAC
ALBUMINA HUMANA,ALBUMINA - GCC
AMLODIPINA + LISINOPRIL ANHIDRO,MAXIDIPIN COMPUESTO
AMIKACINA SULFATO EQUIVALENTE A AMIKACINA BASE,AMIKACINA ALFA 500 MG/ 2 ML
AMIKACINA SULFATO EQUIVALENTE A AMIKACINA BASE,AMIKACINA ALFA 500 MG/ 2 ML
VER AL DORSO,FERFOLI
PIRACETAM,OXEBRAL® 
PICOSULFATO SÓDICO,ANARA
KETOCONAZOL,MYCONOL 400 MG
KETOCONAZOL MICRONIZADO,MYCONOL 2%
AMOXICILINA TRIHIDRATO EQUIVALENTE A AMOXICILINA BASE,AMOXICILINA 125 MG / 5 ML
PROPINOXATO HCL,DAPRINOL®
SIMVASTATINA,ZOCOR
SIMVASTATINA,ZOCOR                                                                 
METAMIZOL SODICO (DIPIRONA),NEO-MELUBRINA
ALBÚMINA HUMANA,ALBÚMINA SÉRICA HUMANA 20% UNC
TRAMADOL CLORHIDRATO,TRAMAL LONG
PIRACETAM,OXEBRAL®
ALPRAZOLAM,ALPRAZOLAM MK
ZOPICLONA,INSOMIN
EXTRACTO SECO DE HOJAS DE HIEDRA,ABRILAR EA 575
EXTRACTO SECO DE HOJAS DE HIEDRA,ABRILAR EA 575
VER AL DORSO,CALCIO-ALFA
ACEITE DE PESCADO,OMEGA MAX
CARBONATO DE CALCIO / VITAMINA D3,OSTEBON® D
CARBONATO DE CALCIO,OSTEVIT®  
EXTRACTO LIQUIDO DE RAICES DE PELARGONIUM SIDOIDES,RENIKAN
EXTRACTO ETANÓLICO (30% W/W) SECO DE HOJAS DE HIEDRA,ROWETOS
VER AL DORSO,OMACOR
MULTICONCENTRACION,HEXAVITAMIN
VITAMINA A,VITAMINA A
VITAMINA E,VITAMINA E
VER AL DORSO,SAFLOX-D
VITAMINA E ACETATO (DL ALFA TOCOFEROL ACETATO),VITAMINA E
VER AL DORSO,ACEITE DE HÍGADO DE BACALAO & VITAMINA C
VER AL DORSO,BETAMIL
MULTICOMPOSICIÓN,URINARY MAINTENANCE
VER AL DORSO,VITAMINA E - ALFA
"EPA, DHA",OMEGA - 3 ALFA
VER AL DORSO,RABANO YODADO CON CALCIO-RANGEL
ACEITE DE PESCADO,ACEITE DE PESCADO 1000 MG
MULTICOMPOSICIÓN,ALJ
MULTICOMPOSICIÓN,ALJ
MULTICOMPOSICION,DALAI
ACEITE DE PARTES AÉREAS DE MENTA / MENTHA X PIPERITA,PEPPERMINT OIL / ACEITE DE MENTA
LECITINA DE SOYA,VITA VIGOR LECITINA DE SOYA 1200 MG 
MULTICOMPOSICIÓN,ECHINACEA / GOLDEN SEAL (ECHINACEA / SELLO DE ORO)
MULTICOMPOSICION,BONANOITE
MULTICOMPOSICION,BONANOITE
VITAMINA A +VITAMINA D,VITAMINA AD 3000 UI + 300 UI
ACEITE DE HOJAS DE ÁRBOL DE TE / MELALEUCA ALTERNIFOLIA,TEA TREE OIL (ACEITE DE ARBOL DE TE)
TRANSFER FACTOR XF (PROTEÍNA DE CALOSTRO BOVINO),"4LIFE TRANSFER FACTOR CLASSIC"
VER FORMULA,"4LIFE TRANSFER FACTOR PLUS TRI­-FACTOR FORMULA"
MULTICOMPOSICION,SAFLOX
MULTICOMPOSICION,"4LIFE TRANSFER FACTOR BELLE VIE"
ACEITE DE NIAULI (GOMENOL),GOMENOL 20%
ACEITE DE NIAULI (GOMENOL LIQUIDO),GOMENOL 10%
EXTRACTO DE HOJA DE GINKGO / GINKGO BILOBA,GINKGO BILOBA EXTRACT/ GINKGO BILOBA EXTRACTO
GLUCOMANNAN,FIBRACK
VER AL DORSO,"4 LIFE TRANSFER FACTOR TRI-FACTOR FORMULA "
EXTRACTO ETANÓLICO DE FLORES DE MANZANILLA,CORDIAL DE MONELL
HEDERA HELIX,MUCOLIT
VER AL DORSO,SUPER OMEGA 3 EPA
EXTRACTO DE HEDERA HELIX,BRONQUILAR 
VER AL DORSO,SYMPATHYL
SENOSIDOS A Y B,SENOKOT
PROBIOTICOS,MULTIFLORA MEGALABS
PROBIOTICOS,MULTIFLORA MEGALABS PLUS
VER AL DORSO,SENOKOT
VER AL DORSO,SENOKOT
ACETATO DL-ALFA TOCOFERILO (VITAMINA E),VITA - VIGOR VITAMINA E
ACETATO DL-ALFA TOCOFEROL (VITAMINA E),VITA - VIGOR VITAMINA E
ARROZ DE LEVADURA ROJA EN POLVO / MONASCUS PURPUREUS,"NATURE´S SUNSHINE, RED YEAST RICE"
PELARGONIUM SIDOIDES.,RENIKAN
MULTICOMPOSICIÓN,MEN’S FORMULA
VER AL DORSO,MULTIFLORA ROEMMERS
PROBIOTICOS,MULTIFLORA MEGALABS
PELARGONIUM SIDOIDES.,RENIKAN
PROBIOTICOS,POLIRESTORE ROWE PLUS
PROBIOTICOS,POLIRESTORE ROWE
EXTRACTO SECO DE HOJA DE CASSIA ANGUSTIFOLIA VAHL,CIRUELAX MINITABS
MULTICOMPOSICION,ZORRITONE CARAMELOS SABOR MIEL-LIMÓN
VER AL DORSO,ZORRITONE CARAMELOS SABOR CEREZA
MULTICOMPOSICIÓN,ZORRITONE CARAMELOS
MULTICOMPOSICION,CIRUELAX
MULTICOMPOSICION,EXTRACTO VIGORIZANTE.
VER AL DORSO,CIRUELAX FORTE 
MULTICOMPOSICION,PINO BLANCO
VER AL DORSO,PINO BLANCO
MULTICOMPOSICION,JARABE SACA-GRIP RANGEL
VER AL DORSO,SACA-GRIP RANGEL
DL-ALPHA TOCOFERILO ACETATO,API-E 
VER AL DORSO,RABANO CEBOLLA MIEL
"VITAMINA A , VITAMINA D",ACEITE DE HÍGADO DE BACALAO      
ACEITE ESENCIAL DE GOMENOL,GOMENOL
EXTRACTO DE MALTA,EXTRACTO DE MALTA
MULTICOMPOSICION,NUTRI­-CALM 
MULTICOMPOSICION,JARABE PECHO SANO RANGEL
MULTICOMPOSICION,"JARABE DE RÁBANO, CEBOLLA Y MIEL....(VER AL DORSO)"
MULTICOMPOSICION,ASMACIN
MULTICOMPOSICION,FOOD ENZYMES / ENZIMAS DIGESTIVAS
MULTICOMPOSICIÓN,REUMACETIN COMPLEX
MULTICOMPOSICION,ALJ
MULTICOMPOSICION,NATURE’S SUNSHINE COLOSTRUM WITH IMMUNE FACTORS
MULTICOMPOSICION,HSN-W
EXTRACTO FLUIDO DE RÁBANO YODADO,RABANO YODADO
VER AL DORSO,CIRUELAX TE
MULTICOMPOSICIÓN,HERBALIFE NUTRITION (VER AL DORSO)
EXTRACTO FLUIDO DE HOJAS DE HEDERA HELIX,BRONQUISEDAN
ACEITE DE PESCADO,OMEGASILIN ­- 1000
ACEITE DE LINAZA ORGÁNICO,OMEGASILIN ­-369
VER AL DORSO,UÑA DE GATO RAN-HEALTH
EXTRACTO SECO DE GINKGO BILOBA,GINKGO BILOBA RAN-HEALTH
VER AL DORSO,GARCINIA CAMBOGIA RAN-HEALTH
COLAGENO HIDROLIZADO,IBERCOLAG 
VER AL DORSO,NAT2YOU GINGER ROOT
VER AL DORSO,VITA VIGOR OYSTER SHELL CALCIUM
VER AL DORSO,VINACALD 1000
VER AL DORSO,TE VERDE RAN-HEALTH
MULTICOMPOSICION,SABILA-CEBOLLA-RABANO-BERRO-MIEL LABOCONT
VER AL DORSO,BOLA DE GOLPE INMENOL
MULTICOMPOSICIÓN,VIUSID
DL-ALFA TOCOFEROL ACETATO,VINACALD 400
ACIDO ASCÓRBICO (VITAMINA C 97%),VITA VIGOR VITAMINA C
ACIDO ASCÓRBICO (VITAMINA C 97%),VITA VIGOR VITAMINA C
EXTRACTO DE HOJAS DE HIEDRA DESECADAS (HEDERA HELIX),SUED HEDERAX 
VER AL DORSO,DBT-500
MULTICONCENTRACION,AGEX SOY
MULCOMPOSICION,RIÑO-CAL
MULTICOMPOSICION,RIÑO-CAL
PSYLLIUM PLANTAGO,PLANTAFIBER PSYLLIUM PLANTAGO SABOR NATURAL
LIMOSILACTOBACILLUS REUTERI PRODENTIS,BIOGAIA PRO TECTIS
MULTICOMPOSICION,"4 LIFE TRANSFER FACTOR CARDIO"
VER AL DORSO,NAT2YOU GREEN COFFEE 500 MG
VER AL DORSO,SLENDESTA VITA VIGOR 
MULTICOMPOSICION,GRACIL RANGEL
MULTICOMPOSICION,PINO BLANCO COMPUESTO
MULTICOMPOSICION,RIÑO-CAL
ACEITE DE SALMÓN DE ALASKA,MEMBER´ SELECTION 100% ALASKAN SALMON OIL 1200 mg
CASCARA DE PSYLLIUM HUSK,FIBRA-FLAT SABOR MANZANA
ACEITE DE HÍGADO DE BACALAO,ACEITE DE HÍGADO DE BACALAO SABOR A UVA
VER AL DORSO,EMULSION BRITANIA SABOR A UVA
VER AL DORSO,GARCINIA CAMBOGIA Y CHITOSAN RAN-HEALTH
GLUCOSA MONOHIDRATO,GLUC-UP FAES FARMA
MULTICOMPOSICION,EMULSION DE IRLANDA FRUTAS TROPICALES
MULTICOMPOSICION,EMULSION DE IRLANDA CEREZA
MULTICOMPOSICION,EMULSION DE IRLANDA NARANJA
MULTICOMPOSICION,JARABE NATURAL PLAQUE-PLUS RANGEL
LIMOSILACTOBACILLUS REUTERI PRODENTIS,BIOGAIA PRODENTIS
EXTRACTO DESECADO DE HOJA DE HIEDRA (HEDERA HELIX),BROPIX
GLUCOSAMINA SULFATO + CONDROITIN SULFATO,OSTEOREUMIN
VITAMINA E (COMO DIALFA TOCOFERIL ACETATO),VITAMINA E 400 UI (LINEA INTRALAB)
MULTICOMPOSICION,CLEANSTART WILDBERRY
GLUCOSAMINA SULFATO + CONDROITIN SULFATO,GLUCONDROIN FLEX
MULTICOMPOSICIÓN,ARMONIL TOTAL BMA
MULTICOMPOSICION,COMPUESTO VEGETAL DE LA SEÑORA CELIA
GINKGO BILOBA EXTRACTO DE HOJAS,MEMBER´ SELECTION  GINKGO BILOBA 
CASCARA DE PSYLLIUM HUSK,FIBRAFLAT (SABOR NATURAL)
BICARBONATO DE SODIO,BICARBONATO
EXTRACTO DE NARANJA + EXTRACTO DE AYAK WILLKU,WARMI
VER AL DORSO,WARMI CAPSULA
VER AL DORSO,WARMI
HEDERA HELIX,FLUDITOS
MULTICOMPOSICION,"4 LIFE TRANSFER FACTOR REFLEXION "
MULTICOMPOSICION,"4LIFE TRANSFORM WOMAN "
MULTICOMPOSICION,"4LIFE TRANSFORM BRN"
MULTICOMPOSICION,"4LIFE TRANSFORM MAN"
ÁCIDO BÓRICO,ÁCIDO BÓRICO
LACTOSA MONOHIDRATADA,LACTOSA
LACTOSA MONOHIDRATADA,LACTOSA
VER AL DORSO,PROSEREN
MULTICOMPOSICION,PROSTIBEN 
PLANTAGO PSYLLIUM,METAMUCIL SABOR NARANJA POLVO
ACEITE DE HÍGADO DE BACALAO,ACEITE DE HIGADO DE BACALAO SABOR A FRUTAS 
VER AL DORSO,EMULSION BRITANIA SABOR A FRUTAS
VER AL DORSO,BIOTROFER 
EXTRACTO SECO DE HOJAS DE HIEDRA (HEDERA HELIX).,ABRILAR EA 575
EXTRACTO SECO DE HOJAS DE HIEDRA (HEDERA HELIX).,ABRILAR EA 575
ALUMBRE DE POTASIO,ALUMBRE
CAPSAICINA,HANSAPLAST PARCHE TÉRMICO LEÓN CON CAPSAICINA
SAW PALMETTO (SERENOA REPENS),SAW PALMETTO RAN-HEALTH
ACEITE DE HÍGADO DE BACALAO,ACEITE DE HÍGADO DE BACALAO SABOR A CEREZA  
VER AL DORSO,EMULSION BRITANIA SABOR A CEREZA
VITAMINA E/ DL-ALPHA TOCOFERILO ACETATO,API-E
PROBIOTICOS,MULTIFLORA MEGALABS ADVANCE
MULTICOMPOSICION,"RÁBANO, CEBOLLA, MIEL, Y ACEITE DE HÍGADO DE BACALAO"
VER AL DORSO,"RÁBANO, CEBOLLA, MIEL Y ACEITE DE HÍGADO DE BACALAO"
EXTRACTO FLUIDO DE PINO BLANCO,PINO BLANCO DISFARIQ
EXTRACTO DE ÁRNICA,LEÓN ÁRNICA HANSAPLAST PARCHE CUTÁNEO
COLA DE CABALLO (EQUISETUM ARVENSE L ),COLA DE CABALLO RAN-HEALTH 
ACEITE DE PESCADO,MEMBER´ SELECTION OMEGA-3  FISH OIL
LACTOBACILLUS RHAMNOSUS GG,VIVERA
VER AL DORSO,PASINERVA
MULTICOMPOSICION,GLUCOCARE
MULTICOMPOSICION,LIVERCARE
EXTRACTO SECO DE SEMILLA DE VITIS VINÍFERA L.,SUPERAN
GARCINIA CAMBOGIA,GARCINIA
VER AL DORSO,HEDERATOS 
VER AL DORSO,BIOTOS INMUNE PEDIATRICO
VER AL DORSO,CISTICRAN PLUS PAC
VER AL DORSO,CISTICRAN PLUS PAC
EXTRACTO DE GRAMA,RENALOF
EXTRACTO SECO DE HOJAS DE HIEDRA,HEDELIX
​RESVERATROL/VITAMINA E (ALFATOCOFEROL ACETATO),FRAMINTROL
EXTRACTO DE HEDERA HELIX,HEDERATOS
"ACEITE DE PESCADO (ACIDO GRASO OMEGA-3, EPA Y DHA)",MEMBER´ SELECTION  TRIPLE STRENGTH OMEGA-3
EXTRACTO DE HEDERA HELIX,HEDERATOS
EXTRACTO DE ARÁNDANO ROJO AMERICANO + NOXAMICINA,CISTICRAN NOX 72 MG 
VER AL DORSO,CISTICRAN NOX 72MG
Ashwagandha (Withaniasomnifera L.),ASHWAGANDHA
ASHWAGANDHA (WITHANIA SOMNIFERA L.),ASHWAGANDHA
EXTRACTO SECO DE HOJAS DE HIEDRA,HEDELIX
"EXTRACTO FLUIDO DE MACA, EXTRACTO FLUIDO DE DAMIANA",JARABE RE-4 FEMENINO 
VER AL DORSO,BIOTOS GUTIS INMUNE
VER AL DORSO,BIOTOS GUTIS INMUNE
VER AL DORSO,BIOTOS GUTIS INMUNE 
EXTRACTO SECO DE RAÍZ DE PELARGONIUM,JAQUAM
EXTRACTO SECO DE RAÍZ DE PELARGONIUM,JAQUAM
ESPORAS DE BACILLUS CLAUSII,BACLAUSI
MULTICOMPOSICIÓN,"4LIFE TRANSFER FACTOR GLUCOACH"
VER AL DORSO,DOLNIX
VER AL DORSO,DOLNIX DIGEST
VER AL DORSO,UCRAMIL
VER AL DORSO,KAMILLOSAN SPRAY BUCAL 
LIMONSILACTOBACILLUS REUTERI DSM 17938,BIOGAIA PROTECTIS LIMÓN
BACOPA MONNIERI (EXTRACTO SECO),COGNITUS
MULTICOMPOSICION,DAEHA
PREBIÓTICOS Y PROBIÓTICOS,DAEHA
PREBIÓTICOS Y PROBIÓTICOS,DAEHA
MULTICOMPOSICION,DAEHA
PREBIÓTICOS Y PROBIÓTICOS,DAEHA
MIEL DE ABEJA + SAL DE BORAX + ACEITE ESENCIAL DE ROSA,ROSMIEL
VER AL DORSO,MOVISIL® DUO
EXTRACTO DE EQUINACEA (1) (ECHINACEA PUPUREA) (HIERBA),EXTRACTO ECHINACEA VIJOSA 
SEMILLAS DE PSYLLIUM MUCILOIDE,MUCILAN
SEMILLAS DE PSYLLIUM MUCILOIDE,MUCILAN
LIMOSILACTOBACILLUS REUTERI GASTRUS,BIOGAIA GASTRUS 
MULTICOMPOSICIÓN,SINUS SUPPORT EF (SOPORTE PARA LOS SENOS NASALES)
VER AL DORSO,CONTRAVARIS
PELARGONIUM SIDOIDES,BIODEFENZ®
PREBIÓTICOS Y PROBIÓTICOS.,DAEHA PS
PREBIÓTICOS Y PROBIÓTICOS.,DAEHA PS
BACILLUS CEREUS,BIOVICERIN
MULTICONCENTRACIÓN,NATURE´S BOUNTY CALCIUM - MAGNESIUM - ZINC
VER AL DORSO,KIDSOLITE 
MULTICOMPOSICION,SACA-GRIP RANGEL TÉ
SILIBINA,SILIPAT MEFASA FARMA
HEDERA HELIX,HEDERA HELIX ALFA
MULTICOMPOSICIÓN,IBEROGAST NATURAL
MULTICOMPOSICIÓN,IBEROGAST NATURAL
MULTICOMPOSICIÓN,IBEROGAST NATURAL
EXTRACTOS HERBARIOS EN COMBINACION,FORMULA DORMIR Y CALMARSE VIJOSA CON MELATONINA
VER AL DORSO,SORIA NATURAL® COMPOSOR 08 ECHINA COMPLEX XXI
MULTICOMPOSICIÓN,KAL® QUERCETIN REACTA-C BROMELAIN
MULTICOMPOSICION,SOLARAY® TRIPLE STRENGTH RESVERATROL
Multicomposición,Nature Bounty Evening Primrose Oil
EXTRACTO SECO DE HEDERA HELIX,ABELIT 
ORIGANUM VULGARE L.,SORIA NATURAL ACEITE ESENCIAL DE ORÉGANO
VER AL DORSO,PROSTAMOL
ROSMARINUS OFFICINALIS L.,SORIA NATURAL ACEITE ESENCIAL DE ROMERO
PELARGONIUM SIDOIDES Y ECHINACEA PURPUREA,BIODEFENZ® PLUS PEDIATRICO
PELARGONIUM SIDOIDES Y ECHINACEA PURPUREA,BIODEFENZ® PLUS
SULFATO DE SODIO,LIMONADA D-VICHI
MULTICOMPOSICION,"SUPER GLUCOSAMINA 1,500 mg NORDIC"
ÁCIDO BÓRICO,BORALASCO  
EXTRACTO SECO DE CASSIA ANGUSTIFOLIA,CIRUELAX ®FORTE NF
EXTRACTO SECO DE CASSIA ANGUSTIFOLIA,CIRUELAX ®NF
EXTRACTO DE ALOE VERA,JEC FARMACEUTICO SABILA ALOE VERA 300 mg
ACEITE DE PESCADO 18/12 + ACEITE DE SOJA,JEC FARMACEUTICO OMEGA 3 ACEITE DE AGUA PROFUNDA
"L-TAURINA, LUTEINA Y EXTRACTO DE BILBERRY",FORMULA VISION VIJOSA CON LUTEINA 
VER AL DORSO,NAT2YOU OMEGA 369
GLICIRRICINATO DE AMONIO,EPIGEN SPRAY
SALICILATO DE METILO,FRICCIÓN PODEROSA
COLAGENO HIDROLIZADO,MOVISIL
COLECALCIFEROL DE ACEITE DE PESCADO,MASON NATURAL D3 2000 IU (50 MCG)
COLECALCIFEROL DE ACEITE DE PESCADO,MASON NATURAL D3 5000 IU (125 MCG)
HEDERA HELIX,ALFAPLUS
VER AL DORSO,FORTIPLEX OMEGA 3
VER AL DORSO,"OMEGA  369 1,200 MG"
MULTICOMPOSICION,COREMIND
MULTICOMPOSICION,EUPASAN
MULTICOMPOSICION,BROTISOL-C 
PROPÓLEOS ESTABILIZADO,PROPOLEO-D NF
PROPÓLEOS ESTABILIZADO,PROPÓLEO-D 
PROPÓLEOS ESTABILIZADO,PROPÓLEO-­D NF
VER AL DORSO,CO Q-10
PROPÓLEOS ESTABILIZADO,PROPOLEO­-D ALGINATO
VER AL DORSO,NAT2YOU JENGIBRE Y CÚRCUMA 
VER FORMULA,FORMULA COLON SALUDABLE  VIJOSA CON FIBRA CAPSULAS
EXTRACTO DE BUTCHERS BROOM (RUSCUS ACULEATUS/RUSCO),FORMULA PIERNAS Y VENAS VIJOSA
ACEITE DE CÁRTAMO,OMEGA 500 MG
EXTRACTO DE CÚRCUMA ( CURCUMA LONGA),EXTRACTO TURMERIC CURCUMA VIJOSA
EXTRACTO DE RESVERATROL ( POLYGONUM CUSPIDATUM),EXTRACTO RESVERATROL VIJOSA
EXTRACTO DE MELISA ( MELISSA OFFICINALIS),ESTRES FORMULA VIJOSA
 LECITINA DE SOYA,LECITINA 1200 MG
VER AL DORSO,NAT2YOU OMEGA 3 FISH OIL 1000 MG
POLIFARMACOS NATURALES,RP ALOPECIL
POLIFARMACOS NATURALES,ROMPE TO RT
PROPÓLEOS ESTABILIZADO,PROPÓLEO­-D
MULTICOMPOSICION,FORMULA DETOX HEPATICA VIJOSA
EXTRACTO DE SAW PALMETTO (SERENOA REPENS),PRESIMAX
VER AL DORSO,UMESIN MATERNAL
VITAMINA E,NANVIT E 
ESPORAS DE BACILLUS CLAUSII,DEOFLORA PLUS
ESPORAS DE BACILLUS CLAUSII,PROBIOFLOR PLUS
VER AL DORSO,NASALTREX
VITAMINA E (DL-ALFA TOCOFEROL ACETATO),VITAMINA E 1000 UI
VITAMIN E (DL-ALFA TOCOFEROL ACETATO),VITAMINA E 400 UI 
PROPÓLEOS ESTABILIZADO, AFTAFIN
GINKGO BILOBA,MASON NATURAL GINKGO BILOBA
ESPORAS DE BACILLUS CLAUSII,DEOFLORA
ESPORAS DE BACILLUS CLAUSII,PROBIOFLOR
VER AL DORSO,MULTIFLORA TRANSIT KIDS
PROPÓLEOS,EUCAMIEL 
VER AL DORSO,NATURE` S GARDEN COLON LIVE 
VER AL DORSO,OVARINA 
"NOPAL, AVENA, LINAZA + PECTINA E INULINA","NATURE'S GARDEN NOPAL, AVENA, LINAZA+PECTINA E INULINA "
"NOPAL, AVENA, LINAZA + PECTINA E INULINA",NATURE'S GARDEN NOPAFIBER
VER AL DORSO,PROSTALEX
VER AL DORSO,EUCAMIEL 
VER AL DORSO,"JENGIBRE, MIEL Y VITAMINA C"
VER AL DORSO,BIOTERAL U
VER AL DORSO,BIOTERAL V
MULTICOMPOSICIÓN,KAL® SÚPER ENZIMAS
VER AL DORSO,MASON NATURAL B12 
GLUCONATO DE ZINC,MASON NATURAL ZINC 
VALERIANA,MASON NATURAL VALERIAN ROOT 
MULTICOMPUESTOS NATURALES,BOMBAZO 
VITAMINA E,VITAMINA E               
MULTICOMPOSICION,ZUMO ALOPECIL ANTICATARRAL.
MULTICOMPOSICION,MIEL BALSAMICA ALOPECIL.
VER AL DORSO,ALOPECIL CEREBRINA
MULTICOMPOSICION,DUQUESA DE PARIS
MULTICOMPOSICION,PREHISAN
VER AL DORSO,MENTSII  / ACEITE DE MENTA 187 MG
MULTICOMPOSICION,PONCHE P-AST 
MULTICOMPOSICION,MULTIFLORA TRANSIT ADULTOS
MULTICOMPOSICION,MULTIFLORA TRANSIT SENIOR
MULTICOMPUESTOS NATURALES,DIGESTIVO NATURAL 
HEDERA HELIX L. / COPTIS CHINENSIS FRANCHET,SITOCURA
SERENOA REPENS / PYGEUM AFRICANUM,SERECUR® DUO
MULTICOMPOSICION,FORMULA ÁRABE.
MULTICOMPOSICION,MIEL BRONQUIAL
ACEITE DE PESCADO,OMEGA 3-1000 MG
MENTOL + SALICILATO DE METILO,MEGAX - M
MENTOL + SALICILATO DE METILO,MEGAX - M
VER AL DORSO,KALEIDON ULTRA 
LACTOBACILLUS RHAMNOSUS + LACTOBACILLUS HELVETICUS,KALEIDON AD
VER AL DORSO,SACA-GRIP RANGEL INMUNE
MULTICOMPUESTOS NATURALES,FORTE PROST
SIDERITIS HISOPIFOLIA,ALMOSTOP
ACEITE DE HIGADO DE BACALAO + VITAMINA A + VITAMINA D3,ACEITE DE HIGADO DE BACALAO ALFA
VER AL DORSO,MASON NATURAL B-12 1000 MCG
BICARBONATO DE SODIO,BICARBONATO DE SODIO 
VER AL DORSO,VAPORIN ( VER AL DORSO)
VER AL DORSO,SACA-GRIP RANGEL INMUNE JUNIOR
MULTICOMPOSICION,SACA-GRIP RANGEL INMUNE SPRAY
MULTICOMPOSICION,ALTA D-FEN INMUNE
MULTICOMPOSICION,FILTRA-SAN
MILTICOMPOSICIÓN,NATURE'S TRUTH K-2 + MK-7 (VER AL DORSO)
MULTICOMPUESTOS NATURALES.,DEPURATIVO MUFELIM
MULTICOMPUESTOS NATURALES.,LIFEMIN (COMPUESTO VEGETAL)
VER AL DORSO,NATURE´S GARDEN PROSTALEX ADVANCE
MULTICOMPUESTOS NATURALES,PONCHE VITAL ALOPECIL
MULTICOMPUESTOS NATURALES,DEPURATIVO SIGLO 22
BACILLUS CLAUSII UBBC-07,DEOFLORA PLUS 
BACILLUS CLAUSII UBBC-07,DEOFLORA 
HEDERA HELIX L. + PELARGONIUM SIDOIDES,MUXELIX PS 
BACILLUS CLAUSII UBBC­07,PROBIOFLOR PLUS
BACILLUS CLAUSII UBBC-07,PROBIOFLOR 
HEDERA HÉLIX L,MUXELIX 
CINEOL (EUCALIPTO),SINOLPAN FORTE
VER AL DORSO,NAT2YOU MECD AJO +  PEREJIL + CLOROFILA
ACEITE DE PESCADO ACIDOS GRASOS OMEGA 3 (EPA Y DHA),OMEGA 3 
MELAZA,MELASANA
VER AL DORSO,NAT2YOU MECD SAW PALMETTO
HEDERA HELIX,HEDERA HELIX
CLORURO DE SODIO,SINUS RINSE ADULTO
CLORURO DE SODIO,SINUS RINSE PEDIATRICO
CLORURO DE SODIO,NASAMIST ISOTONICO  
CLORURO DE SODIO,NASAMIST HIPERTONICO
ACIDO ASCÓRBICO (VITAMINA C 95%),VITA VIGOR VITAMINA C
COLÁGENO HIDROLIZADO + EXTRACTO DE CÚRCUMA,MOVISIL® MAX
MULTICOMPOSICIÓN,KAL® LECITHIN 
CROMO (COMO PICOLINATO DE CROMO),NATURE’S TRUTH CHROMIUM PICOLINATE
POTASIO (COMO CITRATO DE POTASIO),KAL POTASSIUM 99 CITRATE
CLOROFILINA,KAL CHLOROPHYLL
VER AL DORSO,SOLARAY PASSION FLOWER
VITAMINA K (COMO FILOQUINONA),KAL VITAMIN K
EXTRACTO SECO DE JENGIBRE,ANTIMETIL
BIOTIN (COMO D-BIOTINA),NATURE’S TRUTH BIOTIN
BIOTIN (COMO D-BIOTINA),NATURE'S TRUTH BIOTIN
MULTICOMPOSICIÓN,KAL STRESS B-COMPLEX
VER AL DORSO,ECLECTIC GINKGO
ÁCIDO ALFA LIPOICO,KAL ALPHA LIPOIC ACID 
MULTICOMPOSICIÓN,SOLARAY® PROSTATE DEFENSE
MULTICOMPOSICIÓN,SOLARAY SPECTRO WOMAN
VER AL DORSO,SOLARAY CASCARA SAGRADA BARK
VER AL DORSO,SOLARAY GINKGO BILOBA
MULTICOMPOSICIÓN,LAC STEMC
VER AL DORSO,SACA-GRIP RANGEL TÉ CHINOLA 
VER AL DORSO,SACA-GRIP RANGEL TE LIMON 
MULTICOMPOSICIÓN,ECLECTIC BLOOD SUGAR BALANCE
MULTICONCENTRACIÓN,QUERCETIN WITH BROMELAIN 
VER AL DORSO,EUROMUCIL PSYLLIUM PLANTAGO OVATA SABOR LIMON
ESPORAS DE BACILLUS CLAUSII + ZINC(COMO CITRATO TRIHIDRATO),DEOFLORA INMUNE
BIOTIN (COMO D-BIOTINA),NATURE’S BOUNTY BIOTIN 
"POLVO DE FRUTA DE PAPAYA, POLVO DE BROMELINA",NAT4YOU  PAPAYA ENZYMA 
VER AL DORSO,EUROMUCIL PSYLLIUM PLANTAGO OVATA SABOR NATURAL
MULTICOMPOSICION,PROSTA-NAT
ESPORAS DE BACILLUS CLAUSII + ZINC(COMO CITRATO TRIHIDRATO),PROBIOFLOR INMUNE
VER AL DORSO,WELTEK- GETFIT
VER AL DORSO,OVEFLEX
MULTICOMPOSICION,NUTRILITE™ SERENOA REPENS Y RAÍZ DE ORTIGA
D-PANTOTENATO DE CALCIO/L-TIROSINA,STRESS DEFENDER
MULTICOMPOSICIÓN,IMPERIAL ELIXIR GINSENG AND ROYAL JELLY
VER AL DORSO,NAT4YOU  ASHWAGANDHA-2100MG 
MULTICOMPOSICIÓN,KAL® MULTISAURUS
MULTICOMPOSICION,SOLARAY GARLIC BULB & PARSLEY LEAF 
MULTICOMPOSICIÓN,ECLECTIC ECHINACEA GOLDENSEAL
GOLDENSEAL SILVESTRE,ECLECTIC SELLO DORADO LIQUIDO
MULTICOMPOSICIÓN,ECLECTIC KIDS ECHINACEA GOLDENSEAL ORANGE FLAVOR
MULTICOMPOSICIÓN,ECLECTIC ECHINACEA GOLDENSEAL
VER AL DORSO,SOLARAY ALCACHOFA
VER AL DORSO,SOLARAY VITAMIN A
VER AL DORSO,DHA – ACEITE DE PESCADO
MULTICOMPOSICION,TESTO JACK 200
INOSITOL,SOLARAY INOSITOL
INOSITOL,KAL INOSITOL
MULTICOMPOSICIÓN,SOLARAY SUPER ALOE VERA GEL
AMORPHOPHALLUS KONJAC,HYDRON
VER AL DORSO,MUXELIX ULTRA 
VER AL DORSO,SAVAL EQUIPLUS 
SAW PALMETTO,SAW PALMETTO ALFA 
EXTRACTO DE ARÁNDANO + D-MANOSA,CISTICRAN ULTRA PAC 
VER AL DORSO,WELTEK - OMEGA
POLVO DE RAIZ DE MACA,NAT4YOU  MACA 
VER AL DORSO,NAT4YOU  TURMERIC PLUS + CURCUMIN 
MULTICOMPUESTOS NATURAL.,ZUMO 10 EN 1
VER AL DORSO,NATURLAX FORTE 
VER AL DORSO,RELAJAN-T RANGEL
VER AL DORSO,PROSTA-NAT FORTE
MULTICOMPUESTOS NATURAL,PONCHE DESPARASITANTE ALOPECIL
ACEITE DE HÍGADO DE BACALAO + VITAMINA C,EMULSION BRITANIA SABOR NARANJA 
MULTICOMPUESTOS NATURALES,PONCHE ADELGAZANTE ALOPECIL 
MULTICOMPUESTOS NATURALES,LAXANTE NATURAL ALOPECIL 
VER AL DORSO,COMPUESTO VEGETAL SARA RANGEL 
LUTEÍNA,NATURE’S BOUNTY LUTEIN
VER AL DORSO,NATURE’S BOUNTY TURMERIC
VITAMINA D3 (COMO D3 COLECALCIFEROL),NATURE’S TRUTH VITAMINA D3
MULTICOMPOSICIÓN,NATURE’S TRUTH HYDROLYZED (VER AL DORSO)
NMN (MONONUCLEÓTIDO DE NICOTINAMIDA),LAC NMN POWDER
VER AL DORSO,EXTRACTO DE PERSEA GRATISSIMA (VER AL DORSO)
VER AL DORSO,BIOHEFORTE B1
COLA DE CABALLO (EQUISETUM ARVENSE) (AÉREA),SOLARAY HORSETAIL - COLA DE CABALLO
MELATONINA - VITAMINA B-6 (COMO HCI PIRIDOXINA),KAL MELATONINA 
MULTICOMPOSICIÓN,LAC PROBIOTIC COMPLEX 25 BIL
MULTICOMPOSICIÓN,LAC PROBIOTIC COMPLEX 50 BIL
MULTICOMPOSICIÓN,LAC PROBIOTIC COMPLEX 75 BIL
MULTICOMPOSICIÓN,LAC PROBIOTIC COMPLEX 100 BIL
MULTICOMPOSICION,SOLARAY SPIRULINA
MULTICOMPOSICION,SOLARAY GLUCOSAMIN CHONDROITINHA
MULTICOMPOSICIÓN,KAL ULTRA OMEGA 3-6-9
MACA (LEPIDIUM MEYENII) (RAÍZ),SOLARAY MACA ROOT
VER AL DORSO,SOLARAY BIO VITAMINA E CON SELENIO
MULTICOMPOSICIÓN,PROFI BCAA MEGA CAPS
MAGNESIO (COMO OXIDO DE MAGENSIO),NATURE’S BOUNTY MAGNESIUM  
MULTICOMPOSICIÓN,SOLARAY MICROBIOME PROBIOTIC URGENT CA
MULTICOMPOSICIÓN,SOLARAY SUPER MULTIDOPHILUS PROBIOTIC 24
VITAMINA B-12 (COMO CIANOCOBALAMINA),NATURE’S BOUNTY VITAMIN B-12
MULTICOMPOSICIÓN,LAC WOMEN'S PROBIOTIC COMPLEX 30 BIL
MULTICOMPOSICIÓN,NATURE’S TRUTH PRENATAL VITAMINS & MINERALS + DHA
MULTICOMPOSICIÓN,"NATURE'S TRUTH HAIR, SKIN AND NAILS PLUS BIOTIN"
DHEA (DEHIDROEPIANDROSTERONA),KAL DHEA
MULTICOMPOSICION,SOLARAY VITAMIN C ECHINACEA
MAGNESIO (COMO CITRATO DE MAGNESIO),SOLARAY MAGNESIUM CITRATE
VER AL DORSO,NATURE'S TRUTH TRIPLE MAGNESIUM COMPLEX
FOLATO (ÁCIDO FÓLICO),NATURE'S TRUTH ACIDO FOLICO
VER AL DORSO,NATURE'S TRUTH VITAMINA A
VITAMINA B-6 (COMO CLORHIDRATO DE PIRIDOXINA),NATURE'S TRUTH B-6
L-CARNITINA (COMO L-CARNITINA L-TARTRATO), NATURE'S TRUTH L-CARNITINA
L-GLUTAMINA,GLUTAMINA MEGA CAPS
VALERIANA (VALERIANA OFFICINALIS) (RAÍZ),VER AL DORSO
VITAMINA E (COMO DL-ALFA ACETATO DE TOCOFERILO),NATURE’S BOUNTY E
HEDERA HELIX L.,MUXELIX
CASCARA DE PSYLLIUM PLANTAGO,FIBRA-FLAT 60%
VER AL DORSO,WELTEK FULJOINT
MULTICOMPOSICION,PROSTA-NAT
MULTICOMPOSICION,COMPUESTO VEGETAL SARA RANGEL 
COLECALCIFEROL,VITA VIGOR VITAMINA D3
CIMICÍFUGA RACEMOSA EXTRACTO RAÍZ,OVARINA GOLD NATURE´S GARDEN
VER AL DORSO,SOLARAY D3+K2
VER AL DORSO,CEREBRINA RANGEL
VER AL DORSO,PROSTA-NAT FORTE
VER AL DORSO,MOVISIL® PLUS
LACTOBACILLUS REUTERI 100 MILLONES + VITAMINA D 400 UI,SUOTIS D
CLOROFILA (CLOROFILINA),DYNAMIC HEALTH CHLOROPHYLL ULTRA
ASHWAGANDHA 5% WITHANÓLIDOS,MATSA ASHWAGANDHA
EXTRACTO SECO DE HOJAS DE HEREDAX HELIX,HEDERA HELIX ECONOFARMA 
LEVOTIROXINA SÓDICA,EUTIROX  
VER AL DORSO,VAPRESAN AH 320/5/12.5
VER AL DORSO,ATDOS UNION TRIO 320/10/25
BISOPROLOL FUMARATO/AMLODIPINO (COMO BESILATO),BIOBLOC - A 10/5
GLUCOSAMINA SULFATO + CONDROITIN SULFATO SODICO,SUPRAFLEX
BROMURO DE IPRATROPIO,I-PATRIMUL
GATIFLOXACINA (COMO SESQUIHIDRATO),POENGATIF FORTE
DESLORATADINA,ESPARFLIN
LEVETIRACETAM,DERINOE
DARATUMUMAB,DARZALEX
CITRATRO DE CALCIO GRANULADO / VITAMINA D3,CALCIBON D 800 UI TABLETAS RECUBIERTAS
MONOHIDRATO DE BOSENTAN,CANABOSEN
ETORICOXIB (D.C.I),ETONOR® 90 MG COMPRIMIDOS RECUBIERTOS CON PELÍCULA
IBUPROFENO,IBUPROFENO
VER AL DORSO,ATDOS UNION TRIO 320/10/12.5
BISOPROLOL HEMIFUMARATO / AMLODIPINO BESILATO,BIOBLOC A 5/5
BISOPROLOL HEMIFUMARATO / AMLODIPINO BESILATO,BIOBLOC A 5/10 
BISOPROLOL FUMARATO + AMLODIPINO,BIOBLOC - A 10/10
VALSARTAN,TERAPRES 160
RALTEGRAVIR,ISENTRESS
CEFTOLOZANO/ TAZOBACTAM,ZERBAXA
VER AL DORSO,BIOBLOC- A D 10/5/12.5 
VER AL DORSO,ATDOS UNION A 320/5
IRBESARTAN/ HIDROCLOROTIAZIDA,TENSIBER HCT 
SULFATO FERROSO,SULFATO FERROSO
AMBROXOL HCL,AMBROXOL 30 MG
MEBENDAZOL,MEBENDAZOL 100 MG
LEVETIRACETAM,CEUMID
MECOBALAMINA,MECOBALAMINA 500 MCG
SULFATO FERROSO,SULFATO FERROSO
VACUNA DE VIRUS VIVOS ATENUADOS DE VARICELA,VARIVAX
VACUNA DE VIRUS VIVOS ATENUADOS DE VARICELA,VARIVAX
VACUNA DE VIRUS VIVOS ATENUADOS DE VARICELA,VARIVAX
CEFALEXINA MONOHIDRATO,EROCETIN
MEROPENEM,ACUS ROEMMERS 1000
MEROPENEM,ACUS MEGALABS 1000
CALAMINA,LOCION DE CALAMINA 0.15%
FENOBARBITAL,FENOBARBITAL
SIMVASTATINA,SIMVASTATINA 40 MG
SULFADIAZINA DE PLATA,SULFADIAZINA DE PLATA (ARGENTICA) 1%
VERAPAMIL,VERAPAMIL 80 mg
CEFTRIAXONA SODICA HEMIHEPTAHIDRATO,ROWECEF 1 G IV
CLORPROMAZINA,CLORPROMAZINA 100 MG
CLORPROMAZINA,CLORPROMAZINA 25 mg
CLORPROMAZINA,CLORPROMAZINA 25 MG
CLOZAPINA,CLOZAPINA 25 MG
CLORPROMAZINA,CLORPROMAZINA 200 MG
CITRATO DE TOFACITINIB,XELJANZ XR
CITRATO DE TOFACITINIB,XELJANZ XR
KETOROLACO TROMETAMINA + CLORHIDRATO DE TRAMADOL,SUPRADOL DUET
OMEPRAZOL ­ BICARBONATO DE SODIO,INHIBITRON TWIT
VER AL DORSO,ATDOS - UNION TRIO 320/5/12.5
DARATUMUMAB,DARZALEX
NETUPITANT + PALONOSETRON,AKYNZEO 
VALSARTAN + HIDROCLOROTIAZIDA,ATDOS-UNION H 320/25
CLOBETASOL,DERMOVATE 0.05%
QUETIAPINA FUMARATO,TIQUEPIN 25 mg 
QUETIAPINA FUMARATO,TIQUEPIN 100 MG 
VER AL DORSO,ATDOS - UNION TRIO 160/10/12.5
LACTULOSA,LACTULOSA
CARVEDILOL,"CARVEDILOL 6,25 mg "
VALSARTÁN,ATDOS-UNION 320
TINIDAZOL / MICONAZOL,TINIDAZOL + MICONAZOL 
ETORICOXIB,ETICOXIB
PIRFENIDONA,ESGRINIL
DASATINIB,LITEDA
ACETATO DE ABIRATERONA,ZYTIGA
VER AL DORSO,ATDOS - UNION TRIO 160/5/25
ETORICOXIB,EUROCOXIB
ETORICOXIB,EUROCOXIB
ETORICOXIB,ETICOXIB
CLORHIDRATO DE MOXIFLOXACINO,PRAIVA 400 mg
MESILATO DE IMATINIB,APO-IMATINIB
GESTODENO + ETINILESTRADIOL,STACY
CLORHIDRATO DE PAROXETINA,PONDERA 20 mg
BRINZOLAMIDA + MALEATO DE TIMOLOL,AZARGA 
FULVESTRANT,FULVESTRANT 
FULVESTRANT,SELETIV
FUROATO DE MOMETASONA,DIMUXON® 
FUROATO DE MOMETASONA,DIMUXON®
NITRATO DE FENTICONAZOL,GINNA
ESCITALOPRAM OXALATO EQ. A ESCITALOPRAM,CONECT 10 mg
DUTASTERIDA + TAMSULOSINA CLORHIDRATO,TAMSULON DUO
ACEBROFILINA,FILINAR G
BLEOMICINA,BLEOSEVEN 15
ÁCIDO MEFENAMICO,PONSTAN® 500MG 
DOXILAMINA SUCCINATO + CLORHIDRATO DE PIRIDOXINA,PLENALIV
TRAVOPROST + TIMOLOL,DUOTRAV
GEMCITABINA,GEMCISEVEN 200 mg
CANDESARTAN CILEXETIL + HIDROCLOROTIAZIDA,CARDIRIT-H 32/12.5
ETINILESTRADIOL + ACETATO DE CIPROTERONA,ACREA
OXALATO DE ESCITALOPRAM,CONECT 20 mg
PERAMPANEL,PYXIS 4   
PERAMPANEL,PYXIS 6
ETORICOXIB,XUMER
ETORICOXIB,XUMER
ETORICOXIB,XUMER
BETAHÍSTINA,BETISTIN 16 mg
GEMCITABINA,GEMCISEVEN 1000 MG
VER AL DORSO,GEMCITABINA LAM  200 mg
GEMCITABINA CLORHIDRATO,GEMCITABINA LAM 1000 MG
VER AL DORSO,ADEK FORTE
CLORHIDRATO DE MEPIVACAINA,MEPISV 3
MELOXICAM + GLUCOSAMINA + CONDROITÍN,MELOXIL FORTE
PLERIXAFOR,REVIXIL 20               
DOXAZOSINA + FINASTERIDA,HOMINUS
DOXAZOSINA + FINASTERIDA,HOMINUS
ACIDO ZOLEDRONICO (COMO MONOHIDRATO),ACIDO ZOLEDRONICO LAM® 4MG/5ML
VER AL DORSO,TERIAL-A 5/5
VER AL DORSO,TERIAL-A 10/5
PERAMPANEL,PYXIS 2 
DIVALPROATO SODICO,EPIVAL ER
LOSARTAN POTASICO,LOSARSEVEN
IRBESARTAN + HIDROCLOROTIAZIDA,IRBESEVEN - H 300 MG/12.5 MG
VALACICLOVIR,VALACICLOVIR 500 mg
METOPROLOL TARTRATO + AMLODIPINA BESILATO,MEPROLOL-A 100/5
CARBONATO DE LITIO,CARBOLITIUM 300 mg
CARBONATO DE LITIO,KALITIUM 300 MG
SIMETICONA,OVOL
DONEPEZILO CLORHIDRATO,DERMIZEPT 10 mg
DONEPEZILO CLORHIDRATO,DONESTA 10  mg
PERAMPANEL,PYXIS 8   
LOSARTAN POTASICO,LOSARTAN POTASICO 50 MG
LOSARTAN POTASICO,LOSARSEVEN 50 MG
CARBOPLATINO,CARBOPLATINO RICHMOND 450
VALSARTAN + AMLODIPINA,TERAPRES-A 320/10
VALSARTAN + AMLODIPINA,TERAPRES-A 160/10
VALSARTAN + AMLODIPINA,TERAPRES-A 320/5
VALSARTAN + AMLODIPINA,TERAPRES-A 320/5
DARIFENACINA,CONTINEX 7.5 
DARIFENACINA,CONTINEX 15 
CARBOPLATINO,CARBOPLATINO RICHMOND 150
PIDOTIMOD,ADIMOD
DIENOGEST + ETINILESTRADIOL,BELLAFACE 20
VALSARTAN,VALATREN 160 mg
VALSARTAN,VALATREN 160 MG
DESVENLAFAXINA (COMO SUCCINATO MONOHIDRATO),DESLAFAX 100
DESVENLAFAXINA (COMO SUCCINATO MONOHIDRATO),DESLAFAX 100
MELOXICAM + VITAMINA B1 + VITAMINA B6 + VITAMINA B12,MELOXIL-B
OCRELIZUMAB,OCREVUS
RITUXIMAB,TRUXIMA
RITUXIMAB,TRUXIMA
RITUXIMAB,TRUXIMA
RITUXIMAB,TRUXIMA
DOCETAXEL ANHIDRO,DOCETAXEL LAM® 20 MG
DOCETAXEL ANHIDRO,DOCETAXEL LAM® 80 mg
TRASTUZUMAB EMTANSINA,KADCYLA
VALSARTAN + HIDROCLOROTIAZIDA,TERAPRES-H 320/25
MULTICOMPOSICION,DAYAMINERAL
VER AL DORSO,SUCLAV 
VER AL DORSO,SUCLAV 
CLIDAMICINA + KETOCONAZOL,FRONT 2
MIDAZOLAM,MIDAZOLAM UNO GRAY 
TRASTUZUMAB EMTANSINA,KADCYLA
BESILATO DE CLOPIDOGREL,CLOPACIN 75MG
ESCITALOPRAM 20 MG,EC-PRAM 20 MG
VALSARTAN + HIDROCLOROTIAZIDA,TERAPRES-H 160/12.5
IXEKIZUMAB,TALTZ
METOPROLOL TARTRATO,CARDELER 50
RISPERIDONA,RISPERIDONA 3 mg
METOPROLOL TARTRATO,CARDELER 100
METRONIDAZOL,AMIDINA
VITAMINA D3,DEBLAX
GEMCITABINA (COMO CLORHIDRATO),GEMCITABINA RICHMOND 1
VER AL DORSO,SUCLAV 
ORLISTAT,ANDANZA
RISPERIDONA,RISPERIDONA 1 mg
RISPERIDONA,RISPERIDONA 2 mg
OXALIPLATINO,OXALIPLATINO RICHMOND 50
OXIPLATINO,OXIPLATINO RICHMOND 100
VALSARTAN,VALATREN 320 MG
ITRACONAZOL + SECNIDAZOL,ALBISEC ONE
VER AL DORSO,PEMETREXED RICHMOND 
LACTATO DE RINGER (SOLUCION HARTMANN),LACTATO DE RINGER (SOLUCION HARTMANN)
MIDAZOLAN (COMO CLORHIDRATO),MIDAZOLAM RICHMOND
VER AL DORSO,ADACEL
CLORURO DE SODIO,CLORURO DE SODIO 0.9 %
DEXTROSA (GLUCOSA),DEXTROSA AL 5 % (GLUCOSA AL 5 %)
DIOSMINA + HESPERIDINA,CIRCUTAST® 
PROMESTRIENO,PROMESTRIENO
DESVENLAFAXINA (COMO SUCCINATO MONOHIDRATO),DESLAFAX 50
DESVENLAFAXINA (COMO SUCCINATO MONOHIDRATO),DESLAFAX 50
TROLAMINA,BIAFINE
PALMITATO DE PALIPERIDONA,INVEGA TRINZA
PALMITATO DE PALIPERIDONA,INVEGA TRINZA
PALMITATO DE PALIPERIDONA,INVEGA TRINZA
MICOFENOLATO SODICO,MYFORTIC
MICOFENOLATO SODICO,MYFORTIC
CIPROTERONA ACETATO + ETINIL ESTRADIOL,DIXI 20
MICOFENOLATO SODICO,MYFORTIC
MICOFENOLATO SODICO,MYFORTIC
AGALSIDASA BETA,FABRAZYME
AGALSIDASA BETA,FABRAZYME
EMPAGLIFLOZINA,JARDIANZ
EMPAGLIFLOZINA,JARDIANZ
MULTICOMPOSICION,SUPLEVIT 
VER AL DORSO,EMULSION SCOTT CEREZA
VER AL DORSO,EMULSION SCOTT CEREZA
VER AL DORSO,EMULSION SCOTT NARANJA
VER AL DORSO,EMULSION SCOTT NARANJA
CLOTRIMAZOL MICRONIZADO,LOMECAN V GENOMMA LAB
AMOXICILINA - ÁCIDO CLAVULÁNICO,CURAM 642.9MG / 5ML
MULTICOMPOSICION,AMINOPLASMAL ®
PREGABALINA,GABAPI 75 MG
AMLODIPINA BESILATO + LISINOPRIL,LODIPIN-L 5/10
OLANZAPINA,OLANTERO 5 MG
AMLODIPINA BESILATO + LISINOPRIL,LODIPIN-L 10/20
AMLODIPINA BESILATO + LISINOPRIL DIHIDRATADO,LODIPIN-L 10/20
AMLODIPINA BESILATO + LISINOPRIL,LODIPIN-L 5/20
AMLODIPINA BESILATO + LISINOPRIL,LODIPIN-L 5/20
ROSUVASTATINA DE CALCIO + EZETIMIBE,BLOKIMAX-EZ 20/10
ROSUVASTATINA DE CALCIO + EZETIMIBE,BLOKIMAX-EZ 20/10
ROSUVASTATINA DE CALCIO + EZETIMIBE,BLOKIMAX-EZ 10/10
ROSUVASTATINA DE CALCIO + EZETIMIBE,BLOKIMAX-EZ 10/10
ROSUVASTATINA DE CALCIO + EZETIMIBE,BLOKIMAX-EZ 10/10
SULFADIAZINA DE PLATA / VITAMINA A / LIDOCAÍNA,PLATSUL-A
FENTANILO CITRATO,FENTANILO CITRATO RICHMOND
ROSUVASTATINA,ROSUGRAS® 
AMLODIPINA,AMLOSEVEN 5 MG
VER AL DORSO,DYSPORT
BICARBONATO DE SODIO - CARBONATO DE SODIO,SAL ANDREWS LIMON
BICARBONATO DE SODIO - CARBONATO DE SODIO,SAL ANDREWS LIMON
TIROTROPINA ALFA,THYROGEN 
BICARBONATO DE SODIO-SULFATO DE MAGNESIO,SAL ANDREWS CLASICA
BICARBONATO DE SODIO-SULFATO DE MAGNESIO,SAL ANDREWS CLASICA
TOXINA BOTULINICA TIPO A (150 KD) LIBRE DE COMPLEJO PROTEICO,XEOMIN
ALGINATO DE SODIO + BICARBONATO DE SODIO,MILPAX
ALIGINATO DE SODIO / BICARBONATO DE SODIO,MILPAX 
CLORHIDRATO DE REMIFENTANILO,REMIFAS
ERITROPOYETINA ALFA,BIOYETIN 
ERITROPOYETINA ALFA,BIOYETIN 
DROSPIRENONA + ETINILESTRADIOL,BLUMA
PREGABALINA,GABAPI 150 MG
PREGABALINA,GABAPI 300 MG
TIOCOLCHICÓSIDO,FLEXAR 8
TIOCOLCHICOSIDO,FLEXAR 4MG
CITRATO DE CAFEINA,TICAFF 
ACIDO ZOLEDRONICO MONOHIDRATADO,ACLASTA
ÁCIDO ZOLEDRÓNICO MONOHIDRATADO,ACLASTA
LEVOTIROXINA SÓDICA,EUTIROX 
ACIDO LACTICO AL 90% (EQUIVALENTE A ACIDO LACTICO),LACTOVAL FLORA
SULFATO DE ZINC,SULZINC
SULFATO DE ZINC,SULZINC
ANASTROZOL,ARTASA 1 mg
SULFATO DE ZINC,SULZINC
SULFATO DE ZINC,SULZINC
ENOXAPARINA SÓDICA,VERNOXA 60 MG
ENOXAPARINA SÓDICA,VERNOXA 40 mg
MELOXICAM + ESOMEPRAZOL,MELOXIL PROTECT 
CLONIDINA,CATAPERTEN
ENOXAPARINA SÓDICA,VERNOXA 20 mg
SOFOSBUVIR-VELPATASVIR,EPCLUSA
CLORHIDRATO DE ALECTINIB,ALECENSA
CLORHIDRATO DE ALECTINIB,ALECENSA
CANDESARTÁN CILEXETILO / AMLODIPINO BESILATO,ADEPRA A 16/10
CANDESARTÁN CILEXETILO / AMLODIPINO (COMO BESILATO),ADEPRA A 32/5
CANDESARTÁN CILEXETILO / AMLODIPINO BESILATO,ADEPRA A 32/5
CANDESARTÁN CILEXETILO / AMLODIPINO BESILATO,ADEPRA A 16/5
DOCETAXEL ANHIDRO,DOXETAL RICHMOND 20
VER AL DORSO,ADEPRA AH 16/5/12.5
DOCETAXEL ANHIDRO,DOXETAL RICHMOND 80
CEFDITOREN,CEFAMEN
AZITROMICINA,TREX
DICLORHIDRATO DE BETAHISTINA,BETISTIN 24  mg
MONTELUKAST,WINMOM 4 MG
PREDNISONA MICRONIZADA,METICORTEN
BICALUTAMIDA,HETROCALT 50 mg
AZITROMICINA DIHIDRATO,TREX FORTE
MONTELUKAST,WINMON 5 MG
ACIDO ACETILSALICILICO + CAFEINA,ALKA SELTZER BOOST
LEVOCETIRIZINA DICLORHIDRATO,LEVORLIN 5 MG
CEFDITOREN,CEFAMEN
MONTELUKAST,WINMON 10 mg
ESZOPICLONA,NIRVAN
MOMETASONA FUROATO,TRINARIA
ACIDO ACETILSALICILICO,PIRICARD 162
ACIDO ACETILSALICILICO,PIRICARD 162
ESZOPICLONA,NIRVAN
GUSELKUMAB,TREMFYA
CLOPIDOGREL,CLOPIDOXEL 75
MINOXIDIL,EDAPIL M
ETORICOXIB,VITACOX 120MG
TOCOFERSOLAN (VITAMINA E) EQUIVALENTE A D-ALFA TOCOFEROL,VITAMINA E-400
RETINOL (VIT- A PALMITATO),AVIT
OLANZAPINA,OLANTERO 10 mg
VER AL DORSO,TERIAL-A 5/10
AMLODIPINA,AMLOSEVEN 10 mg
CAPECITABINA,CAPETERO 500 mg
AMOXICILINA TRIHIDRATADA,LAPRIMOX
VER AL DORSO,NEFROTAL AH 50/5/12.5
MULTICOMPOSICION,BEDOYECTA +G
CLORTALIDONA,NONYDRA
CETIRIZINA + PSEUDOEFEDRINA + ACETAMINOFEN,DEFENSOL
ESOMEPRAZOL MAGNESICO TRIHIDRATO,EZOLIUM 40 MG
ACIDO FENOFIBRICO + ROSUVASTATINA,CRESADEX PLUS
ACIDO FENOFIBRICO Y ROSUVASTATINA,CRESADEX PLUS
VILDAGLIPTINA,VIDALPIN 50
VILDAGLIPTINA + METFORMINA,VIDALPIN-M 50/850
VILDAGLIPTINA + METFORMINA,VIDALPIN-M 50/850
VILDAGLIPTINA + METFORMINA,VIDALPIN-M 50/1000
VILDAGLIPTINA + METFORMINA,VIDALPIN-M 50/1000
VILDAGLIPTINA + METFORMINA,VIDALPIN-M 50/500
VILDAGLIPTINA + METFORMINA,VIDALPIN-M 50/500
GLUCOSAMINA SULFATO + CONDROITINA SULFATO SODICO,CARTAGENA 
VER AL DORSO,CARTAGENA 
ZOLPIDEM,SOMNO XR
VITAMINA D3 COLECLACIFEROL,TRIAMIN
HIERRO + ACIDO FOLICO,DAYAMINERAL FOLIC
CIPROFLAXINA,CIRIAX 400
LETROZOL,LETROZOL 2.5 mg
LEFLUNOMIDA,LEFLUARTIL
LEVETIRACETAM,LEVESAM 500 MG
METFORMINA HIDROCLORURO,METFORVITAE 850 mg
CLOPIDOGREL,CLOPISEV 75 MG
LEVETIRACETAM,LEVESAM 100 mg / mL
FOSFOMICINA TROMETAMOL,UROSEPTIC
VER AL DORSO,QG5 GENOMMA LAB
ETANERCEPT,ENBREL
ETANERCEPT,ENBREL
NAPROXENO SÓDICO + SUMATRIPTAN,TRASS
BUDESONIDA,CORTIMENT
SILDENAFILO,SILDENAFILO 100 mg
ACIDO ZOLEDRONICO,ZOLETERO 4 MG
ACIDO ZOLEDRONICO,ZOLETERO 4 MG
ACIDO ZOLEDRONICO,ZOLETERO 4 MG 
PACLITAXEL,PACLITERO 100 mg/ 16.7 mL
CLORHIDRATO DE REMIFENTANILO,REMIFAS 5MG
KETEROLACO,DOLOKET 
BORTEZOMIB,ZOMITER 3.5 MG
BORTEZOMIB,ZOMITER 3.5 MG
LEVETIRACETAM,LEVESAM 1000 MG
MULTICOMPOSICION,KABIVEN PERIFERICO
ACETATO DE LEUPROLIDE,ELIGARD
ACETATO DE LEUPROLIDE,ELIGARD
BRIMONIDINA TARTRATO,BRIMOF
DACARBAZINA,DACARSEV 200 mg
BROMURO DE PINAVERIO/ DIMETICONA,DICETEL DUO
BROMURO DE PINAVERIO/ DIMETICONA,DICETEL DUO
CLOBETASOL PROPIONATO,SUCLOBE
BROMURO DE PINAVERIO,PINAVIX 100
BROMURO DE PINAVERIO,PINAVIX 100
OMEPRAZOL,OMEPRAZOL 20 mg
PREDNISONA MICRONIZADA,METICORTEN
PREDNISONA MICRONIZADA,METICORTEN
BROMURO DE PINAVERIO / DIMETICONA (COMO SIMETICONA),TARGODAN
POLIETILENGLICOL 3350,POLIETILENGLICOL 3350
POLIETILENGLICOL 3350,LAXALUD
PROMESTRIENO,ANTROFI
ZOLPIDEM HEMITARTRATO,ZOLDOR
SILDENAFILO,SILDENAFILO 50 mg
DEXKETOPROFENO,STEIN MIRACOX
DEXKETOPROFENO,EUROFARMA MIRACOX
BENZNIDAZOL,ABALEA
BENZNIDAZOL,ABALEA
DACTINOMICINA,TINODAC 0.5 MG
N-ACETILCISTEINA,FLUCETIN
N-ACETILCISTEINA,FLUCETIN
DICLOFENACO DIETILAMONIO,DICLOFENACO DIETILAMONIO
DICLOFENACO DIETILAMONIO,ATLETIC'S
LEVOSULPIRIDE,SULEVOL
VITAMINAS Y MINERALES CON DHA,FESTAGEN DHA
SALBUTAMOL,FASPIREST
NIFEDIPINA,NIFEDIPINA 10 mg
CARBONATO DE LITIO,CARBONATO DE LITIO 300 MG
CARBONATO DE LITIO,CARBONATO DE LITIO 300 MG
REMIFENTANILO (COMO CLORHIDRATO),REMIFENTANILO RICHMOND
ABACAVIR,ABACAVIR 20 MG/ML
IRBESARTAN,IRBESEVEN 300 MG
EXEMESTANO,EXEMESTASEVEN 25 MG
ESOMEPRAZOL,YESOM 40 MG
DARATUMUMAB,DARZALEX
LAMIVUDINA / ZIDOVUDINA,LAMIVUDINA Y ZIDOVUDINA 150 MG / 300 MG
CIPROFIBRATO,DUBLINA ROEMMERS
CIPROFIBRATO,DUBLINA 
ABACAVIR SULFATO / LAMIVUDINA,ABACAVIR SULFATO + LAMIVUDINA
LOPINAVIR / RITONAVIR,RITOPIN 200MG/50MG
ETORICOXIB,FILCOS®
ETORICOXIB,FILCOS® 
ETORICOXIB,FILCOS
ETORICOXIB,FILCOS®
LAMIVUDINA,LAMIVUDINA 10 MG/ML
ABACAVIR,ABACAVIR 300 MG
PEROXIDO DE BENZOILO,OXY 10 FORMULA TRANSPARENTE
SUCCINATO DE RIBOCICLIB,KISQALI
CEFUROXIMA AXETIL DC,ZETNIL
BUPIVACAINA CLORHIDRATO,BUPIVACAINA CLORHIDRATO
ARIPIPRAZOL,ARITERO 15 MG
IRBESARTAN + HIDROCLOROTIAZIDA,IRBESEVEN H 300 mg/ 25 mg
LINEZOLID,LINETERO 600 mg
ESCITALOPRAM,EC-PRAM 15 MG
LEVOFLOXACINA,FLOXVEL 500 MG
ARIPIPRAZOL,ARITERO 10 mg
ROSUVASTATINA,ROTAVIN 20 mg
ROSUVASTATINA,ROTAVIN 10 mg
ATORVASTATINA / OMEGA 3,LIPOMEGA 20
DULOXETINA CLORHIDRATO,DULOXVITAE 60 mg
ROSUVASTATINA + EZETIMIBE,CRESADEX EZE
ROSUVASTATINA + EZETIMIBE,CRESADEX EZE
ROSUVASTATINA + EZETIMIBE,CRESADEX EZE
ROSUVASTATINA + EZETIMIBE,CRESADEX EZE
PARACETAMOL,PARACETAMOL B BRAUN 
BARICITINIB,OLUMIANT
DIGLUCONATO DE CLORHEXIDINA,PERIO-CLOR
DIGLUCONATO DE CLORHEXIDINA,PERIO-CLOR
IRBESARTAN + AMLODIPINA + HIDROCLOROTIAZIDA,PRESARTAN-AH 300/10/25
IRBESARTAN + AMLODIPINA,PRESARTAN-A 150 / 5
IRBESARTAN + AMLODIPINA,PRESARTAN-A 150/5
IRBESARTAN + AMLODIPINA,PRESARTAN-A 300/10
IRBESARTAN + AMLODIPINA,PRESARTAN-A 300/10
IRBESARTAN + AMLODIPINA + HIDROCLOROTIAZIDA,PRESARTAN-AH 150/5/12.5
PARGEVERINA CLORHIDRATO,PARGEVERINA CLORHIDRATO
KETOROLACO,KETOROLACO 60MG/2ML
PACLITAXEL,PACLITERO 30 MG/ 5 ML
LENALIDOMIDA,KEVIDRAX 
MAGALDRATO + DIMETICONA,RIOPAN
MAGALDRATO + DIMETICONA,RIOPAN
CISPLATINO,CISPLASEVEN 10 MG/ 10 ML
AMBROXOL HCL,AMBROXOL
AMBROXOL HCL,AMBROXOL
SULFATO DE VINCRISTINA,VINSEVEN 1 MG
DENOSUMAB,PROLIA
MIRTAZAPINA,MENOXIS 30
QUETIAPINA,ADAPTUS 50
MOMETASONA FUROATO,DERMACORTINE EMULSION
MOMETASONA FUROATO,DERMACORTINE LOCION
CEFTRIAXONA SODICA,CEFTRIAXONA SODICA 1g
MONTELUKAST,LUKANEX
VALSARTÁN + HIDROCLOROTIAZIDA,VALSARTÁN + HIDROCLOROTIAZIDA
MAGALDRATO / SIMETICONA,GELAN PLUS
DICLORHIDRATO DE PRAMIPEXOL MONOHIDRATADO,KINSON
DICLORHIDRATO DE PRAMIPEXOL MONOHIDRATADO,KINSON 0.75 MG
CLORHIDRATO DE MOXIFLOXACINO,PRAIVA 
CLORHIDRATO DE MOXIFLOXACINO,PRAIVA
OLANZAPINA,OLANZAVITAE 10 mg COMPRIMIDOS RECUBIERTOS 
OLANZAPINA,OLANZAVITAE 5 MG COMPRIMIDOS RECUBIERTOS 
MOMETASONA,MOFHINIS
LETROZOL,LETROSEVEN 2.5 MG
DIMENHIDRINATO,DIMENHIDRINATO
CLARITROMICINA,CLARITROMICINA 500 mg
HIALURONATO DE SODIO,SUPRAHYAL
DUTASTERIDA,DUTASVITAE 
FUROATO DE FLUTICASONA,ANICTIL
BISOPROLOL,BISOPROLOL  5 MG
ÁCIDO ZOLEDRÓNICO MONOHIDRATO,DENSIS
RUPATADINA,SENARDIN
ALBENDAZOL + QUINFAMIDA,PARAFULL						 							
ALBENDAZOL + QUINFAMIDA,PARAFULL						 							
CARBOPLATINO,PLATICAR 150 MG/15 ML
CARBOPLATINO,PLATICAR 450 MG/45 ML
ALBENDAZOL + QUINFAMIDA,ALBENDAMEBA
ALBENDAZOL + QUINFAMIDA,ALBENDAMEBA
TRIPTORELINA ( EN FORMA DE ACETATO DE TRIPTORELINA),DIPHERELINE 
TRIPTORELINA ( EN FORMA DE ACETATO DE TRIPTORELINA),DIPHERELINE 
EMICIZUMAB,HEMLIBRA
EMICIZUMAB,HEMLIBRA
VER AL DORSO,DIPHERELINE 
VER AL DORSO,DIPHERELINE 
TRIPTORELINA ( EN FORMA DE ACETATO DE TRIPTORELINA),DIPHERELINE 
VER AL DORSO,VALSARTEC-A 160/10
CALFACTANT,INFASURF
ERLOTINIB,ELONIB 100 MG
VER AL DORSO,MULTIELECTROLITOS TIPO I
VER AL DORSO,FOSFATOS DE POTASIO 
VALPROATO DE MAGNESIO,ATEMPERATOR LP
PIDOTIMOD,ADIMOD
MULTICOMPOSICION,INFLUVAC TETRA
ERLOTINIB,ELONIB 25MG
MIRTAZAPINA,MENOXIS 15
TARTRATO DE ZOLPIDEM,NOCTE
TARTRATO DE ZOLPIDEM,NOCTE
ERLOTINIB,ELONIB 150 MG
ACICLOVIR,ACICLOVIR 5%
NEVIRAPINA,NEVIRAPINA 200 MG
LIRAGLUTIDA,SAXENDA 6 mg / mL
DEXAMETASONA,DEXAMETASONA 8mg/2mL
VER AL DORSO,VALSARTAN + AMLODIPINA SUED 160 MG + 10 MG
NISTATINA,NISTATINA
IRBESARTAN,SALMIPRESS 300
IRBESARTAN,SALMIPRESS 150
IRBESARTAN + HIDROCLOROTIAZIDA,SALMIPRESS H 150/12.5
IRBESARTAN + HIDROCLOROTIAZIDA,SALMIPRESS H 300/12.5
OXALIPLATINO,OXALISEVEN 100 MG
OXALIPLATINO,OXALISEVEN 50 MG
ALBUMINA HUMANA,ALBURX
TENOFOVIR ALAFENAMIDA,VEMLIDY
VER AL DORSO,SPLASH TEARS
SULFATO DE CONDOITRINA + HIPROMELOSA,SPLASH TEARS
CLORURO DE CALCIO DIHIDRATO,CLORURO DE CALCIO DIHIDRATO 10 %
MONTELUKAST,LUKANEX
VER AL DORSO,SMOFLIPID 20 %
MONTELUKAST,LUKANEX
IRBESARTAN + AMLODIPINA BESILATO,SALMIPRESS AC 150/5
BISOPROLOL FUMARATO,SOLTEC 5
BISOPROLOL FUMARATO + HIDROCLOROTIAZIDA,SOLTEC H 2.5/6.25
PREDNISONA,PREDNISONA 5 MG
PARACETAMOL,PARACETAMOL B BRAUN 500 mg / 50 mL
LURASIDONA,LUSTONA 20
LURASIDONA,LUSTONA 40
LURASIDONA,LUSTONA 80
ROSUVASTATINA CALCICA,ARTEMAR 10
IRBESARTAN + AMLODIPINA BESILATO,SALMIPRESS AC 300/10
BISOPROLOL FUMARATO,SOLTEC 10
ROSUVASTATINA CALCICA,ARTEMAR 40
IRBESARTAN + AMLODIPINA BESILATO,SALMIPRESS AC 300/5
ROSUVASTATINA CALCICA,ARTEMAR 20
BISOPROLOL FUMARATO + HIDROCLOROTIAZIDA,SOLTEC H 10/6.25
BISOPROLOL FUMARATO + HIDROCLOROTIAZIDA,SOLTEC H 5/6.25
BISOPROLOL FUMARATO,SOLTEC 2.5
FOLITROPINA DELTA,REKOVELLE 72 ΜCG / 2.16 ML
FOLITROPINA DELTA,REKOVELLE 12 ΜCG / 0.36 ML
RITUXIMAB,RIXATHON
RITUXIMAB,RIXATHON
RITUXIMAB,RIXATHON
EMTRICITABINA + FUMARATO DE TENOFOVIR ALAFENAMIDA,DESCOVY
EMTRICITABINA + FUMARATO DE TENOFOVIR ALAFENAMIDA,DESCOVY 
FOLITROPINA DELTA,REKOVELLE 36 ΜCG / 1.08 ML
BETAMETASONA + LORATADINA,LOBRAXOL
BETAMETASONA + LORATADINA,LOBRAXOL
NIFEDIPINA,PRIMORAC RETARD 20
PREDNISOLONA,KAMELOX
PREDNISOLONA,KAMELOX
SOFOSBUVIR + VELPATASVIR + VOXILAPREVIR,VOSEVI
NIFEDIPINA,PRIMORAC RETARD 60
NIFEDIPINA,PRIMORAC RETARD 30
OSELTAMIVIR,OSELTAMIVIR 75 MG
OSELTAMIVIR,OSELTERO 75 MG
GLUCONATO DE CLORHEXIDINA,CLOREXCRUB
GLUCONATO DE CLORHEXIDINA,CLOREXCRUB
LOTEPREDNOL ETABONATO,LOTESOFT
LANSOPRAZOL,LANSOSEVEN 30 MG
HEPARINA SODICA,HEPARINA SODICA
VER AL DORSO,NEUMOCORT PLUS
CETIRIZINA HCL,N-CISTIL
METFORMINA / VILDAGLIPTINA,DUOGLIP®
METFORMINA / VILDAGLIPTINA,DUOGLIP®
CETIRIZINA 2HCL + FENILEFRINA HCL,ZETRI-D NF
LOSARTÁN POTÁSICO,LOSARTÁN 50
CLOBETASOL PROPIONATO,SUCLOBE
CIPROFIBRATO,CEREPAX 
ATENOLOL,ATENOLOL 100
VER AL DORSO,TONIBRAL DUO
ROSUVASTATINA CALCICA,LIPONOR 20
APALUTAMIDA,ERLEADA
APALUTAMIDA,ERLEADA
"FACTOR IX RECOMBINANTE (RFIX, NONACOG ALFA)",BENEFIX 500UI
"FACTOR IX RECOMBINANTE (RFIX, NONACOG ALFA)",BENEFIX 500UI
MULTICOMPOSICIÒN,KABIVEN
PLERIXAFOR,PLARIFOR 24MG / 1.2 ML
PLERIXAFOR,LAXAFOR  24 mg / 1.2 mL
LENVATINIB,LODATIR 
LENVATINIB,LODATIR 
PARACETAMOL,PARACETAMOL KABI
PREGABALINA,GABAPI 200 MG
DOLUTEGRAVIR,TIVICAY 25 MG
DOLUTEGRAVIR,TIVICAY 25MG
CARVEDILOL,DUALTEN SAVAL
CANDESARTAN CILEXETILO + AMLODIPINO,BLODARTAN AM
CANDESARTAN CILEXETILO + AMLODIPINO,BLODARTAN AM
PREGABALINA,GABAPI 100 MG
MEMANTINA CLORHIDRATO + DONEPEZILO CLORHIDRATO,EUTEBROL DUO
LENVATINIB,LODATIR 
LENVATINIB,LODATIR 
DACARBAZINA 200MG,DACARBAZINA VARIFARMA  
FLUOXETINA,FLUOXETINA 20 MG
VER AL DORSO,HIDRORAL 75 SABOR A COCO
VER AL DORSO,HIDRORAL 75 SABOR A MANDARINA
NEBIVOLOL CLORHIDRATO,EPITRIOL 10
NEBIVOLOL CLORHIDRATO,EPITRIOL 10
COBIMETINIB,COTELLIC
HALOPERIDOL,HALOPERIDOL
REMIFENTANILO (COMO CLORHIDRATO),REMIFENTANILO GRAY 
VER AL DORSO,HIDRORAL 75 SABOR A CEREZA
NIFEDIPINA,NIFEDIP
LISINOPRIL DIHIDRATO,LISINOPRIL 20 mg RATIO 
GOSERELINA COMO ACETATO DE GOSERELINA,PROZOLADEX LA
GOSERELINA COMO ACETATO DE GOSERELINA,PROZOLADEX LA
ROSUVASTATINA CALCICA,LIPONOR 10
MULTICOMPOSICION,HIDRORAL 75 SABOR A UVA
BISOPROLOL FUMARATO + HIDROCLOROTIAZIDA,ETABLOX H 10/6.25
MEMANTINA CLORHIDRATO + DONEPEZILO CLORHIDRATO,EUTEBROL DUO
BISOPROLOL FUMARATO + HIDROCLOROTIAZIDA,ETABLOX H 5/6.25
"TRETINOINA, ACETONIDO DE FLUOCINOLONA, HIDROQUINONA",TRI-LUMA
VER AL DORSO,CANABOSEN
LISINOPRIL DIHIDRATO,LISINOPRIL 10 MG RATIO
CLOPIDOGREL BISULFATO,AGRELIP
VER AL DORSO,TONIBRAL DUO
DOLUTEGRAVIR,TIVICAY 10MG
AZITROMICINA (COMO DIHIDRATO),AZITROMICINA 500 MG RATIO
DEXMEDETOMIDINA,PRECEDEX
PLERIXAFOR,CELIXAFOR 20MG
CANDESARTAN CILEXETILO + AMLODIPINO,BLODARTAN AM
PANCREATINA,CREON
PANCREATINA,CREON
PACLITAXEL,PACLITAXEL
PANCREATINA,CREON
MELOXICAN + PRIDINOL,COSDOO RELAX 
MELOXICAN + PRIDINOL,COSDOO RELAX
PACLITAXEL,PACLITAXEL
VER AL DORSO,FLENEX
BISOPROLOL FUMARATO,ETABLOX 5
BISOPROLOL FUMARATO,ETABLOX 10
NEBIVOLOL CLORHIDRATO,EPITRIOL 2.5
CIPROFIBRATO,CIPROFIBRATO 100 mg MK 
CIPROFIBRATO,CIPROFIBRATO 100 MG MK 
COMPLEJO POLIMALTOSADO FÉRRICO/ ACIDO FÓLICO,FERBIO FOL 
MONTELUKAST,MONTELUKAST 5 MG MK 
MONTELUKAST,MONTELUKAST 5 MG MK 
MONTELUKAST,MONTELUKAST 4 MG MK 
SULFATO DE ZINC,FORTZINK
SILDENAFILO,SILDENAFILO 50 mg
OXIBUTININA CLORHIDRATO,OXIBUTININA 5 mg RATIO
VALSARTAN + AMLODIPINA,AREMIS 5/160
DIPROPIONATO DE BECLOMETASONA,CLOFHIVEN
MEMANTINA,MEMANTINA CLORHIDRATO 10 MG MK TABLETA RECUBIERTA
MEMANTINA,MEMANTINA CLORHIDRATO 10 MG MK
CELECOXIB,CELECOXIB 200 mg MK 
LEVOTIROXINA,LEVOTIROXINA 125 MCG MK
CLINDAMICINA,CLINDAMICINA 300MG  MK
CLINDAMICINA,CLINDAMICINA 300MG MK
LEVOTIROXINA,LEVOTIROXINA 75 MCG MK
LEVOTIROXINA,LEVOTIROXINA 75 MCG MK
CABAZITAXEL (COMO SOLVATO DE ACETATO DE ETILO),CABAZIL 60 MG
NITROFURANTOINA 100 MG,NITROFURANTOINA 100 MG MK
NITROFURANTOINA,NITROFURANTOINA 100 MG MK
DESVENLAFAXINA,PRISTIQ 50 mg
MONTELUKAST,MONTELUKAST 10 mg MK 
CEFTRIAXONA SODICA,CEFTRIAXONA
DESVENLAFAXINA,PRISTIQ 100MG
SULFATO DE ZINC MONOHIDRATO EQUIVALENTE A ZINC,FORTZINK
VER AL DORSO,BIKTARVY
BICTEGRAVIR+EMTRICITABINA+TENOFOVIR ALAFENAMIDA,BIKTARVY
AMLODIPINA + VALSARTAN,AREMIS 10/160
ESOMEPRAZOL,ESOMEPRAZOL 20MG MK 
ESOMEPRAZOL,ESOMEPRAZOL 20 MG MK 
BISOPROLOL,BISOPROLOL 5 mg MK 
BISOPROLOL,BISOPROLOL 5 MG MK
VER AL DORSO,FLUTOX
VER AL DORSO,FLUTOX
VALSARTAN + AMLODIPINA,AREMIS 5/80
DIPROPIONATO DE BECLOMETASONA,CLOFHIVEN
CANDESARTAN CILEXETILO + AMLODIPINO,BLODARTAN AM
PARACETAMOL,PARACETAMOL KABI
PAROXETINA,PAROXETINA 20 mg MK 
VER AL DORSO,PAROXETINA 20 MG MK 
SULFATO DE ZINC MONOHIDRATO EQUIVALENTE A ZINC,FORTZINK 
MULTICOMPOSICION,UBRENAL
ESOMEPRAZOL,ESOMEPRAZOL 40MG MK
ESOMEPRAZOL,ESOMEPRAZOL 40MG MK
NITAZOXANIDA,NITAZOXANIDA 500 MG MK
NITAZOXANIDA,NITAZOXANIDA 500 MG MK
FLUOXETINA,FLUOXETINA 20 MG MK
MELOXICAM + PRIDINOL,LOMIL
QUETIAPINA,QUETIAPINA 100 MG MK 
QUETIAPINA,QUETIAPINA 100 MG MK
CLOPIDOGREL,CLOPIDOGREL 75 MG MK
CLOPIDOGREL,CLOPIDOGREL 75 MG MK 
ADALIMUMAB,HUMIRA AC
ADALIMUMAB,HUMIRA AC
DEXKETOPROFENO TROMETAMOL,DOLAC
VILDAGLIPTINA,DIAGLIBE 50
IVACAFTOR / LUMACAFTOR,LUCAFTOR
IVACAFTOR / LUMACAFTOR,LUCAFTOR
SERTRALINA,SERTRALINA 50 MG MK 
SERTRALINA,SERTRALINA 50 MG MK 
ROSUVASTATINA 10 MG,ROSUVASTATINA 10 MG MK
ROSUVASTATINA,ROSUVASTATINA 10 MG MK
TADALAFILO,TADALAFILO 20 MG MK 
TADALAFILO,TADALAFILO 20 MG MK 
EMPAGLIFLOZINA / METFORMINA,JARDIANZ DUO 12.5MG/1000MG
MULTICONCENTRACION,TABCIN FLEMA Y CONGESTIÓN
EMPAGLIFLOZINA / METFORMINA,JARDIANZ DUO 5MG/850MG
EMPAGLIFLOZINA + CLORHIDRATO DE METFORMINA,JARDIANZ DUO 12.5 MG / 850 MG
SERTRALINA,SERTRALINA 100 MG MK
SERTRALINA,SERTRALINA 100MG MK
TADALAFILO,TADALAFILO 5 mg MK
TADALAFILO,TADALAFILO 5 MG MK
ROSUVASTATINA,ROSUVASTATINA 20 MG MK 
ROSUVASTATINA,ROSUVASTATINA 20 MG MK 
OLANZAPINA,ZAPINA
NAFAZOLINA,NAFAZOLINA 
QUETIAPINA,QUETIAPINA 300 MG MK 
QUETIAPINA,QUETIAPINA 300 MG MK 
ROSUVASTATINA CALCICA,LIPONOR 40
QUETIAPINA,QUETIAPINA 25 MG MK 
QUETIAPINA,QUETIAPINA 200 MG MK 
QUETIAPINA,QUETIAPINA 200 MG MK 
GEMCITABINA,GEMCITERO 1000 MG
GEMCITABINA,GEMCITERO 200 MG
LENALIDOMIDA,RENGED 15 MG
BROMURO DE ROCURONIO,BROMURO DE ROCURONIO
CAPECITABINA,CORRETAL 
CLOTRIMAZOL,CLOTRIMAZOL CREMA DERMATOLOGICA 1%
ERLOTINIB,ROBTOR 150 MG
GEFITINIB,LACAD 250 MG
INSULINA GLARGINA + LIXISENATIDA,SOLIQUA 
INSULINA GLARGINA + LIXISENATIDA,SOLIQUA
INSULINA GLARGINA + LIXISENATIDA,SOLIQUA 
INSULINA GLARGINA + LIXISENATIDA,SOLIQUA
LENALIDOMIDA,RENGED 10 MG
LENALIDOMIDA,RENGED 25 MG
ERLOTINIB,ROBTOR 100MG
LENALIDOMIDA,RENGED 5 MG
IRINOTECAN CLORHIDRATO TRIHIDRATO,IRITERO 100 MG/5 ML
DESLORATADINA,ALERPRED
DESLORATADINA + BETAMETASONA,ALERPRED CORT 
FULVESTRANT,KEMFLUD 250MG
NEBIVOLOL HCL,NEBIPRES 10
NEBIVOLOL HCL,NEBIPRES 10
NEBIVOLOL HCL,NEBIPRES 10
EFAVIRENZ,EFAVIRENZ 600 MG
ATORVASTATINA,ATORVASTATINA 40 MG MK 
FINASTERIDA,FINTERO 5 MG
VER AL DORSO,TABCIN NIÑOS TABLETAS MASTICABLES SABOR NARANJA
VER AL DORSO,TABCIN NIÑOS TABLETAS MASTICABLES SABOR NARANJA
NEBIVOLOL HCL,NEBIPRES 5 
NEBIVOLOL HCL,NEBIPRES 5
NEBIVOLOL HCL,NEBIPRES 5
FEXOFENADINA CLORHIDRATO,FENOXETERO 120 MG 
FEXOFENADINA CLORHIDRATO,FENOXETERO 120 MG
IRBESARTÁN,IRBESARTÁN 300 MG MK 
IRBESARTÁN,IRBESARTÁN 300 MG MK 
GLIMEPIRIDA,GLIMEPIRIDA 4 mg MK
POLIETILENGLICOL,EVALAX POLVO PARA SOLUCION ORAL
ROSUVASTATINA,ROSUVASTATINA 40 MG MK
ROSUVASTATINA,ROSUVASTATINA 40 MG MK
ESCITALOPRAM,ESCITALOPRAM 10 MG MK
ESCITALOPRAM,ESCITALOPRAM 10 MG MK
ESCITALOPRAM,ESCITALOPRAM 10 MG MK
MELOXICAM + PRIDINOL MESILATO,MOVIX FLEX
IRBESARTÁN,IRBESARTÁN 150 MG MK
IRBESARTÁN,IRBESARTÁN 150 MG MK
MONTELUKAST SÓDICO,MONTELUKAST 10 MG RATIO
MONTELUKAST SODICO,MONTELUKAST 4 MG RATIO
PREGABALINA,PREGABALINA 75 MG MK
PREGABALINA,PREGABALINA 75 MG MK
CLORHEXIDINA DIGLUCONATO,PERIO-CLOR
CICLOSPORINA,CITABICLOS 50
CICLOSPORINA,CITABICLOS 25
CICLOSPORINA,CITABICLOS 100
BORTEZOMIB,BORTEZOMIB RICHMOND
OLMESARTAN MEDOXOMIL,OLMESARTERO 10 MG
OLMESARTAN MEDOXOMIL,OLMY  10 MG
OLMESARTAN MEDOXOMIL,OLAXTAN 10 
TELMISARTAN E HIDROCLOROTIAZIDA,TELCARD-­H 80 MG/12.5 MG
GLIMEPIRIDA,GLIMEPIRIDA 2 MG MK
ETORICOXIB,ETORICOXIB 120 MG MK
ETORICOXIB,ETORICOXIB 120 MG MK
DESVENLAFAXINA SUCCINATO MONOHIDRATO,DESVE 100 mg
DESVENLAFAXINA SUCCINATO MONOHIDRATO,DESVE 100 MG
VORICONAZOL,VEAC
EPLERENONA,INSPRA 50 mg TABLETAS RECUBIERTAS
EPLERENONA,INSPRA 50MG TABLETAS RECUBIERTAS
EPLERENONA,INSPRA 50MG TABLETAS RECUBIERTAS
SUBSALICILATO DE BISMUTO,PEPTO-BISMOL
OLMESARTAN MEDOXOMIL,OLMESARTERO 20 MG
OLMESARTAN MEDOXOMIL,OLMY  20 MG 
OLMESARTAN MEDOXOMIL, OLAXTAN 20 
CANDESARTAN CILEXETILO,CANDESARTAN 16 MG MK
CANDESARTAN CILEXETILO,CANDESARTAN 16 MG MK 
EPLERENONA,INSPRA 25mg TABLETAS RECUBIERTAS
EPLERENONA,INSPRA 25MG TABLETAS RECUBIERTAS
EPLERENONA,INSPRA 25MG TABLETAS RECUBIERTAS
SUBSALICILATO DE BISMUTO,PEPTO-BISMOL
DEGARELIX,FIRMAGON
FUROATO DE MOMETASONA,"FUROATO DE MOMETASONA 0,05%MK                "
DEGARELIX,FIRMAGON
CARMUSTINA,BODACLER 100 MG
LAMIVUDINA Y TENOFOVIR DISOPROXIL FUMARATO,LAMIVUDINA Y TENOFOVIR DISOPROXIL FUMARATO 300 MG/ 300 MG
OXCARBAZEPINA,OXCARBAZEPINA 300 MG MK
ROSUVASTATINA + EZETIMIBA,SKORLAT EZ 10/10
OMEPRAZOL,OMEPRAZOL 20 MG MK 
PREGABALINA,PREGABALINA 300 MG MK CAPSULAS DURAS
GUAIFENESINA,VICK 44 EXP
ZIDOVUDINA,ZIDOVUDINA 300 MG
GUAIFENESINA,VICKMIEL
AMLODIPINA + VALSARTAN + HIDROCLOROTIAZIDA,AREMIS H 5/160/12.5
AMLODIPINA + VALSARTAN + HIDROCLOROTIAZIDA,AREMIS H 5/160/25
AMLODIPINA + VALSARTAN + HIDROCLOROTIAZIDA,AREMIS H 10/320/25
AMLODIPINA + VALSARTAN + HIDROCLOROTIAZIDA,AREMIS H 10/160/12.5
ARIPIPRAZOL,PEZIL 20
ARIPIPRAZOL,PEZIL 20
ARIPIPRAZOL,PEZIL 20
CLONAZEPAM,ANSIOCOL 2
CLONAZEPAM,ANSIOCOL 2
ACETAMINOFÉN + CLORFENIRAMINA,ABARCAL
ACETAMINOFÉN + CLORFENIRAMINA,ABARCAL
SULFATO FERROSO / ÁCIDO FÓLICO,FIDELEX®
ALBENDAZOL,UNIZOL
MOROCTOCOG ALFA (AF-CC),XYNTHA
ARIPIPRAZOL,PEZIL 15
ARIPIPRAZOL,PEZIL 15
ARIPIPRAZOL,PEZIL 15
DARUNAVIR,DARUNAVIR 400 MG
SULPIRIDE,SULPIRIDE 50 MG ROWE
CLORHIDRATO DE PROPAFENONA,RYTMONORM
CLOPIDOGREL HIDROGENOSULFATO,CLOPISEV 300 mg
RITONAVIR,RITONAVIR 100 MG
INDOMETACINA,INDOTERO 25 MG
TRAVOPROST,TRAVOF SP
OLMESARTAN MEDOXOMIL,OLMY 40 MG 
LACOSAMIDA,LANCOVUL 100 MG
ENTECAVIR MONOHIDRATO,ENTECAVIR 0.5 MG
LOPINAVIR Y RITONAVIR,LOPINAVIR Y RITONAVIR 100 MG/ 25 MG
PREGABALINA,PREGABALINA 150 MG MK CAPSULAS DURAS
CAPECITABINA,XELODA 500 mg
CAPECITABINA,XELODA 500MG
CLORHIDRATO DE VALGANCICLOVIR,SEVECLO 450 MG
EMTRICITABINA + TENOFOVIR DISOPROXIL FUMARATO,EMTRICITABINA + TENOFOVIR DF 200 MG/300 MG
MELOXICAM,NOSTEROID
AMLODIPINA,PREMINA
AMLODIPINA BASE,PREMINA
AMLODIPINA BASE,PREMINA
SERTRALINA BASE,SERTABILEX 50
SERTRALINA BASE,SERTABILEX 100
SERTRALINA BASE,SERTABILEX 100
ESCITALOPRAM,ESPINELA 10
ESCITALOPRAM,ESPINELA 10
ESCITALOPRAM,ESPINELA 20
ESCITALOPRAM,ESPINELA 20
ESCITALOPRAM,ESPINELA 20
TELMISARTÁN + HIDROCLOROTIAZIDA,TELLMI-D
GLIMEPIRIDA + METFORMINA HCL,GLIMEPICOL M 4/500
ARIPIPRAZOL,PEZIL 10
ARIPIPRAZOL,PEZIL 10
GLIMEPIRIDA + METFORMINA HCL,GLIMEPICOL M 2/500
DULOXETINA,DULOXETINA 30 MG MK
TARTRATO DE BRIMONIDINA + MALEATO DE TIMOLOL,COMBIGAN
TARTRATO DE BRIMONIDINA + MALEATO DE TIMOLOL,COMBIGAN
TAMSULOSINA CLORHIDRATO/DUTASTERIDA,GAFLOX DUO
TAMSULOSINA CLORHIDRATO- DUTASTERIDA,GAFLOX® DUO
TELMISARTÁN + HIDROCLOROTIAZIDA,TELLMI-D
BISOPROLOL FUMARATO,BISKREM 2.5
AZITROMICINA,BINOZYT
AZITROMICINA,BINOZYT
BILASTINA,BILAXTEN
BILASTINA,BILAXTEN
ESCITALOPRAM,ESCITALOPRAM 20MG MK 
ESCITALOPRAM,ESCITALOPRAM 20MG MK 
DULOXETINA,DULOXETINA 60MG MK
TRASTUZUMAB,PRIUNTA
TRASTUZUMAB,PRIUNTA
TRASTUZUMAB,PRIUNTA
TRASTUZUMAB,PRIUNTA
AZACITIDINA,AZZA IMA
AZACITIDINA,AZZA IMA
OXALIPLATINO,OXALIPLATINO IMA  50MG
CITICOLINA,REAGIN 1000
PACLITAXEL,PACLITERO 300 MG/50 ML
FULVESTRANT,FULVESTRANT IMA
FULVESTRANT,FULL V  IMA
SALMETEROL XINAFOATO­ FLUTICASONA PROPIONATO,SALMESEV-­F 25 MCG/250 MCG
MULTICOMPOSICION (VER FORMULA),VITOFERRUM N
QUETIAPINA,CEDALOR 25
BORTEZOMIB,BORTEZOMIB IMA
CLORHIDRATO DE GEMCITABINA,GEMCITABINA IMA
DECANOATO DE NADROLONA,DECA-DURABOLIN
OXALIPLATINO,OXALIPLATINO IMA 100MG
CLONAZEPAM,ANSIOCOL 2.5
CLONAZEPAM,ANSIOCOL 2.5
TACROLIMUS (COMO TACROLIMUS MONOHIDRATO),CIMERIS 1
TACROLIMUS (COMO TACROLIMUS MONOHIDRATO),CIMERIS 0.5
TACROLIMUS (COMO TACROLIMUS MONOHIDRATO),CIMERIS 5
BILASTINA,BILAXTEN
BILASTINA,BILAXTEN
MELOXICAM,COSDOO
MELOXICAM,COSDOO
CLOPIDOGREL,CLOPIDOGREL MF
CLOPIDOGREL,CLOPIDOGREL MF
CANDESARTAN + AMLODIPINA,DECORA-PLUS
CANDESARTAN + AMLODIPINA,DECORA PLUS
CANDESARTAN + AMLODIPINA,DECORA -PLUS
SERTRALINA,SINALGINA 100
SERTRALINA,SINALGINA 100
ROSUVASTATINA,TAVASTINA 10
ROSUVASTATINA DE CALCIO,TAVASTINA 10
ROSUVASTATINA DE CALCIO,TAVASTINA 10
CANDESARTAN + HIDROCLOROTIAZIDA,DECORA-H
CANDESARTAN + HIDROCLOROTIAZIDA,DECORA-H
ROSUVASTATINA DE CALCIO,RECOVAS 20
BISOPROLOL FUMARATO,BISKREM 5
AMLODIPINA + LISINOPRIL,CAVAS-L 5/20
AMLODIPINA BESILATO + LISINOPRIL DIHIDRATADO,CAVAS-L 5/20
CLOPIDOGREL,LISPLAG
CLOPIDOGREL,LISPLAG 
CLOPIDOGREL,LISPLAG
LEVOSULPIRIDE,LUMACROL
LEVOSULPIRIDE,LUMACROL
ROSUVASTATINA,TAVASTINA 20
ROSUVASTATINA,TAVASTINA 20
ROSUVASTATINA,TAVASTINA 20
SERTRALINA,SINALGINA 50 
SERTRALINA,SINALGINA 50
AMLODIPINA BESILATO + LISINOPRIL DIHIDRATADO,CAVAS-L 5/10
DICLOFENACO SODICO,DICLOFENACO (VER AL DORSO)
CELECOXIB,CELECOXIB 200 mg
CELECOXIB,CELECOXIB 200 MG 
CLOZAPINA,CLOZADEL
GUAIFENESINA + DEXTROMETORFANO,VICK 44
RIBAVIRINA,VIRAZIDE®
OMEPRAZOL,OMEPRAZOL 40 MG
PACLITAXEL,PACLITAXEL IMA 100 mg
MULTICOMPOSICION,SOSTENON 250
IRBESARTÁN 300 MG + HIDROCLOROTIAZIDA 12.5 MG,IRBESARTÁN 300 MG /HIDROCLOROTIAZIDA 12.5 MG MK
IRBESARTÁN + HIDROCLOROTIAZIDA,IRBESARTÁN + HIDROCLOROTIAZIDA 300 MG + 12.5 MG MK
BISOPROLOL FUMARATO+HIDROCLOROTIAZIDA,ETABLOX H 5/12.5
ESPIRONOLACTONA,ESPIRONOLACTONA LAM 25 MG 
BETAMETASONA + LORATADINA,BAMACOL 0.25/5
BETAMETASONA + LORATADINA,BAMACOL 0.25/5
CLORHIDRATO DE GEMCITABINA,GEMCITABINA IMA 1000 MG
ACICLOVIR,ACICLOVIR LAM 800 MG 
MIRTAZAPINA,MIRTAPIN 30
BISOPROLOL FUMARATO+HIDROCLOROTIAZIDA,ETABLOX H 10/12.5
ESPIRONOLACTONA,ESPIRONOLACTONA MAMEY 25 MG 
ZIDOVUDINA,ZIDOVUDINA 50 mg / 5 mL
CARBONATO DE LITIO,SADELIT 
AVIBACTAM + CEFTAZIDIMA,ZAVICEFTA
AVIBACTAM + CEFTAZIDIMA,ZAVICEFTA
AVIBACTAM + CEFTAZIDIMA,ZAVICEFTA
NEBIVOLOL CLORHIDRATO,HETVOLOL 5 MG
TRAMADOL + ACETAMINOFÉN 37.5MG/ 325MG,TRAMADOL + ACETAMINOFÉN 37.5MG/325 MG MK
ESPIRONOLACTONA,ESPIROLAM 100
N-ACETILCISTEINA,FLEMAXIN 
N-ACETILCISTEINA,FLEMAXIN
PEMETREXED DISODICO HEMIPENTAHIDRATADO,PEMETREXED IMA 500MG
HIDROXICINA HCL,HYDERAX 10 MG
HIDROXICINA HCL,HYDERAX 10 MG
HIDROXICINA HCL,HYDERAX 25 MG
HIDROXICINA HCL,HYDERAX 25 MG
DOCETAXEL ANHIDRO,DOCETAXEL IMA 80MG
DABIGATRÁN ETEXILATO,DABITRIN 150 MG 
CANDESARTAN,EUCAND-16
CANDESARTAN CILEXETIL,EUCAND-16
PACLITAXEL,PACLITAXEL IMA 30 MG
ACETAMINOFENO/ CLORFENIRAMINA,ACETAMINOFEN 2 G / CLORFENIRAMINA 0.05 G
CLORHIDRATO DE ESCETAMINA,KETAMIN  NP
"EFAVIRENZ,EMTRICITABINA Y TENOFOVIR DISOPROXIL FUMARATO","EFAVIRENZ, EMTRICITABINA (VER AL DORSO) "
AZITROMICINA DIHIDRATO EQUIVALENTE A AZITROMICINA BASE.,AZITROMICINA 200
ESPIRONOLACTONA,ESPIRONOLACTONA MAMEY 100MG 
MULTICOMPOSICION,POLITRES DEXA
PACLITAXEL,PACLITAXEL IMA 150 MG
"IRBESARTÁN 150 MG +HIDROCLOROTIAZIDA 12,5 MG","IRBESARTÁN 150 MG/HIDROCLOROTIAZIDA  12,5 MG MK"
IRBESARTÁN + HIDROCLOROTIAZIDA,"IRBESARTÁN + HIDROCLOROTIAZIDA 150 MG + 12,5 MG MK"
ATAZANAVIR SULFATO Y RITONAVIR,ATAZANAVIR SULFATO Y RITONAVIR 300 MG/100 MG
PACLITAXEL,PACLITAXEL IMA 300MG
BECLOMETASONA DIPROPIONATO,"MENADERM SIMPLE 0,25 MG/ML"
ESPIRONOLACTONA,ESPIRONOLACTONA LAM 100 MG 
SULFATO DE MORFINA PENTAHIDRATADA,DIMORF 
ANTIPIRINA + PROCAINA CLORHIDRATO,ANTIPIRINA 5 G / PROCAINA 0.95 G
PARACETAMOL,ACETAMINOFEN  150MG/5ML JARABE
DOCETAXEL ANHIDRO,DOCETAXEL  IMA  20MG
VER AL DORSO,SINCRONIUM
VER AL DORSO,SINCRONIUM
ESPIRONOLACTONA,ESPIROLAM 25
ENOXAPARINA,ENOXAPARINA 100 MG/ML SANDOZ (40MG/0.4ML)
ENOXAPARINA,ENOXAPARINA 100 MG/ML SANDOZ (40MG/0.4ML)
ENOXAPARINA,ENOXAPARINA 100 MG/ML SANDOZ (60MG/0.6ML)
CLORHIDRATO DE CEFEPIMA EQUIVALENTE A CEFEPIME,CEFEPIME
LOSARTÁN POTÁSICO / HIDROCLOROTIAZIDA,LOSARTAN/HCT 100MG/25MG MK
LOSARTÁN POTÁSICO / HIDROCLOROTIAZIDA,LOSARTAN + HIDROCLOROTIAZIDA 100MG + 25MG MK
SALMETEROL XINAFOATO­ FLUTICASONA PROPIONATO,SALMESEV­F 25 MCG/125 MCG
AZITROMICINA (COMO DIHIDRATO),ARZOMICIN 1000
CLORHIDRATO DE DEXMEDETOMIDINA,DEX CRISTALIA
CLORHIDRATO DE CICLOBENZAPRINA,CLORHIDRATO DE CICLOBENZAPRINA 5 mg
CLORHIDRATO DE CICLOBENZAPRINA,CLORHIDRATO DE CICLOBENZAPRINA 5 MG
DONEPECILO CLORHIDRATO + MEMANTINE CLORHIDRATO,NEUROPLUS DUO 10/28
CLORHIDRATO DE CICLOBENZAPRINA,CLORHIDRATO DE CICLOBENZAPRINA 10 mg
CLORHIDRATO DE CICLOBENZAPRINA,CLORHIDRATO DE CICLOBENZAPRINA 10 MG
DONEPECILO CLORHIDRATO + MEMANTINE CLORHIDRATO,NEUROPLUS DUO 10/14
CITICOLINA,COLINEX®
ACICLOVIR,ACICLOVIR 800 MG MK
ACICLOVIR,ACICLOVIR 800 MG MK
REMIFENTANILO (COMO CLORHIDRATO),REMIFENTANILO GRAY
REMIFENTANILO (COMO CLORHIDRATO),REMIFENTANILO GRAY
IRBESARTÁN 300 MG + HIDROCLOROTIAZIDA 25 MG,IRBESARTÁN 300 MG /HIDROCLOROTIAZIDA 25 MG MK
IRBESARTÁN 300 MG + HIDROCLOROTIAZIDA 25 MG,IRBESARTÁN + HIDROCLOROTIAZIDA 300 MG + 25 MG MK
VALPROATO SEMISÓDICO (EQUIVALENTE A ACIDO VALPROICO),VALPROSID
ETANERCEPT,ENBREL 50MG (VER NOMBRE COMPLETO AL DORSO)
ETANERCEPT,ENBREL 50MG SOLUCIÓN PARA INYECCIÓN (VER AL DORSO)
ETANERCEPT,ENBREL 50 MG SOLUCIÓN PARA INYECCIÓN..(VER AL DORSO)
ETANERCEPT,ENBREL 50MG
LISINOPRIL,LISINOPRIL 20 
CROSPOVIDONA,CROSBA
LISINOPRIL,LISINOPRIL 10
CENTELLA ASIATICA,TECASSOL
VITAMINA C,VICAL C SABOR NARANJA.
VER AL DORSO,OLMEDOS AH 20/5/25
VER AL DORSO,OLMEDOS AH 40/5/25
CLINDAMICINA + KETOCONAZOL,FEMISAN CREMA VAGINAL
CLINDAMICINA + KETOCONAZOL,FEMISAN CREMA VAGINAL
"GUAIFENESINA, CLORFENIRAMINA, FENILEFRINA Y AMBROXOL",MUCOPECTOL–D
PIDOTIMOD,ADIMOD
AMIODARONA CLORHIDRATO,AMIODARONA 200MG MK
AMIODARONA CLORHIDRATO,AMIODARONA 200 MG MK
ETANERCEPT,ENBREL 50 mg SOLUCIÓN INYECTABLE EN PLUMA PRECARGADA
ETANERCEPT,ENBREL 50MG SOLUCIÓN INYECTABLE EN PLUMA PRECARGADA
MULTICOMPOSICION,VAXIGRIPTETRA
MULTICOMPOSICION,VAXIGRIPTETRA
IBANDRONATO,IBANDRONATO 150 MG MK
IBANDRONATO,IBANDRONATO 150 MG MK
VITAMINA C,VICAL C SABOR TUTTIFRUTTI
CLOTRIMAZOL,CANESTEN V 1 DÍA ÓVULO VAGINAL
CLOTRIMAZOL,VAGIL-C 2%
AMPICILINA,AMPICILINA   1 G  MK
TADALAFILO,CASTE 5 mg
ROSUVASTATINA CALCICA + EZETIMIBA,SKORLAT EZ 20/10
VIVO ATENUADO OKA / VIRUS DE VARICELLA MERCK,VARIVAX
VIVO ATENUADO OKA / VIRUS DE VARICELLA MERCK,VARIVAX
VIVO ATENUADO OKA / VIRUS DE VARICELLA MERCK,VARIVAX
VIVO ATENUADO OKA / VIRUS DE VARICELLA MERCK,VARIVAX
TADALAFILO,CASTE 20 mg
COLECALCIFEROL (VITAMINA D3),DEVISAL CB
LOSARTAN POTASICO / HIDROCLOROTIAZIDA,LOSARTAN/HCT 50MG/12.5MG MK
FENOFIBRATO DE COLINA,TRILIPIX
HIERRO AMINOQUELADO,HIERRO AMINOQUELADO
DEXTROMETORFANO,SUPRITOX® 
MULTICOMPOSICION,TRACUTIL
TADALAFILO,LUDIKA
CENTELLA ASIATICA,TECASSOL
CETIRIZINA DICLORHIDRATO,CETIRIZINA 5 MG / 5 mL JARABE
VER AL DORSO,ENANTYUM 25 MG 
OLANZAPINA,OLSAR 10
OLANZAPINA,OLSAR 5
D- GLUCOSAMINA SULFATO + CONDROITINA SULFATO,FLEXURE SABOR NATURAL
DUPILUMAB,DUPIXENT
DUPILUMAD,DUPIXENT
ERENUMAB (AMG 334),PASURTA
ERENUMAB (AMG 334),PASURTA
ACIDO FOLICO,SUVIT
MULTICOMPOSICION,MULTIVITAMINICO GARY
BISOPROLOL FUMARATO,BISOPROLOL 2.5MG MK
DOLUTEGRAVIR,TIVICAY 50MG
DOLUTEGRAVIR,TIVICAY 50MG
DOLUTEGRAVIR,TIVICAY 50 MG
DICLOFENACO SODICO,VOLTAREN RETARD 100
DICLOFENACO SÓDICO,VOLTAREN RETARD 100
DICLOFENACO SODICO,VOLTAREN RETARD 100
ÁCIDO MEFENÁMICO,ÁCIDO MEFENÁMICO 500MG MK
VER AL DORSO,"VICAL C, SABOR MANDARINA"
INDICATEROL MALEATO/GLICOPIRRONIO BROMURO,ULTIBRO BREEZHALER
INDICATEROL MALEATO/GLICOPIRRONIO BROMURO,ULTIBRO BREEZHALER
DOCETAXEL TRIHIDRATADO,DOCETAXEL
DOCETAXEL TRIHIDRATADO,DOCETAXEL
VALSARTAN,VALATREN 80 MG
VALSARTAN,VALATREN 80 MG
BRIVARACETAM,BRIVAXON
BRIVARACETAM,BRIVAXON
BRIVARACETAM,BRIVAXON
LEVETIRACETAM D.C.I.,LEVETNOR 500 MG
LEVETIRACETAM D.C.I.,EPETROP® 500 MG COMPRIMIDOS RECUBIERTOS CON PELÍCULA
LEVETIRACETAM D.C.I.,LEVETNOR 500 mg comprimidos recubiertos con película
AMLODIPINA,CAVAS 5
ARIPIPRAZOL,ARIPIPRAZOL
ARIPIPRAZOL,ARIPIPRAZOL
ETANERCEPT,ETANERCEPT 
ETANERCEPT,ETANERCEPT 
MINOXIDIL,MINOXIDIL FORTE 5% MK
MINOXIDIL,MINOXIDIL FORTE 5% MK
FUROSEMIDA,LASIX
TRASTUZUMAB,HERZUMA
TRASTUZUMAB,HERZUMA
TRASTUZUMAB,HERZUMA
VALSARTAN + CLORTALIDONA,NONYDRA V
ABEMACICLIB,VERZENIO
ABEMACICLIB,VERZENIO
PRAMIPEXOL DICLORHIDRATO MONOHIDRATO,NOXOPRAN
PRAMIPEXOL DICLORHIDRATO MONOHIDRATO,NOXOPRAN
VER AL DORSO,BELISINA FORTE
LEVETIRACETAM,LORTAM 500
LEVETIRACETAM,LORTAM 1000
DURVALUMAB,IMFINZI
DURVALUMAB,IMFINZI
DURVALUMAB,IMFINZI
DURVALUMAB,IMFINZI
QUETIAPINA,LOXCAR XR
EDOXABÁN,LIXIANA 15 MG
EDOXABÁN,LIXIANA 30 MG
EDOXABÁN,LIXIANA 60 MG
ACIDO FUSIDICO + MOMETASONA,FUDIMET
CANDESARTAN + AMLODIPINA,EUCAND-A 16/5
CANDESARTAN + AMLODIPINA,EUCAND-A 16/5
BISOPROLOL + AMLODIPINA,BISKREM-A 5/5
BISOPROLOL + AMLODIPINA,BISKREM -A 5/5
MALEATO DE ERGONOVINA,METRISONAL 
PANTOPRAZOL SÓDICO SESQUIHIDRATO,ZOLPANT 40 MG
ETORICOXIB,SERICO 120 MG
ETORICOXIB,SERICO 120 MG
MOMETASONA + AZELASTINA,MOMET PLUS
CANDESARTAN CILEXETILO,CANDESARTAN 8 MG MK
FUROSEMIDA,FUROSEMIDA 40MG
MESALAZINA,PENTASA
VER AL DORSO,BYE FLU
VER AL DORSO,ROHTO COOL GOTAS LUBRICANTES DE OJOS 
VER AL DORSO,TERIAL AH 10/10/12.5
VER AL DORSO,TERIAL AH 5/5/12.5
LEVETIRACETAM D.C.I.,LEVETNOR 1000mg  COMPRIMIDOS RECUBIERTOS CON PELICULA
LEVETIRACETAM D.C.I.,LEVETNOR 1000 MG
MINOXIDIL,MINOXIDIL 2% MK
CLADRIBINA,MAVENCLAD
CARVEDILOL,CARVEDILOL 25MG MK 
CARVEDILOL,CARVEDILOL 25MG MK 
CARVEDILOL,CARVEDILOL 25MG MK 
BENDAMUSTINA CLORHIDRATO,QUERAMUS 
BENDAMUSTINA CLORHIDRATO,QUERAMUS
PROPINOX HCL + CLONIXINATO DE LISINA,COLIXAL COMPUESTO 
CARVEDILOL,CARVEDILOL 6.25MG MK
CARVEDILOL,CARVEDILOL 6.25 MG MK
CANAGLIFLOZINA,INVOKANA
CANAGLIFLOZINA,INVOKANA
METAMIZOL SODICO MONOHIDRATADO (DIPIRONA),NEO-MELUBRINA
METAMIZOL SODICO MONOHIDRATADO (DIPIRONA),NEO-MELUBRINA
DESVENLAFAXINA SUCCINATO MONOHIDRATO,DESVENLAFAXINA 50 MG MK
DESVENLAFAXINA SUCCINATO MONOHIDRATO,DESVENLAFAXINA 50MG MK
CLORHIDRATO DE ESKETAMINA,SPRAVATO 
CLORHIDRATO DE ESKETAMINA,SPRAVATO 
ARIPIPRAZOL,ILIMIT
ARIPIPRAZOL,ILIMIT
ARIPIPRAZOL,ILIMIT
CARVEDILOL,CARVEDILOL 12.5MG MK
CARVEDILOL,CARVEDILOL 12.5 MG MK
TADALAFILO,CIALIS
TADALAFILO,CIALIS
INSULINA HUMANA (ADNR),NOVOLIN R 
CLONIXINATO DE LISINA,DORIXINA 
ACIDO ZOLEDRONICO,ACIDO ZOLEDRONICO IMA 4MG
IRINOTECAN CLORHIDRATO TRIHIDRATO,IRINOTECAN IMA 100MG
QUETIAPINA (COMO FUMARATO),LOXCAR
CLOTRIMAZOL,CLOTRIMAZOL 1% CREMA VAGINAL
ROSUVASTATINA (D.C.I.) (CALCICA),ROSUVASTATINA NORMON 10MG
ROSUVASTATINA (D.C.I.) (CALCICA),ROSUNOR NORMON 10 MG
ABEMACICLIB,VERZENIO
ABEMACICLIB,VERZENIO
PREGABALINA (D.C.I.),PREGABNOR NORMON 300 mg
PREGABALINA (D.C.I.),PREGABNOR NORMON 300 MG
PREGABALINA (D.C.I.),PREGABNOR 75 MG CÁPSULAS DURAS
PREGABALINA (D.C.I.),PREGABNOR 75 MG CÁPSULAS DURAS
PREGABALINA (D.C.I.),PREGABNOR ® 150MG CAPSULAS DURAS
PREGABALINA (D.C.I.),PREGABNOR NORMON 150MG
VER AL DORSO,GELASPAN 4% 
GELATINA SUCCINILADA,GELASPAN 4%
ÁCIDO FUSIDICO,ÁCIDO FUSIDICO 2% MK
ESPIRONOLACTONA,ESPIRONOLACTONA 25MG MK
BETAHISTINA CLORHIDRATO,VERTIGEN 24MG
DICLOFENACO POTASICO,OXA
DICLOFENACO RESINATO,OXA
PIRACETAM,PIRACETAM 800MG MK
PIRACETAM,PIRACETAM 800MG MK
VITAMINA D3,DEROVIT 2000 UI
RAMIPRIL,RAMPRIL 2.5
ESCITALOPRAM,ZALOPRAM 20
RAMIPRIL,RAMPRIL 5
ESCITALOPRAM,ZALOPRAM 10
TOPIRAMATO,EPISTAL 50
DUTASTERIDE,DUTAFLOX
KETOROLACO TROMETAMINA,KETOROLACO TROMETAMINA 30 MG/ML
CLORHIDRATO DE DULOXETINA,DUROTINE 60 MG
PROPOFOL,SEVOFOL 200 MG / 20 ML
PROPOFOL,SEVOFOL 200 MG / 20 ML 
METILFENIDATO CLORHIDRATO,CONSIV
MELOXICAM,MELOXICAM 15MG MK
MELOXICAM,MELOXICAM 15MG MK
MELOXICAM,MELOXICAM 15 MG MK
METILFENIDATO CLORHIDRATO,CONSIV
METILFENIDATO CLORHIDRATO,CONSIV
INSULINA HUMANA ISOFANA,NOVOLIN N
ONDANSETRON HCL DIHIDRATO,ONDANSETRON 2 MG/ML
ETORICOXIB,SERICO 90 MG
VER AL DORSO,BEDOYECTA PEDIÁTRICA
ROSUVASTATINA (D.C.I.) (CALCICA),ROSUNOR NORMON 20 MG
FACTOR VIII DE COAGULACIÓN HUMANA,BERIATE
VER AL DORSO,MYOCARDIUM-TEC
VER AL DORSO,MYOCARDIUM-TEC
VITAMINA D3,DEROVIT 7000 UI
IBUPROFENO,WALKOFEN
DIAZEPAM,COMPAZ CRISTALIA
DIAZEPAM,COMPAZ CRISTALIA
MULTICOMPOSICION,PEDIALYTE 60 MEQ SOLUCION (VER AL DORSO)
TOPIRAMATO,EPISTAL 25
RAMIPRIL,RAMPRIL 10
"PAROXETINA, COMO CLORHIDRATO",TIARIX  10 
"PAROXETINA (EQUIVALENTE A PAROXETINA CLORHIDRATO 14,23)","TIARIX CR 12,5"
BICALUTAMIDA,HETROCALT 150 MG 
OMEPRAZOL,OMEPRAZOL 40 MG
VER AL DORSO,OXA
BETAMETASONA VALERATO + TETRACAÍNA CLORHIDRATO,RESORBORINA
CEFTRIAXONA,ROCEPHIN 
VER AL DORSO,CONSIV
AZACITIDINA,ITERBIL
TERIFLUNOMIDA,TERFLIMIDA
VITAMINA D3,DEROVIT 1000 UI
N/A,LIDOCAINA 2% E-50
VER AL DORSO,TRI-B 25.000
MEMANTINA CLORHIDRATO,TONIBRAL 20
PAROXETINA CLORHIDRATO,TIARIX CR 25
MULTICOMPOSICION,PEDIALYTE 60 MEQ SOLUCION (VER AL DORSO)
VALSARTAN + CLORTALIDONA,NONYDRA V
CLORHIDRATO DE OXIMETAZOLINA,AFRIN
CLORHIDRATO DE OXIMETAZOLINA,AFRIN
CLORHIDRATO DE OXIMETAZOLINA,AFRIN
LISDEXANFETAMINA DIMESILATO,SAMEXID
LISDEXANFETAMINA DIMESILATO,SAMEXID 
LISDEXANFETAMINA DIMESILATO,SAMEXID
DONEPECILO CLORHIDRATO,LIRPAN 5
PAROXETINA COMO CLORHIDRATO,TIARIX  20
DEXKETOPROFENO (D.C.I) TROMETAMOL,DEXKETOPROFENO NORMON 25MG
CETIRIZINA DICLORHIDRATO,CETIRIZINA 0.1 % MK
CETIRIZINA DICLORHIDRATO,CETIRIZINA 5 MG / 5 ML MK
HIDROQUINONA,LICOFORTE
RILUZOL,EDILOSIV
RILUZOL,EDILOSIV
ESOMEPRAZOL SODICO,PIROTON 40 MG
VALSARTAN,VALSARTAN 160 MG MK
CEFTRIAXONA,ROCEPHIN
QUETIAPINA (D.C.I.) FUMARATO,QUETINOR 100 mg COMPRIMIDOS RECUBIERTOS CON PELÍCULA.
QUETIAPINA (D.C.I.) FUMARATO,QUETINOR  NORMON 100 MG
QUETIAPINA (D.C.I.) FUMARATO,QuetiNor 200 mg COMPRIMIDOS RECUBIERTOS CON PELÍCULA
QUETIAPINA (D.C.I.) FUMARATO,QUETINOR NORMON 200 MG
VER AL DORSO,MILPAX NF 
QUETIAPINA COMO FUMARATO,LOXCAR  100
DONEPECILO CLORHIDRATO,LIRPAN 10
QUETIAPINA (D.C.I.) FUMARATO,QuetiNor 300 mg COMPRIMIDOS RECUBIERTOS CON PELÍCULA
QUETIAPINA (D.C.I.) FUMARATO,QUETINOR NORMON  300 MG
MULTICOMPOSICION,PHARMATON VITALITY
MULTICOMPOSICION,PHARMATON VITALITY
NEBIVOLOL CLORHIDRATO,SINPER PLB 5
NEBIVOLOL CLORHIDRATO,SINPER PLB 5 
IRBESARTÁN + HIDROCLOROTIAZIDA,CO-ACEPRESS 300 mg + 12.5 mg
VER AL DORSO,ALGHO TÉ
VER AL DORSO,"TRAMNOR P NORMON 37,5 MG/325 MG "
PARACETAMOL / TRAMADOL HIDROCLORURO,TRAMNOR P NORMON 37.5 MG / 325 MG
ETORICOXIB,ETOXIA 90
ETORICOXIB,ETOXIA 90 
ETORICOXIB,ETOXIA 120
ETORICOXIB,ETOXIA 120
IRBESARTÁN + HIDROCLOROTIAZIDA,CO-ACEPRESS 150 mg + 12.5 mg
ACIDO FOLICO / HIERRO,TARDYFERON B9
ACIDO FOLICO / HIERRO,TARDYFERON B9
BROMURO DE PIRIDOSTIGMINA,MESTINON TIMESPAN®
VORICONAZOL,VORICA 200 MG 
ACIDO ASCORBICO (VITAMINA C),LEMOVIT C
VER AL DORSO,EUKENE PLUS 20/25/5
VALSARTAN + HIDROCLOROTIAZIDA,VALSARTAN/HCT 160 MG/12.5 MG MK 
BOSENTAN,BOSENTAN
ETINILESTRADIOL + ACETATO DE CIPROTERONA,ETINILESTRADIOL + ACETATO DE CIPROTERONA
VER AL DORSO,ROHTO ICE GOTAS PARA OJOS 
NITAZOXANIDA,NITAZOXANIDA 100 MG/5 ML MK
CLORHIDRATO DE DULOXETINA,DUROTINE 30 MG
VER AL DORSO,REGULACID 40
VER AL DORSO,REGULACID 20
GEFITINIB,TEROGEF 250 MG
PEMETREXED DISODIO 2.5 HIDRATO,TREXED 500 MG
FEXOFENADINA,FEXOFENADINA 30MG/5ML MK
FEXOFENADINA,FEXOFENADINA 30MG/5ML MK
ADALIMUMAB,HYRIMOZ® 40MG/0.8ML
ADALIMUMAB,HYRIMOZ® 40MG/0.8ML
CAPECITABINA,IMACAP
CAPECITABINA,IMACAP
VER AL DORSO,METAFEN® 
LIDOCAINA CLORHIDRATO,LIDOCAINA CLORHIDRATO 300 MG/30ML (1%)
IODURO DE SODIO [131 I],IODURO DE SODIO [131 I] -50 MCI / ML
VER AL DORSO,ATROLIP 40 MG
IODURO DE SODIO [131 I],IODURO DE SODIO [131 I]-25 MCI / ML
ESOMEPRAZOL SÓDICO EQ. A ESOMEPRAZOL BASE,QUALIUM 40 MG
ATORVASTATINA CALCICA EQ. ATORVASTATINA BASICA,ATROLIP 20 MG
AZITROMICINA DI-HIDRATADA EQ. AZITROMICINA ANHIDRA,AZITROMICINA 500 MG
ATORVASTATINA CALCICA EQ. A ATORVASTATINA BASICA,ATROLIP 10 MG
LEVOSULPIRIDE,L-SUL® 
PARACETAMOL + GUAIFENESINA,ACETAMINOFENO 300 MG + GUAIFENESINA 20 MG 
CARBOXIMETILCELULOSA SODICA,CARMELUB TEARS
VITAMINA C + ZINC,VITAMINA C + ZINC 500 MG / 5 MG MK SABOR NARANJA 
CEFUROXIMA AXETIL,BAXIDEN® 
VILDAGLIPTINA+ METFORMINA HCL,DIAGLIBE M  50-850
MOXIFLOXACINA,M-CIN 400 MG 
ABIRATERONA ACETATO,ABATERO 250 MG 
ABIRATERONA ACETATO,ABATERO 250 MG
VILDAGLIPTINA + METFORMINA HCL,DIAGLIBE M 50-1000
DUTASTERIDE/ TAMSULOSINA CLORHIDRATO,DUTAFLOX® DUO
MELOXICAM + GLUCOSAMINA SULFATO CLORURO DE POTASIO,MOVIX DUO   
VILDAGLIPTINA + METFORMINA HCL,DIAGLIBE M  50-500
BISOPROLOL HEMIFUMARATO,BISNOR 10 mg COMPRIMIDOS RECUBIERTOS CON PELICULA
BISOPROLOL HEMIFUMARATO,BISNOR NORMON 10 MG
PROMESTRIENE,EVASTRIOL ®
PROMESTRIENE,EVASTRIOL®
SILDENAFIL,VIAGRA
BETAHISTINA CLORHIDRATO,VERTIGEN 16 MG
AMINOACIDOS,TRAVASOL AL 10% SIN ELECTROLITOS
RISPERIDONA,GOVAL
BISOPROLOL HEMIFUMARATO,BISNOR 5 mg COMPRIMIDOS RECUBIERTOS CON PELÍCULA
BISOPROLOL HEMIFUMARATO,BISNOR NORMON  5 MG
VER AL DORSO,OVUMIX
CEFUROXIMA AXETIL,BAXIDEN® 
VITAMINA C + ZINC 1G / 10MG MK,VITAMINA C + ZINC 1 G (VER AL DORSO)
PREGABALINA,PREGABALINA 150 MG 
LAMOTRIGINA,LAMOTRIGINA 50 MG MK
VALSARTAN,VALSARTAN 160 MG
PROPINOX CLORHIDRATO,SERTAL
VER AL DORSO,FITOESTIMULINA VAG
BROMURO DE TIOTROPIO + CLORHIDRATO DE OLODATEROL,SPIOLTO RESPIMAT
NEBIVOLOL,NEBIVOLOL 5 MG MK
NEBIVOLOL,NEBIVOLOL 5 MG MK
MORFINA CLORHIDRATO TRIHIDRATO,NEOCALMANS
ETORICOXIB,ETORICOX 90 MG
MEMANTINA CLORHIDRATO,MEMANTINA CLORHIDRATO 20 MG MK
MEMANTINA CLORHIDRATO,MEMANTINA CLORHIDRATO 20 MG MK
CARBOXIMETILCELULOSA SODICA,CARMELUB TEARSGEL
LINEZOLID (D.C.I.),LINEZOLID NORMON 2 MG/ML SOLUCION PARA PERFUSION EFG
VER AL DORSO,COSYREL 
FUMARATO DE BISORPOLOL + PERINDOPRIL ARGININA,COSYREL
FUMARATO DE BISORPOLOL + PERINDOPRIL ARGININA,COSYREL
CANDESARTAN CILEXETIL,MINART
ETORICOXIB (D.C.I),ETONOR NORMON 
GLUCONATO DE CLORHEXIDINA,VIVIA WESCOHEX JABÓN 2%
GLUCONATO DE CLORHEXIDINA,VIVIA WESCOHEX JABON 2%
CLONIDINA CLORHIDRATO,CLONIDINA GRAY
DROSPIRENONA / ETINILESTRADIOL,DAMSEL      
ETORICOXIB (D.C.I),ETONOR NORMON ® 60 MG 
ETORICOXIB (DCI),ETONOR NORMON ® 60 MG
DEXTROMETORFANO / DIFENHIDRAMINA,DERBACTAM®
AZITROMICINA DIHIDRATO,AZYNOR NORMON
ETORICOXIB (D.C.I),ETONOR 90 mg COMPRIMIDOS RECUBIERTOS CON PELÍCULA
ETORICOXIB (DCI), ETONOR® 60 MG COMPRIMIDOS RECUBIERTOS CON PELÍCULA
CANDESARTAN CILEXETIL,MINART
FUMARATO DE BISORPOLOL + PERINDOPRIL ARGININA,COSYREL
VER AL DORSO,COSYREL
VER AL DORSO,PREVENAR 13
VER AL DORSO,PREVENAR 13
ROSUVASTATINA DE CALCIO + EZETIMIBE,TAVASTINA­-EZ 10/10 
LAMOTRIGINA,LAMOTRIGINA 100 MG MK
VER AL DORSO,DIPROSPAN
VER AL DORSO,DIPROSPAN
ROSUVASTATINA DE CALCIO + EZETIMIBE,TAVASTINA­EZ-20/10
PREGABALINA,PREGABALINA 75 MG
GLUCONATO DE CLORHEXIDINA / ALCOHOL ETILICO,WESCOHEX 270
METOXIPOLIETILENGLICOL-EPOETINA BETA,MIRCERA
METOXIPOLIETILENGLICOL-EPOETINA BETA,MIRCERA
METOXIPOLIETILENGLICOL-EPOETINA BETA,MIRCERA
METOXIPOLIETILENGLICOL-EPOETINA BETA,MIRCERA
N-ACETILCISTEÍNA,CASAMUC
VER AL DORSO,NEFROTAL AH 100/5/12.5
VER AL DORSO,NEFROTAL AH 100/5/12.5
VER AL DORSO,COROPRES AH 32/10/12.5
CANDESARTÁN CILEXETILO / HIDROCLOROTIAZIDA,COROPRES H 16/25
VER AL DORSO,LOSACOR D PLUS 100/5/12.5
VER AL DORSO,LOSACOR D PLUS 100/5/12.5
MEMANTINA CLORHIDRATO,CARRIER PLUS
OLAPARIB,LYNPARZA
OLAPARIB,LYNPARZA
CLORHIDRATO DE METFORMINA,PREDIAL PLUS
CANDESARTAN CILEXETILO Y HIDROCLOROTIAZIDA,MINART PLUS
SERTRALINA CLORHIDRATO,APREXIA 100
MULTICOMPOSICION,BIOCALCIUM PLUS MK
OLAPARIB,LYNPARZA
OLAPARIB,LYNPARZA
SERTRALINA CLORHIDRATO,APREXIA 50
VER AL DORSO,ENANTYUM PLUS 75 MG/25 MG
AMINOACIDOS,TRAVASOL PLUS 15% LIBRE DE BISULFITO
FLUCONAZOL,FLUCONAZOL 150 MG 
FLUCONAZOL,FLUCONAZOL 150 MG 
SALBUTAMOL SULFATO,SALBUTERO 100 MCG
FUROATO DE MOMETASONA,PLERMIN
CANDESARTAN,EUCAND-32
ARTICAINA 4% CON EPINEFRINA 1: 100 000,ARTICAINA 4% CON EPINEFRINA 1: 100 000
VER AL DORSO,ENITRAX
ETORICOXIB,ETORICOX 120 MG
VER AL DORSO,MINART ®
SERRATIOPEPTIDASA,DANZEN 10MG
SERRATIOPEPTIDASA,DANZEN 10MG
SERRATIOPEPTIDASA,DANZEN 5MG
SERRATIOPEPTIDASA,DANZEN 5MG
CLORHIDRATO DE LIDAMIDINA,SUPRA VALEANT
MELOXICAM,LUMALEX
PROPINOXATO HCL + CLONIXINATO DE LISINA,PROPINOXATO COMPUESTO GARY
VALSARTAN,VALSARTAN 320 MG
N-ACETILCISTEINA,CASAMUC
VER AL DORSO,PEXABREL AH 320/10/25
POLATUZUMAB VEDOTINA,ROPOLIVY
POLATUZUMAB VEDOTINA,ROPOLIVY
DAPOXETINA (EQUIVALENTE A DAPOXETINA CLORHIDRATO),PRILIGY 30 MG
IMATINIB,STEIN STINIB® 
VER AL DORSO,PRILIGY 60 MG
CANDESARTAN CILEXETILO + HIDROCLOROTIAZIDA,CANDESARTAN + HIDROCLOROTIAZIDA ETHICAL
ABIRATERONA ACETATO,JAVULAS
MEMANTINE CLORHIDRATO,DEMANTIN® 20 
MEMANTINE CLORHIDRATO,DEMANTIN® 20 
AMLODIPINA BESILATO + LISINOPRIL DIHIDRATO,AMLODIPINA 5MG + LISINOPRIL 10MG
AMLODIPINA BESILATO,AMLODIPINA 10MG
CANDESARTÁN CILEXETILO/HIDROCLOROTIAZIDA,COROPRES H  32/12.5
IRBESARTAN +HIDROCLOROTIAZIDA,IRBESEVEN­-H 150 MG/12.5 MG
AMLODIPINA BESILATO,AMLODIPINA 5MG  
TOLNAFTATO,SECALIA ACTIVE
LEVOCARNITINA,CARDISPAN TABLETAS 1 G
VER AL DORSO,ADEPRA AH 16-10-12.5
DEXKETOPROFENO TROMETAMOL,VELIAN
BIFONAZOL,UNESIA
VER AL DORSO,LOXCAR XR 200
ERLOTINIB CLORHIDRATO,ERLOTINIB
CANDESARTÁN CILEXETILO/ HIDROCLOROTIAZIDA,ADEPRA H 16/25
DEXKETOPROFENO (D.C.I) TROMETAMOL,DEXNOR NORMON
DICLOFENACO SÓDICO,DICLOFENACO 50MG MK
OMEPRAZOL SÓDICO,OMEPRAZOL 40 mg
CILOSTAZOL,CILOSTAL 
AMLODIPINA BESILATO + LISINOPRIL DIHIDRATO,AMLODIPINA 5MG + LISINOPRIL 20MG
PENTOXIFILINA,TRENTAL
PENTOXIFILINA,TRENTAL
NISTATINA,NISTATINA
VER AL DORSO,ADEPRA AH 32/10/12.5
FOSFATO DE FLUDARABINA,FLUDARABINA  KEMEX 50 MG/ML
VER AL DORSO,COSYREL
FUMARATO DE BISORPOLOL + PERINDOPRIL ARGININA,COSYREL
VER AL DORSO,COSYREL
AZELASTINA CLORHIDRATO – FLUTICASONA PROPIONATO,NASTILOX LFG
SEMAGLUTIDA,OZEMPIC DUALDOSE 
SEMAGLUTIDA,OZEMPIC FIXDOSE
AMLODIPINA BESILATO + LISINOPRIL DIHIDRATO,AMLODIPINA 10MG + LISINOPRIL 20MG
CILOSTAZOL,CILOSTAL
VER AL DORSO,CARDICOL ARA D 10-100-25
CANDESARTAN CILEXETIL,CANDESARTAN 32
ROSUVASTATINA CALCICA,ROSUVASTATINA 10
CANDESARTÁN CILEXETIL,CANDESARTÁN 16
DEXKETOPROFENO TROMETAMOL,DEXKETOPROFENO 50 MG/2ML
IMATINIB MESILATO,IMATERO 400 MG 
ROSUVASTATINA CALCICA,ROSUVASTATINA 20
ROSUVASTATINA CALCICA,ROSUVASTATINA 5
DEXKETOPROFENO TROMETAMOL,DEXKETOPROFENO 25
VORICONAZOL,VFEND 200 MG TABLETAS RECUBIERTAS
CANDESARTÁN CILEXETIL,CANDESARTÁN 8
ACETAMINOFEN+CETIRIZINA DICLORHIDRATO+FENILEFRINA HCL,BRONCOCHEM AS
ACETAMINOFEN + CETIRIZINA + FENILEFRINA,BRONCOCHEM AS 
DIDROGESTERONA,DUPHASTON
DONEPEZILO CLORHIDRATO,DONEPEZILO CLORHIDRATO 10 MG
IVERMECTINA,IVEXTERM TABLETAS 6 MG
MIRTAZAPINA,MIRTAZAPINA 30 MG MK
KETOCONAZOL,KETOCONAZOL 2%
PACLITAXEL,PACLITAXEL TUTEUR
LENALIDOMIDA,LENALIDOMIDA
LENALIDOMIDA,LENALIDOMIDA
VER AL DORSO,DOLO FLENEX
TRIMETOPRIM + SULFAMETOXAZOL,TRIMETOPRIM + SULFAMETOXAZOL  80-400 MG 
VER AL DORSO,AZITROMICINA 200 MG
VER AL DORSO,ACETAMINOFÉN + FOSFATO DE CODEINA
ACETAMINOFEN + FOSFATO DE CODEINA,ACETAMINOFEN + FOSFATO DE CODEINA
N-ACETILCISTEINA,FLUIMUCIL 4%
LENALIDOMIDA,LENALIDOMIDA
INDACATEROL MALEATO (QAB149),ONBRIZE BREEZHALER
INDACATEROL MALEATO (QAB149),ONBRIZE BREEZHALER
DOXORUBICINA CLORHIDRATO,DOXORRUMAL
TRAMADOL CLORHIDRATO /DICLOFENACO SÓDICO, ADORLAN FORTE
ESTRIOL,FEMTRIOL
ESTRIOL,FEMTRIOL
DOCETAXEL ANHIDRO,IMAXEL
DOCETAXEL ANHIDRO,IMAXEL 
DOCETAXEL ANHIDRO,IMAXEL 
DOCETAXEL ANHIDRO,IMAXEL
FULVESTRANT,FULVESTRANT
FULVESTRANT,NILGABAN
FAMPRIDINA,DALFYRAN
FAMPRIDINA,DALFYRAN
ÁCIDO IBANDRÓNICO,OSEFOR
VITAMINA E + SELENIO,VITAMINA E + SELENIO 
VER AL DORSO,BORTEZOMIB
ACIDO FOLICO,ACIDO FOLICO
DOLUTEGRAVIR + ABACAVIR + LAMIVUDINA,TRIUMEQ
DOLUTEGRAVIR + ABACAVIR + LAMIVUDINA,TRIUMEQ
DOLUTEGRAVIR + ABACAVIR + LAMIVUDINA,TRIUMEQ
DIMETILFUMARATO,TILMURATO
DIMETILFUMARATO,TILMURATO
LORATADINA / CLORHIDRATO DE AMBROXOL,FACIRAX® 
N-ACETILCISTEINA,BALTOX®
BISOPROLOL FUMARATO,BISOPROLOL 10
BISOPROLOL FUMARATO,BISOPROLOL 5
BISOPROLOL FUMARATO,BISOPROLOL 2.5
DELAFLOXACINO,DELABAXI 450 MG
DROSPIRENONA,SLINDA
DROSPIRENONA,SLINDA
LOSARTÁN / HIDROCLOROTIAZIDA,LOSARTÁN + HIDROCLOROTIAZIDA SUED 50 MG + 12.5 MG
RAMIPRIL,ROWEPRIL 10
ÁCIDO TIÓCTICO (COMO DL-AMIDA),BILETAN FORTE 200
MULTICOMPOSICION,BELIVRON® PEDIÁTRICO
CANAGLIFLOZINA + CLORHIDRATO DE METFORMINA,VOKANAMET
INTERFERON BETA 1 A,AVONEX
INTERFERON BETA 1A,AVONEX
VER AL DORSO,BONFIEST PLUS
VER AL DORSO,VOKANAMET
METOPROLOL SUCCINATO,BETALOC ZOK 
RAMIPRIL,ROWEPRIL 2.5
QUETIAPINA (COMO FUMARATO),LOXCAR  200
IMATINIB MESILATO,MATIN IMA 
ZOLPIDEM HEMITARTRATO,SOMNO
IMATINIB MESILATO,MATIN IMA
METOPROLOL SUCCINATO,BETALOC ZOK
SERTRALINA,SEROLUX
CANAGLIFLOZINA + CLORHIDRATO DE METFORMINA,VOKANAMET
FINASTERIDA,DAVANAT
ÁCIDOS OMEGA 3 ETIL ÉSTER 84%,PROCAPS EPACOR
CLINDAMICINA + CLOTRIMAZOL,CLINDAMICINA + CLOTRIMAZOL 100MG + 200MG MK
BOSENTAN MONOHIDRATO,BOSENTAN 62.5MG MK
PERMETRINA,ELIMEX
PERMETRINA,ELIMEX
PERMETRINA,ELIMEX
CANAGLIFLOZINA + CLORHIDRATO DE METFORMINA,VOKANAMET
CLORHEXIDINA,EUROCLOREX
CELECOXIB + PREGABALINA,CELECO-P
CELECOXIB + PREGABALINA,IMPEDIL-P
VER AL DORSO,CRONO CORTICAS
CLOPIDOGREL,CLOPIDOGREL 75
CLOTRIMAZOL / BETAMETASONA / NEOMICINA,TRIGENTAX
RAMIPRIL,ROWEPRIL 5
VILDAGLIPTINA,VILZER
VER AL DORSO,CORTICAS RETARD
CICLOSPORINA,RESTASIS
CICLOSPORINA,RESTASIS
CICLOSPORINA,RESTASIS
BICALUTAMIDA,BICALUTAMIDA IMA 50MG
RAMIPRIL + HIDROCLOROTIAZIDA,ROWEPRIL H 10/12.5
RAMIPRIL / HIDROCLOROTIAZIDA,ROWEPRIL H 2.5/12.5
CLINDAMICINA + KETOCONAZOL,CLINDAMICINA + KETOCONAZOL 100 MG + 400 MG MK
CEFTAROLINA FOSAMIL,ZINFORO 600 MG POLVO (VER AL DORSO)
CEFTAROLINA FOSAMIL,ZINFORO 600MG (VER AL DORSO)
RAMIPRIL + HIDROCLOROTIAZIDA,ROWEPRIL H 5/12.5
RIVASTIGMINA,RIVAZIC PARCHES
RIVASTIGMINA,RIVAZIC PARCHES
RIVASTIGMINA,RIVAZIC PARCHES
RIVASTIGMINA,RIVAZIC PARCHES
LEVONORGESTREL,MAHELY
FUROATO DE MOMETASONA ANHIDRA MICRONIZADA,"RINAID 0,05% SUSPENSIÓN NASAL EN SPRAY"
EPIRUBICINA CLORHIDRATO,EPIRUBICINA KEMEX 50 MG
LEVOFLOXACINO HEMIDRATO EQ. A LEVOFLOXACINO,FLOXAPRIN 750 MG
CLOSTRIDIOPEPTIDASA + CLORAMFENICOL,IRUXOL
PREDNISOLONA / LORATADINA,PRINOSI L
CLOTRIMAZOL MICRONIZADO,LOMECAN V GENOMMA LAB 
QUETIAPINA (EQUIVALENTE A QUETIAPINA FUMARATO),LOXCAR XR 300
METFORMINA CLORHIDRATO + VILDAGLIPTINA,VILZERMET
METFORMINA CLORHIDRATO + VILDAGLIPTINA,VILZERMET
METFORMINA CLORHIDRATO + VILDAGLIPTINA,VILZERMET
METFORMINA CLORHIDRATO + VILDAGLIPTINA,VILZERMET
BOSENTAN MONOHIDRATO,BOSENTAN 125MG MK
PACLITAXEL KEMEX 150MG/25ML,PACLITAXEL KEMEX 150 MG
METFORMINA CLORHIDRATO + VILDAGLIPTINA,VILZERMET
METFORMINA CLORHIDRATO + VILDAGLIPTINA,VILZERMET
GLIMEPIRIDA + METFORMINA HCL,GLIMEPICOL-M 2/850
GLIMEPIRIDA + METFORMINA HCL,GLIMEPICOL-­M 4/850
IMIQUIMOD,VIROSUPRIL
VER AL DORSO,EMBRIONAL ICLOS
VER AL DORSO,EMBRIONAL ICLOS
ETANERCEPT,EXADIA ICLOS
ETANERCEPT,EXADIA
ETANERCEPT,EXADIA 
VALSARTAN,TERAPRES 80
PONATINIB CLORHIDRATO 15 MG,PONATIB 15 MG
PONATINIB,PONATIB 45 MG
ETANERCEPT,EXADIA ICLOS
ETANERCEPT,EXADIA 
ETANERCEPT,EXADIA 
CLONIDINA HCL,COASIN 0.1
CLONIDINA HCL,COASIN 0.1
VER AL DORSO,EMBRIONAL ICLOS
FOLITROPINA ALFA RECOMBINANTE HUMANA (R-HFSH),EMBRIONAL ICLOS
MULTICOMPOSICIÓN,PROCTO VENOLEX 
FEBUXOSTAT,ADENURIC 80 MG
VER AL DORSO,EMBRIONAL ICLOS
FOLITROPINA ALFA RECOMBINANTE HUMANA (R­HFSH),EMBRIONAL ICLOS
SIROLIMUS,RAPAMUNE 1MG TABLETAS RECUBIERTAS
BUPRENORFINA,TRANSTEC
BUPRENORFINA,TRANSTEC
BETAMETASONA - LORATADINA,BELETEX®
VER AL DORSO,PERGOVERIS 300 UI + 150 UI
VER AL DORSO,TAMOXIFENO GADOR 10
LEVOFLOXACINO HEMIDRATO EQ. A LEVOFLOXACINO,FLOXAPRIN 500 MG
TETRABENAZINA,FEINARDON
TETRABENAZINA,FEINARDON
DOXORUBICINA CLORHIDRATO,DOXORRUMAL
CEFAZOLINA.,CEFAZOLINA
CEFAZOLINA.,CEFAZOLINA
CEFAZOLINA.,CEFAZOLINA
DEXMEDETOMIDINA.,DEXMEDETOMIDINA.
NEBIVOLOL CLORHIDRATO / HIDROCLOROTIAZIDA,SINPER PLB H 5/25
NEBIVOLOL CLORHIDRATO / HIDROCLOROTIAZIDA,SINPER ROWE H 5/12.5 
ORLISTAT,ADIPONIL
ORLISTAT,SLIMFIT
ORLISTAT,ORLISTAT SUED 120 MG
VER AL DORSO,PANALER 40 
VER AL DORSO,TUSCASOL 10
BUPRENORFINA,TRANSTEC 
METOPROLOL TARTRATO,MEPROLOL 25
FILGASTRIM (300MUI) 300 MCG,NEUGRAFIL 300
BUSULFAN,BUSULFAN VARIFARMA 60 MG
FEBUXOSTAT,ADENURIC 120 MG
ETANERCEPT,ERELZI 50 mg/ mL (25 mg)
ETANERCEPT,ERELZI 50 MG / ML (25 MG)
ETANERCEPT,ERELZI 50MG/ML (25MG)
ETANERCEPT,ERELZI 50 mg/mL (50 mg)
ETANERCEPT,ERELZI 50MG/ML (50MG)
ETANERCEPT,ERELZI 50 MG / ML (50 MG)
VER AL DORSO,TAMOXIFENO GADOR 20
VER AL DORSO,TECASSOL 
FOSFOMICINA TROMETAMOL,FOSFOLIX
OLMESARTÁN MEDOXOMILO / HIDROCLOROTIAZIDA,EUKENE H 20/25
ORLISTAT,REDUTEROL
DONEPEZILO,DOSTERIL 10
DONEPEZILO HCL,DOSTERIL 5
NIFEDIPINA,NIFEDIPINA 20
NIFEDIPINA,NIFEDIPINA RETARD 20
RIVASTIGMINA,RIVAZIC PARCHES
RIVASTIGMINA,RIVAZIC PARCHES
CANDESARTAN + HIDROCLOROTIAZIDA,CANDESARTAN/ HIDROCLOROTIAZIDA 16/12.5
NEBIVOLOL (COMO CLORHIDRATO)+HIDROCLOROTIAZIDA,EPITRIOL H 5/12.5
NEBIVOLOL (COMO CLORHIDRATO)+HIDROCLOROTIAZIDA,EPITRIOL H 5/25
TRAMADOL CLORHIDRATO,TRAMADOL 50 MG MK
VER AL DORSO,CEC
AMBROXOL CLORHIDRATO,AMBROXOL CLORHIDRATO
PROTEÍNA FÉRRICA + ACIDO FÓLICO,FERGANIC FOLIC
PROTEÍNA FÉRRICA + ACIDO FÓLICO,FERGANIC FOLIC
MOMETASONA FUROATO,DERMACORTINE
ADAPALENO,ADAPGEL
VORICONAZOL,VORICONAZOL RICHET
METFORMINA,METFOCOL 500
METFORMINA,METFOCOL 500
METFORMINA,METFOCOL 850
METFORMINA,METFOCOL 850
METOCOBALAMINA,METOCOBALAMINA
LEVETIRACETAM,CALLEXE
MOMETASONA,MOTADERM
CARVEDILOL,CARVEDILOL
CANDESARTAN + HIDROCLOROTIAZIDA,EUCAND-H 16/12.5
VER AL DORSO,CEC
PROPOFOL,PROPOFOL 
ACETILCISTEINA,N-ACETILCISTEINA 600 MG MK
ATENOLOL + CLORTALIDONA,ATENOLOL + CLORTALIDONA 100/25
PREDNISOLONA ACETATO MICRONIZADO,CORTIOFTAL 1% SUSPENSIÓN OFTALMICA ESTERIL  
VER AL DORSO,PERGOVERIS (900 UI + 450 UI) / 1.44 ML
ACETAMINOFEN,ACETAMINOFÉN 160 mg/5 mL MK
ACETAMINOFEN,ACETAMINOFÉN 160 MG / 5 ML MK
DICLORHIDRATO DE BETAHISTINA,PERINOLA
LORATADINA,LORATADINA
LENVATINIB MESILATO 4MG,VARENVATIB 4 MG
LENVATINIB MESILATO,VARENVATIB 10 MG
BETAMETASONA 0.25 MG / LORATADINA 5MG,BELETEX®
VER AL DORSO,PERGOVERIS 450 UI + 225UI  / 0.72 ML
ESOMEPRAZOL,ESOMEPRAZOL
LORLATINIB,LORBRENA 100MG TABLETAS RECUBIERTAS
LORLATINIB,LORBRENA 25MG TABLETAS RECUBIERTAS
APIXABAN,ELIQUIS 5MG TABLETAS RECUBIERTAS
APIXABAN,ELIQUIS 5MG TABLETAS RECUBIERTAS
APIXABAN,ELIQUIS 2.5MG TABLETAS RECUBIERTAS
APIXABAN,ELIQUIS 2.5MG TABLETAS RECUBIERTAS
LOSARTAN / HIDROCLOROTIAZIDA,LOSARTAN + HIDROCLOROTIAZIDA 50/12.5
LOSARTAN + HIDROCLOROTIAZIDA,LOSARTAN + HIDROCLOROTIAZIDA 100/25
OLIGOELEMENTOS.,OLIGOELEMENTOS
AMOXICILINA + ACIDO CLAVULANICO,AUGMENTIN BID
ALBENDAZOL,KILPAR 
DASATINIB,VARITINIB 100 MG
CLINDAMICINA+ KETOCONAZOL,MAXIVAG 
PIPERACILINA SODICA + TAZOBACTAM SODICO,TAPECTAM
DEXTROSA, DEXTROSA AL 10% USP
LEVOSIMENDAN,LEVOSIMENDAN RICHET
AMOXICILINA + ACIDO CLAVULANICO,AUGMENTIN BID
FOSAPREPITANT DIMEGLUMINA,FOSATANT
HIDROCLOROTIAZIDA,HIDROCLOROTIAZIDA 25 
HIDROCLOROTIAZIDA,HIDROCLOROTIAZIDA 50
ÁCIDO GADOXÉTICO DISÓDICO,PRIMOVIST® 
FENOFIBRATO,TRIGLIFENO 160
FENOFIBRATO,TRIGLIFENO 160
IBUPROFENO,IBUPROFENO SUED 800 MG
ABIRATERONA ACETATO,ABIRAND
LATANOPROST + TIMOLOL,LATOF-T SP
DEFERASIROX,FERASIRO
DEFERASIROX,FERASIRO
OLANZAPINA,PROLANZ
OLANZAPINA,PROLANZ 5 MG
AGUA ESTÉRIL,AGUA ESTÉRIL PARA INYECCIÓN USP  
VILDAGLIPTINA + METFORMINA,ETIVILDAG-M
VILDAGLIPTINA + METFORMINA,ETIVILDAG-M
VILDAGLIPTINA + METFORMINA,ETIVILDAG-M
VITAMINA D3,FARMA D 1000 - MAS QUE SALUD OSEA
OLANZAPINA,PROLANZ
OLANZAPINA,PROLANZ 10 MG
IBUPROFENO,SUPROFEN 800 MG
VORICONAZOL,VORIOLE
VORICONAZOL,VORIOLE 
IDARUBICINA CLORHIDRATO,IDARUBICINA KEMEX 5 MG
BRINZOLAMIDA + TIMOLOL,BRINZOF T
OLMERSARTAN MEDOXIMILO + HIDROCLOROTIAZIDA,OLTANA H 20 MG/12.5 MG
DESLORATADINA,DESLORATADINA
BRIMONIDINA TARTRATO,BRIMOF SP
ACETAMINOFEN,WINASORB NIÑOS
ACETAMINOFEN,WINASORB NIÑOS
NALTREXONA CLORHIDRATO + BUPROPION CLORHIDRATO,NALTREVA
IOHEXOL,OMNIPAQUE
EPTACOG ALFA (ACTIVADO),NOVOSEVEN RT MIXPRO 2MG / VIAL (100 KUI/VIAL)
NOMEGESTROL ACETATO + ESTRADIOL,FEMALVI
NOMEGESTROL ACETATO + ESTRADIOL,FEMALVI
DAPAGLIFLOZINA / METFORMINA CLORHIDRATO,XIGDUO XR 
LEVOFLOXACINA,LOFLOXIN® 
METRONIDAZOL,EPAQ
VER AL DORSO,ENANGESIC-B
PIPERACILINA SODICA + TAZOBACTAM SODICO,AMPITOTAL®
CLORHIDRATO DE AZELASTINA,RINALIN
CLORHIDRATO DE AZELASTINA,RINALIN
ACETAMINOFEN,WINASORB BEBÉS
ACETAMINOFEN,WINASORB BEBÉS
HIERRO CARBONILO + ACIDO FOLICO,UNIFERFOL
DAPAGLIFLOZINA / METFORMINA CLORHIDRATO,XIGDUO XR
ALPELISIB,PIQRAY
ALPELISIB,PIQRAY
ALPELISIB,PIQRAY
ALPELISIB,PIQRAY
ALPELISIB,PIQRAY
ALPELISIB,PIQRAY
ELEMENTOS TRAZA.,PEDITRACE
ELEMENTOS TRAZA.,PEDITRACE.
PIRFENIDONA,ESGRINIL
RIFAMPICINA,RIFAMPICINA  RICHET  300MG
MULTICOMPOSICION,SMOFKABIVEN PERIFERICO
MULTICOMPOSICION,SMOFKABIVEN CENTRAL
HIALORUNATO DE SODIO,HIALOF HIDRA
HIALORUNATO DE SODIO,HIALOF HIDRA
MULTICOMPOSICION,ADDAVEN
MULTICOMPOSICION,ADDAVEN
RITUXIMAB,RITUXIREL
RITUXIMAB,RITUXIMAB 500
RITUXIMAB,RITUXIREL
VER AL DORSO,GRITOS - EX
ATORVASTATINA CALCICA,ORATOR® 80
PIRACETAM,PIRACETAM MAMEY® 1200 MG
SILIMARINA,KETOLAC-140
RISPERIDONA,RISPERIDONA MAMEY® 3 MG
QUETIAPINA FUMARATO EQUIVALENTE A QUETIAPINA,QUETIAPINA
OLANZAPINA,OLANZAPINA MAMEY® 2.5 MG
MENOTROPINA HP,MERAPUR® 600 UI
MELOXICAM,MELOXICAM - 7.5
MECLIZINA CLORHIDRATO,MECLIZINA MAMEY® 
OLANZAPINA,OLAXIL® 2.5
OLANZAPINA,OLAXIL® 2.5
MULTICOMPOSICION,"DOCEPLEX 25,000 D.A."
VER AL DORSO,"DOCEPLEX 25,000 D.A. "
VER AL DORSO,"DOCEPLEX 25,000 D.A. "
CANDESARTAN CILEXETILO+HIDROCLOROTIAZIDA,CARDRES-H 16/12.5
VER AL DORSO,GRITOS-EX D
MELOXICAM,MELOXICAM-15
ATORVASTATINA CALCICA,LESATOR® 80
ATENOLOL + CLORTALIDONA,ATENOLOL & CLORTALIDONA
POLICRESULENO,POMONA
SILIMARINA,KETOLAC-70
TAMSULOSINA CLORHIDRATO,TAMSUMAC 
BENCILPENICILINA SODICA,BENCILPENICILINA SÓDICA 5 MEGA
MECLIZINA HCL,MECLIZINA LAM® 
BENCILPENICILINA PROCAÍNA,PENICILINA PROCAINA 0.8 MEGA
DOBESILATO DE CALCIO,ADUBA
OLANZAPINA,LANZEP® 2.5
OMEPRAZOL GRANULOS (EQUIVALENTE A OMEPRAZOL),OMEPRAZOL 40 MG 
RISPERIDONA,DAGOTIL® 3
RISPERIDONA,DAGOTIL®  3
PREGABALINA + MECOBALAMINA,NEUROCURE-PLUS
PAROXETINA HCL,PAROXETINA MAMEY® 20 MG
ATENOLOL,ATENOLOL
DICLOFENAC SODICO,DICLOFENAC
CLORHIDRATO DE AMBROXOL +LORATADINA,ALI-COLD LT
TADALAFIL,RIEL-2.5
LOSARTAN POTASICO,PRESIDOL-100
ATENOLOL,ATENOLOL
LORATADINA,LORATADINA
CANDESARTÁN + AMLODIPINA + HIDROCLOROTIAZIDA,CORDIPREN-ULTRA
ESCITALOPRAM OXALATO,CITOBRITAM-10
VITAMINA D3,DETRES GADOR
AMOXCILINA + ACIDO CLAVULANICO,AMOCYAC 
RIVAROXABAN,RISPLAR-20
AMOXICILINA + ACIDO CLAVULANICO,AMOCYAC 457 
CLOTRIMAZOL,GYNOSAN 200
MEMANTINA CLORHIDRATO,ESMIRTAL 20
MEMANTINA CLORHIDRATO,ESMIRTAL 20
CLONIDINA HCL,PRASUBRIT
ACETAMINOFEN + CAFEINA + ERGOTAMINA TARTRATO,MIGRACETIN
LORAZEPAM,ESTRELAX-2.5
DAPAGLIFLOZINA PROPANODIOL MONOHIDRATO,XIGDARA® 5 
HIERRO AMINOQUELADO,FERKEL TF
KETOCONAZOL + CLINDAMICINA FOSFATO,ANTOVAG
PAROXETINA HCL,PAROXEN® 20 
PAROXETINA HCL,PAROXEN® 20
LEVOFLOXACINA,LEVANOL-500
LAMOTRIGINA,LAMOTRIGINA MAMEY  100 MG 
SERTRALINA CLORHIDRATO EQUIVALENTE A SERTRALINA,SERTRALINA CLORHIDRATO
IVABRADINA HCL,IVACOR® 5
LAMOTRIGINA,LAMOTRIGINA
CANDESARTÁN + AMLODIPINA + HIDROCLOROTIAZIDA,CORDIPREN-ULTRA
MULTICOMPOSICION,AMOXIDIN AC
VER AL DORSO,AMOXIDIN AC
RIVASTIGMINA TARTRATO,RIVASTIGMINA MAMEY® 1.5 MG
TADALAFIL,INTIMO-2.5
CARVEDILOL,VASUTAN
RIVAROXABAN,RISPLAR-15
SERTRALINA HCL,SERTRADEN® 50
SERTRALINA HCL,SERTRADEN® 50
DESLORATADINA,AERIUS
METOCARBAMOL,METOCARBAN®
LOSARTAN,LOSARTAN FELTREX
CANDESARTAN CILEXETILO+HIDROCLOROTIAZIDA,CARDRES-H 32/12.5
CIPROFLOXACINA HCL EQUIVALENTE A CIPROFLOXACINA BASE,VIALXONA-750
CIPROFLOXACINA HCL EQUIVALENTE A CIPROFLOXACINA BASE,DIPROFLOX-750
CANDERSARTÁN CILEXETILO,ADEPRA 32
CANDERSARTÁN CILEXETILO,ADEPRA 8
FUROATO DE MOMETASONA,ELOCOM
MINOXIDIL,MINOXIDIL GV
CETIRIZINA DIHIDROCLORURO,ZYNAVIC GV 
GANCICLOVIR USP,GANCICLOVIR
BICARBONATO DE SODIO,BICARBONATO DE SODIO
TADALAFIL,RIEL-5
DIFENHIDRAMINA CLORHIDRATO,DIFENHIDRAMINA CLORHIDRATO
DIFENHIDRAMINA CLORHIDRATO,DIFENHIDRAMINA CLORHIDRATO
MULTICOMPOSICIÓN,AUDIOVIT
PIRACETAM,NOOPIRAN® 1200 
PIRACETAM,NOOPIRAN® 1200 
PIRACETAM,PIRACETAM MAMEY® 800 MG
CARBONATO DE CALCIO,ACIDEX® 
KETOROLACO TROMETAMINA,KETORODOL 30
AMOXICILINA TRIHIDRATO EQUIVALENTE A AMOXICILINA,AMOXIDIN
AMOXICILINA TRIHIDRATO EQUIVALENTE A AMOXICILINA,AMOXIDIN
TADALAFIL,INTIMO-5
MULTICOMPOSICION,"DOCEPLEX 10,000 D.A."
VER AL DORSO,"DOCEPLEX 10,000 D.A."
ROSUVASTATINA CALCICA,ROVAMAX 40
DEXKETOPROFENO TROMETAMOL,DEXKETOPROFENO
DEXKETOPROFENO TROMETAMOL,ADIOLOL
DEXKETOPROFENO TROMETAMOL,ADIOLOL
RISPERIDONA,RISPERIDONA MAMEY®  0.5 MG 
ROSUVASTATINA CALCICA,ROSTAMED
PREGABALINA,NEUROCURE-50
RISPERIDONA,DAGOTIL® 0.5
RISPERIDONA,DAGOTIL®  0.5
DICLOFENACO SODICO,DICLOFENAC 100MG
IBUPROFENO POLVO,IBUPROFENO 200 MG / 5 ML
ROSUVASTATINA,ROSUVASTATINA FELTREX
ACETILCISTEINA 600 MG,SUPERMUCIL
ACETILCISTEINA,SUPERMUCIL
BISOPROLOL FUMARATO+HIDROCLOROTIAZIDA,ZUBLOK-H 10/12.5
AMLODIPINA BESILATO EQUIVALENTE A AMLODIPINA BASE,CORABLOK-5
LOSARTAN POTASICO + AMLODIPINO,PRESIDOL-AM 50/5 
VER AL DORSO,ZUBLOK-A 10/5
VER AL DORSO,ZUBLOK-A 5/5
PERMETRINA,PERMETRINA 1%
TADALAFIL,TEMPLEX 20 MG
PREGABALINA,PREGAVEN 300
METILCOBALAMINA,METILCOBALAMINA 500 MCG
PIRACETAM,NOOPIRAN® 800
PIRACETAM,NOOPIRAN® 800  
VER AL DORSO,ATRACURIO BESILATO 
NAPROXENO SODICO,DOLMEX® 275
BISOPROLOL FUMARATO,BISOCHEM 10
NAPROXENO SODICO,NAPROXENO MAMEY® 275 MG
LOSARTAN POTASICO,LOSARTAN 50 MG 
CETIRIZINA + FENILEFRINA + ACETAMINOFÉN,BRONCOCHEM AS 
MULTICOMPOSICION,DISPAMOL IQI ANTIGRIPAL
PROPINOX (PARGEVERINA) CLORHIDRATO,SERTAL
VER AL DORSO,SERTAL
CANDESARTAN CILEXETIL,CANDESARTAN 16 MG
VER AL DORSO,DEX-LITOS FORTE SABOR PIÑA
VER AL DORSO,DEX-LITOS X SABOR PIÑA
PREGABALINA,PREGABALINA HEBAL 75
ROSUVASTATINA CALCICA,ROSTAMED
SULFATO FERROSO HEPTAHIDRATO,PRONIFER
MECLIZINA HCL,MECLIMEX® 
CLINDAMICINA + KETOCONAZOL,FLUDERMA-C
LOSARTAN POTASICO + HIDROCLOROTIAZIDA,RENOTENSYL H 100/25
PREGABALINA,PREGABALINA
KETOROLACO TROMETAMINA,DOLKETOL -10 
PREGABALINA,NEUROCURE-75
VER AL DORSO,BROXANOL-PLUS
BISOPROLOL FUMARATO+HIDROCLOROTIAZIDA,ZUBLOK-H 10/25
SOBREROL,OBRON
CEFIXIMA TRIHIDRATO,BETAXIMA  
PREGABALINA,PREGAVEN 75
ACICLOVIR,ACICLOVIR  (LINEA INTRALAB)
CLORANFENICOL,CLORANFENICOL (LINEA INTRALAB) 
ETORICOXIB,ALGIOXIB  120
ETORICOXIB,ALGIOXIB  120 
PREGABALINA,NEUROCURE-150
PREGABALINA,NEUROCURE-25
SILDENAFIL CITRATO EQUIVALENTE A SILDENAFIL BASE,VIADUR
TELMISARTAN,TELYDALT 80MG
TELMISARTAN,TELYDALT 80MG
VER AL DORSO,DX DEX-LITOS X SABOR FRESA
MULTICOMPOSICION,DX DEX-LITOS X SABOR FRESA
MULTICOMPOSICION,DX DEX-LITOS X SABOR FRESA
SULTAMICILINA TOSILATO EQ. A SULTAMICILINA BASE,EUROFARMA SULTAM
SULTAMICILINA TOSILATO EQ. A SULTAMICILINA BASE,EUROFARMA SULTAM
GRISEOFULVINA MICRONIZADA,BERTENA 
GRISEOFULVINA MICRONIZADA,BERTENA
VER AL DORSO,DEX-LITOS FORTE SABOR CEREZA
VER AL DORSO,DEX-LITOS X SABOR CEREZA
MULTICOMPOSICION,TRIVERAM
VER AL DORSO,TRIVERAM
VER AL DORSO,TRIVERAM
VER AL DORSO,MEGA MULSION KIDS SABOR FRESA
CELECOXIB,RB-3
TIOCOLCHICOSIDO + DICLOFENACO POTASICO,CONRELAX PLUS
"DICLOFENAC SODICO, VITAMINA B1 + VITAMINA B6 + VITAMINA B12",BEEPLEX DOLO
SECNIDAZOL,SECNIDAZOL
MORFINA CLORHIDRATO TRIHIDRATO,VENDAL RETARD 
CANDESARTAN CILEXETIL,CARDRES-32
DEXAMETASONA FOSFATO,DEXAMETASONA FOSFATO SODICO
ATORVASTATINA CALCICA,ORATOR® 10
VER AL DORSO,FLUDERMA-C
CELECOXIB,NEXERA 
SEVOFLURANO,SEVOTROY 250
SEVOFLURANO,SEVOTROY 250
MULTICOMPOSICION,DEX-LITOS X SABOR MANZANA
MULTICOMPOSICION,DEX-LITOS X SABOR MANZANA
MULTICOMPOSICION,DEX-LITOS X SABOR MANZANA
MULTICOMPOSICION,DEX-LITOS FORTE SABOR LIMON
MULTICOMPOSICION,DEX-LITOS FORTE SABOR LIMON
MULTICOMPOSICION,DEX-LITOS X SABOR LIMON 
LEVOTIROXINA SODICA,SYNOX-25
LEVOTIROXINA SODICA,SYNOX-25
DEXKETOPROFENO TROMETAMOL,CAPLENAL
BETAMETASONA,BEXONE 2 ML
ACICLOVIR,ACICLOVIR
ROSUVASTATINA CÁLCICA EQUIVALENTE A ROSUVASTATINA,   ROSUVASTATINA
LEVOTIROXINA SODICA,SYNOX-100 
LEVOTIROXINA SODICA,SYNOX-100
LEVOCETIRIZINA DICLORHIDRATO + MONTELUKAST,LECEFAR-M
LEVOCETIRIZINA DICLORHIDRATO - MONTELUKAST,LECEFAR® - M 
"IRBESARTAN, AMLODIPINA E HIDROCLOROTIAZIDA",KEOTAN PLUS 150/5/12.5
VILDAGLIPTINA,DIA-MED 
CARVEDILOL,CADALOL 3.125
HIERRO GLICINATO QUELATO + ACIDO FOLICO,CONGLIFER FOLIC
POLICRESULENO,UNI-POLIVANG 
ACICLOVIR,ACICLOVIR LABIAL IF
MOXIFLOXACINA CLORHIDRATO,JITTE
MULTICOMPOSICION,MEGA WE CARE NAT B
VER AL DORSO,IBERLUKAS-L
PRAMIPEXOL DICLORHIDRATO MONOHIDRATO,APEXOL® 1
PRAMIPEXOL DICLORHIDRATO MONOHIDRATO,APEXOL® 1
POLICRESULENO,ACICUEND 90
METOCARBAMOL/ ACETAMINOFÉN,METOCARBAN® AC
CLINDAMICINA + KETOCONAZOL,ROUIR 
PROPINOXATO HCL + CLONIXINATO DE LISINA,SEDASTUM COMPUESTO
LEVOTIROXINA SODICA,SYNOX-50
LEVOTIROXINA SODICA,SYNOX-50
IBUPROFENO,MEGA WE CARE GOFEN
FOSFOMICINA CALCICA,FOSFOMICINA 500 MG IF
ITRACONAZOL + SECNIDAZOL,MICODIATIN PLUS  
CIPROFLOXACINA HCL,CIPROCURE-1G 
FLUCONAZOL,AZOL
ÁCIDO TRANEXÁMICO,RIXAM 500
POLIÉSTER MUCOPOLISACÁRIDO DEL ÁCIDO SULFÚRICO,HIRUDOID FORTE 
VER AL DORSO,HIRUDOID FORTE 
MULTICOMPOSICION,APIREXIA B 
DESVENLAFAXINA,D-SESAREN XR 100
ACETAMINOFEN USP,ACETAMINOFEN
CANDESARTÁN CILEXETIL Y AMLOPIDINO BESILATO,MINART® AM 
RISPERIDONA,RISPERIDONA MAMEY® 
ACETAMINOFEN,PROQUIDOL
PREGABALINA,PERGALGAN
HIOSCINA BUTILBROMURO,HIOSCINA BUTILBROMURO
AMLODIPINA BESILATO (EQUIVALENTE A AMLODIPINA BASE),AMLODIPINA 5 MG 
VER AL DORSO,ISOPRINOSINE
GATIFLOXACINA 0.5%,ZYMAR
ACETAMINOFÉN,ACETAMINOFÉN 500MG
ACICLOVIR SODIO BP,ACICLOVIR
ACICLOVIR SODIO BP,ACICLOVIR
DULOXETINA,ROEMMERS ALACIR 60
DULOXETINA CLORHIDRATO,ALACIR  60
DULOXETINA CLORHIDRATO,ALACIR  60 
DULOXETINA CLORHIDRATO,ALACIR  30
DULOXETINA CLORHIDRATO,ALACIR  30 
ETORICOXIB,DAVINTEX 90 
ETORICOXIB,DAVINTEX 90
ETORICOXIB,DAVINTEX 120 
ETORICOXIB,DAVINTEX 120 
VER AL DORSO,TRIVERAM
VER AL DORSO,TRIVERAM
MULTICOMPOSICION,DOLENOL AG
MULTICOMPOSICIÓN,PROFAVIT
VER AL DORSO,ALFACOL FORTE
CLORHIDRATO DE METFORMINA + GLIMEPIRIDA,NORMOGLIS PLUS
CLORHIDRATO DE METFORMINA,NORMOGLIS
MALEATO DE MIDAZOLAM,DORMIRE
PRAMIPEXOL DICLORHIDRATO MONOHIDRATO,PRAMIPEXOL MAMEY® 0.25 MG
VER FORMULA,CLINDAMICINA 1%  +  PEROXIDO DE BENZOILO 5%
VER AL DORSO,CLINDAMICINA 1% + PERÓXIDO DE BENZOILO 5%
LEVETIRACETAM,LEVEDALT 250MG
LEVETIRACETAM,LEVEDALT 250MG
GLUCONATO DE POTASIO,ION-K
QUETIAPINA FUMARATO (EQUIVALENTE A QUETIAPINA BASE),EQUIATIN 200 MG
RANITIDINA HIDROCLORURO,RANITIDINA
HALOPERIDOL,ORNITRAL
HALOPERIDOL,ORNITRAL
AZITROMICINA,AROBIOL
SIMVASTATINA,BELMALIP 40
FUMARATO DE QUETIAPINA,STOXEC
AMOXICILINA TRIHIDRATO,AMOXICILINA
AMOXICILINA,AMOXICILINA
DIMENHIDRINATO,DIMENHIDRINATO MALLÉN 
CITICOLINA SODIO,CITICOLINA
CITICOLINA SODIO,CITICOLINA
PARACETAMOL,ACETAMINOFEN
MECLIZINA HCL,MECLIZINA LAM® 25 MG
ESOMEPRAZOL MAGNESIO USP,ESOMEPRAZOL
ESOMEPRAZOL DE MAGNESIO USP,ESOMEPRAZOL
IVERMECTINA,PEMBRIFAR
VER AL DORSO,DEXTROMETORFANO + DIFENHIDRAMINA
PRAMIPEXOL DICLORHIDRATO MONOHIDRATO,PEXOLE 1 MG 
DIAZEPAM,DIAZEPAM CLINAR
VER AL DORSO,DULOMAX 30 MG
MECLIZINA HCL,MECLIMEX® 12.5
CARBAMACEPINA,CARBAMACEPINA 100 MG
CANDESARTAN CILEXETIL,CANDESARTAN  CILEXETIL 
LEVOCETIRIZINA DIHIDROCLORURO,NEOCET
AMBROXOL HCL + CLORHIDRATO DE CLENBUTEROL,ENALBRON
MULTICOMPOSICION,DX DEX-LITOS X SABOR NARANJA
MULTICOMPOSICION,DX DEX-LITOS X SABOR NARANJA
MULTICOMPOSICION,DX DEX-LITOS X SABOR NARANJA
VER AL DORSO,SUNLIN NOCHE
VER AL DORSO,DEXTROMETORFANO + DIFENHIDRAMINA
LANSOPRAZOL,PINCELL
CARVEDILOL BP,CARVEDILOL
PARACETAMOL,ACETAFER 750
AMOXICILINA TRIHIDRATO,AMOXICILINA 875
PREGABALINA,PERGALGAN
PREGABALINA,PERGALGAN
KETOROLACO TROMETAMINA,KETOROLACO 20 
PAROXETINA CLORHIDRATO,PAROMUS CR
ROSUVASTATINA,ROSURVITAE
ATORVASTATINA CALCICA,ATORVASTATINA LAM® 20 MG
PRAMIPEXOL DICLORHIDRATO MONOHIDRATO,PREXOLAM® 1
VER AL DORSO,CIPROFLOXACINA 750 MG
CLORHIDRATO DE AMBROXOL,AMBROXOL DISFARIQ/
PRAMIPEXOL DICLORHIDRATO MONOHIDRATO,PRAMIPEXOL MAMEY® 1 mg
ROSUVASTATINA,RONAVITAE
SIMVASTATINA,RAPISCAL 
SIMVASTATINA,RAPISCAL 
SUCCINATO SODICO DE METILPREDNISOLONA USP,SUCCINATO SODICO DE METILPREDNISOLONA 
SUCCINATO SODICO DE METILPREDNISOLONA USP,SUCCINATO SODICO DE METILPREDNISOLONA 
LORATADINA,LORATADINA 
RIVASTIGMINA TARTRATO,RIVADEN® 1.5
RIVASTIGMINA TARTRATO,RIVADEN® 1.5
ATORVASTATINA CALCICA,ATORVASTATINA MAMEY® 20 MG
HIERRO AMINOQUELADO/ACIDO FOLICO,FERKEL TF 
HALOPERIDOL,HALOPERIDOL 
FOSFOMICINA CALCICA MONOHIDRATADA,FOSFOLAM® 500 
CLOZAPINA,BRITAPINA-25 
METRONIDAZOL,METRONIDAZOL
METRONIDAZOL,METRONIDAZOL
ÁCIDO FÓLICO,ACIDO FOLICO
ACIDO FOLICO,ACIDO FOLICO
ACIDO FOLICO,ACIDO FOLICO
VER AL DORSO,CLINDAMICINA ALFA 300 MG
VER AL DORSO,AMPICILINA ALFA 1 G
GLIMEPIRIDA,GLIMEPIRIDA ALFA 4 MG
VER AL DORSO,LISINOPRIL20MG + HIDROCLOROTIAZIDA 12.5MG ALFA
BUDESONIDA,BUDENYL
OMEPRAZOL PELLETS EQUIVALENTE A OMEPRAZOL,OMEPRAZOL ALFA 40 MG
DIAZEPAM,DIAZEPAM ALFA 10 MG
VER AL DORSO,ALFA-FLOXAL 750 
MONTELUKAST SODICO. EQUIVALENTE A MONTELUKAST,MONTELUKAST ALFA 10 MG
MULTICOMPOSICION,DEX-LITOS 45 SABOR FRESA
MONTELUKAST SODICO. EQUIVALENTE A MONTELUKAST,MONTELUKAST ALFA 5 MG
AMBROXOL HCL,AMBROXOL ALFA 15 MG / 5 ML
VALSARTAN/ HIDROCLOROTIAZIDA,LYSAMOL® – D 80 / 12.5
"IBUPROFENO, MALEATO CLORFENIRAMINA, FENILEFRINA HCL",ARTRAN® COLD
VER AL DORSO,ALDUZOL 2.5 MG
VER AL DORSO,ALDUZOL 2.5 MG
IRBESARTÁN,IRBESARTÁN ALFA 150 mg
CELECOXIB,CELECOXIB ALFA 400 MG
VER AL DORSO,DEXKETOPROFENO ALFA 25 MG
GLIMEPIRIDA,GLIMEPIRIDA ALFA 2 MG
"IBUPROFENO, CLORFENIRAMINA MALEATO, FENILEFRINA HCL",ARTRAN COLD
CELECOXIB,CELECOXIB ALFA 200 MG
"LOSARTAN POTASICO, HIDROCLOROTIAZIDA",LOSARTAN 100 MG + HIDROCLOROTIAZIDA 25 MG ALFA 
"LOSARTAN POTASICO, HIDROCLOROTIAZIDA",LOSARTAN 100 MG + HIDROCLOROTIAZIDA 25 MG ALFA 
MULTICOMPOSICION,RECEBREX
IRBESARTÁN,IRBESARTÁN ALFA 300 MG 
AMPICILINA TRIHIDRATO EQUIV. A AMPICILINA BASE,AMPICILINA ALFA 500 MG
PARACETAMOL (ACETAMINOFEN),PARACETAMOL ALFA 10 mg / mL
ACETILCISTEINA,CYSTENIL 100 MG / 1 G 
ACETATO DE ABIRATERONA,  ACETATO DE ABIRATERONA 
MULTICOMPOSICION,CELEBRINA LABOCONT
ÁCIDO ASCÓRBICO,VITAMINA C 
AMOXICILINA TRIHIDRATO + ACIDO CLAVULANICO,VER AL DORSO
DEXTROMETORFANO BROMHIDRATO + GUAIFENESINA,MEJORA-THE CONTRA LA TOS
PEMETREXED DISODICO HEMIPENTAHIDRATO,PEMINTAS 100
PEMETREXED DISODICO HEMIPENTAHIDRATO,PEMINTAS 500
SOMATROPINA RECOMBINANTE,GENOTROPIN
SOMATROPINA RECOMBINANTE,GENOTROPIN
ERITROPOYETINA HUMANA RECOMBINANTE,ERITROPOYETINA HUMANA RECOMBINANTE
ERITROPOYETINA HUMANA RECOMBINANTE,"ERITROPOYETINA HUMANA RECOMBINANTE 20,000 U.I./ML"
SOMATROPINA RECOMBINANTE,GENOTROPIN
SOMATROPINA RECOMBINANTE,GENOTROPIN
ERITROPOYETINA HUMANA RECOMBINANTE,ERITROPOYETINA 
ERITROPOYETINA HUMANA RECOMBINANTE,ERITROPOYETINA HUMANA RECOMBINANTE 
LAMOTRIGINA,LAMOTRIGINA MAMEY  25 MG 
LAMOTRIGINA,LAMOTRIGINA MAMEY  25 MG 
LAMOTRIGINA,LAMOTRIGINA MAMEY  25 MG 
DONEPEZILO,AVINZIA-5
LEVETIRACETAM,LEVEBRAIN 500 MG
ALCOHOL ISOPROPILICO,ALCOHOL ISOPROPILICO JUVA
PERMETRINA,PIOJIN
CALAMINA,CALAMINA LOCION SAMED
VER AL DORSO,ACEITE DE HIGADO DE BACALAO JUPIN
PERMETRINA,PIOJIN
VER AL DORSO,PAINMAX DAY
VER AL DORSO,ROLACOL 1%
VER AL DORSO,DEXANAL COMPUESTO
MULTICOMPOSICION,COMPLEJO B JUPIN
VER AL DORSO,TUSITOSS JARABE PEDIATRICO
RISPERIDONA,DAGOTIL® 
RISPERIDONA,DAGOTIL®
AMPICILINA SODICA,AMPICILINA
AMPICILINA SÓDICA,AMPICILINA
AMPICILINA,AMPICILINA
VITAMINA B12 (CIANOCOBALAMINA),VITAVIDA® 2000 
FIMASARTAN POTÁSICO + AMLODIPINO,DUKARB
FENOFIBRATO,FENOCAPS 250
VITAMINA B12 (CIANOCOBALAMINA),VITAVIDA® 1000 
RIVASTIGMINA TARTRATO,RIVASTIGMINA MAMEY® 3 MG
AMOXICILINA + ACIDO CLAVULANICO,AMOCYAC 500+ 125 MG 
ITRACONAZOL,MICODIATIN-100
LULICONAZOL,LULICONAZOL
FIMASARTAN POTÁSICO + AMLODIPINO,DUKARB
MELOXICAM,NORAGEL-15
BISOPROLOL FUMARATO / HIDROCLOROTIAZIDA,CORENTEL H 10 /6.25
VER AL DORSO,CALMAX 100 
VER AL DORSO,CALMAX 100 
ALOPURINOL,ALOBRIT
MELOXICAM,NORAGEL-7.5
ROSUVASTATINA CALCICA,ROSUVASTATINA 20
ATORVASTATINA CALCICA,LESATOR® 20
ATORVASTATINA CALCICA,ORATOR® 20
LEVOCETIRIZINA CLORHIDRATO,LEVOCETIRIZINA 5 MG
CLARITROMICINA BP,CLARITROMICINA
CLARITROMICINA BP,CLARITROMICINA 
SUBSALICILATO DE BISMUTO,SUBSALICILATO DE BISMUTO
VER AL DORSO,CIRCUVEN 500
VER AL DORSO,CIRCUVEN 500
CITICOLINA SODICA,SOMACOL® 500 
VER AL DORSO,CENOCAL® 
FLUCONAZOL,FLUCONAZOL 
FLUCONAZOL,FLUMAC
TADALAFIL,TAVISTA
METFORMINA CLORHIDRATO,METFORMINA 
PRAMIPEXOL DICLORHIDRATO MONOHIDRATO,APEXOL® 0.25
PRAMIPEXOL DICLORHIDRATO MONOHIDRATO,APEXOL® 0.25 
LACTASA,ENZYLAC® 9000
LEVETIRACETAM,LEVE BRAIN
DEXKETOPROFENO TROMETAMOL,DALIVIUM
HIDROCORTISONA ACETATO,HIDROCORTISONA (LINEA INTRALAB)
PIRACETAM,NOOPIRAN®
PIRACETAM,NOOPIRAN®  
LOSARTAN+HIDROCLOROTIAZIDA,LOSARTAN H FELTREX
LOSARTAN+ HIDROCLOROTIAZIDA,LOSARTAN H FELTREX
HIERRO GLICINATO QUELATO EQUIV. A HIERRO ELEMENTAL,CONGLIFER 
HIERRO GLICINATO QUELATO EQUIV. A HIERRO ELEMENTAL,CONGLIFER
BROMURO DE IPRATROPIO,NEBUDINA
BROMURO DE IPRATROPIO,NEBUDINA 
CLORHIDRATO DE CIPROFLOXACINA,CIPROFLOXACINA 500 MG
SILODOSINA,DISOREL MEFASA FARMA
SILODOSINA,DISOREL MEFASA FARMA
LEVODOPA + CARBIDOPA MONOHIDRATO,ROTIDIN® 125/12.5
NAPROXENO SODICO,NAPROXENO LAM® 275 MG
LOSARTAN POTASICO,LOSARTAN 100 MG 
LISINOPRIL DIHIDRATADO. EQUIVALENTE A LISINOPRIL,LISITROL - 10 MG 
ÁCIDO FÓLICO,ACIDO FOLICO
MULTICOMPOSICIÓN,PREMAMA
VITAMINA A Y D3 + ACIDO ASCÓRBICO (VITAMINA C),KEDA-VIT
PRAMIPEXOL DICLORHIDRATO MONOHIDRATO,PREXOLAM® 0.25 
DULOXETINA CLORHIDRATO EQUIVALENTE A DULOXETINA BASE,DULOMAX 60 MG
METFORMINA,GLIDARA - 850
TADALAFIL,TADAMAC 
CLORHIDRATO DE AMBROXOL,LABROFLOX
DONEPEZILO HCL,NOPEXIL® 10 
VER AL DORSO,NOPEXIL® 10
DONEPEZILO HCL,DONEPEZILO MAMEY® 10 MG
VER AL DORSO,PRESPOL-A 5/5
LACOSAMIDA,LACOSAMIDA MAMEY® 50 MG
LACOSAMIDA,LACOXIL® 50
LACOSAMIDA,LACOXIL® 50  
LACOSAMIDA,LACOXIL® 200
LACOSAMIDA,LACOXIL® 200
LACOSAMIDA,LACOSAMIDA MAMEY 200 MG 
LACOSAMIDA,LACOXIL® 100 
LACOSAMIDA,LACOXIL® 100
LACOSAMIDA,LACOSAMIDA MAMEY® 100 MG 
BISOPROLOL FUMARATO / HIDROCLOROTIAZIDA,CORENTEL H 5/12.5
PRAMIPEXOL DICLORHIDRATO MONOHIDRATO BP,PRIDEL 0.25
BISOPROLOL FUMARATO / HIDROCLOROTIAZIDA,CORENTEL H 10/12.5
BISOPROLOL FUMARATO + HIDROCLOROTIAZIDA,SOPROL H 10 / 12.5
METOPROLOL TARTRATO,RITMOFLUTT-50
ROSUVASTATINA + EZETIMIBE,ROSURVITAE-EZ 
SERTRALINA HCL,SERTRADEN®  100 
SERTRALINA HCL,SERTRADEN® 100
SERTRALINA HCL,SERTRALINA  MAMEY® 100 MG
RANITIDINA CLORHIDRATO,RANITIDINA VIJOSA 25MG/ML
BISOPROLOL FUMARATO + HIDROCLOROTIAZIDA,PRESOLOL H 10 / 12.5
VER AL DORSO,DEXAMETASONA ALFA 4 MG /1 ML
BISOPROLOL FUMARATO + HIDROCLOROTIAZIDA,PRESOLOL H 5 / 12.5
BISOPROLOL FUMARATO + HIDROCLOROTIAZIDA,PRESOLOL H 5 / 12.5
ROSUVASTATINA + EZETIMIBE,ROSURVITAE-EZ 
BISOPROLOL FUMARATO + HIDROCLOROTIAZIDA,SOPROL H 5 / 12.5
AMLODIPINA BESILATO,AMLODIPINA 
AMLODIPINA BESILATO,PISTARME
VER AL DORSO,CARDRES-PLUS 16/5
ACETILCISTEINA,CYSTENIL 300 MG / 3 ML
ACETILCISTEINA,CYSTENIL 300 MG / 3 ML
PREGABALINA,NEURONAL 150
PREGABALINA,NEURONAL 150 
PREGABALINA,NEURONAL 75
PREGABALINA,NEURONAL 75 
PREGABALINA,NEURONAL 300
PREGABALINA,NEURONAL 300
VER AL DORSO,IBUPROFENO + COMPLEJO B
TADALAFIL,TADACIL-HPB
LURASIDONA CLORHIDRATO,IBANTI 80 
GENTAMICINA SULFATO,GENTAMICINA SULFATO
GENTAMICINA SULFATO,GENTAMICINA SULFATO
VITAMINA B12 (CIANOCOBALAMINA),VITAVIDA® 5000 
VITAMINA B12 (CIANOCOBALAMINA),VITAVIDA® 2500 
MEMANTINE CLORHIDRATO,NEUROPLUS XR 21
DONEPEZILO,AVINZIA-10
MULTICOMPOSICION,DEX-LITOS X SABOR MANDARINA
MULTICOMPOSICION,DEX-LITOS X SABOR MANDARINA
MULTICOMPOSICION,DEX-LITOS X SABOR MANDARINA
VER AL DORSO,OMEPRAZOL
OMEPRAZOL SÓDICO,OMEPRAZOL SODICO 
SIMETICONA,SIMETICONA 
SIMETICONA,FLATI-CONA
VER AL DORSO,XIBRAN
DESVENLAFAXINA,D-SESAREN XR 50
DICLOFENAC POTASICO,HEMAFENILA PEDIATRICO
VER AL DORSO,PIROX
FOSFATO DE CALCIO TRIBASICO,CALCIO PIÑA JUPIN
FOSFATO DE CALCIO TRIBASICO,CALCIO UVA JUPIN
FOSFATO DE CALCIO TRIBASICO,CALCIO NARANJA JUPIN
RISPERIDONA,RISPERIDONA MAMEY® 1 MG
RIVASTIGMINA TARTRATO,RIVADEN® 3
RIVASTIGMINA TARTRATO,RIVADEN® 3   
SERTRALINA HCL,SERTRALINA  MAMEY® 50 MG
LAMOTRIGINA,LAMOTRIGINA MAMEY 50 MG
OXALATO DE ESCITALOPRAM,NEGADEP
OXALATO DE ESCITALOPRAM,NEGADEP
DICLOFENACO DIETILAMINA EQ. A DICLOFENACO SÓDICO,DICLOFENACO (LINEA INTRALAB)
LEVETIRACETAM,EPILEN® 1000 
LEVETIRACETAM,EPILEN® 1000
LEVETIRACETAM,EPILEN® 500
LEVETIRACETAM,EPILEN® 500
PREDNISOLONA BASE,PREDNISOLONA  MAMEY® 10 MG
CETIRIZINA HCL,CETIRIZINA MAMEY®
LAMOTRIGINA,LAMOTRIN® 25
LAMOTRIGINA,LAMOTRIN® 25
MULTICOMPOSICION,AMANFLU D
LEVETIRACETAM,LEVETIRACETAM MAMEY® 500 MG 
LEVETIRACETAM,LEVETIRACETAM MAMEY® 500 MG
DESVENLAFAXINA,APRESTIN® 50
DESVENLAFAXINA,APRESTIN® 50
LEVETIRACETAM,LEVETIRACETAM MAMEY® 1000 MG 
LEVETIRACETAM,LEVETIRACETAM MAMEY ® 1000 MG
LEVODOPA / CARBIDOPA MONOHIDRATO,LEVODOPA + CARBIDOPA MAMEY® 250/25
DESVENLAFAXINA,DESVENLAFAXINA MAMEY®  50 MG 
IRBESARTAN / HIDROCLOROTIAZIDA,IBERYL® D 300/12.5
IRBESARTAN / HIDROCLOROTIAZIDA,IBERYL® D 300/12.5
IRBESARTAN / HIDROCLOROTIAZIDA,IBERTAN® D 300/12.5 
CILOSTAZOL,CITAZOL 50
CILOSTAZOL,CITAZOL 100
METOPROLOL TARTRATO,RITMOFLUTT-100
TIGECICLINA,TIGEVITAE
CLORHIDRATO DE PALMITATO DE CLINDAMICINA,CLINDAMICINA
CLORHIDRATO DE PALMITATO DE CLINDAMICINA,CLINDAMICINA
APIXABAN,MANTIXA 2.5 
APIXABAN,MANTIXA 5
AMOXICILINA TRIHIDRATO,AMOXICILINA / AMOXICILINA TRIHIDRATO
CLORURO DE DECUALINIO + CLORHIDRATO DE LIDOCAINA,ANGIMED 
SALBUTAMOL SULFATO,SALBUMOX
SALBUTAMOL SULFATO,SALBUMOX
FOSFATO DE CALCIO TRIBASICO,CALCIO FRESA JUPIN
MULTICOMPOSICION,APETIVIT
MEROPENEM TRIHIDRATO,MEROPENIL
MEROPENEM TRIHIDRATO,MEROPENIL
PARACETAMOL + DICLOFENACO SÓDICO, PARAFORTAN
CETIRIZINA HCL,CETIRIZINA LAM®
MULTICOMPOSICION,BIOCEDIL
MULTICOMPOSICION,BIOCEDIL
KETOCONAZOL,KETOCONAZOL-200
BISOPROLOL FUMARATO + AMLODIPINA BESILATO,LATICOR-A
ATENOLOL,ATENOLOL CALOX
AMPICILINA TRIHIDRATO EQUIVALENTE A AMPICILINA,AMPICILINA
CLORHIDRATO DE METFORMINA + GLIMEPIRIDA,GLUCOPIR M 1000
CLORHIDRATO DE METFORMINA + GLIMEPIRIDA,GLUCOPIR M 850
AZITROMICINA DIHIDRATO,AZITROMICINA 500 MG GENERIFAR
RISPERIDONA,TRANQUINIL-MECD 3
LINAGLIPTINA,NAGLIPTIN® 5
HIDROSMINA,HIDROSMINA MAMEY® 200 MG
PREDNISOLONA BASE,PREDNISOLONA  LAM® 10 MG
PREDNISOLONA BASE,PREDNILAM® 10
HIDROSMINA,HIDROSMINA LAM® 200 MG
AZITROMICINA,AZITROMICINA
AZITROMICINA,AZITROMICINA
AZITROMICINA,AZITROMICINA
ACIDO MEFENAMICO,ACIDO MEFENAMICO
ACIDO MEFENAMICO,ACIDO MEFENAMICO
LORAZEPAM,ESTRELAX-5
LEVETIRACETAM,LETRACEM 
METOPROLOL TARTRATO,RITMOFLUTT-12.5
ETORICOXIB,ALGIOXIB 90
ETORICOXIB,ALGIOXIB 90 
LEVETIRACETAM,LEVEBRAIN 1000 MG
ORLISTAT (PELLETS),ESBELLE 60 MG
IBUPROFENO,IBUPROFENO 600 mg
MONONITRATO DE ISOSORBIDA,MONONITRATO DE ISOSORBIDA 40 MG 
VER AL DORSO,BROXANOL-PLUS 
NIMODIPINA / CITICOLINA SÓDICA,SOMACOL® PLUS  30/100
LINAGLIPTINA,LINAGLUCEM® 5
VALSARTAN/ HIDROCLOROTIAZIDA,VALTAX ® D 320/12.5
CETIRIZINA CLORHIDRATO,CETIRIZINA CLORHIDRATO
VER AL DORSO,SAPONIC
METRONIDAZOL,METRONIDAZOL GV 
LOSARTAN POTASICO + HIDROCLOROTIAZIDA,LORZAZIDA
LOSARTAN POTASICO + HIDROCLOROTIAZIDA,LORZAZIDA
AMLODIPINA + LISINOPRIL,REPRIL
VILDAGLIPTINA + METFORMINA,VILTREVAN M
VILDAGLIPTINA Y METFORMINA,VILTREVAN M 50/500
ACIDO FUSIDICO,ALFUSIN 2%
LINAGLIPTINA / CLORHIDRATO DE METFORMINA,GLIDE M 2.5/850
CLOTRIMAZOL + CLINDAMICINA,CLIAZOLE
METFORMINA HCL + GLIMEPIRIDA,METFCARD-G 850/4
METFORMINA HCL + GLIBENCLAMIDA,"METFCARD-G 1,000/4"
METFORMINA HCL + GLIMEPIRIDA,METFCARD-G 1000/4
METFORMINA HCL + GLIMEPIRIDA,METFCARD-G 500/2
METFORMINA HCL + VILDAGLIPTINA,METFCARD-V 850/50 
CIPROFIBRATO,READOS
AMIODARONA HCL,RETARMIO 
ESPIRONOLACTONA,BLIME-100
BISOPROLOL FUMARATO + AMLODIPINA BESILATO,LATICOR - A
CANDESARTAN CILEXETIL,CARDRES-16
CLORHIDRATO DE CLINDAMICINA,CLINDAMICINA 300 MG
IBUPROFENO,IBUPROFENO
IBUPROFENO,IBUPROFENO 
VER AL DORSO,ENEMA NATUREPLEX
CITRATO DE SILDENAFIL EQUIVALENTE A SILDENAFIL,CAPLIN-9PM 
CARVEDILOL,CARVEDILOL 25 MG
LEVODOPA + BENSERAZIDA HCI,ANOVLAR
LEVODOPA + BENSERAZIDA HCL,ANOVLAR
VER AL DORSO,AMOTRAN DÚO
GLIBENCLAMIDA,GLICHEM
IBUPROFEN DC-90 EQUIVALENTE A IBUPROFEN BASE,UFOTRIN 800
"TIAMINA, PIRIDOXINA, CIANOCOBALAMINA.",COMPLEJO-B
CANDESARTAN CILEXETIL + HIDROCLOROTIAZIDA,CARDEFARIQ-H 
CANDESARTAN CILEXETIL + HIDROCLOROTIAZIDA,CARDEFARIQ-H 
DIFENHIDRAMINA HCL,DIFENHIDRAMINA 
GUAIFENESINA+DEXTROMETORFAN HBR,GRIPEFIN EXPECTORANTE
LINEZOLID ANHIDRO,LINEZOLID
LINEZOLID ANHIDRO,LINEZOLID
CARVEDILOL,BLOQUIBER 25
RIFAXIMINA,FLONORM
CANDESARTAN CILEXETILO,ESLOCARD 8
TRAMADOL HCL,TRAMADOL HCL VIJOSA
TRAMADOL HCL,TRAMADOL HCL VIJOSA
AMITRIPTILINA,LUGARTRIX
PREGABALINA,PREGABALINA 
BISOPROLOL FUMARATO,BISOFEL
CLORHIDRATO DE CIPROFLOXACINA,CIPROFLOXACINA 500
ENALAPRIL MALEATO,ENIL
DIFENHIDRAMINA CLORHIDRATO,DORMELIS
DIFENHIDRAMINA CLORHIDRATO,DORMELIS
DIFENHIDRAMINA,DIFENHIDRAMINA JARABE CLASC SAMED
ACETAMINOFEN,ACETAMINOFEN PEDIATRICO SAMED SABOR FRESA
ACETAMINOFEN,ACETAMINOFEN PEDIATRICO JUPIN SABOR UVA
AZUFRE PRECIPITADO,JABON DE AZUFRE
PIRACETAM,PIRACETAM 
CEFOTAXIMA SÓDICA,CEFOTAXIMA VIJOSA
CEFTRIAXONA SODICA,ROCEFORT
CIANOCOBALAMINA ( VITAMINA B12),COBALEX  
PREGABALINA,PREGALGAN
PREGABALINA,PERGALGAN 
PREGABALINA,PERGALGAN
LOSARTÁN POTÁSICO +HIDROCLOROTIAZIDA,LOSARTÁN POTÁSICO +HIDROCLOROTIAZIDA CALOX 
DEXAMETASONA,DEXAMETASONA 0.5 MG
CEFTRIAZONA SODICA ESTERIL,CEFTRIAZONA  
VER AL DORSO,KADECOL
VER AL DORSO,EMULSIÓN EL VIKINGO
VER AL DORSO,TUSITOSS GOTAS PEDIATRICO
VER AL DORSO,ESLOCARD-A 16/5
CANDESARTAN CILEXETILO,ESLOCARD 16
ECONAZOL NITRATO,ECOVEN
VER AL DORSO,AMBROXOL + AMOXICILINA SAMED
CITICOLINA SODICA,BRITICOLINA
VER AL DORSO, MEJORA-THE GRIPE Y TOS 
MULTICOMPOSICION,DEX-LITOS X SABOR UVA
MULTICOMPOSICION,DEX-LITOS X SABOR UVA
MULTICOMPOSICION,DEX-LITOS X SABOR UVA
MULTICOMPOSICION,MATERVIT
AZITROMICINA,AZITROMICINA 500 MG
BISOPROLOL FUMARATO,BETAUNO-10 
VER AL DORSO,BLOSAR PLUS-100
QUETIAPINA FUMARATO (EQUIVALENTE A QUETIAPINA BASE),EQUIATIN 100 MG
MULTICOMPOSICION,HBCOL JARABE
MULTICOMPOSICION,HBCOL-T 
ACICLOVIR,ACICLOVIR 
TRIMETOPRIM / SULFAMETOXAZOL,TRIMETOPRIM + SULFAMETOXAZOL
ERITROMICINA ESTEARATO,ERITROMICINA
FOSFOMICINA CÁLCICA MONOHIDRATO EQUIV. A FOSFOMICINA,ATAMICINA  250 mg  / 5 mL
FLUCONAZOL,FOREXIL
FLUCONAZOL,FOREXIL
OMEPRAZOL,OMEPRAZOL 20MG
LEVOFLOXACINA,LEVANOL-750
IOPAMIDOL,IOPAMIDOL
ADAPALENO,ADAFERIN
KETOCONAZOL + CLIDAMICINA FOSFATO,PRIVET AGLF 
OMEPRAZOL PELLETS 8.5% EQUIVALENTE A 20 MG OMEPRAZOL BASE,OMEPRAZOL 20 MG
OMEPRAZOL,OMEPRAZOL 40 MG
IBUPROFEN.,IBUPROFEN.
FENITOINA SODICA,FENITOINA
OMEPRAZOL,OMEPRAZOL 20 MG  (LINEA INTRALAB) 
PARACETAMOL,TAMOLGAN
DICLOFENAC DE SODIO,DICLOFENAC
CITALOPRAM BROMHIDRATO,TASAPAN
MEMANTINA CLORHIDRATO,ADAZA
BISOPROLOL FUMARATO + HIDROCLOROTIAZIDA,PRESOLOL H 10 / 6.25
BISOPROLOL FUMARATO + HIDROCLOROTIAZIDA,PRESOLOL H 10 / 6.25 
BISOPROLOL FUMARATO / HIDROCLOROTIAZIDA,SOPROL H 5/6.25
BISOPROLOL FUMARATO + HIDROCLOROTIAZIDA,SOPROL H 5 / 6.25
CEFAZOLINA,CEFAZOLINA
VER AL DORSO,BRITADINA -A
BISOPROLOL FUMARATO + HIDROCLOROTIAZIDA,PRESOLOL H 5 / 6.25
BISOPROLOL FUMARATO + HIDROCLOROTIAZIDA,PRESOLOL H 5 / 6.25
FOLITROPINA RECOMBINANTE HUMANA,R-FORMONE 
CLORHIDRATO DE DIFENHIDRAMINA,DIFENHIDRAMINA 25 MG
CLORHIDRATO DE AMBROXOL,AMBROXOL 30 MG
BISOPROLOL FUMARATO,ZUBLOK-10
VER AL DORSO,CARDRES-PLUS 16/10
VER AL DORSO,BENZAPEN 6 3 3
LINAGLIPTINA / CLORHIDRATO DE METFORMINA,GLIDE M 2.5/500
LINAGLIPTINA + CLORHIDRATO DE METFORMINA,GLIDE M 2.5/500
AMOXICILINA/ACIDO CLAVULÁNICO,SEVOXYCLAR 625 MG
LEVETIRACETAM,LETRACEM
CANDESARTÁN CILEXETILO ,ADEPRA  16 
CANDESARTÁN CILEXETILO + HIDROCLOROTIAZIDA,ADEPRA H 16/12.5
CANDESARTAN CILEXETILO /HIDROCLOROTIAZIDA,ADEPRA H 16 /12.5
PREGABALINA,PREGABALINA 75
"DICLOFENAC + VITAMINAS B1, B6, B12",DOLO NEUROFEL
ACEBROFILINA,BROFILIN® 
ENALAPRIL MALEATO,ERUVIN
ENALAPRIL MALEATO,ERUVIN 
CLOPIDOGREL BISULFATO,CLOPIDOGREL
CLOPIDOGREL BISULFATO,AGLATIR
CLOPIDOGREL BISULFATO,AGLATIR
CLOTRIMAZOL,VAGIFAR
DIFENHIDRAMINA HCL,FENILAR
KETOCONAZOL,PROKET
AMIODARONA CLORHIDRATO,AMIODARONA
AMIODARONA CLORHIDRATO,AMIODARONA
AMIODARONA CLORHIDRATO,SALVIKEN
METFORMINA,FEXIMET XR
RISPERIDONA,BURKA 
FINASTERIDE,DROTAFERIDE
MEMANTINA CLORHIDRATO,ESMIRTAL 10
MEMANTINA CLORHIDRATO,ESMIRTAL 10
IVABRADINA HCL,IVACOR ® 7.5
VALSARTAN+AMLODIPINA,PASUFEL PLUS
BISOPROLOL FUMARATO / HIDROCLOROTIAZIDA,SOPROL H 10/6.25
BISOPROLOL FUMARATO + HIDROCLOROTIAZIDA,SOPROL H 10 / 6.25
MELOXICAM + ESOMEPRAZOL,SUICAM E 15
NEBIVOLOL,NEBIBRIT 2.5
METFORMINA,FEXIMET XR
ADAPALENO + PEROXIDO DE BENZOILO,EPIDUO
ACETAMINOFEN DC-90,PERCODRYL
ACETAMINOFEN DC-90,PERCODRYL
BEVACIZUMAB,BEVACIZUMAB 400 MG /16 ML 
BEVACIZUMAB,BEVACIREL 400 MG
BEVACIZUMAB,BEVACIREL 100 MG /4 ML
ECONAZOL NITRATO,ECOVEN 
ESOMEPRAZOL,ESOMEPRAZOL 20
ESOMEPRAZOL,ESOMEPRAZOL 20
METFORMINA CLORHIDRATO,GLIFORT SR 1 G
CANDESARTAN CILEXETIL,CANDESARTAN 8 MG
LEVETIRACETAM,LEVEBRAIN 
VER AL DORSO, CEFADROXILO
LEVOTIROXINA SODICA,SYNOX-75
LEVODOPA + CARBIDOPA,SORKINOX
LEVODOPA + CARBIDOPA,SORKINOX
LEVOTIROXINA SODICA,SYNOX-150
RISEDRONATO SODICO,TEXCAL
PREDNISOLONA BASE,PREDNISOLONA  LAM® 20 MG
ARIPIPRAZOL,ILIMIT 10
ARIPIPRAZOL,ILIMIT 15
DEXKETOPROFENO TROMETAMOL,DEXKETOPROFENO 25 MG MK
RITUXIMAB,USMAL
VER AL DORSO,VARITRINOX 
GONADOTROPINA CORIONICA,CORGON HP - 5000
VALSARTAN,VALODIPIN 320
CENTELLA ASIÁTICA,CIRUSTETIC
CENTELLA ASIATICA,CIRUSTETIC
CENTELLA ASIÁTICA,CIRUSTETIC
CENTELLA ASIATICA,CIRUSTETIC
CEFADROXILO MONOHIDRATO,CEFADROXILO
BETAHISTINA MESILATO,FRISTAL
METFORMINA HCL,UDOTIL
ATENOLOL,ATEFAR
ITRACONAZOL,TANTRA
FOSFOMICINA,VIOXAN
FLUTICASONA FUROATO (MICRONIZADA),RINARIS -F 
SULFAMETOXAZOL + TRIMETOPRIM,BAXOLEX PLUS
INMUNOGLOBULINA ANTI RHO-D (MONOCLONAL),RHOCLONE
HEPARINA SODICA.,HEPARINA
VALSARTAN,VALODIPIN 160
VER AL DORSO,ALEGOT
ERLOTINIB,ERLOTIREL 150 MG
LENALIDOMIDA,RELIDOMIDE
DICLOFENAC POTASICO/ PARACETAMOL,KLAFENAC®  DUO 50/325
DICLOFENAC POTASICO/ PARACETAMOL,KLAFENAC®  DUO 50/500
LEVOTIROXINA SÓDICA,SYNTHROID
LEVOTIROXINA SODICA,SYNTHROID
LEVOTIROXINA SÓDICA,SYNTHROID 
LEVOTIROXIN SÓDICA,SYNTHROID
METFORMINA HCL,UDOTIL
CLINDAMICINA FOSFATO,RAMIDEX
SULFATO FERROSO HEPTAHIDRATADO,FERROSUL
SIMVASTATINA,RAPISCAL 
SIMVASTATINA,RAPISCAL 
CARVEDILOL,CARVEDILOL
CARVEDILOL,VIXPRO
RETEPLASA,MIREL 
MONONITRATO DE ISOSORBIDA,MONONITRATO DE ISOSORBIDA 20 MG
VALSARTAN + HIDROCLOROTIAZIDA,VALODIPIN D 320/12.5
VALSARTAN + HIDROCLOROTIAZIDA,VALODIPIN D 320/25
VALSARTAN + HIDROCLOROTIAZIDA,VALODIPIN D 160/25
VALSARTAN + HIDROCLOROTIAZIDA,VALODIPIN D 160/12.5
LISINOPRIL DIHIDRATADO EQUIVALENTE A LISINOPRIL BASE,LISINOPRIL ALFA - 20 MG 
DIENOGEST,DONELYZ
DEFLAZACORT,DEFLAZACORT LAM® 6 MG 
DEFLAZACORT,DEFLACORT® 6 
DEFLAZACORT,DEFLAZACORT MAMEY® 6 MG 
BISOPROLOL FUMARATO + HIDROCLOROTIAZIDA,CONCOR PLUS
GABAPENTINA,XANPENTIN 300
TIOCOLCHICÓSIDO,EBATENE 8
MULTICOMPOSICIÓN,HEPASIL B-COMPLEX
ALBENDAZOL,ALBENDAZOL
ALBENDAZOL,ALBENDAZOL
CLOZAPINA,BRITAPINA-100
DONEPEZILO CLORHIDRATO,NOPEXIL® 5 
DONEPEZILO HCL,NOPEXIL® 5
APIXABAN,ATRERAN 5 PANALAB
ACIDO ZOLEDRONICO MONOHIDRATO,ZOMETA
CEFIXIMA TRIHIDRATO,BETAXIMA 100 MG / 5 ML 
DIOSMINA + HESPERIDINA,DIATONB
DIOSMINA + HESPERIDINA,DIATONB
SULFATO FERROSO HEPTAHIDRATO + ÁCIDO FÓLICO,FERROSUL FOLIC
RISPERIDONA,DAGOTIL®  1
RISPERIDONA,DAGOTIL® 1
VER AL DORSO,PAÑALEX
VER AL DORSO,TOPIR-80
VER AL DORSO,RINHOMUCOM
CANDESARTAN CILEXETILO,COROPRES 8
METFORMINA CLOHIDRATO,METFORMINA
METFORMINA CLOHIDRATO,METFORMINA
CARVEDILOL,COREG
CARVEDILOL,COREG
DEXKETOPROFENO,NEO-DEXK
OMEPRAZOL,OMEPRAZOL MALLEN
OMEPRAZOL,OMEPRAZOL MALLEN
LENALIDOMIDA,RELIDOMIDE 
VER AL DORSO,REDUGREL-40
VER AL DORSO,REDUGREL-80
VER AL DORSO,PREPTOD 12.5
VER AL DORSO,BREK LIP-80
ATORVASTATINA CALCICA EQUIVALENTE A ATORVASTATINA BASE *,BREK LIP-40
FLUCONAZOL,FLUCONAZOL LAM® 150 MG
VER AL DORSO,TOPIR-40
CETIRIZINA HCI,ALERPLUS
CETIRIZINA HCL,ALERPLUS®
CETIRIZINA HCL,CETIRIZINA MAMEY®
MULTICOMPOSICION,DEXA NERVOTON
MOMETASONA FUROATO,MOMESA 0.1%
CLORHIDRATO DE NAFAZOLINA + MALEATO DE PIRILAMINA,NAFAZOL A 
ACICLOVIR,ACICLOVIR (LINEA INTRALAB) / ACICLOVIR 
CAFEINA ANHIDRA,REANIMA-2
KETOROLACO TROMETAMINA,K-GESIC
KETOROLACO TROMETAMINA,K-GESIC
INFLIXIMAB,INFLIXIREL 100 MG
INFLIXIMAB,INFLIXIREL 100 MG
DIOSMINA + HESPERIDINA,CIRCULAM® 
APIXABAN,ATRERAN 2.5 PANALAB
MELOXICAM BP,MELOXICAM 15 
LEVETIRACETAM,EVETIRAM®
HIDROXICINA HCL,HIDROXICINA  MAMEY®
MINOXIDIL,MINOXIDIL GV
FENOFIBRATO,FENOCAP 160
VILDAGLIPTINA,VIAMET
BISOPROLOL FUMARATO / HIDROCLOROTIAZIDA,CORENTEL  H 5 / 6.25 
BISOPROLOL FUMARATO + HIDROCLOROTIAZIDA,CORENTEL H 5 / 6.25
RASAGILINA (RASAGILINA MESILATO),MENUIX
QUETIAPINA (COMO FUMARATO),EDAGAN 100
VER AL DORSO,NEUROKETOFEN 
CLOTRIMAZOL+SULFISOXAZOL,CLOTRIMYL-PLUS 
RUPATADINA FUMARATO,RUPATADINA CALOX
ACETAMINOFEN,PITIRIN
NISTATINA,KARYNISTIN 
AZITROMICINA DIHIDRATO,AZIBIOTIC 1 g
AZITROMICINA DIHIDRATO,AZIBIOTIC 1 G
"SULFATO FERROSO + VITAMINA C, + ACIDO FOLICO",PRONIFER-C
CLONIXINATO DE LISINA + PROPINOX CLORHIDRATO,ESPASMO DOLOFOR
CLONIXINATO DE LISINA + PROPINOX CLORHIDRATO,ESPASMO DOLOFOR
NITAXOZAMIDA,NITAPROX 
VER AL DORSO,CHEMIGRIP S
VER AL DORSO,CHEMIGRIP E
CLORHIDRATO DE AMBROXOL + CLEMBUTEROL,LABROFLOX-C
VER AL DORSO,ALFA-FLOXAL
TIOCOLCHICOSIDO - DICLOFENACO POTASICO,TIOCOLCHICOSIDO - DICLOFENACO POTASICO CALOX
VINBLASTINA SULFATO,VINBLASTINA KEMEX
CLOTRIMAZOL,VAGINULTRA
CILOSTAZOL,CILOSTAL XR 
NITAZOXANIDA,NITAZOXANIDA LAM® 500 MG 
DOCETAXEL,ONCOTAXEL-80
DOCETAXEL,ONCOTAXEL-20
DIOSMINA / HESPERIDINA,DROTASMINA 
"DIOSMINA, HESPERIDINA",DROTASMINA
ACETAMINOFEN DC-90,CHEMIFEN 750
HIDROSMINA,VENAXIL® 200 
CARVEDILOL,VIXPRO
LIDOCAINA USP + CLORURO DE BENCETONIO USP,AMERICAINE PLUS     
PERÓXIDO DE HIDROGENO,AGUA OXIGENADA
PERÓXIDO DE HIDROGENO,AGUA OXIGENADA
EZETIMIBE + SIMVASTATINA,COLESTAR 10-40 
VER AL DORSO,ANADROX RELAX
FACTOR VIII DE COAGULACIÓN HUMANA,FACTOR VIII DE COAGULACIÓN HUMANA 
ESPORAS DE BACILLUS CLAUSII,BAXITAR
VER AL DORSO,ATROPINA SULFATO VIJOSA
BORTEZOMIB,BORTIREL 3.5 MG
BORTEZOMIB,BORTIREL 3.5 MG
FACTOR VIII DE COAGULACIÓN HUMANA,FACTOR VIII DE COAGULACIÓN HUMANA 
ENOXAPARINA SÓDICA,XENOP 40 (LINEA COREPHARMA) 
ESOMEPRAZOL,ESOMEPRAZOL 40
ESOMEPRAZOL,ESOMEPRAZOL 40
DIFENHIDRAMINA HCL,DIFENHIDRAMINA HCL VIJOSA
GABAPENTINA,XANPENTIN 400   
LORATADINA + BETAMETASONA,LORALER-D
ENOXAPARINA SÓDICA,XENOP 60 (LINEA CORE- PHARMA) 
ALOPURINOL,ALOPURINOL-300
BEVACIZUMAB,BELAVIA
CICLOFOSFAMIDA,ENDOXAN
MULTICOMPOSICION,DR. SELBY CREMA CURATIVA
INSULINA GLARGINA (ORIGEN ADNr),RECOMULIN G
INSULINA GLARGINA (ADNR),RECOMULIN G
ÁCIDO FÓLICO,ACIDO FOLICO 5MG IF
VER AL DORSO,DOLENOL MIGRAN
MICOFENOLATO MOFETILO,MICOFLAVIN 250 
ESCITALOPRAM,SEROFEL
ORLISTAT,CONAGRAD
LEVETIRACETAM,LEVEDALT 1000MG
LEVETIRACETAM,LEVEDALT 1000MG
SIMVASTATINA,BELMALIP 10
VER AL DORSO,AMLOCARDI- AT 5/50
VER AL DORSO,FUNGOPLEX
APIXABAN, PLAQUEXIL®  2.5
APIXABAN, PLAQUEXIL®  2.5
APIXABAN,PLAQUEXIL® 5
ESCITALOPRAM OXALATO EQUIVALENTE A ESCITALOPRAM,ESCITALOPRAM 
VER AL DORSO,CEFALEXINA
FOSFOMICINA CALCICA MONOHIDRATADA,FOSFOMICINA MAMEY®
DICLOFENAC SODICO,DICLOFENAC SODICO VIJOSA
HIDROCORTISONA,HIDRODERM LOCION AL 0.5%
ACETAMINOFÉN + CAFEÍNA,NATRAFEN-ULTRA 
ACETAMINOFEN + CAFEINA,NATRAFEN-ULTRA
LEVETIRACETAM,LEVEDALT 500MG
LEVETIRACETAM,LEVEDALT 500MG
MULTICOMPOSICION,VITARINAT
KETOCONAZOL + CLINDAMICINA FOSFATO,FLUDERMA-C
CANDESARTAN CILEXETIL USP,CANDESARTAN  CILEXETIL 
CANDESARTÁN CILEXETIL,CANDEPILL
QUETIAPINA FUMARATO (EQUIVALENTE A QUETIAPINA BASE),EQUIATIN 150 MG
TIOCONAZOL + TINIDAZOL + LIDOCAINA,MUVAGYN
IRBESARTAN,IBERPRES® 150
MORFINA CLORHIDRATO TRIHIDRATO,VENDAL RETARD 30 MG
VER AL DORSO,VALPRESOR-A 100/10
VER AL DORSO,PRESIDOL-AM 100/10
BROMURO DE OTILONIO,OMPEX
AMOXICILINA (COMO TRIHIDRATO),ACIMOX 1000
AZITROMICINA DIHIDRATO,AZITROMICINA-500
ESCITALOPRAM OXALATO,CITOBRITAM-20
BISOPROLOL FUMARATO,ZUBLOK-2.5
SEVOFLURANO,SEVOFLURANO
TADALAFILO,FURTEZA
VER AL DORSO,FENDIPRES-2.5
PROPINOXATO HCL,BUSCALON® 
ACETAMINOFEN,ACETAMINOFEN PEDIATRICO JUPIN SABOR UVA
DICLOFENAC POTASICO,ALGITEX
DICLOFENAC POTASICO,ALGITEX
METRONIDAZOL,METRONIDAZOL  250MG CLASC SAMED
TIOCOLCHICOSIDO,CONRELAX 
IBUPROFEN,FENOPROX
IBUPROFEN,FENOPROX
LEVOSULPIRIDE,BYSCAN 
IBUPROFENO + TIOCOLCHICOSIDO,LISORET
CETIRIZINA HCL,CETIRIZINA LAM®
FUMARATO DE BISOPROLOL + HIDROCLOROTIAZIDA,CONCOR PLUS 
VER AL DORSO,URBATI-25000
DEXKETOPROFENO,NEO-DEXK
DEXKETOPROFENO,NEO-DEXK
ÁCIDO FUSÍDICO,ACIDO FUSIDICO 2% (LINEA INTRALAB)
HIDROXICINA HCL,DROXICIN®
MOMETASONA FUROATO,NARINEX
VER AL DORSO,PIPERACILINA & TAZOBACTAM
ACIDO SALICILICO,ACEITE SALICILADO IDCP  AL 2% 
GUAIFENESINA + BROMHIDRATO DEXTROMETORFANO,DEXTROMUCIL
VER AL DORSO,BETAPRON
TRASTUZUMAB,TUZDAL
ENOXAPARINA SODICA BP,ENOXAPARINA
ENOXAPARINA SODICA BP,ENOXAPARINA
VER AL DORSO,GIOTEN-A 160/10
TRIMETOPRIM + SULFAMETOXAZOL,TRIMETOPRIM+SULFAMETOXAZOL
BISOPROLOL FUMARATO + HIDROCLOROTIAZIDA,ZUBLOK-H 5/12.5
PANTOPRAZOL SODICO,OZOLE 20
CITICOLINA SODICA,CITICOLINA MAMEY® 500 MG
CITICOLINA SODICA,CITICOLINA MAMEY® 500 MG
CITICOLINA SODICA,CITICOLINA LAM® 500 MG
CITICOLINA SODICA,CITICOLINA LAM® 500 MG
ITRACONAZOL,MICODIATIN-200
EMPAGLIFLOZINA,JARINU 25
ACETAMINOFÉN,ACETAMINOFÉN 
ACETAMINOFEN,ACETAMINOFEN 
SILDENAFIL CITRATO,VIGOSEX 50 MG
VER AL DORSO,CLIMARIN
MULTICOMPOSICION,DRETOX TÉ
DICLOFENAC SÓDICO,ALGITEX
VER AL DORSO,HEMACROLIDO 
CARVEDILOL,COREG
SULFATO FERROSO HEPTAHIDRATADO,FERROSUL-S
SOBREROL + CARBOXIMETILCISTEÍNA,CARBOFTAL
VER AL DORSO,PREPTOD
FINASTERIDA,FINASTERIDA
DEXKETOPROFENO TROMETAMOL,DEXKENAV
MULTICOMPOSICION,TRIMETOSE
MULTICOMPOSICION,TRIMETOSE
VANCOMICINA CLORHIDRATO,VANNUR
VANCOMICINA CLORHIDRATO,VANNUR
CARVEDILOL,COREG
CARVEDILOL,COREG
HALOPERIDOL,HALOPERIDOL VIJOSA 5 MG/ ML
VER AL DORSO,TRIDERM
VER AL DORSO,TRIDERM
LEVETIRACETAM,DERINOE
VILDAGLIPTINA / ROSUVASTATINA CALCICA,GLIPOX® DUO 50/10
VILDAGLIPTINA / ROSUVASTATINA CALCICA,VILDINA® R 50/10
VER AL DORSO,TRIPLEGEN (LINEA INTRALAB)
BETAMETASONA / GENTAMICINA / CLOTRIMAZOL,TRIPLEGEN (LINEA INTRALAB) 
KETOROLACO TROMETAMINA,KETOMAX 20
ETORICOXIB,ZAFRON
GUAIFENESINA / DEXTROMETORFANO BROMHIDRATO,MUCOTOX® 
PARACETAMOL,SUMERA 
ETORICOXIB,ZAFRON
TRAMADOL HCL + DICLOFENAC SODICO,LAMTRA® FORTE  
CITICOLINA SODICA,CITICOLINA
BUDESONIDA,NARITA
EPINEFRINA,EPINEFRINA VIJOSA 1:1000
METILDOPA,TOPARAL
METILDOPA,TOPARAL
BICALUTAMIDA,BUNIDE
EMPAGLIFLOZINA,JARINU 10
PERMETRINA,PERMETRINA CREMA AL 5%
BUPIVACAINA CLORHIDRATO ANHIDRA,BUPIVACAINA HCL VIJOSA 0.5% MPF SOLUCION INYECTABLE 
NOREPINEFRINA BITARTRATO,NOREPINEFRINA VIJOSA 
VER AL DORSO,SULFTRAN BALSAMICO
FLUCONAZOL,FLUCOGIL® 150 
FLUCONAZOL,FLUCONAZOL MAMEY® 150 MG
LEVOFLOXACINA HEMIHIDRATO USP,LEVOFLOXACINA
VER AL DORSO,AMOXICILINA
SIMETICONA,COLIGESIS
CANDESARTAN CILEXETIL,KAVAPRESS
CANDESARTAN CILEXETIL,KAVAPRESS
CANDESARTAN CILEXETIL,KAVAPRESS
NITAZOXANIDA,NITAZOXANIDA MAMEY® 500 MG 
PREGABALINA + MECOBALAMINA,PREFAXINA PLUS
PREGABALINA+MECOBALAMINA,NEUTREX PLUS
PREGABALINA,NEUTREX 75
HIDROXICINA HCL,DROXICIN® 25
CELECOXIB,CELECOXIB MAMEY® 200 MG
VER AL DORSO,PROMICINE
VER AL DORSO,PREPTOD-25
VER AL DORSO,I.R.S.
BISOPROLOL FUMARATO,CORANPROL 10
DICLOFENAC POTASICO,DOLOCURE
MULTICOMPOSICION,ULTRADOCEPLEX
PREGABALINA,EMPERYCA 300
ACETILCISTEINA,CYSTENIL 200 MG/ 1 G
BISOPROLOL FUMARATO - AMLODIPINA,CORANPROL® A 5/5 
MULTICOMPOSICION,FOLISIN VITA
METFORMINA HCL + VILDAGLIPTINA,METFCARD-V 1000/50 
VER AL DORSO,I.R.S.
LEVOCETIRIZINA DICLORHIDRATO,ALERCROM
LEVOCETIRIZINA DICLORHIDRATO,ALERCROM  
CIPROFLOXACINA HCL,CINAFAR
CIPROFLOXACINA HCL,CINAFAR
ACEBROFILINA,ELIXOFILINA
MULTICOMPOSICION,"NEUROALFA 5,000"
DROSPIRENONA + ETINILESTRADIOL,ASTARTE
KETOCONAZOL,NACOZOL 
DICLOFENAC SODICO,DICLOPLEX
CELECOXIB,NEXERA
AZITROMICINA DIHIDRATO,XIRITRINA
INSULINA GLARGINA (RECOMBINANTE),GLARITUS 
VER AL DORSO,ACETAMINOFEN 500 MG
VER AL DORSO,CORANPROL® A 5/10
VER AL DORSO,DIMEX-PLUS
ATENOLOL + CLORTALIDONA,ATENOLOL  + CLORTALIDONA 
LOSARTÁN POTÁSICO - HIDROCLOROTIAZIDA,LOSARTÁN POTÁSICO - HIDROCLOROTIAZIDA CALOX 
MULTICOMPOSICION,DEX-LITOS FORTE SABOR TUTTI FRUTTI
VER AL DORSO,DX DEX-LITOS X SABOR TUTTI FRUTTI
PARACETAMOL,PHENTAMOL
VER AL DORSO,TAMSUMAC PLUS 
LORATADINA +BETAMETASONA,LORBET 
LAMOTRIGINA,EPITRIGINA 
VALSARTAN/ HIDROCLOROTIAZIDA,LYSAMOL®– D 160 / 12.5
PROTAMINA SULFATO.,PROTAMINA SULFATO.
HIDROCLOROTIAZIDA,HIDROCHEM 25
VER AL DORSO,NUTRACORT
APIXABAN,PRAXETO® 2.5 
APIXABAN,PRAXETO® 5 
CLORHIDRATO DE TAPENTADOL,PALEXIS 100 mg
METFORMINA,FEXIMET XR
VER AL DORSO,VEGIT-C
MULTICOMPOSICION,MELOXICAM COMPUESTO
ECONAZOL NITRATO,ECOVEN
CLOTRIMAZOL,CLOZOL
CLOTRIMAZOL,CLOZOL
CLOTRIMAZOL + SULFISOXAZOL,CLOZOL PLUS
CLOTRIMAZOL + SULFISOXAZOL,CLOZOL PLUS
CLORHIDRATO DE LEVOCETIRIZINA,LECITER
PROPINOXATO CLORHIDRATO,SEDASTUM
NAPROXENO SODICO,DOLOVITAL
CELECOXIB,CELECOXIB-200
INMUNOGLOBULINA HUMANA NORMAL,IMMUNOREL
INMUNOGLOBULINA HUMANA NORMAL, IMMUNOREL
INMUNOGLOBULINA HUMANA NORMAL,IMMUNOREL
INMUNOGLOBULINA HUMANA NORMAL,IMMUNOREL 
AMBROXOL CLORHIDRATO,MUCOBROXOL
AMBROXOL CLORHIDRATO,MUCOBROXOL 
VER AL DORSO,ESLOCARD H-32
DONEPEZILO HCL,DONEPEZILO MAMEY® 5 MG
PREDNISOLONA BASE,PREDNILAM 20
SIMETICONA + BROMURO DE PINAVERIO,COLIGESIS DUO
SULFATO DE AMINOSIDINA,PARAMIEL 
SULFATO DE AMINOSIDINA,PARAMIEL
NITAZOXANIDA,NITAZOX®
NITAZOXANIDA,NITAZOXANIDA LAM®
NITAXOZANIDA,NITAZOXANIDA MAMEY®
ACETAMINOFEN,ACETAMINOFEN ALFA 300 MG
HIDROXICINA HCL,HIDROXICINA MAMEY® 25 MG 
CELECOXIB,CELECOXIB LAM® 200 MG
CARBIDOPA + LEVODOPA,DOPACAL COMPRIMIDOS RECUBIERTOS
CARBIDOPA + LEVODOPA,DOPACAL 
CANDESARTAN CILEXETILO+HIDROCLOROTIAZIDA,CARDRES-H 32/25
LAMOTRIGINA,LAMOTRIN® 100
LAMOTRIGINA,LAMOTRIN® 100
VER AL DORSO,SANITOSS TE 
MULTICOMPOSICION,VITA-MEGATHON WOMEN 
LEVETIRACETAM,LEVEBRAIN
OMEPRAZOL GRANULOS (EQUIVALENTE A OMEPRAZOL),OMEPRAZOL 20 MG 
IRBESARTAN + AMLODIPINA,KEOTAN A-150/5
DEXKETOPROFENO TROMETAMOL,DALIVIUM
VILDAGLIPTINA,VILDAGLUX® 50
HIDROCORTISONA,HIDRODERM LOCIÓN AL 1%
CETIRIZINA HCL,ALERPLUS® 
CIPROFLOXACINA LACTATO,CIPROFLOXACINA VIJOSA
HIDROCLOROTIAZIDA,HIDROCLOROTIAZIDA FELTREX
KETOROLACO TROMETAMINA,KETOMAX 10
ERGONOVINA MALEATO,ERGONOVINA MALEATO VIJOSA
ERGONOVINA MALEATO,ERGONOVINA MALEATO VIJOSA
MIDAZOLAM HCL,MIDAZOLAM VIJOSA
MIDAZOLAM HCL,MIDAZOLAM VIJOSA 
GLUCONATO DE CLORHEXIDINA,PROQUIDINE
CLORHIDRATO DE CLONIDINA,PRECODINA 
CLORHIDRATO DE CLONIDINA,PRECODINA
OLANZAPINA,ZANCY
METILDOPA,DROTAMOL
METILDOPA,DROTAMOL
OXITOCINA SINTETICA,OXITOCINA VIJOSA
OXITOCINA SINTETICA,OXITOCINA VIJOSA
CLORHIDRATO DOPAMINA,DOPAMINA CLINAR 
AMOXICILINA TRIHIDRATO + ACIDO CLAVULANICO,DUOCLAN
VER AL DORSO,DOLOCURE
VER AL DORSO,GENLET
CLOTRIMAZOL + BETAMETASONA (DIPROPIONATO),ALFASONE COMPUESTO 
CEFOTAXIMA SÓDICA,CEFOTAXIMA SODICA
CEFOTAXIMA SODICA,CEFOTAXIMA SODICA
CEFOTAXIMA SÓDICA,CEFOTAXIMA SÓDICA
PARACETAMOL,PARACETAMOL 10 MG/ML 
VER AL DORSO,DOLFENOL NOCHE
ACIDO TRANEXAMICO BP,PAUSET - 500
ACIDO TRANEXAMICO, PAUSET - 500
VITAMINA C (ACIDO ASCÓRBICO),VITSCORB C
LEVETIRACETAM,LEOVAL
BROMURO DE OTILONIO,OTIBROM 40
METRONIDAZOL + MICONAZOL,ANDI-VAGIL® DÚO ÓVULOS VAGINALES
FENOFIBRATO,FIBROLOW LIDOSE
LEVETIRACETAM,LEOVAL
VER AL DORSO,MULTIVITAMÍNICO - PRENATAL 
ATORVASTATINA CALCICA,ATORVASTATINA MAMEY® 80 MG
MECLIZINA HCL,MECLIMEX® 25
TRIMETAZIDINA,VASTAREL LP
CLINDAMICINA,VAGIBIOTIC
VER AL DORSO,VAGIBIOTIC 
CLOPIDOGREL BISULFATO,CLOPIDOGREL
CLINDAMICINA + CLOTRIMAZOL,KEMELY C
CITICOLINA,CITAFEL
CARBAMAZEPINA,PRIVALE 200
AZITROMICINA DIHIDRATO,ALOAN 200 MG / 5 ML
DICLOFENACO POTÁSICO,DYFLAM RETARD
VER AL DORSO,GRIPEFIN ANTIGRIPAL
TADALAFIL,TESAR
TADALAFIL,ESTAFIL
PROPINOX CLORHIDRATO (PARGEVERINA),DICLORISINA
ONDANSETRON CLORHIDRATO DIHIDRATO,ONDANSETRON
VER AL DORSO,AMOXICILINA Y CLAVULANATO DE POTASIO
IRBESARTAN + AMLODIPINA,KEOTAN A-300/10
VER AL DORSO,MULTILYTOS – R S/D
VER AL DORSO,DICLOXIN 500 MG
VER AL DORSO,TRIVITAL
PROGESTERONA MICRONIZADA,PROGESTERONA 
VER AL DORSO,CORLISCAL MIX
FUROSEMIDA,FUROSEMIDA WEMED
PERMETRINA,PERMETRINA LOCION AL 5% 
SULFADIAZINA DE PLATA,SULFACURE
CLOBETASOL PROPIONATO,CLOBETASOL ALFA AL 0.05%
SULFATO DE MAGNESIO HEPTAHIDRATADO,SULFATO DE MAGNESIO VIJOSA 10%
CIPROFLOXACINA,MAVIK
METFORMINA CLORHIDRATO, METFORMINA CLORHIDRATO
ETAMSILATO,ATILOSAR
ÁCIDO BÓRICO,AQUA SEC DR. COLLADO 2.75
TADALAFIL,TEMPLEX 5 MG
EVEROLIMUS,EVEROLIMUS 
VILDAGLIPTINA - METFORMINA HCL,VILDAGLUX® - M 50/1000
BOSENTAN HIDRATO,BOSENTAN 125 MG
MULTICOMPOSICION,BALDAZOL
LEVODOPA / CARBIDOPA MONOHIDRATO,DOPANOL® 250/25
LEVODOPA/ CARBIDOPA MONOHIDRATO,DOPANOL® 250/25 
VER AL DORSO,BETADURIL PLUS 
DORIPENEM MONOHIDRATO,ZORPEN
PREGABALINA + MECOBALAMINA,PREGAMIAL PROFARMA
SULFATO DE AMINOSIDINA,PLEXMISIN 
AZITROMICINA,VITARAX IQI
AZITROMICINA COMPACTADA,VITARAX IQI
VER AL DORSO,FLEXMIGRA
VER AL DORSO,AGUA DESTILADA CON LIDOCAÍNA
IRBESARTAN,IRBESARTAN 
VER AL DORSO,"2-BETAHEBAL"
TRIMETOPRIM + SULFAMETOXAZOL,TRIMETOPRIM + SULFA DISFARIQ 
"CLORHIDRATO DE AMBROXOL, CLEMBUTEROL",AMBROXOL+ CLEMBUTEROL DISFARIQ 
LEVOFLOXACINA HEMIHIDRATO,KEVLAR
LEVOFLOXACINA HEMIHIDRATO,KEVLAR 
CEFTAZIDIMA PENTAHIDRATO,CEFTAZIDIMA VIJOSA
CEFTAZIDIMA PENTAHIDRATO,CEFTAZIDIMA VIJOSA
BUDESONIDA,OKABUDEMAX 
HIDRÓXIDO DE MAGNESIO,LECHE MAGNESIA ROLDÁN
RISPERIDONA,RISPERIDONA
RISPERIDONA,RISPERIDONA
RISPERIDONA USP,RISPERIDONA
RISPERIDONA,RISPERIDONA
EPIRUBICINA CLORHIDRATO.,EPIRUBICINA CLORHIDRATO.
PREGABALINA,MIZTRO
NITROFURANTOINA,NITROFURANTOINA
WARFARINA SODICA,WARFARINA
ROSUVASTATINA,RONAVITAE
ROSUVASTATINA,RONAVITAE
ROSUVASTATINA,RONAVITAE
ROSUVASTATINA,RONAVITAE
MEROPENEM PARA INYECCION USP,MEROPAL 
CARVEDILOL,CARVEDI-PRES® 25
VER AL DORSO,ALENDRONATO 70 MG IF
ACETAMINOFEN DC-90 EQUIVALENTE A ACETAMINOFEN + CAFEINA,DOLFENOL ULTRA
MORFINA CLORHIDRATO TRIHIDRATO,VENDAL RETARD 
PREDNISOLONA,ANTOVIR 
VER AL DORSO,AMBROXOL + AMOXICILINA DISFARIQ
VER AL DORSO,SUN PROART   
ESCITALOPRAM OXALATO,ESCITAVITAE
VER AL DORSO,SINPLAKET
CEFAZOLINA SODICA,CEFAZOLINA VIJOSA
APIXABAN,APIXABAN  MAMEY® 5 MG 
APIXABAN,APIXABAN  MAMEY® 2.5 MG 
HIDROXICINA HCL,HIDROXICINA LAM® 25 MG 
CLORHIDRATO DE AMBROXOL,AMBROXOL LINEA 6
KETOROLACO TROMETAMINA,KETOROLACO
CEFALEXINA COMO MONOHIDRATO,CEFALEXINA DISFARIQ
CLOTRIMAZOL,CLOTRIMYL-C
DICLOFENAC POTÁSICO,ANFLAMAT INFANTIL
CLONIXINATO DE LISINA,DORIXINA FAST
TELMISARTÁN,TELLMI 40
NITAZOXANIDA,NITAZOX® 500 
CENTELLA ASIÁTICA,ASIATELLA
ACETAMINOFÉN DC90 /CLORHIDRATO DE TRAMADOL,NATRAFEN-T
BETAMETASONA+LORATADINA,BETAFLEX
ALBENDAZOL,ALBENDAZOL ALFA 400 MG
DEXKETOPROFENO TROMETAMOL,MILGESIC
DEXKETOPROFENO TROMETAMOL,MILGESIC
VER AL DORSO,PRESPOL-A 10/5
BISOPROLOL FUMARATO + AMLODIPINA BESILATO,LATICOR-A
VER AL DORSO,COSAMIDEX
ACETAMINOFEN,KARY TEMP
OXIDO DE MAGNESIO,MAGNESIA ALFA 
CANDESARTAN CILEXETIL + HIDROCLOROTIAZIDA,DEVIATKAN -H 
BUPIVACAINA DEXTROSA,BUPIMIDA D
BUPIVACAINA DEXTROSA BP,BUPIMIDA D 
VER AL DORSO,AMANFLU D TE
RANOLAZINA,ANOLAZ 
VER AL DORSO,TRINEURON 25000
AZITROMICINA DIHIDRATO,XIRITRINA
CANDESARTAN,ESLOCARD 32
DEXKETOPROFENO COMO TROMETAMOL,DALIVIUM BEBIBLE
VER AL DORSO,BERGERON B
ROSUVASTATINA,LUSTATIN-40
VER AL DORSO,MERODUO
LEVOTIROXINA SÓDICA,SYNTHROID 
LEVOTIROXINA SÓDICA,SYNTHROID
LEVOTIROXINA SÓDICA,SYNTHROID
LEVOTIROXINA SÓDICA,SYNTHROID 
LEVOTIROXINA SÓDICA,SYNTHROID 
APIXABÁN,APIXABÁN LAM® 5 MG 
APIXABÁN,APIXABÁN  LAM® 2.5 MG 
QUETIAPINA (COMO FUMARATO),EDAGAN 25
RUPATADINA FUMARATO,RUPATADINA CALOX
RUPATADINA FUMARATO,RUPATADINA CALOX
MEMANTINA CLORHIDRATO,MEMANVITAE
BROMURO DE IPRATROPIO,PLUS BROMIP
LIDOCAINA + ACETATO DE HIDROCORTISONA,RECTO GESIG 
ASPARTATO DE ARGININA,ARGININA FORTE
AMBROXOL CLORHIDRATO,GIDABROX
VER AL DORSO,HIRUDOID 
BISOPROLOL FUMARATO,BISOFEL
BEVACIZUMAB,BELAVIA
BEVACIZUMAB,BELAVIA
BEVACIZUMAB,BELAVIA
PERMETRINA,PERMETRINA DISFARIQ
AMOXICILINA + ÁCIDO CLAVULÁNICO,CLAVOXILIN PLUS 600
AMOXICILINA + ÁCIDO CLAVULÁNICO,CLAVOXILIN PLUS 600
CITICOLINA,CERECOLINA
CITICOLINA,CERECOLINA
VER AL DORSO,PRONITOR 
NISTATINA+OXIDO DE ZINC,CORPOXID
KETOCONAZOL,NACOZOL® AL  2%
ÁCIDO FÓLICO,FOL-KA
LORATADINA + DEXTROMETORFANO BROMHIDRATO,CHEMIGRIP A
BISOPROLOL FUMARATO,CORANPROL® 2.5
YODOPOVIDONA,BETA POVIDONA 
CLORHIDRATO DE LEVOCETIRIZINA,NIMEX D.S.F.
CEFALEXINA,CEFALEXINA
MULTICOMPOSICION,CYMAFERROL-FORTE
VER AL DORSO,TREMOLIN
CLINDAMICINA + KETOCONAZOL,CLAVEL K
VER AL DORSO,ACOXEL
METFORMINA CLORHIDRATO,METFORMINA
SALBUTAMOL,AEROSOL DE INHALACION DE SULFATO DE SALBUTAMOL 100MG
VER AL DORSO,FLUOXETINA 
LEVOFLOXACINA HEMIHIDRATO,NEOTROM 
ACIDO MEFENAMICO,ACIDO MEFENAMICO
CITICOLINA SODICA,CITIJECT
DOBESILATO DE CALCIO MONOHIDRATO,BUCRAL
ESOMEPRAZOL,GESTOM-40
ESOMEPRAZOL,GESTOM
METILDOPA.,METILDOPA
CEPA BACILO CALMETTE GUERIN,ONCO BCG 
CEPA DE BACILO CALMETTE GUERIN,SII-ONCO-BCG 
ERITROPOYETINA HUMANA RECOMBINANTE,YETINEX-10000
NISTATINA+METRONIDAZOL,KARYNISTIN-M
TAMSULOSINA CLORHIDRATO,FULMEN 0.4 MG 
VER AL DORSO,KUDOS-0.4
TAMSULOSINA,KUDOS - 0.4
MAGALDRATO+SIMETICONA,GACIDROX
DROSPIRENONA+ETINILESTRADIOL,TURQUESA 0.03
DROSPIRENONA+ETINILESTRADIOL,TURQUESA 0.02
LORATADINA,LORATADINA DISFARIQ 
DESLORATADINA,AGERTRAX
LEVETIRACETAM,CEUMID
VER AL DORSO,DEXKETOMAC PLUS 
VER AL DORSO,PLEXGRIP
BISOPROLOL FUMARATO,BISOFEL
CLONIDINA HCL,CLONIDINA LAM® 0.100 MG 
RISPERIDONA,RISPERIDONA 
CLORHIDRATO DE AMBROXOL /CLORHIDRATO DE CLEMBUTEROL,LABROFLOX-C 
CLORHIDRATO DE AMBROXOL,LABROFLOX
DULOXETINA,DULOTIL 30
VER AL DORSO,DULOTIL 30
VER AL DORSO,DULOTIL 60
LACTULOSA,LACTULOSA MALLÉN
LACTULOSA,LACTULOSA MALLÉN
VER AL DORSO,ROIMUSC RELAX
TRASTUZUMAB,TRASTUREL 440 MG 
TRASTUZUMAB,TRASTUREL 150 MG 
AMBROXOL CLORHIDRATO - AMOXICILINA TRIHIDRATO,MUFLEMAX AMOXI
CANDERSARTAN CILEXETIL / HIDROCLOROTIAZIDA,CUIDAT H 32 / 12.5
LORATADINA + BETAMETASONA,LORALER-D
LOSARTÁN POTÁSICO,LOSAFAR
LOSARTÁN POTÁSICO,LOSAFAR
TENECTEPLASE,TENECTEREL
TENECTEPLASA,TENECTEREL 50 MG
VER AL DORSO,ARTRAN PLUS
ROSUVASTATINA CALCICA,APM VASTIN 
VER AL DORSO,DISFARIQ ANTIGRIPAL
VACUNA CONTRA LA HEPATITIS A VIVA ATENUADA,VACUNA CONTRA LA HEPATITIS A VIVA ATENUADA
HIERRO AMINOQUELADO + ÁCIDO FÓLICO,INTRAFER ® TF 500
LINAGLIPTINA,GLIDE-5
NISTATINA+OXIDO DE ZINC,KARYNISTIN-Z
VER AL DORSO,URBATI-DOLO
VER AL DORSO,COMPLEJO B CLINAR
SULFACETAMIDA+SULFADIAZINA+SULFAMETAZINA,SULFATRES
BISOPROLOL FUMARATO,CORENTEL 5
BISOPROLOL FUMARATO,CORENTEL 5
BISOPROLOL FUMARATO,CORENTEL 10
METRONIDAZOL + NISTATINA,CLAVEL M
ERITROPOYETINA,ERITROPOYETINA
AMIODARONA CLORHIDRATO,ATLANSIL
AMIODARONA CLORHIDRATO,ATLANSIL
IBUPROFENO 90% (EQUIVALENTE A IBUPROFENO),IBUPROFENO 800 MG
GENTAMICINA SULFATO,GENTAMICINA 
PREDNISOLONA ACETATO,MESOLONA
FENTERMINA + TOPIRAMATO,ISTARIL
FENTERMINA + TOPIRAMATO,ISTARIL
FENTERMINA + TOPIRAMATO,ISTARIL
KETOROLACO TROMETAMINA,TRAMANAV
LEVONORGESTREL,VERMAGEST
CLONIDINA HCL,CLONILAM  0.100
PREDNISOLONA BASE,PREDNISOLONA  MAMEY 20 MG
VER AL DORSO,URBATI-DEXA
AMOXICILINA + ACIDO CLAVULANICO,CLAMOX 312.5     
PANTOPRAZOL,VIDATOROL 
VER AL DORSO,PROLYN® -VITA C
VER AL DORSO,PROLYN® -VITA C
CITRATO DE PIPERAZINA,PIPERAZINA DISFARIQ 
SULFACETAMIDA+SULFADIAZINA+SULFAMETAZINA,SULFATRES
LACTULOSA,LACTUGAST
CITICOLINA SODICA,CITICOLINA INYECCION 250 MG/ML AMPOLLA POR 2 ML
CLORHIDRATO DE AMBROXOL,GIDABROX
LEVOFLOXACINA,LEVOFLOXACINA
CEFALEXINA MONOHIDRATO COMPACTADA,CEFALEXINA DISFARIQ
CEFIXIMA COMO TRIHIDRATO EQUIV A CEFIXIMA ANHIDRO,DEFIXIM 
VER AL DORSO,DOLFENEX RELAX
VILDAGLIPTINA,VENFOMET 50
NEBIVOLOL ,XASE NEBIVOLOL 
VER AL DORSO,PREBICTAL DUO
PREGABALINA + TRAMADOL CLORHIDRATO,PREBICTAL DUO
AMOXICILINA TRIHIDRATO,AMOXIDAL DUO
FUMARATO DE QUETIAPINA,STOXEC
BECLOMETASONA DIPROPIONATO ANHIDRO,BECLOMETASONA 
VER AL DORSO,GLUCOSAMINA COMPUESTA
BISOPROLOL FUMARATO,SOPROL 5
BISOPROLOL FUMARATO,SOPROL 5
BISOPROLOL FUMARATO,SOPROL 5
VER AL DORSO,ROVAMAX EZ 10/10
VER AL DORSO,ROVAMAX EZ 20/10
VER AL DORSO,ROVAMAX EZ 20/10
VER AL DORSO,BISOMAX PLUS 10/5
VER AL DORSO,BISOMAX PLUS 10/5
VER AL DORSO,BISOMAX PLUS 5/10
VER AL DORSO,BISOMAX PLUS 5/10
HIDROCLOROTIAZIDA,HIDROCLOROTIAZIDA 25 MG 
PERMETRINA,PERMETRINA SHAMPOO AL 5%
HEMIHIDRATO DE LEVOFLOXACINA,FLOXALEV
HEMIRATO DE LEVOFLOXACINA,FLOXALEV
ALBENDAZOL - QUINFAMIDA,MEBAFAR® PLUS
N-ACETILCISTEINA,HEMACISTEINA
CENTELLA ASIATICA,DERMITELLA
LEVETIRACETAM,LEVETIRACETAM
LEVETIRACETAM,LEVETIRACETAM
DOCETAXEL,DOCETAXEL
VER AL DORSO,MULTIVITAMINAS
ACIDO ZOLEDRONICO MONOHIDRATO,ZOLASTA
MANITOL,MANITOL
FOSFOMICINA CALCICA,FOSFOMICINA 500 MG
CEFIXIMA,INO-XIMA
ÁCIDO ACETILSALICÍLICO,ÁCIDO ACETILSALICÍLICO 81
ÁCIDO ACETILSALICÍLICO,ACIDO ACETILSALICILICO 100
LEVETIRACETAM,LEVETIRACETAM
MECOBALAMINA,MECOBALAMINA 0.5 MG
TAMSULOSINA HCL,PROSTAM®
MULTICOMPOSICIÓN,DEXA-AGTRES
VER AL DORSO,ROIMUSC DOLO
TOLTERODINA L­-TARTRATO,ELTOVEN XR
S (-) PANTOPRAZOL SÓDICO EQUIVALENTE A S (-) PANTOPRAZOL,PANPURE IV   
CELECOXIB,CELECONAV
VER AL DORSO,KARY-VIT SOL
VER AL DORSO,VIRO GRIP GRIPE Y TOS
PANTOPRAZOL SODICO,PANTOPRAZOL CALOX
PANTOPRAZOL SODICO,PANTOPRAZOL CALOX
CICLOFOSFAMIDA,ENDOXAN 
CLINDAMICINA FOSFATO + CLOTRIMAZOL,ANDI- VAGIL 3-D ÓVULOS VAGINALES
SECNIDAZOL+ITRACONAZOL,CANDISEC
DICLOFENAC POTASICO,DOLOCURE PEDIATRICO
ISOTRETINOINA,ISOTRETINOINA
PIROXICAM,PIROXICAM DISFARIQ
METFORMINA CLORHIDRATO,METFOR-SR 1000
AZACITIDINA,AZADINE
DICLOFENAC SODICO BP,DICLOFENAC 50
LEVOFLOXACINA HEMIHIDRATO,INOPRAX 750 
LORATADINA,LORATADINA DISFARIQ
CIPROFLOXACINA HCL,INACIPRO IQI
QUETIAPINA FUMARATO,QUETIAPINA
DEFLAZACORT,DEFLAZACORT MAMEY® 30 MG 
NITAZOXANIDA,NITACURE
NITAXOZANIDA,PHESTAL
METFORMINA CLORHIDRATO + GLIMEPIRIDA (MICRONIZADA),DIAPRIDE FORTE
METRONIDAZOL BENZOILO,METRONIDAZOL DISFARIQ
AZITROMICINA DIHIDRATO,ALOAN 500 MG
VER AL DORSO,"BENZAPEN 2,400,000 U.I."
TOPIRAMATO,TOPIRAN®  100
TOPIRAMATO,TOPIRAN® 100
ROSUVASTATINA CÁLCICA,ROSALTA
SALICILATO DE METILO + MENTOL + ALCANFOR,HANSAPLAST UNGUENTO LEÓN TÓPICO
CILOSTAZOL,HATIAL
QUETIAPINA FUMARATO,CIDALAN 25
DICLOFENAC SODICO,DYNATROY EC
CIPROFLOXACINA,CIPROFLOXACINA
CIPROFLOXACINA,CIPROFLOXACINA 
PARACETAMOL BASE,ACETAFER
PROPINOX CLORHIDRATO (PARGEVERINA),DICLORISINA
GENTAMICINA,GENTAMICINA (LINEA INTRALAB)
IRBESARTAN + AMLODIPINA,KEOTAN A ­300/5
CISPLATINO BP,CISPLATINO
OXALIPLATINO USP,OXALIPLATINO
OXALIPLATINO USP,OXALIPLATINO
CLOROQUINA FOSFATO,CLOROQUINA FOSFATO 250 MG
CLOROQUINA FOSFATO,CLOROQUINA FOSFATO 250 MG
MULTICOMPOSICION,FEMIVITAL ACTIVE CÁPSULAS DE GELATINA BLANDA
MULTICOMPOSICION,FEMIVITAL ACTIVE CÁPSULAS DE GELATINA BLANDA
DICLOFENACO SÓDICO, DICLO-LP 
PEGFILGRASTIM,PEG-RELIGRAST
PEGFILGRASTIM,PEG - RELIGRAST 
ALBENDAZOL,CONSSEL
ALBENDAZOL,HELMIBEN
TADALAFILO,TADALAFIL
BISOPROLOL FUMARATO,PRESOLOL 5
BISOPROLOL FUMARATO,PRESOLOL 5
ACIDO IBANDRONICO,BONVIVA 150 MG
VER AL DORSO,BISOMAX PLUS 5/5
VER AL DORSO,BISOMAX PLUS 10/10
VER AL DORSO,BISOMAX PLUS 10/10
LACTULOSA,CONSTULOSA
SEVELÁMERO CARBONATO,RANLAT
SEVELÁMERO CARBONATO,RANLAT
ACETAMINOFEN,ACETAMINOFEN DISFARIQ 
OXALIPLATINO,OMIPLAX 100
LEVOFLOXACINA HEMIHIDRATO,LEFLOTRIN 500
VER AL DORSO,SUERO ORAL ANCALMO SABOR A FRESA GRANULADO
AMOXICILINA TRIHIDRATO + ACIDO CLAVULANICO,DENTOCILINA - PLUS 
VER AL DORSO,DENTOCILINA PLUS
AZUFRE,ESCABIDERM A UNGÜENTO  
HIDROXICINA HCL,HIDROXICINA  LAM®
VER AL DORSO,TELEKAST - L
CLINDAMICINA FOSFATO,ANDI-VAGIL PLUS
LEVONORGESTREL,NOR-VITAL IQI
SERTRALINA CLORHIDRATO EQUIVALENTE A SERTRALINA,SERILINA
SERTRALINA CLORHIDRATO EQUIVALENTE A SERTRALINA,SERILINA
SERTRALINA CLORHIDRATO EQUIVALENTE A SERTRALINA,SERILINA
SERTRALINA CLORHIDRATO EQUIVALENTE A SERTRALINA,SERILINA
ADALIMUMAB,ADALIREL 40 MG
ADALIMUMAB,ADALIREL 40 MG
ADALIMUMAB,ADALIMUMAB 20 MG
ADALIMUMAB,ADALIREL 20 MG
MULTICOMPOSICION,SUERO ORAL ANCALMO SABOR A NARANJA GRANULADO
NAFAZOLINA HCL,TERVIRIN 0.02% SOLUCIÓN OFTÁLMICA
VER AL DORSO,AMLODIPINA 10 MG 
TADALAFILO,TADALAFIL
PARACETAMOL (ACETAMINOFEN),HEMANOFEN 
LEVOFLOXACINA HEMIHIDRATO,QUINOLEV 
LEVOFLOXACINA HEMIHIDRATO,LOIDEZENA 
CLARITROMICINA + AMBROXOL,BIO-BRONQ PLUS 
DEFLAZACORT,DEFLACORT® 30  
TIGECICLINA USP,TIGECICLINA
DEXAMETASONA BP,DEXAMETASONA 4 MG
METRONIDAZOL + NITRATO DE MICONAZOL,GYNOTRAN  
METRONIDAZOL + NITRATO DE MICONAZOL,GYNOTRAN  
CETIRIZINA DICLORHIDRATO,BERAK
SIMVASTATINA,SIMVASTATINA
MIDAZOLAM,MIDAZOLAM
VER AL DORSO,CALMAX 50
IRINOTECAN,HIDROTECAN
HIDROXICLOROQUINA SULFATO,HIDROXICLOROQUINA
WARFARINA,WARFARINA 
ETORICOXIB,ALGIOXIB 90 
CITRATO DE CLOMIFENO,CLOMIFENO 
BISOPROLOL FUMARATO,SOPROL 10
BISOPROLOL FUMARATO,SOPROL 10
ÁCIDO TRANEXÁMICO,NEXALAM® 500 
RANOLAZINA,RANEXA 1000 MG 
PEMETREXED,RELITREXED 500 MG
PEMETREXED,RELITREXED 500 MG
ACICLOVIR SODICO ESTERIL EQUIVALENTE A ACICLOVIR ANHIDRO,ACICLOVIR 
ACETAMINOFEN + CAFEINA + ERGOTAMINA TARTRATO,INMIGA FORTE
ATORVASTATINA CALCICA,ATORVASTATINA LAM® 80 MG
ROSUVASTATINA,LUSTATIN-10
"ACETAMINOFEN, FENILEFRINA HCL, CETIRIZINA 2HCL",RESFRI-DOL
FLUNARIZINA DIHIDRATO,FLUNARIZINA 
FUROATO DE MOMETASONA,ANTOMET
MOSAPRIDA CITRATO,LOPROTIL-MECD 5
OMEPRAZOL ( PELLETS 7.5%),OMEPRAZOL
BISOPROLOL FUMARATO,PRESOLOL 10
BISOPROLOL FUMARATO,PRESOLOL 10
ETORICOXIB,ALGIOXIB 60
ETORICOXIB,ALGIOXIB 120
VITAMINA D3 (COLECALCIFEROL),TRIAMIN
MULTICOMPOSICION,APETIMAX
CIPROFLOXACINA HCL,CIPROFLOXACINA MAMEY 750 MG 
SILDENAFIL CITRATO,PRONAC
IVERMECTINA,IVERMECTINA ALFA 6 MG 
IVERMECTINA,IVERMECTINA ALFA 3 MG 
IVERMECTINA,IVERMECTINA-6 
GLUCONATO DE CALCIO,SUBECAL D
AZUL DE METILENO,AZUL DE METILENO
CLONIDINA HCL,CLONIDINA MAMEY® 0.100 MG 
VALPROATO SODICO,VALPAKINE
VALPROATO SODICO,VALPAKINE
BECLOMETASONA DIPROPIONATO ANHIDRO,BECLOMETASONA 
CLONIDINA HCL,CLONICOR® 0.150
CLONIDINA HCL,CLONILAM®  0.150
CLONIDINA HCL,CLONIDINA LAM® 0.150 MG 
CLONIDINA HCL,CLONIDINA MAMEY® 0.150 MG 
ETORICOXIB,DAVINTEX 60 
ETORICOXIB,DAVINTEX 90
ETORICOXIB,DAVINTEX 120 
CIPROFLOXACINA HCL,CIPROFLOXACINA LAM® 750 MG
CLONIDINA HCL,CLONICOR ® 0.100
PRAMIPEXOL DICLORHIDRATO MONOHIDRATO BP,PRIDEL 1
BISOPROLOL HEMIFUMARATO/ HIDROCLOROTIAZIDA,BISOCOR® D 5/6.25 
BISOPROLOL HEMIFUMARATO/ HIDROCLOROTIAZIDA,BISOCOR® D 5/6.25
BISOPROLOL FUMARATO + HIDROCLOROTIAZIDA,BISOCOR® D 10/6.25   
BISOPROLOL HEMIFUMARATO/ HIDROCLOROTIAZIDA,BISOCOR® D 10/6.25
CETIRIZINA CLORHIDRATO,ALERNADINA
VER AL DORSO,FOLISIN VITA
LEVOTIROXINA SODICA,SYNOX-88 
SALBUTAMOL,SALBUTAMOL CLASC SAMED
DIOSMINA + HESPERIDINA,CAR-NAV 
LORAZEPAM,ESTRELAX-1
ESOMEPRAZOL MAGNESIO TRIHIDRATO,CONGAST
ACIDO TRANEXÁMICO BP,ÁCIDO TRANEXÁMICO
NISTATINA,KARYNISTIN
TOBRAMICINA Y DEXAMETASON,PROTABA
MELOXICAM,MELOFLEX
DROSPIRENONA + ETINILESTRADIOL,DROSPERA
ACETATO DE LEUPRORELINA,LUPOIDE DEPOT 22.5
RIVAROXABAN,RISPLAR-10
DOBESILATO DE CALCIO MONOHIDRATO,DOBEX 500
CLARITROMICINA + AMBROXOL,BIO-​­BRONQ PLUS
POLIDOCANOL,POLIDOCANOL 3% VIJOSA
VER AL DORSO,COMPLEJO B DISFARIQ 
DESLORATADINA,AGERTRAX
VER AL DORSO,LIVERPROT 10/10
HIDROXIDO DE MAGNESIO,LECHE DE  MAGENESIA 
VER AL DORSO,PASMOLIT
VER AL DORSO,DOLO ULTRAFEN FORTE 
MANITOL,MANITOL VIJOSA 25%
GUAIFENESINA / DEXTROMETORFANO BROMHIDRATO,MUCOTOX® 
VER AL DORSO,NOMAGEST SOLUCION INYECTABLE
CELECOXIB,DOLIBRAX-400 
NITAZOXANIDA,NITAZOXANIDA
SALBUTAMOL SULFATO,SALBUTAMOL
DIENOGEST + ETINILESTRADIOL,INAMMA
ACETAMINOFÉN +CETIRIZINA + FENILEFRINA,ALGHO SINUS
ACETAMINOFÉN +CETIRIZINA + FENILEFRINA,ALGHO SINUS
OXALIPLATINO,OMIPLAX 50
MULTICOMPOSICION,TUSSIBRON ANTIGRIPAL
ROSUVASTATINA,LESTEROL
VER AL DORSO,INTRAFER® F800
METILDOPA,METILDOPA 500 MG
MULTICOMPOSIÓN,REXAGEL
ONDANSETRON,MODIFICAL
INSULINA HUMANA (RECOMBINANTE),INSULINA ISOFANA BIFÁSICA (VER AL DORSO)
SULFATO DE AMIKACINA,SULFATO DE AMIKACINA
DIOSMINA + HESPERIDINA,CAR-NAV
CILOSTAZOL,CILOSTAZOL
CILOSTAZOL,CILOSTAZOL
PIRACETAM,ACETAN - 800
CARVEDILOL,CARVEDILOL
PARACETAMOL,PARACETAMOL
AZITROMICINA,AZITROMICINA
VER AL DORSO,TRIMEBROM
IVERMECTINA,IVERMECTINA  MAMEY®  6 MG 
IVERMECTINA,IVERMECTINA  
IVERMECTINA,IVERMECTINA  LAM®  6 MG 
NEBIVOLOL,BALISART
ROSUVASTATINA CALCICA EQUIVALENTE A ROSUVASTATINA BASE*,CICLOTRANS-20
DOBESILATO DE CALCIO MONOHIDRATADO,ANDOVICAL 500 MG
HIDROCLOROTIAZIDA,HIDROCLOROTIAZIDA 50 MG
CLINDAMICINA CLORHIDRATO,CLINDARIS 300 MG
CEFIXIMA,FELDOXYL
DICLOFENAC SODICO,URBATI
VER AL DORSO,GLUCONATO DE CALCIO 10% VIJOSA
ÁCIDO ACETILSALICÍLICO,ÁCIDO ACETILSALICÍLICO 
EXTRACTO TITULADO DE CENTELLA ASIATICA,CICATRISSOL
VER AL DORSO,LIVERPROT
DIMENHIDRINATO,DIMENHIDRINATO
ACETAMINOFEN,ACETAMINOFEN DISFARIQ
PROTAMINA SULFATO,HANLIM PROTAMINA SULFATO
ENOXAPARINA SODICA,DILTROX 
LORATADINA + BETAMETASONA,LORALER-D
OXCARBAMAZEPINA,KRALE
ASCÓRBICO/ASCORBATO SÓDICO,MEMBER´S SELECTION VITAMIN C
AMOXICILINA TRIHIDRATO + CLAVULANATO DE POTASIO,DISWAR
SUCRALFATO,USUCRAL® 1000
KETOROLACO TROMETAMINA,KETOROLACO CLINAR
ESPIRONOLACTONA,ESPIRONOLACTONA
ESPIRONOLACTONA,ESPIRONOLACTONA 
SACUBITRIL + VALSARTÁN,CARDIO-K® SAC 100
SACUBITRIL + VALSARTÁN,VALTAX®  S 100
BETAMETASONA FOSFATO DE SODIO + BETAMETASONA ACETATO,COLUTHEX N
OLANZAPINA,ZANCY
DEXAMETASONA,DEXAMETASONA
FITOMENADIONA,VITAMINA K1 
VER AL DORSO,LANUGO
VER AL DORSO,"BENZAPEN 1,200,000 U.I."
EPIRUBICINA CLORHIDRATO BP,EPIRUBICINA CLORHIDRATO
SOBREROL,CARBOFTAL
LEVOCETIRIZINA DICLORHIDRATO,ALERCROM
SUCCINATO DE DOXILAMINA,DORZAMIN
SUCCINATO DE DOXILAMINA,DORZAMIN
VER AL DORSO,XIGDARA® MET 500/10
ACIDO ACETILSALICILICO,SEBRAMON 81 MG
ACIDO ACETILSALICILICO,SEBRAMON 81 MG
VER AL DORSO,DROTAFENAC
VER AL DORSO,DROTAFENAC
IVERMECTINA,IVERMECTINA LAFAGE
CELECOXIB,DOLIBRAX
IVERMECTINA,PEMBRIFAR
BUDESONIDA / FORMOTEROL,SYMBICORT RAPIHALER 80/ 4.5
BUDESONIDA / FORMOTEROL,SYMBICORT RAPIHALER 80 / 4.5
NEBIVOLOL + HIDROCLOROTIAZIDA,NEBIPRES-H 5/25
NEBIVOLOL + HIDROCLOROTIAZIDA,NEBIPRES-H 5/25
NEBIVOLOL + HIDROCLOROTIAZIDA,NEBIPRES-H 5/25
NEBIVOLOL HCL + HIDROCLOROTIAZIDA,NEBIPRES-H 5/12.5
NEBIVOLOL HCL + HIDROCLOROTIAZIDA,NEBIPRES-H 5/12.5
CARBIDOPA ANHIDRA / LEVODOPA,DOLXEN
ESTRIOL,COLPOESTRIOL
VER AL DORSO,FIBROTINA LIDOSE
FENOFIBRATO + PRAVASTATINA SÓDICA,FIBROTINA LIDOSE
CLINDAMICINA (FOSFATO),CLINDAMICINA
VER AL DORSO,BAYTOSS 
VER AL DORSO,BAYTOSS
NITAZOXANIDA,VERFIN 
CETIRIZINA CLORHIDRATO,ALERNADINA
VER AL DORSO,CLINDARIS 1% GEL TÓPICO 
VER AL DORSO,ANDICAINA SPRAY 
DEFLAZACORT,DEFLAZACORT LAM® 30 mg 
ÁCIDO ASCORBICO + ZINC,EFFCEE + ZNK
ÁCIDO ASCORBICO + ZINC,EFFCEE + ZNK 
SACUBITRIL + VALSARTÁN,VALTAX®  S 200
SACUBITRIL + VALSARTÁN,CARDIO-K® SAC 200
LEVOFLOXACINO,KEVOL
LEVOFLOXACINO,KEVOL
DICLOFENACO SODICO + CLORHIDRATO DE CICLOBENZAPRINA,ACROGESICO RELAX
ETORICOXIB,EUCYL 120 MG COMPRIMIDOS RECUBIERTOS
ETORICOXIB,EUCYL
MEMANTINA CLORHIDRATO,EUTEBROL
MEMANTINA CLORHIDRATO,EUTEBROL
CLINDAMICINA FOSFATO,ANDIRU 100 MG
CLINDAMICINA FOSFATO,ANDIRU 100 MG
ACIDO FOLICO,ACIDO FOLICO 
VER AL DORSO,XALERG
DROSPIRENONA + ETINILESTRADIOL,GUTIS EMMA
DROSPIRENONA + ETINILESTRADIOL,GUTIS EMMA
DROSPIRENONA + ETINILESTRADIOL,GUTIS EMMA
AZITROMICINA DIHIDRATO,AGVERFIL
AZITROMICINA DIHIDRATO,AGVERFIL
PARACETAMOL DC 90,PARACETAMOL
IVERMECTINA,IVERMECTINA 
AMBROXOL HCL,AMBROXOL 30 MG 
VILDAGLIPTINA,ETIVILDAG
CLORHEXIDINA,EUROCLOREX
LEVOCETIRIZINA DICLORHIDRATO,LECEFAR®
DICLOFENAC SODICO,DYNATROY AQ
VER AL DORSO,RINASMA PLUS
DAPOXETINA HCL EQUIVALENTE A DAPOXETINA,NOVEN ALFA
TERBINAFINA HCL,MEDIGRAY TERMINAFIN
VER AL DORSO,DX DEX-LITOS X SABOR COCO
VER AL DORSO,DX DEX-LITOS X SABOR COCO
LENALIDOMIDA,NUVYOR 5 MG
LENALIDOMIDA,NUVYOR 10 MG
LENALIDOMIDA,NUVYOR 25 MG
VER AL DORSO,SUTOX
IVERMECTINA,IVERMECTINA 
VITAMINA D3 CRISTALIZADA,"TRIDEK D3 100,000 U.I."
VER AL DORSO,SUED SUDEX INFANTIL
VER AL DORSO,LYSAMOL– A  320/5 MG
CELECOXIB,DOLCOX 400
ENOXAPARINA SODICA,DILTROX
MAGALDRATO + SIMETICONA,GASVIPLUS
AMLODIPINA BESILATO EQUIVALENTE AMLODIPINA BASE,AMLODIPINA  BESILATO 
CIPROFLOXACINA CLORHIDRATO EQUIV A CIPROFLOXACINA,CIPROFLOXACINA 
HIERRO (COMO SACARATO),ROWEFER
DEXKETOPROFENO (COMO TROMETAMOL),KINEMAX
MULTICOMPOSICION,SUERO LIQUIDO ORAL (VER AL DORSO)
MULTICOMPOSICION,SUERO LIQUIDO ORAL (VER AL DORSO)
IVERMECTINA,IVERMECTINA DISFARIQ
ADAPALENO Y CLINDAMICINA,DICRON C
KETANSERINA 2.00 G.,ANDISERINA 2 % GEL
RANOLAZINA,RANEXA 500 MG 
QUETIAPINA FUMARATO USP,QUETIAPINA
FOSFOMICINA CALCICA,FOSFOMICINA 
VER AL DORSO,MAPRIX®  NA
VER AL DORSO,PLACARD® NA
PERMETRINA,MEDIGRAY PIOFIN
CETIRIZINA,CETIRIZINA
VER AL DORSO,METOCLOPRAMIDA
MEBENDAZOL,MEBENDAZOL 
ETORICOXIB,ETORICOXIB-60
ESOMEPRAZOL MAGNÉSICO,EZOLBRIT 
ACICLOVIR,ACICLOVIR-400
ESOMEPRAZOL,ESOMEPRAZOL 40 
DIFENHIDRAMINA HCL,DIFENHIDRAMINA-25
ETORICOXIB,ETORIBRIT-60
DESLORATADINA,DIFERMED 
NITAZOXANIDA,NITATREX
CLONIXINATO DE LISINA,DORIXINA 200
IBUPROFEN, IBUPROFEN
ACETATO DE OCTREOTIDA,OCTREOTIDA
ACETATO DE OCTREOTIDA,OCTREOTIDA
KETOCONAZOL,KETOCONAZOL 
BEVACIZUMAB,SERUMAB 100 MG/4ML 
BEVACIZUMAB,SERUMAB 400 MG / 16 ML 
BUDESONIDA / FORMOTEROL,SYMBICORT RAPIHALER 160/4.5
VER AL DORSO,SULARTAN AH 32/10/25
ERITROPOYETINA,RELIPOIETIN
ERITROPOYETINA,RELIPOIETIN
LOSARTAN POTASICO,LOSARTAN 100 MG
LOSARTAN POTASICO,LOSARTAN 50 MG
CEFADROXILO,HEMACEFIX
QUETIAPINA FUMARATO,TIQUEPIN 300
QUETIAPINA FUMARATO,TIQUEPIN 300 
QUETIAPINA FUMARATO,TIQUEPIN 200
QUETIAPINA FUMARATO, TIQUEPIN 200 
VORICONAZOL,VORICONAZOL RICHET
ACETATO DE OCTREOTIDA,OCTREOTIDA
ACETATO DE OCTREOTIDA,OCTREOTIDA
SOLUCIÓN ALQUITRÁN MINERAL DE HULLA,LENOY SHAMPOO MEDICADO FRAGANCIA MANZANA VERDE
SOLUCIÓN ALQUITRÁN MINERAL DE HULLA,LENOY SHAMPOO MEDICADO FRAGANCIA MANZANA VERDE
VER AL DORSO,SULARTAN AH 32/10/12.5
TOPIRAMATO,TONAPIN 25
TOPIRAMATO,TONAPIN 50
TOPIRAMATO,TONAPIN 50
METFORMINA HCL,METFOCOL XR 500
METFORMINA HCL,METFOCOL XR 750
RISPERIDONA,UNIRIDONA
RISPERIDONA,UNIRIDONA 
VER AL DORSO,TETGLOB 250 UI
VER AL DORSO,TETGLOB 250 UI
PEMETREXED,RELITREXED 100 MG
LEVOCETIRIZINA DICLORHIDRATO,LEKAFEN 
VER AL DORSO,CLIMARIN 
METFORMINA CLORHIDRATO,METFOR-SR 500
MULTICOMPOSICION,PAR-DOLO
VER AL DORSO,XIGDARA® MET 500/5
NITAXOZANIDA,AKEBIA 
ESOMEPRAZOL TRIHIDRATO DE MAGNESIO,ELIXIUM
AMOXICILINA + ACIDO CLAVULANICO,AMOXIDIN AC
PROPINOX CLORHIDRATO,CLOPAMOX 
ENALAPRIL MALEATO,ENALAPRIL MALEATO
ENALAPRIL MALEATO,ENALAPRIL MALEATO
DICLOFENAC ACIDO LIBRE,BERGERON SUSPENSIÓN
TERBINAFINA CLORHIDRATO,MEDIGRAY TERMINAFIN
TERBINAFINA CLORHIDRATO,MEDIGRAY TERMINAFIN
VER AL DORSO,"VACUNA DE INFLUENZA (SPLIT VIRION), INACTIVADA"
VITAMINA D3 CRISTALIZADA,"TRIDEK D3 50,000 U.I."
ATEZOLIZUMAB,TECENTRIQ
ATEZOLIZUMAB,TECENTRIQ
METRONIDAZOL,POLGYL
CLONIXINATO DE LISINA + PROPINOX CLORHIDRATO,CLOPAMOX COMPUESTO
LEUPROLIDA ACETATO,LEOPROSTIN
LEUPROLIDA ACETATO,LEOPROSTIN
RISPERIDONA,Risperidona
RISPERIDONA,RISPERIDONA
BROMURO DE PINAVERIO + DIMETICONA,ZERPYCO® DUO
PROPINOX CLOHIDRATO,PROPINOX CLOHIDRATO
DEFERASIROX,DEFERADE TUTEUR
DEFERASIROX,DEFERADE TUTEUR
VER AL DORSO,CANDESAR A 32/10
ADAPALENO + CLINDAMICINA BASE,ADAPCLIN 
CIPROFLOXACINA CLORHIDRATO BP EQUIV A CIPROFLOXACINA,CIPROFLOXACINA
NIFEDIPINA,NIFEDIPINA RETARD MAMEY®  60 MG 
VILDAGLIPTINA / ROSUVASTATINA CALCICA,VILDINA® R 50/5
NIFEDIPINA,TENSICOR-XR® 60
VER AL DORSO,ACROSAR PLUS 32/10
VER AL DORSO,ACROSAR PLUS 32/5
VER AL DORSO,CHELTIN IV
SATRALIZUMAB,ENSPRYNG
QUINFAMIDA,QUIMEBA
VALSARTÁN + AMLODIPINO,VALSARTÁN + AMLODIPINO 160 MG + 10 MG MK
VALSARTÁN + AMLODIPINO,VALSARTÁN + AMLODIPINO 160MG + 5MG MK
ÁCIDO IBANDRÓNICO,ÁCIDO IBANDRÓNICO LAFAGE
VER AL DORSO,CIPLOXIN URO
CIPROFLOXACINA / FENAZOPIRIDINA,CIPLOXIN URO
MULTICOMPOSICIÓN,SUERO ORAL ANCALMO SABOR COCO 
AZITROMICINA,AZITROMICINA 500 MG
AZITROMICINA,AZITROMICINA 500 MG
ACETAMINOFEN DC 90,ACETAMINOFEN DISFARIQ 
ACICLOVIR,ACICLOVIR 200 MG/5ML
TIOCOLCHICOSIDO + DICLOFENACO POTASICO,CONTRACTIL PLUS
VER AL DORSO,FRIGUS
ENALAPRIL MALEATO,ENALAPRIL MALEATO
ENALAPRIL MALETATO,ENALAPRIL MALETATO
CANDESARTAN CILEXETILO,CANDESARTAN
VILDAGLIPTINA / ROSUVASTATINA CÁLCICA,GLIPOX® DUO 50/5
DABIGATRÁN ETEXILATO,DABIGAN®  75
LORATADINA,LORATADINA-10
VILDAGLIPTINA + METFORMINA,SIPTUS M
VILDAGLIPTINA + METFORMINA HCL,SIPTUS M
VILDAGLIPTINA + METFORMINA,SIPTUS M
VILDAGLIPTINA + METFORMINA,SIPTUS M
NIFEDIPINA,RETARDIPINA®  60
CLOTRIMAZOL,CLOTRIMYL
VER AL DORSO,AMLODIPINA 5 MG + ATENOLOL 50 MG ALFA
METOPROLOL TARTRATO / HIDROCLOROTIAZIDA,METOPRES® D 50/25
METRONIDAZOL,METRONIDAZOL 
DOMPERIDONA,GASTROFLUX 10 MG
DEFERASIROX,DEFERADE TUTEUR
DEFERASIROX,DEFERADE TUTEUR
DEXAMETASONA,DEXAGESIC 4 MG
DEXAMETASONA,DEXAGESIC 8 MG
VER AL DORSO,CANDESARTÁN + AMLODIPINA SUED 16 MG + 10 MG
VER AL DORSO,CANDESARTÁN + AMLODIPINA SUED 32 MG + 10 MG
VER AL DORSO,SULARTAN A 16/10
AMOXICILINA + ACIDO CLAVULÁNICO,CLAMOX 1000
VER AL DORSO,ACROSAR PLUS 16/10
VER AL DORSO,ACROSAR PLUS D 32/10/25
CANDESARTAN CILEXETILO + HIDROCLOROTIAZIDA,ACROSAR D 32/25
ROSUVASTATINA CÁLCICA,CRESTOR
VER AL DORSO,EXPANSIA
AMOXICILINA TRIHIDRATO,ACIMOX 500
NITAZOXANIDA,TAKINOX
PRILOCAÍNA / LIDOCAÍNA BASE,SUEDSENTIVA
TEMOZOLOMIDA,MOZOLA
PRILOCAÍNA / LIDOCAÍNA BASE,SUEDSENTIVA
TEMOZOLOMIDA,MOZOLA
VER AL DORSO,NOUS 10
VER AL DORSO,NOUS 5
HIDROCORTISONA,HIDROCORT 1%
TRAMADOL CLORHIDRATO,ULTRACALMANS 50 MG
CINACALCET,TENALCET
CINACALCET,TENALCET
CLINDAMICINA FOSFATO/ KETOCONAZOL,MICROCLIN DUO
VER AL DORSO,BERGERON FORTE
VER AL DORSO,CANDESAR AH 32/10/25
CINACALCET,TENALCET
CINACALCET,TENALCET
VER AL DORSO,CANDESAR A 16/10
ESPIRONOLACTONA,PIRACTON-25
CITRATO DE CAFEINA,PEYONA
VER AL DORSO,CANDESAR AH 32/10/12.5
VER AL DORSO,CANDESARTÁN + AMLODIPINA (VER AL DORSO)
LATANOPROST,LATOF SP
ACETAMINOFEN,ACETAMINOFEN ALFA 100 MG / ML
HIERRO SACAROSA,VENOFER
ACETATO DE LEUPROLIDA,ELIGARD
ACETATO DE LEUPROLIDA,ELIGARD
ACETATO DE LEUPROLIDA,ELIGARD
AMOXICILINA TRIHIDRATO,ACIMOX 250
DEFERASIROX,DEFERADE TUTEUR
DEFERASIROX,DEFERADE TUTEUR
VER AL DORSO,CANDESARTÁN + AMLODIPINA (VER AL DORSO)
LENALIDOMIDA, KEVIDRAX
FLUOROURACILO,FLUOROURACILO 500 MG/ 10 ML
DICLOFENAC SODICO,SINEFENAL
ACETATO DE LEUPROLIDA,ELIGARD
ACETATO DE LEUPROLIDA,ELIGARD
AMOXICILINA TRIHIDRATO,ACIMOX 500
NOSCAPINA HCL,JUSTETOS® 
CETIRIZINA DICLORHIDRATO,CETIRIZINA
VER AL DORSO,EQUIATIN 25 
DEXAMETASONA,DEXAGESIC 4
AMOXICILINA TRIHIDRATO,AMOXICILINA 500MG
VER AL DORSO,DUXET 30
VER AL DORSO,DUXET 60
CLONIDINA CLORHIDRATO,PRESONAL 0.2
ANFEBUTAMONA,BUXON SAVAL
OXITOCAINA SINTETICA,PITOCIN
HIDROXICLOROQUINA SULFATO,VISTARA 200 MG
PARICALCITOL,PARITOL
ACETATO DE ABIRATERONA,PROTIGA
RUPATADINA FUMARATO,RUPATADINA 1 MG
OLANZAPINA,OLANZAPINA ETHICAL
TOFACITINIB CITRATO,XELJANZ 5MG TABLETAS RECUBIERTAS
ACETATO DE ABIRATERONA,BITERA TUTEUR
SEVELAMER CARBONATO,FOSEVA
IVABRADINA(COMO CLORHIDRATO),CARDIOBRADINA 7.5
MICOFENOLATO MOFETILO,MYMOF 
CETIRIZINA CLORHIDRATO / AMBROXOL CLORHIDRATO,CETIRINA-R
OLANZAPINA,OLANZAPINA ETHICAL
DEXKETOPROFENO,FLEXIGESIC
CLONAZEPAM,CROBIO
AZITROMICINA DIHIDRATADA (EQUIVALENTE A AZITROMICINA BASE),ATERINA
VER AL DORSO,DEXLANSOPRAZOL ETHICAL
VER AL DORSO,DEXLANSOPRAZOL ETHICAL
CETIRIZINA DICLORHIDRATO,CETIRIZINA 10
LEVODOPA + CARBIDOPA,NAKOM
CEFEPIME CLORHIDRATO,CEFEPIME CLORHIDRATO
ESOMEPRAZOL MAGNESIO TRIHIDRATO,PROGASIC
DEXKETOPROFENO + VITAMINA B1 + VITAMINA B6 + VITAMINA B12,FLEXIGESIC-B
QUINFAMIDA / ALBENDAZOL,AMEBAX PLUS
DONEPEZILO CLORHIDRATO,DONESTA 5 MG 
AMLODIPINO + VALSARTAN,EXFORGE 
AMLODIPINO + VALSARTAN,EXFORGE 
ERGOMETRINA MALEATO,CRYOVINAL
FENITOINA SODICA,PLENIFULL
ROSUVASTATINA,ROVASTA 40
VER AL DORSO,GLISULIN XR
CLORHIDRATO DE METFORMINA,GLISULIN XR 
MICOFENOLATO MOFETILO,MYMOF 250
IVABRADINA(COMO CLORHIDRATO),CARDIOBRADINA 5
VER AL DORSO,"NEUROALFA 10,000"
VER AL DORSO,"NEUROALFA 10,000"
DICLOFENACO POTÁSICO,DICLOFENACO POTÁSICO 
AMPICILINA TRIHIDRATO,AMPICILINA 
ETORICOXIB,EUCYL 90 MG COMPRIMIDOS RECUBIERTOS
ETORICOXIB,EUCYL 
ETORICOXIB,EUCYL 60 MG COMPRIMIDOS RECUBIERTOS
ETORICOXIB,EUCYL 
DROSPIRENONA + ETINILESTRADIOL,DROSPIRENONA 3MG- ETINILESTRADIOL 0.03MG
VER AL DORSO,MAZENIL 100 JARABE
ESOMEPRAZOL (COMO ESOMEPRAZOL SÓDICO),PAMEZONE
ESOMEPRAZOL (COMO ESOMEPRAZOL SÓDICO),PRAZOMER
ESOMEPRAZOL (COMO ESOMEPRAZOL SÓDICO),ESOMEPRAZOL 40 MG
MISOPROSTOL,MISOFAR
NIFEDIPINA,NIFEDIPINA RETARD  LAM®  60 MG 
BISOPROLOL FUMARATO / HIDROCLOROTIAZIDA,BISOPROLOL 5 MG + HIDROCLOROTIAZIDA 6.25 MG ALFA
MULTICOMPOSICION,VITARINAT PLUS
PARACETAMOL,PARACETAMOL 
VER AL DORSO,AMPICILINA
VER AL DORSO,AMOXICILINA / CLAVULANATO POTASICO
VER AL DORSO,AMOXICILINA/ CLAVULANATO POTASICO
VER AL DORSO,NEXACLAV 
VER AL DORSO,NEXACLAV  PLUS  
OMEPRAZOL USP,OMEPRAZOL 
OMEPRAZOL USP,OMEPRAZOL 
VER AL DORSO,IBUFAR PLUS
PIROXICAM,PIROXICAM 
DICLOFENAC SODICO + PARACETAMOL,DICLOFENAC SODICO & PARACETAMOL
IRBESARTAN,KEOTAN - 150
PARACETAMOL,ACETAMINOFEN
IRBESARTAN,KEOTAN - 300
ACETATO DE MEDROXIPROGESTERONA,MIPROX-10
IRBESARTÁN E HIDROCLOROTIAZIDA,KEOTAN H - 150/12.5
LOSARTAN POTASICO + HIDROCLOROTIAZIDA,ANGIBLOC D 100/25
DIFENHIDRAMINA CLORHIDRATO,VEQUIPROSAN 
CARVEDILOL,CARVEDILOL-6.25
NEBIVOLOL HCL,PRESOCOR® 5
CARBAMAZEPINA,CARBAMAZEPINA MAMEY® 200 MG
CLONIDINA HCI,CLONIDINA LAM® 0.200 MG
NEBIVOLOL HCL,NEBIVOLOL MAMEY® 5 MG 
QUETIAPINA FUMARATO,AMKREL
PREGABALINA,MIZTRO 
PREGABALINA,MIZTRO 
CLONIDINA HCI,CLONIDINA MAMEY® 0.200 MG
CLONIDINA HCI,CLONILAM® 0.200
CLONIDINA HCL,CLONICOR ® 0.200
CARBAMAZEPINA,CARBADEN® 200
CARBAMAZEPINA,CARBEPIL® 200
CITICOLINA SÓDICA,NEUROCOL® 500
"DEXTROMETORFANO HBR, FELINLEFRINA HCL & ACETAMINOFEN",VIRO GRIP A.M.
VER AL DORSO,VIRO GRIP PM
VER AL DORSO,LOSARTAN 100 MG + AMLODIPINA 5 MG ALFA 
VER AL DORSO,AVANTAR - A 100/5MG
VER AL DORSO,AVANTAR - A 100/5 MG
VER AL DORSO,AVANTAR - A 100/5 MG
VER AL DORSO,VARDENAFIL-10
NITAZOXANIDA,PARACITEL-500
BISOPROLOL,BISOPROLOL FELTREX
VER AL DORSO, RITUXAM 500 MG/50 ML 
RITUXIMAB,RITUXAM 100 MG/10 ML
RITUXIMAB, RITUXAM 100 MG/10 ML 
VER AL DORSO,IBUFAR FEM
TRASTUZUMAB,TRAZIMERA 440 mg POLVO.....(VER AL DORSO).
TRASTUZUMAB,TRAZIMERA 440 MG POLVO.....(VER AL DORSO)
TRASTUZUMAB,TRAZIMERA 440MG 
AMLODIPINO + VALSARTAN,EXFORGE 
AMLODIPINO + VALSARTAN,EXFORGE 
TADALAFIL + DAPOXETINA,TADAL PLUS
MULTICOMPOSICION,"FRUTADEX SUERO DE REHIDRATACION ORAL, SABOR DURAZNO"
VER AL DORSO,GINOMAX
POLICRESULENO 50% SOLUCION EQUIVALENTE A POLICRESULENO*,CREVAGIX 
DIOSMINA X (FRACCIÓN FLAVONOIDE MICRONIZADA),VENAMEN 
VER AL DORSO,VITAMINAS COMPLEJO B
VER AL DORSO,VITAMINAS COMPLEJO B
INDOMETACINA,ELMETACIN 1%
INDOMETACINA,ELMETACIN 1% 
QUETIAPINA FUMARATO,AMKREL
QUETIAPINA FUMARATO,AMKREL 
OLMESARTAN MEDOXOMILO,ADUFIK 
QUETIAPINA FUMARATO,AMKREL 
IVERMECTINA,IVERMECTINA
ESCITALOPRAM (COMO OXALATO),TOCLAS 10
ESCITALOPRAM (COMO OXALATO),TOCLAS 20
TIOCOLCHICOSIDO,DOFLEX 8 
VER AL DORSO,VARDENAFIL-20  
ESCITALOPRAM (COMO OXALATO),NEO-ZENTIUS 10
ESCITALOPRAM (COMO OXALATO),NEO-­ZENTIUS 20
LORATADINA + BETAMETASONA,LORAMAX
AMIKACINA,AMIKACINA 500 MG
AMIKACINA,AMIKACINA 1 G
LINEZOLID,ZYVOX 600MG
LINEZOLID,ZYVOX 600MG
LINEZOLID,ZYVOX 600MG
BUDESONIDA / FORMOTEROL,SYMBICORT TURBUHALER 320μg /9μg DOSIS
CLOBETASOL PROPIONATO,AVENTOPIC C
GUAIFENESINA + PIPACETATO HCI,TRANSPULMIN
PREGABALINA + CIANOCOBALAMINA (VITC-B12),MIZTRO-M
IBRUTINIB,IMBRUVICA
IBRUTINIB,IMBRUVICA
IBRUTINIB,IMBRUVICA
IBRUTINIB,IMBRUVICA
IBRUTINIB,IMBRUVICA
IBRUTINIB,IMBRUVICA
IBRUTINIB,IMBRUVICA
VER AL DORSO,BETAMETASONA 4 MG/ML
VER AL DORSO,TRADOLAM PROTECT
VER AL DORSO,CRYOPINA PLUS
IVERMECTINA,IVERMECTINA  6 MG 
CANDESARTAN CILEXETIL,CANDEPILL 
VER AL DORSO,IBERPIME 4
VER AL DORSO,OTIOSPAN
OTILONIO BROMURO,OTIOSPAN® 
OSELTAMIVIR FOSFATO EQUIVALENTE A OSELTAMIVIR,OSELTAMIVIR ALFA 75 MG
EMPAGLIFLOZINA Y LINAGLIPTINA,JARINU MAX 10/5
ATORVASTATINA CALCICA TRIHIDRATO + AMLODIPINA BESILATO,ATORVASTIN PLUS 20/5 
CINACALCET (COMO CINACALCET CLORHIDRATO),MIMPEL 30
CINACALCET (COMO CINACALCET CLORHIDRATO),MIMPEL 90
CINACALCET (COMO CINACALCET CLORHIDRATO),MIMPEL 60
POLIETILENGLICOL 3350,GLYCOLAX®
NORADRENALINA BITARTRATO BP,NORADRENALINA
PARACETAMOL, PARACETAMOL
LEVETIRACETAM,TAMLET - T           
BENDAMUSTINA CLORHIDRATO,BESUMID 100 MG 
BENDAMUSTINA CLORHIDRATO,BESUMID 100 MG 
CLONIDINA CLORHIDRATO,CLONIDINA SUED 0.2 MG
VER AL DORSO,ALCET
METFORMINA CLORHIDRATO,METFORMINA ALFA 1000 MG
SIMETICONA,FLATI-CONA
LOSARTAN POTASICO,IBERCLOFAM 100
HIDROXICLOROQUINA SULFATO,CORCIREX
HIDROXICLOROQUINA SULFATO,CONCIDOR
SEVELAMER CARBONATO,SEVCAR-800
RIVAROXABAN,XAROBAN®
RIVAROXABAN,XAROBAN®
RIVAROXABAN,XAROBAN®
DORZOLAMIDA + TIMOLOL + BRIMONIDINA TARTRATO,POEN XEGREX 
DORZOLAMIDA + TIMOLOL + BRIMONIDINA TARTRATO,POEN XEGREX
METFORMINA CLORHIDRATO,GLUBETIC® 1000MG
ATORVASTATINA CALCICA TRIHIDRATO + AMLODIPINA BESILATO,ATORVASTIN PLUS  40/5
VER AL DORSO,ATORVASTIN PLUS 40/5
VER AL DORSO,PAINMAX C-PLUS
VER AL DORSO,PAINMAX C
ONDANSETRON,ONDANSETRON
FELODIPINO,PLENDIL
FELODIPINO,PLENDIL
ETORICOXIB,ANEXIA
ETORICOXIB,ANEXIA
CLORHIDRATO DE NAFAZOLINA,NAZIL ADVANCED
PEMETREXED,PRAXED®  
VER AL DORSO,SULARTAN A 32/10
DEFLAZACORT,AVALOR 
NITROFURAZONA,NITROFURAZONA
CABAZITAXEL,CECALTER TUTEUR
GEMCITABINA,GEBINA®
CELECOXIB,GESIX
VACUNA CONTRA LA POLIOMIELITIS (INACTIVADA),IMOVAX POLIO
VACUNA CONTRA LA POLIOMIELITIS (INACTIVADA),IMOVAX POLIO
LIMECICLINA,EFICICLINA®
LIMECICLINA,EFICICLINA®
NEBIVOLOL HCL,NEBIVOLOL 2.5 MG
NEBIVOLOL HCL,NEBIVOLOL 2.5 MG
CANDESARTAN CILEXETIL + HIDROCLOROTIAZIDA,CARDIRIT-H 32/25
FUMARATO DE SIPONIMOD,MAYZENT 0.25 MG
FUMARATO DE SIPONIMOD,MAYZENT 0.25 MG
NEBIVOLOL HCL,NEBIPRES 2.5
NEBIVOLOL HCL,NEBIPRES 2.5
CICLOFOSFAMIDA,ENDOXAN  
ALBENDAZOL / QUINFAMIDA,AMEBAX PLUS
AMITRIPTILINA,AMITRIPTILINA 25 MG
MIRABEGRON,URGISTAT
SALBUTAMOL SULFATO,SALBUTAMOL 100 MCG 
IVACAFTOR,IVACAR GADOR
IVACAFTOR,IVACAR GADOR
CICLOFOSFAMIDA ,CICLOFOSFAMIDA MICROSULES 200MG 
DEXKETOPROFENO,DEXTROCOL 25
PAZOPANIB,AZOPANIM 400MG
PAZOPANIB,AZOPANIM 200mg
VER AL DORSO,CARDIRIT-AH 32/10/12.5
CLOPIDOGREL,CORAXAN 75
DEXTROMETOFAN BROMHIDRATO / AMBROXOL CLORHIDRATO,SUTOX M
DEXTROMETORFAN BROMHIDRATO / AMBROXOL CLORHIDRATO,SUTOX M
SACARATO DE OXIDO FERRICO,FERROPURUM
SACARATO DE HIDROXIDO FERRICO.,FERROPURUM
PERMETRINA,HEXAMIN
FUMARATO DE SIPONIMOD,MAYZENT 2 MG
FUMARATO DE SIPONIMOD,MAYZENT 2 MG
TALAZOPARIB,TALZENNA 1MG CAPSULAS DURAS
TALAZOPARIB,TALZENNA 1MG
DUTASTERIDA/TAMSULOSINA,DUTAMSUVITAE
OCRELIZUMAB,OCREVUS
CEFTRIAXONA SÓDICA,CEFTRIAXONA SÓDICA 
TALAZOPARIB,TALZENNA 0.25 MG CAPSULAS DURAS
TALAZOPARIB,TALZENNA 0.25 MG
DAROLUTAMIDA,NUBEQA® 
SOMATROPINA (H01AC01),NORDITROPIN FLEXPRO 10 MG / 1.5 ML
SOMATROPINA,NORDITROPIN FLEXPRO 10 MG / 1.5 ML
VER AL DORSO,GINECLOR
VER AL DORSO,GINECLOR
IBUPROFENO,IBUPROFENO B. BRAUN 600 MG
CLORHIDRATO TIROFIBAN MONOHIDRATO, AGRASTAT
IRBESARTAN / HIDROCLOROTIAZIDA,PANAPRES H 150 / 12.5
TERIPARATIDA,TERIPARATIDA
INFLIXIMAB,IXIFI 100MG POLVO LIOFILIZADO PARA INYECCIÓN
INFLIXIMAB,IXIFI 100 MG 
BISOPROLOL FUMARATO,BISOPROLOL 10 MG PARABIEN
BISOPROLOL FUMARATO,BISOPROLOL 10 MG PARABIEN
BISOPROLOL,BISOPROLOL 5 MG PARABIEN
AMLODIPINA,AMLODIPINA 5 mg PARABIEN
AMLODIPINA,AMLODIPINA 10 MG PARABIEN
LISINOPRIL DIHIDRATO,LISINOPRIL 20 MG PARABIEN
LISINOPRIL DIHIDRATO,LISINOPRIL 20 MG PARABIEN
ROSUVASTATINA,ROSUVASTATINA 10 MG PARABIEN
ROSUVASTATINA,ROSUVASTATINA 20 mg PARABIEN
ROSUVASTATINA,ROSUVASTATINA 20 MG PARABIEN
CETIRIZINA HCL,CETIRIZINA 10 MG PARABIEN
LOSARTAN,LOSARTAN 50 mg PARABIEN
LOSARTAN,LOSARTAN 50 MG PARABIEN
LISINOPRIL DIHIDRATO,LISINOPRIL 10 MG PARABIEN
LISINOPRIL DIHIDRATO,LISINOPRIL 10 MG PARABIEN
ESPIRONOLACTONA,VIVITAR
BETAMETASONA SODIO FOSFATO.,BETAMETASONA
BETAMETASONA SODIO FOSFATO.,BETAMETASONA.
CANDESARTAN CILEXETIL,CANDESARTAN CILEXETIL 8 mg PARABIEN
CANDESARTAN CILEXETIL,CANDESARTAN CILEXETIL 8 MG PARABIEN
CANDESARTAN CILEXETIL,CANDESARTAN CILEXETIL 16 MG PARABIEN
CANDESARTAN CILEXETIL,CANDESARTAN CILEXETIL 32 mg PARABIEN
CANDESARTAN CILEXETIL,CANDESARTAN CILEXETIL 32 MG PARABIEN
CANDESARTAN CILEXETIL,CANDESARTAN CILEXETIL 32 MG PARABIEN
LEVETIRACETAM,LEVECOM 500
AMBRISENTAN,INSAGOT 10
AMBRISENTAN,INSAGOT 10
PAROXETINA.,PAXIL
PAROXETINA.,PAXIL
PERMETRINA,DUALTRINA
PERMETRINA,DUALTRINA
PERMETRINA,DUALTRINA
VER AL DORSO,REUMOGAST
PERTUZUMAB / TRASTUZUMAB,PHESGO
COLECALCIFEROL,DIGLET
COLECALCIFEROL,DIGLET 
AMBRISENTÁN,INSAGOT 5
OLMESARTAN MEDOXOMIL,STAROLMI 40
CICLOFOSFAMIDA,CICLOFOSFAMIDA MICROSULES 1G
IRBESARTAN,PANAPRES 150
IRBESARTAN,PANAPRES 300
ENALAPRIL,ENALAPRIL 10 MG PARABIEN
ÁCIDO TIÓCTICO,TINACTOL ® 
VER AL DORSO,CIPROFLOXACINA 500 MG
PARACETAMOL (DCI),PARANOR NORMON 10 MG/ML 
OLMESARTAN MEDOXOMIL,STAROLMI 20
FUROSEMIDA,FUROSEMIDA 40 MG PARABIEN
ENALAPRIL,ENALAPRIL 20 MG PARABIEN
LORATADINA,LORATADINA 10 mg PARABIEN
LORATADINA,LORATADINA 10 MG PARABIEN
CARVEDILOL,CARVEDILOL 6.25 MG PARABIEN
CARVEDILOL,CARVEDILOL 12.5 MG PARABIEN
CARVEDILOL,CARVEDILOL 25 MG PARABIEN
HIDROCLOROTIAZIDA,HIDROCLOROTIAZIDA 25 MG PARABIEN
METFORMINA,METFOCOL 1000
RAMIPRIL,RAMIPRIL 5 mg PARABIEN
RAMIPRIL,RAMIPRIL 5 MG PARABIEN
ESPIRONOLACTONA,ESPIRONOLACTONA 25 MG PARABIEN
OFATUMUMAB (OMB157),KESIMPTA
TELMISARTAN,RENANGIO 40
VER AL DORSO,TIMOGLOBULINA 
ATENOLOL,ATENOLOL 100 MG PARABIEN
ATENOLOL,ATENOLOL 50 MG PARABIEN
ATORVASTATINA + PERINDOPRIL ARGININA + AMLODIPINA,TRIVERAM
VER AL DORSO,TRIVERAM
AMBROXOL CLORHIDRATO,PROMIXOL 
IRBESARTAN,IRBESARTAN 150 MG PARABIEN
IRBESARTAN,IRBESARTAN 300 MG PARABIEN
IRBESARTAN,IRBESARTAN 300 MG PARABIEN
PERTUZUMAB / TRASTUZUMAB,PHESGO
PERTUZUMAB / TRASTUZUMAB,PHESGO
METFORMINA,METFORMINA 500 MG PARABIEN
METFORMINA,METFORMINA 500 MG PARABIEN
MELOXICAM,MELOXICAM 15 MG PARABIEN
MELOXICAM,MELOXICAM 15 MG PARABIEN
VALSARTAN,VALSARTAN 160 mg PARABIEN
VALSARTAN,VALSARTAN 320 MG PARABIEN
VER AL DORSO,NALONIL
ESPIRONOLACTONA,ESPIRONOLACTONA 100 MG PARABIEN
MONTELUKAST SODICO,MONTELUKAST MAMEY® 4 MG
MONTELUKAST SODICO,MONTELUKAST LAM 4 MG
MONTELUKAST SODICO,ASMAX® 4 
VER AL DORSO,CIPROFLOXACINA 750 MG
BISOPROLOL FUMARATO,BISOPROLOL FELTREX
VER AL DORSO,BERIFEN 75 IM
PROGESTERONA MICRONIZADA,EUROPROGEST
INFLIXIMAB,REMSIMA
AZITROMICINA (COMO DIHIDRATO),ARZOMICIN 500
LEVETIRACETAM,LEVECOM 1000
ACIDO ASCORBICO,VITAMINA C (ACIDO ASCORBICO)
ACIDO ASCORBICO (VITAMINA C),C-ZEST 
MOXIFLOXACINA HCL,MOXIFLOXACINA LAM® 400 MG
LEVOTIROXINA SODICA,TIGOFAR 88
CEFAZOLINA,CEFAZOLINA
INSULINA GLARGINA,BASAGLAR KWIKPEN
INSULINA GLARGINA,BASAGLAR KWIKPEN
LORATADINA,LORATADINA SUED 10 MG
DARBEPOETINA ALFA,DARBEREL
DARBEPOETINA ALFA,DARBEREL 60 MCG
DARBEPOETINA ALFA,DARBEREL
DARBEPOETINA ALFA,DARBEREL 40 MCG
DARBEPOETINA ALFA,DARBEREL 25 MCG
DARBEPOETINA ALFA,DARBEREL 25 MCG
NIMODIPINA / CITICOLINA SÓDICA,NEUROCOL® PLUS 30/100
BENRALIZUMAB,FASENRA
BENRALIZUMAB,FASENRA
ACETATO DE LEUPROLIDA,LUPENOX
PEGFILGRASTIM,ZIEXTENZO
PEGFILGRASTIM,ZIEXTENZO
CITICOLINA SODICA,CICOLINA
TICAGRELOR,SUPAGREL
ALCAFTADINA,LASTACAFT
PIRFENIDONA,MISOFAGAN 267
BOSENTÁN,BUNTREXIL 125
MOXIFLOXACINA HCL,MOXIFLOXACINA MAMEY® 400 MG 
BOSENTÁN,"BUNTREXIL 62,5"
METRONIDAZOL BASE: 500 MG / TABLETA,METRONAL  500 MG
ACETATO DE ABIRATERONA,TYGARONA
NEBIVOLOL HCL,PRESOCOR® 10
METFORMINA CLORHIDRATO,METFORMINA CLORHIDRATO CALOX
DUPILUMAD,DUPIXENT
LEVETIRACETAM,LEVETIRACETAM 500 MG MK
ETORICOXIB,ETOXIA 60
ETORICOXIB,ETOXIA 60
FUMARATO DE QUETIAPINA,SERENIL XR 200
CELECOXIB,CELEBRA 200MG CAPSULAS
CELECOXIB,CELEBRA 200MG CAPSULAS
CELECOXIB,CELEBRA 200MG CAPSULAS
CELECOXIB,CELEBRA 200MG
FUMARATO DE QUETIAPINA,SERENIL XR 300
AMOXICILINA + ÁCIDO CLAVULÁNICO,LAPRIMOX CLAV
ETORICOXIB,ANEXIA 90 MG
ETORICOXIB,ANEXIA 120MG
FUMARATO DE QUETIAPINA,SERENIL XR 400
SOLUCIÓN ALQUITRÁN MINERAL DE HULLA,LENOY SHAMPOO MEDICADO
CARBAMAZEPINA,CARBADEN XR® 200
CARBAMAZEPINA,CARBADEN XR® 200 
CLORHIDRATO DE HIDROXICINA,AVTORIYA
NAPROXENO SODICO,NAPROXENO LAM® 550 MG
NAPROXENO SODICO,NAPROXENO MAMEY® 550 MG
ACICLOVIR,ACICLOVIR 400 MG PARABIEN
ACICLOVIR,ACICLOVIR 800 MG PARABIEN
METFORMINA,METFORMINA 850 MG PARABIEN
FENTANILO CITRATO,FENTANILO VIJOSA
PREGABALINA,REGABAR 150 MG
PREGABALINA,PREGABALINA 150MG ALFA
PREGABALINA,PREAXON 75 MG 
ADALIMUMAB, KASMIRA-40
TELMISARTAN,RENANGIO 80
AMPICILINA BASE + SULBACTAM BASE,SULPITAM
VER AL DORSO,MARJESTIN 
CELECOXIB,VALDYNE 200MG CAPSULAS
CELECOXIB,VALDYNE 200MG CAPSULAS
CELECOXIB,VALDYNE 200 MG CAPSULAS
CELECOXIB,VALDYNE 200MG
ACETAMINOFEN USP,ACETAMINOFEN 
CLOPIDOGREL BISULFATO,PLATEMAX
ESCITALOPRAM,TACILOPRAM 10
VER AL DORSO,ACEMAGNIL
VER AL DORSO,TRINGENEXT
CLOTRIMAZOL+ GENTAMICINA + BETAMETASONA,TRINGENEXT 
CIPROFLOXACINA CLORHIDRATO,CIPROFLOXACINA
ERTAPENEM SODICO,ARTIPEN 1 G
VER AL DORSO,OMEPRAZOL (DE LIBERACIÓN RETARDADA)
SIMETICONA,FLATI-CONA
HIDROSMINA,FLUVENIL
ACETILCISTEINA,CYSTENIL 600 MG / 3 G 
DICLOFENAC SODICO & PARACETAMOL,DICLOPARA-BALAXI
PARACETAMOL,BALAXI NANMOL 500 MG
PIRACETAM,PICETIL 800
ALBENDAZOL,ZENTEL
PREGNISOLONA (COMO FOSFATO SODICO),LEXIDROL
VER AL DORSO,FHISFLUNAL
BROMURO DE IPRATROPIO,PROTAISOL
BESILATO DE AMLODIPINO,NORVASC 10MG TABLETAS
BESILATO DE AMLODIPINO,NORVASC 10 MG TABLETAS
BESILATO DE AMLODIPINO,NORVASC
KETOROLACO TROMETAMINA,DOLKETOL-SL
LEVOTIROXINA SÓDICA BP,TIROSPEY 
LEVOTIROXINA SÓDICA BP,TIROSPEY 
PANTOPRAZOL SÓDICO USP,PANTOSPEY.
AMOXICILINA TRIHIDRATO + ACIDO CLAVULANICO,MOXIL AJT DUO FORTE
MICONAZOL NITRATO,MICONAZOL NITRATO
QUETIAPINA FUMARATO,QUETIARA® XR 50
NALTREXONA CLORHIDRATO + BUPROPION CLORHIDRATO,GUTIS NUBELT 
FOSFOMICINA TROMETAMOL,UROPRIN
BESILATO DE AMLODIPINO,NORVASC 5MG TABLETAS
BESILATO DE AMLODIPINO,NORVASC 5 MG TABLETAS
BESILATO DE AMLODIPINO,NORVASC
ACETATO DE LEUPROLIDA,LUPENOX
ACETATO DE LEUPROLIDA,LUPENOX
LEVETIRACETAM,OCANZA 500
METRONIDAZOL USP,METRONIDAZOL 
METFORMINA CLORHIDRATO,METFORMINA CALOX
ESCITALOPRAM OXALATO,FELICITAT 20
VER AL DORSO,TISSEEL LYO
L-MENTOL + ALCANFOR + SALICILATO DE METILO,COFAL ORIGINAL
L-MENTOL + ALCANFOR + SALICILATO DE METILO,COFAL ORIGINAL
VER AL DORSO,COFAL FUERTE
CITICOLINA SODICA,CONIL
PARACETAMOL BP + DICLOFENACO SODICO BP,PARDIFEN 
VER AL DORSO,INSAL - B
METFORMINA CLORHIDRATO,GLUBETIC 500MG 
DOXOFILINA,AXOFIN
TOFACITINIB,TERFANIB TUTEUR
FILGRASTIM,ZARZIO
FILGRASTIM,ZARZIO
VER AL DORSO,GLAUCOTENSIL T
DORZOLAMIDA (COMO CLORHIDRATO),GLAUCOTENSIL D
PREGABALINA,REGABAR 25 mg
PREGABALINA,PREGABALINA ALFA 25 mg
NAPROXENO SÓDICO,EUROFARMA PRONOL
VER AL DORSO,AZITRONEXT
PREGABALINA,PREGABALINA ALFA 75 MG
ÁCIDO TRANEXÁMICO,FLUXAL 250
CLOFARABINA,RELUKA
SITAGLIPTINA FOSFATO MONOHIDRATO,SITAGLIPTINA CALOX
METFORMINA CLORHIDRATO,MOTYRON 
METFORMINA CLORHIDRATO,METFORMINA ALFA 500 MG
TIOCOLCHICOSIDO + DICLOFENACO POTASICO,CONRELAX PLUS SHOT
AMBROXOL CLORHIDRATO,MUCOXOL
VER AL DORSO,RESFRIDOL PLUS
ARIPIPRAZOL,ABUTRAL 15
VER AL DORSO,FLU­-M® [VACUNA ANTIGRIPAL (VER AL DORSO)
VALERATO DE ESTRADIOL,PROGYNOVA® 
ACEBROFILINA,FLUMUCOL
LURASIDONA CLORHIDRATO,LURALEP 40 
LURASIDONA CLORHIDRATO,LURALEP 40
CLORHIDRATO DE MOXIFLOXACINA,VIGAMOX 0.5%
MOMETASONA FUROATO,NALOSAR
MULTICOMPOSICIÓN,FIXAMICIN DOL
MULTICOMPOSICIÓN,FIXAMICIN DOL
KETOROLACO TROMETAMINA,KETOROLACO TROMETAMINA VIJOSA
KETOROLACO TROMETAMINA,KETOFORTE® 60
KETOROLACO TROMETAMINA,KETOFORTE® 60
KETOROLACO TROMETAMINA USP,KATEGOR
OSELTAMIVIR FOSFATO EQUIVALENTE A OSELTAMIVIR,IMEPEL 75 MG
KETOROLACO TROMETAMINA USP,KATEGOR
CEFALEXINA,CEFALEXINA 
"ACETAMINOFEN, FENILEFRINA HCL",ACETAMINOFEN 500 MG + FENILEFRINA 5MG ALFA 
PREGABALINA + METILCOBALAMINA,NOTRACOLIN-M
PREGABALINA + METILCOBALAMINA,NOTRACOLIN-M
VER AL DORSO,SAL ANDREWS NARANJA
VER AL DORSO,SAL ANDREWS NARANJA
VALERATO DE ESTRADIOL,PROGYNOVA®
PALBOCICLIB,IBRANCE 75MG TABLETAS RECUBIERTAS
PALBOCICLIB,IBRANCE 75MG TABLETAS RECUBIERTAS
LEVOFLOXACINA HEMIHIDRATO,LEVOSPEY
VER AL DORSO,TRANIX CYMACLA 50
VER AL DORSO,METRONAL 125MG/5ML
VER AL DORSO,CAPSARTAN -A 32 /10 MG 
CLINDAMICINA + CLOTRIMAZOL BP,GINOKEND
ACETILCISTEÍNA,GUTIS DISOLFLEM 100
ACETILCISTEÍNA,GUTIS DISOLFLEM 100
ACETILCISTEÍNA,GUTIS DISOLFLEM 200
ACETILCISTEÍNA,GUTIS DISOLFLEM 200
ACETILCISTEÍNA,GUTIS DISOLFLEM 600
ACETILCISTEÍNA,GUTIS DISOLFLEM 600
CITARABINA,CYTOSAR 100MG ( VER AL DORSO)
CITARABINA,CYTOSAR 100 MG POLVO.....(VER AL DORSO)
TACROLIMUS,TACROLIMUS
VERICIGUAT,VERQUVO®
VERICIGUAT,VERQUVO® 
VERICIGUAT,VERQUVO® 
CITARABINA,CYTOSAR 500 MG POLVO LIOFILIZADO PARA SOLUCIÓN PARA INYECCIÓN
CITARABINA,CYTOSAR 500 MG POLVO.....(VER AL DORSO)
IVACAFTOR,IVADECO
IVACAFTOR,IVADECO
TACROLIMUS,TACROLIMUS
TACROLIMUS,TACROLIMUS
TOLVAPTAN,TOLKISTAN
TOLVAPTAN,TOLKISTAN
PREGABALINA,NERVOFIX 150
PREGABALINA,REGABAR® 300 MG
PREGABALINA,PREGABALINA ALFA 300 MG
ADALIMUMAB,CINNORA
ADALIMUMAB,CINNORA
PALBOCICLIB,IBRANCE 100MG TABLETAS RECUBIERTAS
PALBOCICLIB,IBRANCE 100 MG TABLETAS RECUBIERTAS
PALBOCICLIB,IBRANCE 125MG TABLETAS RECUBIERTAS
PALBOCICLIB,IBRANCE 125 MG TABLETAS RECUBIERTAS
CLORHIDRATO DE PALONOSETRÓN,PALOHALT
BORTEZOMIB,MIBZO BORTEZOMIB
LURASIDONA CLORHIDRATO,LURALEP 80
LURASIDONA CLORHIDRATO,LURALEP 80
Ácido acetilsalicílico BP + Hidróxido de magnesio BP,ACEMAGNIL
VER AL DORSO,TRANIX CYMACLA 100
VER AL DORSO,CANDESARTAN CILEXETIL 32 MG + AMLODIPINA 10 MG ALFA 
QUETIAPINA FUMARATO,QUETIARA® XR 300
CILOSTAZOL,CILOTEX®  50
RITUXIMAB,BAMIX 500mg / 50mL
RITUXIMAB,BAMIX 500 mg / 50 mL
VER AL DORSO,PARDIFEN ACTIVE 
RITUXIMAB,BAMIX 100 mg / 10 mL
RITUXIMAB,BAMIX 100 mg / 10 mL
MOROCTOCOG ALFA (AFCC),XYNTHA 1000 UI POLVO LIOFILIZADO (VER AL DORSO)
OXIMETAZOLINA,AFRIN NO DRIP
OXIMETAZOLINA,AFRIN NO DRIP
BISOPROLOL FUMARATO,COLBER 
BISOPROLOL FUMARATO,COLBER
TADALAFIL + DAPOXETINA CLORHIDRATO,SUSTINEX PLUS
PROPINOX CLORHIDRATO,ESPASMO DOLOFOR
PROPINOX CLORHIDRATO,ESPASMO DOLOFOR
RIVAROXABAN,RESVAG
SIMETICONA,SIMETICONA MAMEY® 200 MG 
LEVOCETIRIZINA 2HCL,OPICURE
CEFIXIMA TRIHIDRATO,CEFIBIOTIC® 100
ACETATO DE MEDROXIPROGESTERONA,GYTROGEN® DEPOT 
ACETATO DE MEDROXIPROGESTERONA,GYTROGEN® DEPOT
VER AL DORSO,ALMAVIX
LEVOSULPIRIDA,SETINE
LEVOSULPIRIDA,SETINE
AMBROXOL HCI,NEUMOXOL  
CLORHIDRATO DE OXIMETAZOLINA,AFRIN LUB
CLOTRIMAZOL,CLOTRIMAZOL
CLOTRIMAZOL,COTRINEXT  
CLORHIDRATO DE MOXIFLOXACINO,AVELOX®
CLORHIDRATO DE MOXIFLOXACINO,AVELOX® 
CLORHIDRATO DE CIPROFLOXACINO,CIPROXINA® 
CLORHIDRATO DE CIPROFLOXACINO,CIPROXINA® 
QUETIAPINA,QUETIAPINA ETHICAL
ELTROMBOPAG,ELOPAG TUTEUR
NISTATINA,NISTATINA
BRIMONIDINA TARTRATO,BRIMOPRESS
ROSUVASTATINA,ROSUVASTATINA 20 MG
HEPARINA SODICA,FRANUXIPARIM
SEVELAMER CARBONATO,SEVCAR-400
METRONIDAZOL,METRONIDAZOL
DOXAZOSINA,CARDURA 2MG TABLETAS
DOXAZOSINA,CARDURA 2 MG
PARACETAMOL,PARACETAMOL
CIPROFIBRATO,ORAXU
ACICLOVIR SÓDICO,ACICLOVIR PARA INYECCIÓN USP
DEXLANSOPRAZOL (ANHIDRO),TOGREL 30 DR
DEXLANSOPRAZOL (ANHIDRO),TOGREL 30 
ACETATO DE PREDNISOLONA,PREDNEFRIN FORTE 1%
MACITENTAN,MACINTA 
CARBONATO DE LITIO,KALITIUM
CIPROFLOXACINA CLORHIDRATO,CIPROFLOXACINA
LINEZOLID,LINEZOLID
DEXLANSOPRAZOL (ANHIDRO),DEXLANZOPRAL 60 DR
DEXLANSOPRAZOL (ANHIDRO),DEXLANZOPRAL 60 
DEXLANSOPRAZOL (ANHIDRO),DEXLANZOPRAL 30 DR 
DEXLANSOPRAZOL (ANHIDRO),DEXLANZOPRAL 30
CEFEPIME CLORHIDRATO,CEFEPIME CLORHIDRATO
DEXLANSOPRAZOL (ANHIDRO),TOGREL  60 
PREGABALINA,NERVOFIX 75
VER AL DORSO,GASTROFAST ADVANCE
ROSUVASTATINA CÁLCICA,EUROFARMA RUSTATINA
RITUXIMAB,REDDITUX
RITUXIMAB,REDDITUX 
RITUXIMAB,REDDITUX
RITUXIMAB,REDDITUX
CITRATO DE CAFEINA,ANKH & RODERICK CAFEIN
CARBONATO DE CALCIO,TUMS EX EXTRA FUERTE SABORES SURTIDOS
BETAHISTINA DICLORHIDRATO,BETAHISTINA 24 MG MK
IRBERSARTAN + AMLODIPINO BESILATO,IRBESARTÁN + AMLODIPINO 150 MG + 5 MG MK
IRBERSARTAN + AMLODIPINO BESILATO,IRBESARTÁN + AMLODIPINO 300MG + 5MG MK
LEVETIRACETAM,EPILETUM
VER AL DORSO,NEOGENCLO
VER AL DORSO,AMPICILINA SODICA
ESPORAS DE BACILLUS CLAUSII UBBC-07,VIPLACTIN-S
VER AL DORSO,SPEYSTON
NORADRENALINA BITARTRATO,NORADRENALINA BITARTRATO
UPADACITINIB,RINVOQ
ROSUVASTATINA CÁLCICA,EUROFARMA RUSTATINA 10 mg
CLONAZEPAM,ANSIOCOL 0.5
CLONAZEPAM,ANSIOCOL 1
AXITINIB,ILNIDER
BISOPROLOL FUMARATO,BLOCARDIL 2.5
BISOPROLOL FUMARATO,BLOCARDIL 5
BISOPROLOL FUMARATO + AMLODIPINA BESILATO,BLOCARDIL A 5/5
VER AL DORSO,METRONAL 250MG/5ML
DEXKETOPROFENO COMO TROMETAMOL,DEXKETOPROFENO 25
CEFIXIMA,CEFIBIOTIC®  400
GLUCOSAMINA SULFATO + CONDROITIN SULFATO SÓDICO,VARTALON DUO
IRBESARTAN,ARAMAX 150 
CANDESARTAN CILEXETIL,CANDAX® 32
CANDESARTÁN CILEXETIL,CANDAX® 32
CANDESARTAN CILEXETIL,CANDAX® 16
CANDESARTÁN CILEXETIL,CANDAX® 16
CANDESARTAN CILEXETIL,CANDAX® 8
CANDESARTAN CILEXETIL,CANDAX® 8 
BISOPROLOL HEMIFUMARATO,BISOPRES®  10
BISOPROLOL HEMIFUMARATO,BISOPRES®  10
BISOPROLOL HEMIFUMARATO,BISOPRES®  2.5 
BISOPROLOL HEMIFUMARATO,BISOPRES®  2.5
IRBESARTAN,ARAMAX 300
BICALUTAMIDA,PROSTACLEAN
ARIPIPRAZOL,PEZIL 1
IMATINIB MESILATO,IMACORD 400
PARACETAMOL,BALAXI NANMOL 300 MG
FACTOR X DE COAGULACIÓN HUMANA,COAGADEX
FACTOR X DE COAGULACIÓN HUMANA,COAGADEX
IMATINIB MESILATO,IMACORD 100
HIDROXIDO DE ALUMINIO/ TRISILICATO DE MAGNESIO,APPYACID
PARACETAMOL,MENCETAMOL® 500 mg 
LEVOSULPIRIDA,DISLEP 25
MELOXICAM + PRIDINOL,HEXALGIA-R
VER AL DORSO,CITRATO DE CAFEINA 2%
ANFOTERICINA B LIPOSOMAL,AMPHONEX
VER AL DORSO,APPYACID
CETIRIZINA DICLORHIDRATO + FENILEFRINA CLORHIDRATO,INTERANT D
CANDESARTAN,TENSOCAND®
CANDESARTAN + HIDROCLOROTIAZIDA,TENSOCAND®H 
CANDESARTAN + HIDROCLOROTIAZIDA,TENSOCAND® H
INSULINA HUMANA BIFÁSICA,GENSULIN M30 (30/70)
IRBESARTAN,IRBESARTAN 300 MG 
ÁCIDO BÓRICO + ALUMBRE DE POTASIO,BORASOL
INSULINA HUMANA ISOFANA,GENSULIN  N
INSULINA HUMANA SOLUBLE,GENSULIN R
VER AL DORSO,DESVE 50 MG
VANCOMICINA (VANCOMICINA HIDROCLORURO)1 (D.C.I.),VANCONOR 500 MG (VER AL DORSO)
AMBRISENTAN,BRYSENTIS TUTEUR
AMBRISENTAN,BRYSENTIS TUTEUR
IRBESARTAN + HIDROCLOROTIAZIDA,ARAMAX D 150/12.5
IRBESARTAN + HIDROCLOROTIAZIDA,ARAMAX D 300/12.5
VER AL DORSO,ARAMAX PLUS 150/5
VER AL DORSO,ARAMAX PLUS 300/10
TIOCOLCHICÓSIDO,GOIXE
VER AL DORSO,CEFADROXILO 
VER AL DORSO,SALES DE REHIDRATACION ORAL
EMPAGLIFLOZINA / CLORHIDRATO DE METFORMINA,JARDIANZ ® DUO 5 MG/850 MG.
IRBESARTAN,IRBESARTAN 150 MG 
VER AL DORSO,TRAVAD PIK
AMBRISENTAN,BRYSENTIS TUTEUR
AMBRISENTAN,BRYSENTIS TUTEUR
BIFONAZOL,FLUCODERM 1%
FINGOLIMOD,FINGOLIMOD
NINTEDANIB,OFEV® 100 MG.
NINTEDANIB,OFEV 100 MG
NINTEDANIB,OFEV 150 MG
IBRUTINIB,BRUTIB 140 MG 
VORICONAZOL (D.C.I.).,VORINOR NORMON
IRBESARTAN + HIDROCLOROTIAZIDA,ARAMAX D 300/25
MULTICOMPOSICION,ELECTROLITOS MULTIPLES
LEVOFLOXACINO HEMIHIDRATO,LEVOFLOXACINO
ACETILCISTEINA,MAZENIL 600
GLICEROFOSFATO DE SODIO 5H2O,GLYCOPHOS
ACETAMINOFÉN +NAPROXENO +CAFEÍNA ANHIDRA,X RAY.
NEPAFENACO,NEVANAC
VER AL DORSO,GLIVEC 400 MG
MESILATO IMATINIB,GLIVEC 400 MG
VER AL DORSO,ARAMAX PLUS D 150/5/12.5
VER AL DORSO,VEGADERM 
ANFOTERICINA B LIPOSOMAL,AMBISOME®
ANFOTERICINA B,AMBISOME®
IRBESARTAN + HIDROCLOROTIAZIDA,IRBESARTAN 300 MG / HIDROCLOROTIAZIDA 12.5 MG
LETERMOVIR,PREVYMIS
VER AL DORSO,ARAMAX PLUS D 300/10/25
OLANZAPINA,ZYPREXA
OLANZAPINA,ZYPREXA
TELMISARTÁN,SIPROTEC
TELMISARTÁN + HIDROCLOROTIAZIDA,SIPROTEC PLUS
DICLOFENAC SODICO,VOLTEXAN®  50MG
DICLOFENAC POTASICO,VOLTEXAN® -K 100 MG
ROSUVASTATINA CÁLCICA,ROXUPIL® 20
ROSUVASTATINA CÁLCICA,ROXUPIL® 20
ROSUVASTATINA CALCICA,ROXUPIL® 40 
ROSUVASTATINA CALCICA,ROXUPIL® 40 
DOXOFILINA,AXOFIN
CETIRIZINA DICLORHIDRATO,CETIRIZINA ALFA 
COLCHICINA,COLCHICINA ALFA 1 mg
"ADAPALENO, PEROXIDO DE BENZOILO",EPIDUO FORTE
IRBESARTAN + HIDROCLOROTIAZIDA,IRBESARTAN 150 MG / HIDROCLOROTIAZIDA 12.5 MG
VER AL DORSO,BROMURO DE IPRATROPIO + SALBUTAMOL
NITROFURAZONA,NITROFURAZONA
FEBUXOSTAT,GOTURIC
DARIFENACINA,EMSELEX
CANDESARTAN,CANDESARTAN
NAPROXENO SÓDICO,EUROFARMA PRONOL 
NAPROXENO SÓDICO,EUROFARMA PRONOL® FEM
BISOPROLOL HEMIFUMARATO/ HIDROCLOROTIAZIDA,BISOPRES® H 5/6.25 
BISOPROLOL HEMIFUMARATO/ HIDROCLOROTIAZIDA,BISOPRES® H 5/6.25
BISOPROLOL HEMIFUMARATO + AMLODIPINA BESILATO,BISOPRES® A 5/10
BISOPROLOL HEMIFUMARATO + AMLODIPINA BESILATO,BISOPRES® A 5/10
VANCOMICINA (VANCOMICINA HIDROCLORURO) (D.C.I.),VANCONOR 1000 MG POLVO PARA.......(VER AL DORSO)
BISOPROLOL HEMIFUMARATO/ HIDROCLOROTIAZIDA,BISOPRES® H 10/25
VER AL DORSO,BISOPRES® H 10/25
INCLISIRÁN SODICO,SYBRAVA
DICLOFENAC SODICO,VOLTEXAN® 75 MG / 3 ML 
CANDESARTÁN CILEXETIL + HIDROCLOROTIAZIDA,CANDAX® H 32/25
CANDESARTÁN CILEXETIL + HIDROCLOROTIAZIDA,CANDAX® H 32/25
VER AL DORSO,ACIDO ASCORBICO INYECCION BP
DEFLAZACORT,FLEZACOR
AZITROMICINA,AZICURE
CLORURO DE SODIO,CLORURO DE SODIO
RUPATADINA (COMO FUMARATO),MEGATADINA
DICLOFENACO SODICO,VALGIA D-XR 
ROSUVASTATINA CÁLCICA,ROXUPIL® 10
ROSUVASTATINA CÁLCICA,ROXUPIL® 10
IRBESARTAN + HIDROCLOROTIAZIDA,IRBESARTAN 300 MG / HIDROCLOROTIAZIDA 25 MG
CITRATO DE CAFEÍNA (EQUIVALENTE A CAFEÍNA BASE),ACROCAF 
DORNASA ALFA,PULMOZYME
CLORHIDRATO DE BUPROPION,BUP XL 300 MG
ABROCITINIB,CIBINQO
ABROCITINIB,CIBINQO
CLORHIDRATO DE BUPROPION,BUP XL 150 MG
CLORHIDRATO DE BUPROPION,CLORHIDRATO DE BUPROPION XL 150 MG
DARATUMUMAB,DARZALEX FASPRO
DARATUMUMAB,DARZALEX FASPRO
DIOSMINA + FLAVONOIDES EXPRESADOS EN HESPERIDINA,CUTERAL 1000
ABROCITINIB,CIBINQO 100 MG
CAFEINA CITRATO,NeoCAF
SUNITINIB MALATE,GATREL
VILDAGLIPTINA,VILDAVITAE
CLORHIDRATO DE BUPROPION,CLORHIDRATO DE BUPROPION XL 300 MG
VER AL DORSO,COSDOO FORTE
QUETIAPINA FUMARATO,QUETIARA® XR 200
VER AL DORSO,BENICAR TRIPLE 40 MG / 25 MG / 10 MG
CLORURO DE DECUALINO / HIDROCLORURO DE CINCOCAINA,DECATILENO
TAMSULOSINA CLORHIDRATO Y DUTASTERIDA,TRUVERA MAX
METILCOBALAMINA,VITO MAGNUS
VER AL DORSO,VITAMINAS NEUROTROPAS
IOHEXOL,IOMUS
IOPAMIDOL,FRAIODOL
QUETIAPINA FUMARATO,QUETIARA® XR 150
PEGFILGRASTIM,PEGISTRIM
HIDROXIDO DE MAGNESIO,LECHE DE MAGNESIA PHILLIPS ORIGINAL
CETIRIZINA CLORHIDRATO BP,COLERGIA
HIDROCLORURO DE DONEPEZILO,DONEVITAE
ÁCIDO TRANEXÁMICO,RIXAM 650
HIDROCLORURO DE DONEPEZILO,DONEVITAE
ZANUBRUTINIB,BRUKINSA
ZANUBRUTINIB,BRUKINSA
SUNITINIB MALATE,SUNITINIB
SUNITINIB MALATE,GATREL
ALPRAZOLAM,CAPLAM 
BISOPROLOL HEMIFUMARATO/ HIDROCLOROTIAZIDA,BISOPRES® H 5/12.5
VER AL DORSO,BISOPRES® H 5/12.5
VER AL DORSO,CANDAX® AH  16/5/12.5
VER AL DORSO,CANDAX® AH  16/5/12.5
ACIDO ACETILSALICÍLICO,ASPIREN® 325 MG 
VER AL DORSO,BENICAR TRIPLE 20 MG / 12.5 MG / 5 MG
VER AL DORSO,BENICAR TRIPLE 40 MG / 12.5 MG / 5 MG
CILOSTAZOL,CILOTEX®  100
BINIMETINIB,MEKTOVI 15MG TABLETAS RECUBIERTAS
ENCORAFENIB,BRAFTOVI 75 mg CAPSULAS
ENCORAFENIB,BRAFTOVI 75MG
DEXLANSOPRAZOL,DEXLANSOPRAZOL 60 ROWE
FUMARATO DE FORMOTEROL DIHIDRATADO,FORADIL 
VILDAGLIPTINA,GALVUS
VER AL DORSO,PAGLIXIN 5
AZITROMICINA,"3ZCURE "
PARACETAMOL,CETACURE-750 
PARACETAMOL,CETACURE-500 
PROGESTERONA,PROGEXOL®  100  mg / 2 mL
MELOXICAM,MEGAFLEX
ACIDO MEFENAMICO BP,ACIDO MEFENAMICO 500 MG
ATORVASTATINA + EZETIMIBE,ATROLIP PLUS 
VER AL DORSO,PAGLIXIN 10
TRAMADOL CLORHIDRATO,ULTRACALMANS 50MG
AZITROMICINA DIHIDRATO,BIOEXETRIXX
CEFIXIMA TRIHIDRATO,BIOZAILONEX
VER AL DORSO,HEAT RUB
IBUPROFENO 90% DC (EQUIVALENTE A IBUPROFENO),IBUPROFENO 600 MG 
IBUPROFENO 90% DC (EQUIVALENTE A IBUPROFENO),IBUPROFENO 600 MG
DEFLAZACORT,FLEZACOR
VER AL DORSO,VITAMINA COMPLEJO B 
INSULINA DEGLUDEC,TRESIBA
MEPIVACAÍNA CLORHIDRATO,MEPACAIN NORMON  30 MG/ML 
DICLOFENAC POTASICO,VOLTEXAN®  12.5 MG
ATORVASTATINA CÁLCICA TRIHIDRATO,STATOR 40 MG 
SITAGLIPTINA Y METFORMINA CLORHIDRATO,SITAZIT-M 50 mg / 1000  mg
EZETIMIBA Y SIMVASTATINA,SIMVASEVEN-EZ  10 MG/ 20 MG
IBUPROFENO 90% DC (EQUIVALENTE A IBUPROFENO),IBUPROFENO 800 MG
IBUPROFENO 90% DC MG EQUIVALENTE A IBUPROFENO,IBUPROFENO 800 MG
"COLECALCIFEROL, EQUIVALENTE A VITAMINA D3","DETRES GADOR  100,000 UI"
EVEROLIMUS,XILCATOR
EVEROLIMUS,XILCATOR
EVEROLIMUS,XILCATOR
ÁCIDO IBANDRONICO,CALCIBANDROL®
VER AL DORSO,DICLOFENACO
ESOMEPRAZOL MAGNESIO USP EQUIVALENTE A ESOMEPRAZOL,ESOMEPRAZOL 
CLOPIDOGREL,CLOPIDOGREL
PARACETAMOL+ CAFEINA,PARACETAMOL+ CAFEINA  
VER AL DORSO,SULFADIAZINA DE PLATA Y GLUCONATO DE CLORHEXIDINA 
DAPAGLIFLOZINA,DAPETIN 10 MG 
DAPAGLIFLOZINA,DAPETIN  5 mg
EZETIMIBA Y SIMVASTATINA,SIMVASEVEN -EZ 10 MG/ 10 MG 
LOSARTAN POTASICO,LOSARTAN POTASICO 50 MG
AMLODIPINA + HIDROCLOROTIAZIDA,AMLOPRESS®-H 5/12.5 
IRBESARTAN,SARTACOR® 150
IRBESARTAN + AMLODIPINA,SARTACOR® - A 150/5 
NIFEDIPINA,NIFEDIPINA RETARD SUED 30 MG
ÁCIDO FÓLICO + VITAMINA B12,FOLIER B12
METRONIDAZOL BENZOATO + DIYODOHIDROXIQUINOLEÍNA,METRICOL COMPUESTO 
DEFLAZACORT,DELCORT 6 mg
PREGABALINA & METILCOBALAMINA,NEUROPREBAL M
BISOPROLOL HEMIFUMARATO,BISOPRES®  5 
BISOPROLOL HEMIFUMARATO,BISOPRES® 5
MELOXICAM,VITO MAX
PROPOFOL,TROYPOFOL
ENALAPRIL MALEATO / HIDROCLOROTIAZIDA,ECAPRINIL D
AGUA ESTÉRIL,AGUA ESTERIL PARA INYECCION
NIFEDIPINA,NIFEDIPINA RETARD SUED 20 MG
NIFEDIPINA,NIFEDIPINA RETARD SUED 60 MG
AL DORSO,CARBOXIMETILCISTEINA 50 MG( VER AL DORSO)
PARACETAMOL,MENCETAMOL 1G
CIPROFLOXACINO,CIPROFLOXACINO
ATORVASTATINA CÁLCICA TRIHIDRATO,ATORVASTATINA 20 mg
ATORVASTATINA CÁLCICA TRIHIDRATO,STATOR 20 mg
VER AL DORSO,C-ZEST 
TIROFIBAN,AGGRAVEM
TICAGRELOR,VASOFLAN 
VER AL DORSO,MOXIBACTER DUO
DIMENHIDRINATO,DIMENHIDRINATO NIÑOS
VER AL DORSO,AMBROXOL 15 MG/5 ML AG PHARMA
AMBROXOL CLORHIDRATO EQUIVALENTE A AMBROXOL,AMBROXOL 15 MG/5 ML AG PHARMA 
ANASTROZOL,ANASTRO-SUED
VER AL DORSO,CANDAX® AH  32/10/25
VER AL DORSO,CANDAX® AH  32/10/25
VER AL DORSO,CANDAX® AH  32/10/25
VER AL DORSO,IRBEPRES® A  300/10   
VER AL DORSO,VICOXIL® DUO 15/1500 
PREGABALINA,REGABAR ® 75MG
PANTOPRAZOL,GASTROCURE-40
VER AL DORSO,ARTRAN-DOLO
QUETIAPINA FUMARATO EQUIVALENTE A QUETIAPINA,QUETAPRIL®  100 MG
IRBESARTÁN / HIDROCLOROTIAZIDA,IRBEPRES® H 300/12.5
INMUNOGLOBULINA HUMANA NORMAL,INMUNOGLOBULINA 10%
INMUNOGLOBULINA HUMANA NORMAL,IMMUNOREL
INMUNOGLOBULINA HUMANA NORMAL,IMMUNOREL
SACUBITRILO + VALSARTÁN,TEROVAN
SACUBITRILO + VALSARTÁN,TEROVAN
LISINOPRIL DIHIDRATO / AMLODIPINA BESILATO,TAXIPRE-A 10/5
"AMBROXOL HCL, LORATADINA",NEUMOXOL-L
CEFTRIAXONA SÓDICA,CEFTRIAXONA SÓDICA
CEFTRIAXONA SÓDICA,CEFTRIAXONA SÓDICA
RISPERIDONA,RISPERIDONA  3 
CEFTRIAXONA SODICA EQUIV A CEFTRIAXONA ANHIDROUS,CEFTRIAXONA 
VER AL DORSO,CEFTRIAXONA
CEFAZOLINA SODICA,CEFAZOLINA
CLORHIDRATO DE CEFEPIMA ESTERIL,DENXROBIUM COPEM
CEFAZOLINA SODICA,HERZOLINA 
CEFAZOLINA SODICA,CEFAZOLINA
CEFTRIAXONA SODICA,CEFTRIAXONA
QUETIAPINA FUMARATO EQUIVALENTE A QUETIAPINA BASE,KETIA NIP 25
CLORURO DE SODIO,IONASAL 
VER AL DORSO,VACUNA CONTRA LA INFLUENZA (VER AL DORSO)
MULTICOMPOSICION,VACUNA CONTRA LA INFLUENZA (VER AL DORSO)
MULTICOMPOSICION,VACUNA CONTRA LA INFLUENZA (VER AL DORSO)
TRAMADOL HCL,TRAXIMADOL 50 mg
QUETIAPINA FUMARATO EQUIVALENTE A QUETIAPINA,QUETAPRIL®  25 mg
BISOPROLOL FUMARATO,BISOPROLOL FUMARATO 10 mg
BISOPROLOL FUMARATO,BISOPROLOL FUMARATO 2.5 mg
BISOPROLOL FUMARATO,BISKREM 2.5
VALSARTÁN + AMLODIPINA BESILATO EQUIVALENTE A AMLODIPINA,VALSARTÁN / AMLODIPINA - 170 AG PHARMA
VER AL DORSO,VALSARTÁN / AMLODIPINA - 170 AG PHARMA
BIMATOPROST,BIMAPRES
VER AL DORSO,CANDAX® AH  8/5/12.5
CANDESARTAN CILEXETIL /AMLODIPINA BESILATO,CANDAX A 32/5 
CANDESARTAN CILEXETIL + AMLODIPINA BESILATO,CANDAX® A 32/5
CANDESARTAN CILEXETIL + AMLODIPINA BESILATO,CANDAX® A 32/5
CANDESARTÁN CILEXETIL + HIDROCLOROTIAZIDA,CANDAX® H 16/12.5
CANDESARTÁN CILEXETIL + HIDROCLOROTIAZIDA,CANDAX® H 16/12.5 
CANDESARTÁN CILEXETIL + HIDROCLOROTIAZIDA,CANDAX® H 16/12.5
CANDESARTAN CILEXETIL /AMLODIPINA BESILATO,CANDAX A 8/5 
CANDESARTAN CILEXETIL + AMLODIPINA BESILATO,CANDAX® A 16/5 
CANDESARTAN CILEXETIL + AMLODIPINA BESILATO,CANDAX® A 16/5
CANDESARTAN CILEXETIL + AMLODIPINA BESILATO,CANDAX® A 16/5 
VER AL DORSO,DOLO-NEUROALFA RELAX
OLANZAPINA,TANAP®  10 MG
VER AL DORSO,IRBEPRES® AH 300/10/25
CANDESARTAN CILEXETIL + AMLODIPINA BESILATO,CANDAX® A 32/10
CANDESARTÁN CILEXETIL + AMLODIPINA BESILATO,CANDAX® A 32 /10 
PROPAFENONA HCL,PROPAFENONA MAMEY®  150 MG
PROPAFENONA HCL,RITMICOR®  300
PROPAFENONA HCL,PROPAFENONA LAM®  300 MG
CITICOLINA SODICA EQUIVALENTE A CITICOLINA BASE,CITICOLINA  ALFA  1000MG/4ML 
SILDENAFIL CITRATO,SILDENAFIL J.BARREIRO
SILDENAFIL CITRATO,ARAPAIMA
ÁCIDO ACETILSALICÍLICO,TROMBO LESS
NAPROXENO SODICO/PARACETAMOL,DOLO-PARNAX
SECNIDAZOL+ ITRACONAZOL,SEMICOTIC
AZITROMICINA DIHIDRATO EQUIVALENTE A AZITROMICINA,AZICROL 500 MG
PANTOPRAZOL SÓDICO,CARDPANTO-40
NINTEDANIB,OFANIR 100
CANDESARTAN CILEXETIL + AMLODIPINA BESILATO,CANDAX® A 16/10
BISOPROLOL FUMARATO,COLBER 10 mg
BISOPROLOL FUMARATO,COLBER
MECOBALAMINA,MILABAN® 500MCG/1ML  
DAPOXETINA HCL,DAPOXETINA MAMEY®  60 MG 
FULVESTRANT,FULVESTRANT
ALPRAZOLAM,CAPLAM
GLIMEPIRIDA Y CLORHIDRATO DE METFORMINA,GLIPIXOR M 2/500
CARVEDILOL,CARVEDILOL
MULTICOMPOSICION,PAIN STOP 50 mg
BRINZOLAMIDA+TIMOLOL,BRINZOLAN-T
VALSARTÁN,VALSARTÁN 80 AG PHARMA
MEMANTINA CLORHIDRATO,NEBUTEROL 10 
ESPORAS DE BACILLUS CLAUSII,ESPORAS DE BACILLUS CLAUSII
VER AL DORSO,MACIFAR AG PLUS JARABE (LÍNEA  AG PHARMA)
VER AL DORSO,MACIFAR AG PLUS JARABE (LÍNEA AG PHARMA)
AMLODIPINA BESILATO,CAVAS 5
TRAMADOL HCL,TRAXIMADOL 100 MG / 2 ML
CITICOLINA SODICA,CITICOLINA 200 MG
DABIGATRÁN ETEXILATO, DABIGATRÁN MAMEY® 110 MG
PROPAFENONA HCL,PROPAFENONA LAM®  150 MG
PROPAFENONA HCL,RITMICOR®  150 
VER AL DORSO,CATACLOFEN BIOTICO
DABIGATRÁN ETEXILATO, DABIGAN® 110
DABIGATRÁN ETEXILATO, DABIGATRÁN LAM® 110 MG
DABIGATRÁN ETEXILATO,BIGATRÁN® 110
DAPOXETINA HCL,DAPOXETINA LAM®  60 MG 
RUCAPARIB,RUCAFAS
RUCAPARIB,RUCAFAS
RUCAPARIB,RUCAFAS
RUCAPARIB,RUCAFAS
FUMARATO DE BISOPROLOL,BISOPROLOL 2.5 MG 
FUMARATO DE BISOPROLOL,BISOPROLOL 10 MG 
IRBESARTAN + HIDROCLOROTIAZIDA,IBERPRES-H 300/12.5
ANASTROZOL,ANASTROZOL DENK
DASATINIB,KIDELIS  50 
ACIDO BORICO + ALUMBRE DE POSTASIO,BORASOL
DASATINIB,KIDELIS 70
VER AL DORSO,TALDIZ
CASPOFUNGINA,CASPOVITAE
CASPOFUNGINA,CASPOVITAE
DAPAGLIFLOZINA PROPANODIOL MONOHIDRATO,DAPAX® 10
DAPAGLIFLOZINA PROPANODIOL MONOHIDRATO,DAPAX®  10
IMIDAFENACINA,URITOS
IMIDAFENACINA,URITOS
IMIDAFENACINA,URITOS
HIDRATO DE HIDROCLORURO DE ACOTIAMIDA,DIOTUL
HIDRATO DE HIDROCLORURO DE ACOTIAMIDA,DIOTUL
HIDRATO DE HIDROCLORURO DE ACOTIAMIDA,DIOTUL
ACETAMINOFEN,ACETAMINOFEN 500 mg MK
AZITROMICINA DIHIDRATO,AZITROMICINA LAM® 1000 mg
DAPAGLIFLOZINA PROPANODIOL MONOHIDRATO,DAPAX®  5  
DAPAGLIFLOZINA PROPANODIOL MONOHIDRATO,DAPAX® 5
DAPAGLIFLOZINA PROPANODIOL MONOHIDRATO,DAPAX®  5
DAPAGLIFLOZINA + METFORMINA HCL,DAPAGLIFLOZINA + METFORMINA MAMEY®  10/500 XR
DAPAGLIFLOZINA + METFORMINA HCL,DAPAGLIFLOZINA + METFORMINA MAMEY®  5/500 XR
VORTIOXETINA BROMHIDRATO,VORTIOX® 20 
DAPAGLIFLOZINA + METFORMINA HCL,GLUCODA®  MET 500/5
DAPAGLIFLOZINA + METFORMINA HCL,GLUCODA®  MET 500/10
IRBESARTAN + HIDROCLOROTIAZIDA,IRBESARTAN 300MG + HIDROCLOROTIAZIDA 12.5MG
IRBESARTAN + HIDROCLOROTIAZIDA,IRBESARTAN 150MG+ HIDROCLOROTIAZIDA 12.5MG
POLIETILENGLICOL,EUROFARMA PEGLAX® 3350
ROSUVASTATINA CALCICA,TRIOSTATIN 20 MG
ROSUVASTATINA CALCICA,ROSUVASTATINA 20 MG
ROSUVASTATINA CALCICA, MENOSLIP 20 MG
VER AL DORSO,AC-CLO-FORTE
ÁCIDO FÓLICO,ÁCIDO FÓLICO MAMEY® 5 MG
DAPAGLIFLOZINA PROPANODIOL MONOHIDRATO,GLUCODA®  10  
DAPAGLIFLOZINA PROPANODIOL MONOHIDRATO,GLUCODA® 10  
DAPAGLIFLOZINA PROPANODIOL MONOHIDRATO,GLUCODA®  5  
DAPAGLIFLOZINA PROPANODIOL MONOHIDRATO,GLUCODA® 5  
PIRACETAM, PIRACETAM MAMEY® 
AZITROMICINA DIHIDRATO,AZITROMICINA MAMEY® 1000 MG  
VER AL DORSO,TAGLIMAX M 50/1000
LOTEPREDNOL ETABONATO,ACROLOL
EMPAGLIFLOZINA,JARDIANZ ®
IVERMECTINA,PANDION® CV
CAPTOPRIL,CAPTOPRIL
CAPTOPRIL,CAPTOPRIL
VER AL DORSO,PANTOPRAZOL SODICO
LEVOFLOXACINA,URBASOL 
METFORMINA CLORHIDRATO,CANFIR MEFASA FARMA XR
BISOPROLOL FUMARATO,BISOPROLOL 5 MG 
ATENOLOL,ATENOLOL 100 MG
LOSARTAN POTASICO,LOSARTAN POTASICO 100 MG
VER AL DORSO,LISINOPRIL 20MG
HIDROCLOROTIAZIDA,HIDROCLOROTIAZIDA 50 MG
CANDESARTAN CILEXETILO,CANDESARTAN  16
CANDESARTÁN CILEXETILO,CANDESARTAN 32
MEROPENEM TRIHIDRATO,MEROPENEM
MICOFENOLATO MOFETILO USP,IMMUTIL 250
LAMOTRIGINA,LAMONAX® 50  MG
OMEPRAZOL,OMEPRASEC®  10
OMEPRAZOL,OMEPRAZOL LAM®  10 mg
OMEPRAZOL,OMEPRAZOL MAMEY® 10 mg
SIMVASTATINA,SIMVASTATINA 40 MG
EMPAGLIFLOZINA,JEMPAGIL
METOPROLOL TARTRATO / HIDROCLOROTIAZIDA,METOPROLOL + HIDROCLOROTIAZIDA MAMEY®    100/12.5
CELECOXIB,CELECOXIB 200MG 
VALSARTAN/AMLODIPINO (COMO BESILATO) / HIDROCLOROTIAZIDA,VAPRESAN AH 320/10/25
ESPIRONOLACTONA BP,ESPIRONOLACTONA 25 MG
OXALATO DE ESCITALOPRAM,ES-AXOPRAM
OXALATO DE ESCITALOPRAM,ES-AXOPRAM®
KETOROLACO TROMETAMINA,DOLOKET 60mg
KETOROLACO TROMETAMINA, DOLOKET 60MG
MEMANTINA HIDROCLORURO,MEMANVITAE
TADALAFILO,ZALAC®
TADALAFILO,ZALAC®
MEROPENEM,MEROPENEM PARA INYECCION USP 500 MG
ROSUVASTATINA CALCIO,ROSUVASTATINA
DEXKETOPROFENO TROMETAMOL,PRION 25
PARACETAMOL,VIPADOL AGLF FORTE
PARACETAMOL (ACETAMINOFÉN),HEMANOFEN FORTE
LOSARTAN POTASICO,UNILAM 
LOSARTAN POTASICO,UNILAM
VALSARTÁN + AMLODIPINA BESILATO EQUIVALENTE A AMLODIPINA,VALSARTÁN / AMLODIPINA - 165 AG PHARMA
VER AL DORSO,VALSARTÁN / AMLODIPINA 165 AG PHARMA
VALSARTÁN,VALSARTÁN 160 AG PHARMA
VALSARTÁN + HIDROCLOROTIAZIDA,VALSARTÁN / HIDROCLOROTIAZIDA 185 AG PHARMA
VALSARTÁN + HIDROCLOROTIAZIDA,VALSARTÁN / HIDROCLOROTIAZIDA 185 AG PHARMA
EMPAGLIFLOZINA + METFORMINA HCL,GLUCONIL®  MET 12.5/500 
FITOMENADIONA BP,FITOMENADIONA INYECCIÓN BP 
EMPAGLIFLOZINA + METFORMINA HCL,EMPAGLIFLOZINA + METFORMINA MAMEY®  12.5/500 
PROPAFENONA HCL,PROPAFEX®  300
MISOPROSTOL,TANECIPROL 
METOPROLOL TARTRATO / HIDROCLOROTIAZIDA,METOPROL® H 100/12.5  
VER AL DORSO,ALGHO
VER AL DORSO,ALGHO
EMPAGLIFLOZINA + METFORMINA HCL,EMPAFLOX® MET 12.5/500 
EMPAGLIFLOZINA + METFORMINA HCL,EMPAFLOX® MET 12.5/500
VER AL DORSO,CEFALEXINA
DAPOXETINA HCL,DAPOXIL®  30 
VER AL DORSO,ATORVASTATINA 10 AG PHARMA
VER AL DORSO,ATORVASTATINA 10 AG PHARMA 
VER AL DORSO,MACIFAR AG PLUS TABLETA (LÍNEA   AG  PHARMA)
AZITROMICINA,AZITROMICINA 200 MG/5 ML AG PHARMA
AZITROMICINA,AZITROMICINA 200 MG/5 ML AG PHARMA
AMITRIPTILINA CLORHIDRATO,AMITRIPTILINA CLORHIDRATO
MELOXICAM,MAGNALLOX
SITAGLIPTINA FOSFATO MONOHIDRATADA,SITAGLIPTINA LAM® 100 mg
DAPOXETINA HCL,DAPOXETINA MAMEY®  30 MG 
VALACICLOVIR HCL,VALACICLOVIR MAMEY® 500 mg 
PROPAFENONA HCL,RITMOFEN®  150 
PROPAFENONA HCL,RITMOFEN®  300
PROPAFENONA HCL,PROPAFENONA MAMEY®  300 mg
METOPROLOL TARTRATO / HIDROCLOROTIAZIDA,METOPRES® D 100/12.5
PROPAFENONA HCL,PROPAFEX®  150   
METFORMINA HCL,GLUDEN 500
SIMVASTATINA,SIMVASTATINA 20 MG
METFORMINA HCL / GLIMEPIRIDA,DIABETIL® G 1000/4
METFORMINA HCL / GLIMEPIRIDA,GLUDEN® G 1000/4 
METOPROLOL TARTRATO / HIDROCLOROTIAZIDA,METOPROLOL + HIDROCLOROTIAZIDA LAM®   100/12.5
OCTREOTIDA ACETATO,GASTERINA
CLOZAPINA,CLOPINA 25
LEVOCETIRIZINA 5 MG + MONTELUKAST 10 MG,RENESTEX
TAMSULOSINA HIDROCLORURO/ DUTASTERIDA,FULMEN DUO
TAMSULOSINA HIDROCLORURO /DUTASTERIDA,FULMEN DUO 
Metilfenidato Hidrocloruro,PRIKSON 18MG
METILFENIDATO HIDROCLORURO,PRIKSON 27MG
METILFENIDATO HIDROCLORURO,PRIKSON 36MG
METILFENIDATO HIDROCLORURO,PRIKSON 54MG
ENZALUTAMIDA,ENZALUTAMIDA 
LEVETIRACETAM,LEVETIRACETAM MAMEY® 
SITAGLIPTINA FOSFATO MONOHIDRATO + METFORMINA CLORHIDRATO,SITAGLIPTINA-METFORMINA CALOX
VER AL DORSO,SITAGLIPTINA-METFORMINA CALOX
SITAGLIPTINA FOSFATO MONOHIDRATO,SITAGLIPTINA 100mg
SITAGLIPTINA FOSFATO MONOHIDRATO,GLITEDIN
CLOZAPINA,LEPONEX
CLOZAPINA,LEPONEX
GEFITINIB,GEFITINIB 250 MG
ÁCIDO FÓLICO,ÁCIDO FÓLICO LAM® 5 mg
CARBOXIMETILCELULOSA SODICA,LUBREX DX
DEXKETOPROFENO TROMETAMOL,DEXKETOPROFENO TROMETAMOL 
DEXKETOPROFENO TROMETAMOL,ENANFEN
VER AL DORSO,DEXTROMETORFANO & DIFENHIDRAMINA 
PEROXIDO DE HIDROGENO,AGUA OXIGENADA AL 3%
HALOPERIDOL,HALDOL
VER AL DORSO,ERITROMICINA 500 mg
DIVALPROATO SÓDICO,EPIVAL ER
DIVALPROATO SODICO,EPIVAL ER
ROSUVASTATINA CALCIO,ROSUVASTATINA
ROSUVASTATINA CALCIO,ROSUVASTATINA 
VER AL DORSO,LISINOPRIL 10mg
LOSARTAN POTASICO,LOSARTAN POTASICO 50 mg
DICLOFENACO SÓDICO,OXA 75 
TOBRAMICINA & DEXAMETASONA,PROTABA
CLORHIDRATO DE FLAVOXATO,CITOGRAL
LINEZOLID,LINEZOLID
LINEZOLID,LINEZOLID
IMIPENEM Y CILASTATINA PARA INYECCIÓN USP (500 MG / 500 MG), IMIPENEM Y CILASTATINA PARA INYECCIÓN USP 
CLORHIDRATO DE DOPAMINA USP,DOPAMINA CLORHIDRATO INYECCIÓN USP 40 MG / ML 
EMPAGLIFLOZINA + METFORMINA HCL,EMPAGLUCOL®  MET 12.5/500 
EMPAGLIFLOZINA + METFORMINA HCL,EMPAGLUCOL® MET 12.5/500
MICOFENOLATO MOFETILO,MICOFENOLATO 250 MG (LINEA INTRALAB)
MICOFENOLATO MOFETILO,MICOFENOLATO 500 MG (LINEA INTRALAB)
LEVONOGESTREL,POSTERGA
POLIETILENGLICOL 400 Y PROPILENGLICOL,SYSTALAN ULTRA
LEVOTIROXINA,TIROSPEY 
ACIDO ASCORBICO (VITAMINA C),DR. FREI VITAMINA C 550MG
ETORICOXIB + TIOCOLCHICÓSIDO,TIOCOX
METILPREDNISOLONA,LEGACORT-4 
METILPREDNISOLONA,LEGACORT-8
DIFENHIDRAMINA CLORHIDRATO,DIFENHIDRAMINA CLORHIDRATO INYECCIÓN USP 20MG/2ML
METILPREDNISOLONA,LEGACORT-16
BUDESONIDA / FORMOTEROL,SYMBICORT RAPIHALER 80/2.25µg/ CONT. AL DORSO.
POLIETILENGLICOL 400 + PROPILENGLICOL,SYSTANE HIDRATACIÓN SP
DOCETAXEL TRIHIDRATO,DOCETAXEL
NEBIVOLOL HCL,VASOCOR® 10
ÁCIDO FÓLICO,DONATAL® 5 
CLOZAPINA,CLOZAPINA LAM® 25 MG
CLOZAPINA,CLOZAPINA LAM® 100 MG 
LISINOPRIL DIHIDRATO/AMLODIPINA BESILATO,LINOPRIX 20/5
LISINOPRIL DIHIDRATO / AMLODIPINA BESILATO,LINOPRIX 20/10
LISINOPRIL DIHIDRATO / AMLODIPINA BESILATO,TAXIPRE-A 20/10
CILOSTAZOL,DILATOR®   50
AMINOFILINA,AMINOFILINA
AMINOFILINA USP,AMINOFILINA
PROPINOX CLORHIDRATO-CLONIXINATO DE LISINA,C-DAL COMPLEX
DASATINIB,KIDELIS  100 
CANDESARTÁN CILEXETILO,KERALA - 32
PREDNISOLONA,KAMELOX® - 30
PREDNISOLONA,KAMELOX® - 50
BETAMETASONA / LORATADINA,LOBRAXOL®
VER AL DORSO,ORALSONE TOPIC
BISOPROLOL 2.5 MG,BISOPROLOL 2.5 MG
PALBOCICLIB,PALNIBO 125
PALBOCICLIB,PALNIBO 125
OLMESARTÁN MEDOXOMILO/HIDROCLOROTIAZIDA,"OLMENOR HCTZ 20 MG/12,5 MG/ VER CONT. AL DORSO"
MULTICOMPOSICION,DOLO-NEUROLAM® XR
DAPAGLIFLOZINA + METFORMINA HCL,DAPAGLIFLOZINA + METFORMINA LAM®  10/500 XR
CLOZAPINA,CLOZAPINA MAMEY® 25 mg
CLOZAPINA,CLOZAPINA MAMEY® 100 mg 
FOSFOMICINA CÁLCICA MONOHIDRATADA, FOSFOLAM® 
OXCARBAZEPINA,OXCARBAZEPINA LAM® 600 mg
CANDESARTÁN CILEXETILO + AMLODIPINA + HIDROCLOROTIAZIDA,ACERTA-3
CANDESARTÁN CILEXETILO + AMLODIPINA + HIDROCLOROTIAZIDA,CARDIOSARTAN-3
OXCARBAZEPINA,OXCARBAZEPINA LAM® 300 mg
TICAGRELOR,PLASTEXIA 90
OXCARBAZEPINA,OXCARBAZEPINA MAMEY® 600 MG
OXCARBAZEPINA,OXCARBAZEPINA MAMEY® 300 MG
SERTRALINA CLORHIDRATO (EQUIVALENTE A SERTRALINA),SERTRALINA SUED 50 MG
VER AL DORSO,CENTELLA ASIATICA SUED
LEVOFLOXACINA HEMIHIDRATO,LEVOFLOXACINA
LEVOFLOXACINA HEMIHIDRATO,KLEVOXX
PREDNISOLONA,KAMELOX® - 10
CANDESARTÁN CILEXETILO + AMLODIPINA + HIDROCLOROTIAZIDA,AKAVAR-3
NIFEDIPINA,CARDIOPERTEN-XR  
AMOXICILINA TRIHIDRATO EQUIVALENTE A AMOXICILINA.,AMOXICILINA 
AMOXICILINA TRIHIDRATO EQUIVALENTE A AMOXICILINA.,MOXIBACTER
VER AL DORSO,NORAVER DIA
ROSUVASTATINA CALCICA,REGUTOL 10 MG
CLORHIDRATO DE GEMCITABINA,GEMCITABINA
OXALIPLATINO,OXALIPLATINO
TELMISARTÁN/HIDROCLOROTIAZIDA,TELMISARTÁN + HIDROCLOROTIAZIDA LAM® 80/25
TELMISARTÁN/HIDROCLOROTIAZIDA,TELMISARTÁN + HIDROCLOROTIAZIDA MAMEY® 80/25
CLORHIDRATO DE DULOXETINA EQUIVALENTE A DULOXETINA,DULOXETINA
VER AL DORSO,ESOCAP-40
VER AL DORSO,ESOCAP-40
AMIKACINA SULFATO EQUIVALENTE A AMIKACINA,AMIKACINA
PARACETAMOL,PARACETAMOL KABI
DEFLAZACORT,DEFLAZACORT MALLÉN 30 mg
DEFLAZACORT,DELCORT 30 mg
AMBROXOL CLORHIDRATO,AMBROXOL 
VER AL DORSO,LIDOCAINA
LIDOCAINA CLORHIDRATO BP,LIDOCAINA
METRONIDAZOL,METRONIDAZOL
ACIDO ASCORBICO,VITAMINA C (ACIDO ASCORBICO)
VITAMINA C (ACIDO ASCÓRBICO),NANVIT-C
IRBESARTAN + HIDROCLOROTIAZIDA,KEOTAN H - 300/25
IRBESARTAN + HIDROCLOROTIAZIDA,KEOTAN H - 300/12.5 
MIDAZOLAM,MIDAZOLAM KALCEKS 
LEVOFLOXACINA HEMIHIDRATO,HERA-750
PALBOCICLIB,PALNIBO 75
PALBOCICLIB,PALNIBO 100
PALBOCICLIB,PALNIBO 100
VALSARTÁN,VALSARTÁN 
EXTRACTO GLICOLICO DE CENTELLA ASIATICA,SOLUDERMIS
EXTRACTO GLICÓLICO DE CENTELLA ASIÁTICA,SOLUDERMIS
CELECOXIB,CELECOXIB 
ACICLOVIR,ACICLOVIR 
ACICLOVIR,ACICLOVIR
ACICLOVIR,ACICLOVIR
VER AL DORSO,CIMAVAX CF
RIVAROXABAN,ASARAP MEFASA FARMA
RIVAROXABAN,ASARAP MEFASA FARMA
RIVAROXABAN,ASARAP MEFASA FARMA
RIVAROXABAN,ASARAP MEFASA FARMA
RIVAROXABAN,ASARAP MEFASA FARMA
DEXAMETASONA,DEXAMETASONA 0.5
SITAGLIPTINA FOSFATO MONOHIDRATADA,SITAGLIPTINA MAMEY® 100 MG
VALACICLOVIR HCL,VALACICLOVIR LAM® 500 mg
ATENOLOL + CLORTALIDONA,ATENOLOL 100MG + CLORTALIDONA 25 mg
ACICLOVIR,OXISTERIL®
CELECOXIB + PREGABALINA,XIB-P 
EMPAGLIFLOZINA + METFORMINA HCL,EMPAGLIFLOZINA + METFORMINA LAM®  12.5/500 
CLORTALIDONA /LISINOPRIL DIHIDRATO,LISINOPRES® C 20/12.5
VALSARTÁN,DOCARDIA®  320
VALSARTÁN,DOCARDIA®  320
VALSARTÁN,DOCARDIA® 320
CELECOXIB + PREGABALINA,DOLIBRAX-P 
VER AL DORSO,EMULSION FORTY MALT CEREZA
CELECOXIB / PREGABALINA,CELECOXIB 200 MG+ PREGABALINA 75 MG
CELECOXIB + PREGABALINA,COXLEK-P
PREGABALINA,HERGABA 
VER AL DORSO,PONETEN DUO
SILDENAFIL CITRATO,SILDENAFIL  100
SILDENAFIL CITRATO,VIAMEN 100
IRBESARTÁN + AMLODIPINA BESILATO + HIDROCLOROTIAZIDA,IRBEPRES® AH 150/5/12.5
RIVAROXABÁN,RIVAROXABÁN
RIVAROXABÁN,ANGIOTEX
RIVAROXABÁN,ANGIOTEX
RIVAROXABÁN,RIVAROXABÁN
RIVAROXABÁN,ANGIOTEX
RIVAROXABÁN,ANGIOTEX
ATENOLOL + CLORTALIDONA,ATENOLOL 50 mg + CLORTALIDONA 12.5 mg
CARVEDILOL,CARVEDILOL 25 mg
VER AL DORSO,GAVISCON DOBLE ACCIÓN SACHETS LÍQUIDO SUSPENSIÓN ORAL
OLANZAPINA / FLUOXETINA HCL,LANZEP®  DUO 12/25 
CLARITROMICINA,CLARITROMICINA  MAMEY® 500 MG
VER AL DORSO,NEBIVOLOL + HIDROCLOROTIAZIDA SUED 5 MG + 25 MG
VER AL DORSO,NEBIVOLOL + HIDROCLOROTIAZIDA SUED 5 MG + 12.5 MG
TELMISARTÁN,TELMICOR® 40 
CAFEINA CITRATO,CAFEINNOVA
CAFEINA CITRATO,NeoCAF
SACUBITRILO + VALSARTÁN,TEROVAN
SITAGLIPTINA CLORHIDRATO,SITAGLIPTINA 100 MG 
SITAGLIPTINA CLORHIDRATO,SITAZIT 100 MG
OLMESARTAN MEDOXOMILO +HIDROCLOROTIAZIDA.,OLMESARTAN MEDOXOMILO 40mg+HIDROCLOROTIAZIDA 25mg. 
OLMESARTAN MEDOXOMILO +HIDROCLOROTIAZIDA.,OLTANA H 40MG+25MG
OLMESARTAN MEDOXOMILO + HIDROCLOROTIAZIDA,OLTANA H 40 MG + 25 MG
TELMISARTÁN,TELMIPRES® 40 
RITUXIMAB (R-DNA ORIGIN),RITUXIMAB 100 MG / 10 ML
NALBUFINA CLORIHIDRATO,NALBUFINA CHOBET 20 MG
VER AL DORSO,TAGLIMAX M 50/850
ADALIMUMAB,ATENFE 40
ADALIMUMAB,ATENFE 40
ADALIMUMAB,ATENFE 40 
ROSUVASTATINA CÁLCICA,ROSUVASTATINA 10 MG 
ROSUVASTATINA CÁLCICA,ROSUVASTATINA 20 MG 
ROSUVASTATINA CALCICA,ROSUVASTATINA 40 MG 
DIVALPROATO DE SODIO,DIVALPROATO MAMEY®  500 MG
DIVALPROATO DE SODIO,VALPRODEN®  500 
CANDESARTAN CILEXETILO,CANDESARTAN 32
CANDESARTAN CILEXETILO,ARASARTAN 32 MG
LOSARTAN POTASICO / AMLODIPINA BESILATO,FARIQ-SARTAN 50/5
CANDESARTAN CILEXETIL,WLACLOX 16
LISINOPRIL DIHIDRATO / AMLODIPINA BESILATO,TAXIPRE-A 20/5
IMATINIB MESILATO BP EQUIVALENTE A IMATINIB,IMATINIB 100 mg
IMATINIB MESILATO BP EQUIVALENTE A IMATINIB,IMATINIB 400 mg
LOSARTAN POTASICO / AMLODIPINA BESILATO,FARIQ-SARTAN 100/10
BORTEZOMIB,BORTEZOMIB
CANDESARTÁN CILEXETIL + HIDROCLOROTIAZIDA,CANDESARTÁN + HIDROCLOROTIAZIDA LAM®  32/12.5
CANDESARTÁN CILEXETIL + HIDROCLOROTIAZIDA,CANDAX®   H 32/12.5
CANDESARTÁN CILEXETIL + HIDROCLOROTIAZIDA,CANDAX®  H 32/12.5
CANDESARTÁN CILEXETIL + HIDROCLOROTIAZIDA,CANDAX®  H 32/12.5
CLORPROMAZINA CLORHIDRATO BP,CLORPROMAZINA CLORHIDRATO 
AMOXICILINA TRIHIDRATO + CLAVULANATO POTASICO,REVACLAX
VER AL DORSO,MONTELEV
ACICLOVIR,ACICLOVIR 5%
VER AL DORSO,"HEMATINICO DE HIERRO, ZINC (VER AL DORSO)"
VER AL DORSO,HEMANFORTE
ATORVASTATINA CALCIO,ATORVASTATINA
ATORVASTATINA CALCIO,ATORVASTATINA 
ATORVASTATINA CALCIO,ATORVASTATINA 
BUDOSEDINA,BUDOSEDINA SUSPENSION NEBULIZACION BP
BUDOSEDINA,ZONIBUX
DIPIRONA ( METAMIZOL SÓDICO),METAMIZOL 
SALBUTAMOL (COMO SULTATO),XANOLER
CLARITROMICINA,BILDREN 500MG 
EMPAGLIFLOZINA+METFORMINA HCL,JARINU MET-12.5/500
EMPAGLIFLOZINA+METFORMINA HCL, 	JARINU MET-12.5/850
ATOSIBAN ACETATO EQUIVALENTE A ATOSIBAN ANHIDRO,ATOSIBAN
PROGESTERONA,MARJESTIN
VER AL DORSO,CIPROFLOXACINA Y DEXAMETASONA
GLIMEPIRIDA + CLORHIDRATO DE METFORMINA,GLIPIXOR M 2/500
FLUCONAZOL,MELFLAM 150
RIVAROXABÁN,RIVAROXABÁN
RIVAROXABÁN,ANGIOTEX
RIVAROXABÁN,ANGIOTEX 
HEPARINA SODICA BP,HEPARINA INYECTABLE BP 25000 UI /5 mL
BENDAMUSTINA HCL,LEUKUSTIM
CANDESARTAN CILEXETIL/HIDROCLOROTIAZIDA,WLACLOX-H 32
AMPICILINA TRIHIDRATO EQUIVALENTE A AMPICILINA,AMPICILINA 
OMEPRAZOL,PRAZOLVIC
CANDESARTÁN CILEXETILO,CANDESARTÁN
CANDESARTÁN CILEXETILO,SANIVAL
CANDESARTÁN CILEXETILO,SANIVAL
TEMOZOLOMIDA,TEMOZOLOMIDA
VALSARTÁN / AMLODIPINA BESILATO,DOCARDIA® A 320/5
VALSARTÁN / AMLODIPINA BESILATO,DOCARDIA® A 320/5
VALSARTÁN / AMLODIPINA BESILATO,DOCARDIA® A 320/5
METFORMINA HCL,GLUDEN® XR  500
METFORMINA HCL,GLUDEN® XR  500
METFORMINA HCL,GLUDEN® XR 500
LEVOFLOXACINA HEMIHIDRATO,LEVOFLOXACINA 750 MG
GEFITINIB,GEFITINIB
LETROZOL,LETROZOL DENK
ACETATO DE CETRORELIX,CETROTIDE 0.25MG
APIXABAN,APRIVA 5
VER AL DORSO,HIDRAPLUS 75 MEQ CON ZINC SUERO ORAL SABOR UVA
VER AL DORSO,HIDRAPLUS 75 MEQ CON ZINC SUERO ORAL SABOR CEREZA
ROSUVASTATINA CALCICA,REGUTOL 20MG
APIXABAN,APRIVA 2.5 
ANTIPIRINA + BENZOCAINA,OTOCAIN 
CLARITROMICINA,CLARILAM®  500
DEFERASIROX,EXJADE
DEFERASIROX,EXJADE
LEVETIRACETAM,EPILEN®
LETROZOL,LETROZOL
CETIRIZINA DIHIDROCLORURO,CETIRIZINA SAMED
ADALIMUMAB,ATENFE 80 
ADALIMUMAB,ATENFE 80
ADALIMUMAB,ATENFE 80
LETROZOL,LETROZOL
VER AL DORSO,SINLIP P
DULOXETINA,LAFOSTAN
FINGOLIMOD CLORHIDRATO,FINLIM 0.5 
AMOXICILINA - ACIDO CLAVULANICO,CURAM 
VER AL DORSO,SALBUTAMOL
OMEPRAZOL,OMEPRAZOL 40
"METFORMINA CLORHIDRATO DE , GLIMEPIRIDA",EFINEX MET XR
SEVELAMER CARBONATO,SEVELAMER CARBONATO 
SEVELAMER CARBONATO,SUILAMER
VER AL DORSO,GENTAMICINA
"LOSARTÁN 100 MG / HIDROCLOROTIAZIDA 12,5 MG",RIDESARTAN D 100 / 12.5 MG
SULFATO DE SALBUTAMOL & BROMURO DE IPRATROPIO,SALBUTAMOL & IPRATROPIO BROMURO 
DICLOFENAC SODICO,DICLOFENACO
METRONIDAZOL + NISTATINA,METRONIDAZOL Y NISTATINA
ACICLOVIR,ACICLOVIR
ACIDO ASCORBICO (VITAMINA C),ACIDO ASCORBICO
LIDOCAINA CLORHIDRATO,LIDOCAINA CLORHIDRATO
KETOROLAC TROMETAMINA,POENKERAT
CEFIXIMA (COMO CEFIXIMA TRIHIDRATO),CIMAFIX 
CLORHIDRATO DE OLOPATADINA,OFTAPRED OD
DULOXETINA,DULOXETINA CALOX
DULOXETINA,DULOXETINA CALOX
VER AL DORSO,BETAMETASONA FOSFATO Y BETAMETASONA ACETATO 
POMALIDOMIDA,VAUXIMIDA TUTEUR
NEBIVOLOL HCL,NEVITEN® 5
NEBIVOLOL HCL,VASOCOR® 5
LEVOCETIRIZINA,LEVOCETIRIZINA FELTREX
VER AL DORSO,NEO-PREDSOL 
CLOZAPINA,DACMAN
CLOZAPINA,DACMAN
DONEPEZILO HCL,DUXINAV
LACOSAMIDA,IRMEGLOL
VER AL DORSO,ALCOHOL ETILICO 70 %
VER AL DORSO,CIPROFLOXACINA 500MG + FENAZOPIRIDINA HCI 100MG
SECUKINUMAB,SCAPHO
VALSARTÁN,VAPRESAN 160
AZACITIDINA,XITIDIN
AZACITIDINA,XITIDIN
VER AL DORSO,OBLAX MEFASA FARMA
PROPOFOL,PROPOFOL
CASPOFUNGINA,CASPOFUNGINA
CASPOFUNGINA,CASPOFUNGINA
TELMISARTÁN/HIDROCLOROTIAZIDA,TELMIPRES®  D 80/25
TELMISARTÁN/HIDROCLOROTIAZIDA,TELMICOR®  D 80/25
SERTRALINA HCL,PROGENAV
FOSFOMICINA CÁLCICA,SOLUFOS
DEXAMETASONA ACETATO + DEXAMETASONA SODIO FOSFATO,DUODECADRON
DEXAMETASONA ACETATO + DEXAMETASONA SODIO FOSFATO,DUODECADRON
VILDAGLIPTINA,JALRA
VILDAGLIPTINA,JALRA
ACIDO LACTICO,ACIDO LACTICO 
PROPINOX HCL + CLONIXINATO DE LISINA,PLIONAX S 
PROPINOX HCL + CLONIXINATO DE LISINA,PLIONAX COMPUESTO
PROPINOX HCL,PLIONAX 10
PROPINOX HCL + CLONIXINATO DE LISINA,PLIONAX FORTE
PROPINOX HCL+CLONIXINATO DE LISINA,PLIONAX COMPUESTO FORTE
IBUPROFENO + ACETAMINOFÉN + CAFEÍNA,IBUFLASH MIGRAN  
VER AL DORSO,IBUFLASH MIGRAN
APIXABAN, APIXAN®  5 
APIXABAN, APIXAN® 5
APIXABAN, APIXAN®  5
APIXABAN, APIXAN®  2.5 
APIXABAN, APIXAN®  2.5 
APIXABAN, APIXAN®  2.5 
VER AL DORSO,ICN ESPAVÉN ENZIMÁTICO
VER AL DORSO,ESPAVÉN ENZIMÁTICO 
VALSARTAN/HIDROCLOROTIAZIDA,VAPRESAN H 160/25
KETOROLACO TROMETAMINA,KETORODOL 30
INMUNOGLOBULINA HUMANA,BIOVEN MONO
INMUNOGLOBULINA HUMANA,BIOGAM
OLMESARTÁN MEDOXOMIL,OLMECOR®  20 
VER AL DORSO,FUNSET
ESTREPTOQUINASA RECOMBINANTE,ESTREPTOQUINASA RECOMBINANTE PARA INYECCION 
ANASTROZOL,ANASTROZOL 1 mg
VALSARTAN / HIDROCLOROTIAZIDA,VAPRESAN H 320/12.5
VALSARTAN / HIDROCLOROTIAZIDA,VAPRESAN H 320/25
AMOXICILINA TRIHIDRATO,AMOXICILINA
VER AL DORSO,BIOZEIMOXYL AC
VER AL DORSO,AMOXICILINA
AMOXICILINA TRIHIDRATO EQUIV A AMOXICILINA,AMOXICILINA 
AMOXICILINA TRIHIDRATO EQUIVALENTE A AMOXICILINA,AMOXICILINA 
VER AL DORSO,MULTIVITAMINA
VER AL DORSO,MULTIVITAMINA 
MULTICOMPOSICION,COMPLEJO B
CEFTRIAXONA SODICA,CEFTRIAXONA
VER AL DORSO,NONGUS
IBUPROFENO,IBUGESITO
MEMANTINA CLORHIDRATO,NEBUTEROL 20 
PARACETAMOL,PARACETAMOL INFUSION 
PARACETAMOL,MEXIPAR­-X
COLECALCIFEROL (VITAMINA D3),"DIBASE 10,000 U.I / ML"
DROSPIRENONA Y ETINILESTRADIOL,EXIA
ROSUVASTATINA CÁLCICA / EZETIMIBA,LIPARON 10 PLUS 
ROSUVASTATINA CÁLCICA / EZETIMIBA,LIPARON 20 PLUS
AMBROXOL CLORHIDRATO,AMBROXOL
EVOGLIPTINA + CLORURO DE METFORMINA,SUGAMET XR 2.5 mg + 850 mg
HIALURONATO DE SODIO,TOPTEAR ®  P
BACILLUS CLAUSII,BACILLUS CLAUSII
BACILLUS CLAUSII,CLASI-BAC
BACILLUS CLAUSII SUSPENSION DE ESPORAS,BACILLUS CLAUSII
ENOXAPARINA SÓDICA,XENOP 20 (LINEA CORE-PHARMA)
PROPINOX HCL + CLONIXINATO DE LISINA,PLIONAX COMPUESTO 
POMALIDOMIDA,VAUXIMIDA TUTEUR
AMITRIPTILINA,AMITRIPTILINA 
PARACETAMOL,VIPADOL AGLF
PARACETAMOL,LABOPHEN 500
LACOSAMIDA,IRMEGLOL
ACETAMINOFEN + CAFEÍNA ANHIDRA,ACETAMINOFÉN 500 MG + CAFEÍNA 65 MG FORTE MK
NALBUFINA CLORHIDRATO,NALBUFINA CHOBET 10 MG
AZACITIDINA,AZACITIDINA 100 MG
DERIVADO PROTEICO PURIFICADO DE TUBERCULINA.,PPD TUBERCULINA MAMMALIAN 5 TU/ 0.1 ML
ACETATO DE OCTREOTIDA USP,OCTREOTIDA INYECCION
SITAGLIPTINA,GLIPTAN 100
ESCITALOPRAM (COMO OXALATO),NEO-ZENTIUS 
VALPROATO SÓDICO,CIRBIA 
NEBIVOLOL HCL (EQUIVALENTE A NEBIVOLOL),NEBIMAX 10 
NEBIVOLOL HCL (EQUIVALENTE A NEBIVOLOL),NEBIMAX 10
VER AL DORSO,NEBIMAX D 5/12.5
VER AL DORSO,NEBIMAX D 5/12.5
ROSUVASTATINA CALCICA,ROSUVASTATINA 10 MG
ROSUVASTATINA CALCICA,ROSUVASTATINA 40 MG
VER AL DORSO,BISOPROLOL-H 5/6.25
CEFIXIMA,CEFIXIMA
CLINDAMICINA,CLINDAMICINA
AMOXICILINA TRIHIDRATO,AMOXICILINA
RIVAROXABAN,RIVAROXABAN 15 mg
RIVAROXABAN,COXABAN 15 MG 
RIVAROXABAN,VASIRIVA 15 MG
RIVAROXABAN,RIVAROXABAN 10 mg
RIVAROXABAN,COXABAN 10 MG
RIVAROXABAN,VASIRIVA 10 MG
LEVONORGESTREL,CERCIORAT
CASPOFUNGINA ACETATO,CASPOVITAE
CASPOFUNGINA ACETATO,CASPOVITAE
VER AL DORSO,DIAMINE R 400
VER AL DORSO,DIAMINE R 800
ACETAMINOFEN + CAFEÍNA,DEFENSOL ULTRA 
SUCRALFATO,SUCRALFATO LAM®  
SUCRALFATO,SUCRALFATO MAMEY®  
NITROFURANTOÍNA,NITROFURANTOÍNA MAMEY® 100 MG
NITROFURANTOÍNA,NITROFURANTOÍNA LAM® 100 MG
DASATINIB MONOHIDRATO,DASATIXANE
RIVAROXABAN,RIVAROXABAN 20 MG
RIVAROXABAN,COXABAN  20 MG 
RIVAROXABAN,VASIRIVA 20 MG
ATENOLOL + AMLODIPINA BESILATO,AMLODIPINA 5 MG + ATENOLOL 50 MG
VER AL DORSO,PLEXIRE
LEVODOPA-CARBIDOPA,LECARPARK
DONEPEZILO HCL,DUXINAV
SERTRALINA HCL EQUIVALENTE A SERTRALINA BASE,MIPEXOL 100 MG
VER AL DORSO,ALCOHOL ETILICO 95 %
CANDESARTÁN CILEXETIL + HIDROCLOROTIAZIDA,CANDESARTÁN + HIDROCLOROTIAZIDA MAMEY®  32/12.5
CANDESARTÁN CILEXETIL + HIDROCLOROTIAZIDA,CANDERSIL®   D 32/12.5
CANDESARTÁN CILEXETIL + HIDROCLOROTIAZIDA,CANDERSIL®  D 32/12.5
DAPAGLIFLOZINA PROPANODIOL MONOHIDRATO,XIGDARA®  10  
TIGECICLINA,BACTAIN
EMPAGLIFLOZINA+METFORMINA HCL,JARINU MET-12.5 / 1000
VALSARTÁN + HIDROCLOROTIAZIDA,VALSARTÁN + HIDROCLOROTIAZIDA 160 mg + 25 mg
VALSARTÁN + HIDROCLOROTIAZIDA,VALSARTÁN + HIDROCLOROTIAZIDA 320 mg + 12.5 mg
VALSARTÁN +  HIDROCLOROTIAZIDA,VAPRESAN H 160 / 12.5 
SUCRALFATO,USUCRAL®  
NITROFURANTOÍNA,UROFURAN®  100 
ATENOLOL,ATENOLOL 50 MG 
IVERMECTINA,PANDION® CV 
ACETAMINOFEN,ACETAMINOFEN 750 mg
ATENOLOL,ATENOLOL 100 mg
ACETAMINOFÉN,AHROFEN FORTE
DICLOFENAC POTÁSICO,AHRONAC 50 mg 
DICLOFENAC POTÁSICO,AHRONAC 75 mg
DICLOFENAC POTÁSICO,AHRONAC 100 mg
ÁCIDO ASCÓRBICO,VITAMINA C LAM®  1000 MG
ÁCIDO ASCÓRBICO,VITAMINA C MAMEY®  1000 mg
VALACICLOVIR HCL DIHIDRATADO (EQUIVALENTE A VALACICLOVIR),VASTIN 500  
VER AL DORSO,DICLOXIN PM 
DULOXETINA,LAFOSTAN 30 mg
KETOROLACO TROMETAMINA,DOLTEN ® 30 
CANDESARTÁN CILEXETIL + HIDROCLOROTIAZIDA,ARAXIL® D 32/12.5
CANDESARTÁN CILEXETIL + HIDROCLOROTIAZIDA,ARAXIL®  D 32/12.5
PALBOCICLIB,PARITERIB TUTEUR
PALBOCICLIB,PARITERIB TUTEUR
PALBOCICLIB,PARITERIB TUTEUR
VERAPAMILO CLORHIDRATO,VERAPAMIL 80 
LISINOPRIL DIHIDRATO / AMLODIPINA BESILATO / CLORTALIDONA,LISINOPRES®  AC 20/10/12.5
BISOPROLOL FUMARATO,BISOPROLOL 5 mg 
BISOPROLOL FUMARATO,BISOPROLOL 10 mg
VER AL DORSO,GAVISCON DOBLE ACCIÓN (VER AL DORSO)
IVABRADINA,IVABRADINA 7.5 mg 
SUCRALFATO,SUCRALGASTRIC 1G 
RIMEGEPANT,NURTEC ODT 75 MG
RIMEGEPANT,NURTEC ODT 75MG
ACIDO ASCÓRBICO,ACEVIT C
CARBOXIMETILCISTEINA,LABROTOS 
DOCETAXEL TRIHIDRATO,DOCETAXEL
APIXABAN,APIXEMAT 2.5mg
METFORMINA CLORHIDRATO,METFORMINA
DL-ALFA-TOCOFERIL ACETATO EQUIVALENTE A VITAMINA E,VITAMINA E
CITICOLINA,KOLNASI
DAPOXETINA HCL,DAPOXETINA LAM®  30 MG 
VALACICLOVIR HCL,VALPAVIR® 500 
PREGABALINA,PREGABALINA 75 MG
PREDNISONA,PREDNISONA   
METOPROLOL TARTRATO + HIDROCLOROTIAZIDA,MEPROZOL 100 MG + 12.5 MG 
DAPOXETINA HCL,DAPOXIL ®  60 
ACIDO BENZOICO+ACIDO SALICÍLICO,LASCOSALIL
CILOSTAZOL,DILATOR®  100
CLORHIDRATO DE METFORMINA,GLIDARA-500
CLORHIDRATO DE METFORMINA,GLIDARA-850
CLORHIDRATO DE METFORMINA,GLIDARA XR-500
CLORHIDRATO DE METFORMINA,GLIDARA XR-500
CLORHIDRATO DE METFORMINA,GLIDARA XR-750
CLORHIDRATO DE METFORMINA,GLIDARA XR-750
CLORHIDRATO DE METFORMINA,GLIDARA XR-1000
CLORHIDRATO DE METFORMINA,GLIDARA XR-1000
FOSFOMICINA CÁLCICA-FENAZOPIRIDINA HCI,SOLUFOS-URO
VALSARTÁN + HIDROCLOROTIAZIDA,DOCARDIA®  H 160/25
LEVETIRACETAM,LEVESAM 500 mg /5 mL
FENTERMINA RESINATO,NOVOCETONIL 15
FENTERMINA RESINATO,NOVOCETONIL 15
ESCITALOPRAM,ESCIGRESS 10
EVOGLIPTINA,SUGANON 5 mg
VALSARTAN/AMLODIPINO (COMO BESILATO) / HIDROCLOROTIAZIDA,VAPRESAN AH 320/10/12.5
FLUCONAZOL,PROTEDEX®
CLOZAPINA,CLOPINA 100
APIXABAN,APIXEMAT 5mg
METOTREXATO,MEREX
LIDOCAINA CLORHIDRATO 2% CON EPINEFRINA 1:100.00,LIDOCAINA CLORHIDRATO 2% CON EPINEFRINA 1:100.00
VER AL DORSO,BISOMAX  PLUS D 5/5/12.5 
VER AL DORSO,BISOMAX  PLUS D 10/10/12.5  
VER AL DORSO,ROXAR 10
BISOPROLOL FUMARATO,BISOPROLOL 10 mg
BISOPROLOL FUMARATO,BISOPROLOL 2.5 mg
VER AL DORSO,ROXAR 20
LISINOPRIL DIHIDRATO + AMLODIPINA BESILATO + CLORTALIDONA,LISINOPRES®  AC 20/5/12.5
VALSARTÁN / AMLODIPINA BESILATO,DOCARDIA® A 160/5
VALSARTÁN / AMLODIPINA BESILATO,DOCARDIA® A 160/5
VALSARTÁN / AMLODIPINA BESILATO,DOCARDIA® A 160/5
LEVOCETIRIZINA,ALERGIFEL
LEVOCETIRIZINA,LEVOCETIRIZINA FELTREX
VALSARTÁN + AMLODIPINA BESILATO + HIDROCLOROTIAZIDA,DOCARDIA®  AH 320/10/25
VALSARTÁN + AMLODIPINA BESILATO + HIDROCLOROTIAZIDA,DOCARDIA®  AH 320/10/25
VALSARTÁN + AMLODIPINA BESILATO + HIDROCLOROTIAZIDA,DOCARDIA® AH 320/10/25
METFORMINA HCL / VILDAGLIPTINA,VILDARA®  MET 500/50
METFORMINA HCL / VILDAGLIPTINA,VILDARA®  MET 500/50
METFORMINA HCL / VILDAGLIPTINA,VILDARA®  MET 500/50
LISINOPRIL DIHIDRATO/AMLODIPINA BESILATO,LISINOPRES® A 20/5
VALSARTÁN / HIDROCLOROTIAZIDA,DOCARDIA®  H 160/12.5
VALSARTÁN / HIDROCLOROTIAZIDA,DOCARDIA®  H 160/12.5
VALSARTÁN / HIDROCLOROTIAZIDA,DOCARDIA® H 160/12.5
CITICOLINA SÓDICA,CITICOLINA
CITICOLINA SÓDICA,PISBAR
CITICOLINA SÓDICA,PISBAR
TOPIRAMATO,TANACOL® 50 
DIGOXINA,VALVULAN
ACETAMINOFÉN + CAFEÍNA,ALGHO ULTRA
ACETAMINOFÉN + CAFEÍNA,ALGHO ULTRA
HIDROCORTISONA SUCCINATO,ALECORTIN
"ENZALUTAMIDA 40,00 MG",ENZALUTAMIDA ELEA
CARBOXIMETILCISTEINA,ALIRAX
VER AL DORSO,IBUPROFEN
LERCANIDIPINA HCL,LERCANIDIPINA MAMEY® 10 mg
ÁCIDO ASCÓRBICO,ACEVIT C
NEBIVOLOL HCL (EQUIVALENTE A NEBIVOLOL),NEBIMAX 10 
LISINOPRIL DIHIDRATO /AMLODIPINA BESILATO,LISINOPRES® A 20/10 
EVOGLIPTINA + CLORURO DE METFORMINA,SUGAMET XR 5 mg + 1000 mg
DICLOFENAC POTÁSICO,DICLOFENAC POTÁSICO 75 mg
DICLOFENAC POTÁSICO,DICLOFENAC POTÁSICO 100 mg
CICLOFOSFAMIDA,CICLOFOSFAMIDA 50 mg
BENDAMUSTINA CLORHIDRATO,BENDAMUSTINA 100 mg
IMATINIB,IMATINIB DEVA
TAMSULOSINA CLORHIDRATO -DUTASTERIDE,PROSTOKLAR DUO
MINOXIDIL,FOLCREXIDIL
HIERRO SACAROSA,HIERRO SACAROSA
HIERRO SACAROSA,HIERRO SACAROSA 
PREGABALINA,LINPREL 150
OLMESARTÁN MEDOXOMIL,OLMERYL®  20 
DIVALPROATO SODICO (EQUIVALENTE A ACIDO VALPROICO),VERAPTIN 250 XR
LISINOPRIL DIHIDRATO/AMLODIPINA BESILATO,LISINOPRES® A 5/5
FILGRASTIM,FILGRASTIM 300 mcg
FILGRASTIM,RELIGRAST
METOTREXATO,"ARTRAIT 2,5"
METOTREXATO,ARTRAIT 25
EMPAGLIFLOZINA + METFORMINA HCL,EMPAFLOX® MET 5/1000
EMPAGLIFLOZINA + METFORMINA HCL,EMPAGLUCOL®  MET 5/1000 
EMPAGLIFLOZINA + METFORMINA HCL,EMPAGLUCOL® MET 5/1000
AMOXICILINA (COMO TRIHIDRATO)/AMBROXOL CLORHIDRATO,PROMIXOL PLUS
ACETATO DE CETRORELIX,CETROTIDE 0.25 mg
CANDESARTAN CILEXETILO / HIDROCLOROTIAZIDA,TOVAX H 16/12.5
VER AL DORSO,BIOVORTRIX 
VER AL DORSO,BIOVORTRIX 
LOSARTAN POTASICO,LOSARTAN POTASICO
GLIBENCLAMIDA,GLIBENCLAMIDA
VER AL DORSO,BETAMETASONA DIPROPIONATO (VER AL DORSO) 
ETONOGESTREL / ETINILESTRADIOL,FEMEGYN RING
ETONOGESTREL / ETINILESTRADIOL,FEMEGYN RING
TADALAFIL,DALOTÓ 20 MG
ESOMEPRAZOL MAGNESIO TRIHIDRATO,ESOMEPRAZOL
PARACETAMOL BP,PARACETAMOL 
CICLOSPORINA,CICLOSPORINA
LEVOFLOXACINA HEMIHIDRATO,LEVOFLOXACINA
CLOPIDOGREL BISULFATO,CLOPICOR® 75
CLOPIDOGREL BISULFATO,CLOPICOR® 75
CLOPIDOGREL BISULFATO,CLOPICOR® 75
CANDESARTAN CILEXETIL + HIDROCLOROTIAZIDA,CANDESARTAN + HIDROCLOROTIAZIDA 16/12.5
CANDESARTAN CILEXETIL + HIDROCLOROTIAZIDA,CANDESARTAN + HIDROCLOROTIAZIDA 16/12.5 
VER AL DORSO,ARIM FLU
CARVEDILOL,CARVEDILOL 12.5 mg
VER AL DORSO,NEBIMAX D 5/12.5
MULTICONCENTRACIÓN,CENTRUM + ENERGIA
MULTICONCENTRACIÓN,CENTRUM + ENERGIA
METOPROLOL TARTRATO + HIDROCLOROTIAZIDA,MEPROZOL 50 MG + 12.5 MG
BETAMETASONA + TETRACAÍNA CLORHIDRATO,BUCOFARIN-EURO
AMOXICILINA + DICLOFENACO POTASICO,PRALODEX
KETOROLACO TROMETAMINA,KETOROLACO 20 mg 
LERCANIDIPINA HCL,LERCANIDIPINA LAM® 10 mg
LISINOPRIL DIHIDRATO + HIDROCLOROTIAZIDA,LISINOPRIL 20 MG + HIDROCLOROTIAZIDA 12.5 MG
CANDESARTÁN CILEXETILO,CANDESARTÁN 
CANDESARTÁN CILEXETILO,SANIVAL
CANDESARTÁN CILEXETILO,SANIVAL
CARVEDILOL,CARVEDILOL 6.25 mg
VER AL DORSO,AMLODIPINA 10 mg + LISINOPRIL 20 mg
SUBSALICILATO DE BISMUTO,PEPTO-BISMOL TABLETAS MASTICABLES (SABOR CEREZA)
EMPAGLIFLOZINA + METFORMINA HCL,EMPAGLIFLOZINA + METFORMINA MAMEY®  5/1000
EMPAGLIFLOZINA + METFORMINA HCL,GLUCONIL®  MET 5/1000 
EMPAGLIFLOZINA + METFORMINA HCL,EMPAGLIFLOZINA + METFORMINA LAM®  5/1000
ÁCIDO ASCÓRBICO,C LA VIT®  1000 
OLANZAPINA / FLUOXETINA HCL,LANZEP®  DUO 12/50 
DEXAMETASONA,DEXAMETASONA 4 mg
IRBESARTAN + AMLODIPINA+ HIDROCLOROTIAZIDA,IRBECOR AH 150/10/12.5 
IRBESARTAN + AMLODIPINA+ HIDROCLOROTIAZIDA,IRBECOR AH 300 / 5 / 12.5
IRBESARTÁN + AMLODIPINA + HIDROCLOROTIAZIDA,IRBECOR AH 300/10/12.5 
IRBESARTAN + AMLODIPINA+ HIDROCLOROTIAZIDA,IRBECOR AH 150/5/12.5
ATENOLOL,ATENOLOL
CLORPROMAZINA CLORHIDRATO,DIKALIM
DOXICICLINA HICLATO,DOXICICLINA
POLIMIXINA B SULFATO,POLIMIXINA B 
POLIMIXINA B SULFATO,POLYMXB
LOSARTÁN POTÁSICO HIDROCLOROTAZIDA,UNILAM H
PROPOFOL USP,WELLFOL 
PROPOFOL USP,WELLFOL
VALSARTÁN + HIDROCLOROTIAZIDA,VALSARTÁN + HIDROCLOROTIAZIDA 160 mg+12.5 mg
URSODIOL,URSODIOL
LINEZOLID,LINEZOLID ALTAN 
DICLOFENACO SÓDICO,DICLONOVUM 75MG/3ML
SACUBITRIL+VALSARTÁN,VALENI-200
IBUPROFENO,MEDICAL BANES 600 LP
IRBESARTÁN Y AMLODIPINA,KEOTAN A 150/5
IRBESARTÁN Y AMLODIPINA,KEOTAN A - 300/5
IRBESARTÁN Y AMLODIPINA,KEOTAN A - 300/10
FAVIPIRAVIR,MAXPIRAVIR 
IRINOTECAN CLORHIDRATO TRIHIDRATO,IRINOTAS
IRINOTECAN CLORHIDRATO TRIHIDRATO,IRINOTAS
LOSARTÁN POTÁSICO,LOSARDAY 50
LOSARTAN POTÁSICO/AMLODIPINA BESILATO,LOSARDAY-A 50/5
LOSARTAN POTÁSICO/AMLODIPINA BESILATO,LOSARDAY-A 100/10
NIMODIPINA / CITICOLINA SÓDICA,NEUROBEN® PLUS 30/100
NIMODIPINA / CITICOLINA SÓDICA,NEUROBEN® PLUS 30/100
NIMODIPINA / CITICOLINA SÓDICA,NEUROBEN® PLUS 30/100
DEXAMETASONA,DEXAMETASONA FELTREX
DEXAMETASONA,DEXAMETASONA FELTREX
METFORMINA HCL / VILDAGLIPTINA,VILDARA®  MET 850/50
METFORMINA HCL / VILDAGLIPTINA,VILDARA®  MET 850/50
METFORMINA HCL / VILDAGLIPTINA,VILDARA®  MET 850/50
NIFEDIPINA,DIURECOR® XR 30
NIFEDIPINA,TENSOLAT® XR 30 
NIFEDIPINA,TENSOLAT® XR 30 
METFORMINA HCL / VILDAGLIPTINA,VILDARA®  MET 1000/50
METFORMINA HCL / VILDAGLIPTINA,VILDARA®  MET 1000/50
METFORMINA HCL / VILDAGLIPTINA,VILDARA®  MET 1000/50
REMDESIVIR,REMDESIVIR
VER AL DORSO,MALEATO DE TRIMEBUTINA (VER AL DORSO) 
VER AL DORSO,LIBERTRIM ALFA
ACETATO DE LEUPROLIDA,LECTRUM 
CLORHIDRATO DE GEMCITABINA,GEMCITABINA
OXALIPLATINO,OXALIPLATINO
ACETATO DE ABIRATERONA,ACETATO DE ABIRATERONA 250 mg
ACETATO DE ABIRATERONA,ACETATO DE ABIRATERONA TABLETAS RECUBIERTAS 500 mg
PARACETAMOL,PARACETAMOL 750 (ACETAMINOFEN 750) 
BETAHISTINA,EQUIBRAL 16
BETAHISTINA,EQUIBRAL 24
LERCANIDIPINA HCL,LERCADIS® 10
SUCRALFATO,DUOSUCRAL®  
AMOXICILINA (COMO TRIHIDRATO)/AMBROXOL CLORHIDRATO,PROMIXOL PLUS
NIFEDIPINA,CARDIOPERTEN-XR     
SUCRALFATO,ZUKEBIB
LERCANIDIPINA HCL,LERCATEN® 10 
SERTRALINA,SERTRALINA 100MG
OMEPRAZOL MICROGRANULOS,OMEPRAZOL 40 MG
TADALAFILO,TADALAFIL 20 MG 
TECLISTAMAB,TECVAYLI
TECLISTAMAB,TECVAYLI
AMIVANTAMAB,RYBREVANT
METFORMINA CLORHIDRATO,G-­MET G-­TABS 1000MG
METFORMINA CLORHIDRATO,G-­MET G-­TABS 500 MG 
PACLITAXEL,PACLITAXEL 
PREGABALINA & METILCOBALAMINA,NEUROPREBAL M
PREGABALINA & METILCOBALAMINA,NEUROPREBAL M
OMALIZUMAB,OMALIZUMAB 
OMALIZUMAB,OMALIREL
ENFORTUMAB VEDOTINA,PADCEV
ACETAMINOFÉN + CLORZOXAZONA,DEFENSOL RELAX 
ETANERCEPT,ETANERCEPT 25 mg
ETANERCEPT,ETANERREL
APIXABAN,PREXABAN 2.5
APIXABAN,PREXABAN 5 
OMEPRAZOL MICROGRANULOS,OMEPRAZOL 20 mg
ANTÍGENO DE SUPERFICIE DE HEPATITIS B,ENGERIX-B
HIDROCORTISONA BP,HIDROCORTISONA 1%
INMUNOGLOBULINA HUMANA NORMAL,LIV-GAMMA SN
CLONAZEPAM,CLONAZEPAM 2 mg
IBRUTINIB,BRIKATIB
POMALIDOMIDA,POMALIDOMIDA 
POMALIDOMIDA,POMALIDOMIDA
DICLOFENAC SODICO,DIGLOGESIC 100
LENALIDOMIDA,LENALIDOMIDA
LENALIDOMIDA,LENALIDOMIDA 
VER AL DORSO,BETAMETASONA + CLOTRIMAZOL +GENTAMICINA
HIDROXIUREA,HIDROXIUREA
DICLOFENACO SODICO,BERIFEN 100 RETARD
DICLOFENACO SODICO,BERIFEN 50
DACARBAZINA, DACARBAZINA  
EPIRUBICINA CLORHIDRATO,EPIRUBICINA
BICALUTAMIDA, BICALUTAMIDA
IRBESARTAN,IRBESARTAN
CANDESARTAN CILEXETIL,TADYNEL AGLF
CANDESARTAN CILEXETIL,TADYNEL AGLF 
CANDESARTAN CILEXETIL,CANDEVEX® 
CANDESARTAN CILEXETIL,TADYNEL AGLF
METOPROLOL TARTRATO,METOPROLOL 100 mg
METOPROLOL TARTRATO,METOPROLOL 50 mg
INMUNOGLOBULINA HUMANA NORMAL,LIV-GAMMA SN
ACETATO DE ABIRATERONA,ACETATO DE ABIRATERONA DEVA
BORTEZOMIB,BORTEZOMIB DEVA
MEXAZOLAM,XANOLIO 
MEXAZOLAM,SEDAMAX
OLMESARTÁN MEDOXOMIL,OLMESARTÁN  LAM®  20 mg
EDOXABAN,BEXABAN 30
EDOXABAN,BEXABAN 30
DICLOFENACO SODICO,DICLOGESIC 50
VER AL DORSO,VIPADOL AGLF ANTIGRIPAL
CALAMINA + OXIDO DE ZINC,CALAZINC PLUS  
METOPROLOL TARTRATO / AMLODIPINA BESILATO,METOPROL® A 50/5
TOPIRAMATO,TOPIRAMATO LAM®  50 MG 
TOPIRAMATO,TOPIRAN® 50 
DESLORATADINA,DESLORATADINA LAM®  5 MG 
DESLORATADINA,DESLORATADINA MAMEY®  5 MG 
TOPIRAMATO,TOPIRAMATO MAMEY® 50 MG 
OLMESARTÁN MEDOXOMIL,OLMESARTÁN MAMEY® 20 MG
DEXMEDETOMIDINA CLORHIDRATO,DEXMEDETOMIDINA
CENTELLA ASIATICA,MAXIDERM 30
BETAMETASONA VALERATO + TETRACAINA HCL,ACROMED 
METOTREXATO,ARTRAIT
METOTREXATO,ARTRAIT
METOTREXATO,ARTRAIT 15
METOTREXATO (COMO SAL SÓDICA),ARTRAIT SC 20
DIOSMINA + HESPERIDINA,VENFLAXIN 900 - 100
DIOSMINA - HESPERIDINA,BENORIL 1000
ABIRATERONA ACETATO, INHIBIRON GP
ACICLOVIR BP,ACICLOVIR 5 %
OLMESARTAN MEDOXOMILO +HIDROCLOROTIAZIDA,OLTANA H 40 MG+12.5MG 
OLMESARTAN MEDOXOMILO +HIDROCLOROTIAZIDA,OLMESARTAN MEDOXOMILO (VER AL DORSO)
OLMESARTAN MEDOXOMILO +HIDROCLOROTIAZIDA,OLMESARTAN MEDOXOMILO (VER AL DORSO)
PANTOPRAZOL SÓDICO (EQUIVALENTE A PANTOPRAZOL),TONVAL
DEXMEDETOMIDINA CLORHIDRATO,DEXMEDETOMIDINA
POLICRESULENO / LIDOCAINA,PROCTOSULENO L
SERTRALINA,SEROLUX
SITAGLIPTINA FOSFATO MONOHIDRATO,GLIPTAXIN 100
SULFADIAZINA DE PLATA 1%,SULPLAX®
EMPAGLIFLOZINA,PAGLIFLOX
SITAGLIPTINA,GLIPTAXIN 25
COBIMETINIB,COTELLIC
COBIMETINIB,COTELLIC
ETANERCEPT,ETANERCEPT 50 mg
ETANERCEPT,ETANERREL
LERCANIDIPINA HCL,LERCACOR® 10
CIPROFLOXACINA HCL,BAXECUR® XR
SITAGLIPTINA FOSFATO MONOHIDRATO,SITAGLIPTINA 50 mg IF 
SITAGLIPTINA FOSFATO MONOHIDRATO,SITAGLIPTINA 100 mg IF 
BEVACIZUMAB,SIMBIVA 400 
VER AL DORSO,LISINOPRES  AH 20/5/12.5
GLIMEPIRIDA,GLIMEXIL® 4 
IRBESARTÁN + HIDROCLOROTIAZIDA,IRBEPRES® H 300/25
ACIDO VALPROICO,IBERPRONEX 
TADALAFILO,INVICTUS 20MG
TADALAFILO,INVICTUS
METOTREXATO,ARTRAIT® SC 15 MG
BEVACIZUMAB,BEMABIX
BEVACIZUMAB,BEMABIX 
BEVACIZUMAB,BEMABIX
BEVACIZUMAB,BEMABIX
NIFEDIPINA,TENSOLAT XR 60
NIFEDIPINA,TENSOLAT® XR 60
NIFEDIPINA,TENSOLAT® XR 60
CITICOLINA SÓDICA,NEUROBEN® 500 
CITICOLINA SÓDICA,NEUROBEN® 500
CITICOLINA SÓDICA,NEUROBEN® 500
ACIDO VALPROICO,ACIDO VALPROICO IF 
LEVETIRACETAM,LEVEVITAE
LEVETIRACETAM,LEVEVITAE
VIRUS DE VARICELA-ZOSTER,SHINGRIX
ATORVASTATINA,ROTAQOR
ATORVASTATINA,ROTAQOR
ATORVASTATINA,ROTAQOR
SITAGLIPTINA,SITAGLIPTINA 25 MG IF 
DABIGATRAN ETEXILATO,DABIG 75
DABIGATRAN ETEXILATO,DABIG 150
ALBÚMINA HUMANA,ALBUVEN
VER AL DORSO,IRBEPRES® A 300/5
IRBESARTÁN + HIDROCLOROTIAZIDA,IRBEPRES® H 150/12.5
LISINOPRIL DIHIDRATO + HIDROCLOROTIAZIDA,LISINOPRES H 20/25
METFORMINA 500 + SITAGLIPTINA,METFORMINA 500 MG + SITAGLIPTINA 50 MG IF
METFORMINA HCL,MEDIABET XR 750
METFORMINA HCL,METFORMINA XR 750 MG IF
BROMFENACO SODICO (SESQUIHIRATADO),OCULBROM 
RANIBIZUMAB,RANIBIZUMAB 
RANIBIZUMAB,RANIZUREL
VER AL DORSO,PRESATORE 5 MG
VER AL DORSO,PRESATORE-H 5/12.5
VER AL DORSO,PRESATORE-H 5/25
MULTICOMPOSICION,DOLO-NEUROMEY® XR
GLIMEPIRIDA + METFORMINA HCL,GLUDEN G 500/2
DIENOGEST,ENDOBELLE
SITAGLIPTINA FOSFATO MONOHIDRATO,GLIPTAXIN 50
EDOXABAN,BEXABAN 15
EDOXABAN,BEXABAN 15
EDOXABAN,BEXABAN 60
EDOXABAN,BEXABAN 60
VER AL DORSO,INLOSEP TRES 32/25/10
ENZALUTAMIDA,INDENZA
LISINOPRIL DIHIDRATO/AMLODIPINA BESILATO,LINOPRIX 10/5
CELECOXIB,XIB 
CELECOXIB,XIB-400
PIMAVANSERINA,VANSERIN
FINGOLIMOD (CLORHIDRATO),ICLOMOD
GABAPENTINA,GABAPENTINA 400 MG 
ACETILCISTEINA,IOXENIL
SUBSALICILATO DE BISMUTO,PEPTO-BISMOL TABLETAS MASTICABLES (SABOR ORIGINAL)
CEFAZOLINA,PRISOLIN
VER AL DORSO,ENERZAIR BREEZHALER
VINCRISTINA SULFATO,DABAZ
MOMETASONA FUROATO,MOTADERM
ACIDO GADOTERICO,CLARISCAN
ACIDO GADOTERICO,CLARISCAN
SUNITINIB MALATO EQUIVALENTE A SUNITINIB, SUNITINIB
SUNITINIB MALATO EQUIVALENTE A SUNITINIB, SUNITINIB 
ACETATO DE INDACATEROL + FUROATO DE MOMETASONA,ATECTURA BREEZHALER
ACETATO DE INDACATEROL + FUROATO DE MOMETASONA,ATECTURA BREEZHALER
DAPOXETINA HCL / TADALAFILO,ACROFIL MAX 
COLAGENO HIDROLIZADO (ORIGEN BOVINO),ARSETONIC
IMATINB MESILATO BP EQUIVALENTE A IMATINIB,IMATINIB 400 mg
VER AL DORSO,IBERCLOFAM-TRES 50/5/12.5
VER AL DORSO,IBERCLOFAM-TRES 100/10/25
PRAMIPEXOL,KOLZIDE
PRAMIPEXOL,KOLZIDE
CIPROFLOXACINA,CIPROFLOXACINA 
VALSARTAN,VALSARTAN 320 MG (LINEA INTRALAB)
COLECALCIFEROL (VITAMINA D3),"DIBASE 25,000 U.I. /2.5 mL"
EMPAGLIFLOZINA,JEMPAGIL
PREGABALINA,ASTIK SR 
PREGABALINA,ASTIK SR
PREGABALINA,ASTIK SR
ACIDO ASCORBICO,ACIDO ASCORBICO VIJOSA
ACIDO ASCORBICO,ACIDO ASCORBICO VIJOSA
HALOPERIDOL,HALOPERIDOL
DEXKETOPROFENO TROMETAMOL,DEXKETONOVUM
PRAMIPEXOL,KOLZIDE
LEVOTIROXINA SÓDICA,EUTIROX® NF 125 mcg
LEVOTIROXINA SÓDICA,EUTIROX NF 125 MCG 
LEVOTIROXINA SÓDICA,EUTIROX® NF 150 mcg
LEVOTIROXINA SÓDICA,EUTIROX NF 150 MCG
LEVOTIROXINA SÓDICA,EUTIROX® NF 175 mcg
LEVOTIROXINA SÓDICA,EUTIROX® NF 175 MCG 
POMALIDOMIDA,POMALIDOMIDA 3 mg
POMALIDOMIDA,POMADEX 3  mg
COLCHICINA,COLCHISAR® 1 
COLCHICINA,COLCHISAR® 0.5  
PREGABALINA,LUMDOCER
VER AL DORSO,CLP
ACICLOVIR,VIROTER 
VER AL DORSO,MAXIDERM 
DEXKETOPROFEN,DEX-FEL
KETOROLACO TROMETAMINA,KETOFEL
KETOROLACO TROMETAMINA,KETOFEL
CIPROFLOXACINA HCL,CIPROFLOXACINA LAM® 1000 mg   
CIPROFLOXACINA HCL,CIPROFLOXACINA MAMEY® 1000 mg   
CIPROFLOXACINA HCL,CIPROXACIN® 1000 
CIPROFLOXACINA HCL,CIPROXACIN® 1000 
LEVOTIROXINA SÓDICA,EUTIROX® NF 88 mcg
LEVOTIROXINA SÓDICA,EUTIROX NF 88 MCG
LEVOTIROXINA SÓDICA,EUTIROX® NF 112 mcg
LEVOTIROXINA SÓDICA,EUTIROX NF 112 MCG 
POMALIDOMIDA,POMALIDOMIDA 1 mg 
POMALIDOMIDA,POMADEX 1 MG
POMALIDOMIDA,POMALIDOMIDA 2 mg
POMALIDOMIDA,POMADEX  2 mg
CLONIDINA,CLONEDIX 0.1
CLARITROMICINA,CLARITROMICINA LAM®  
CLARITROMICINA,CLARITROMICINA MAMEY®  
CLARITROMICINA,CLARILAM®  
LEVOTIROXINA SÓDICA,EUTIROX® NF 25 mcg
LEVOTIROCINA SÓDICA,EUTIROX NF 25 MCG
LEVOTIROXINA SÓDICA,EUTIROX® NF 50MCG
LEVOTIROXINA SÓDICA,EUTIROX NF 50 MCG
ACETATO DE INDACATEROL + FUROATO DE MOMETASONA,ATECTURA BREEZHALER
ACETATO DE INDACATEROL + FUROATO DE MOMETASONA,ATECTURA BREEZHALER
ACETATO DE INDACATEROL + FUROATO DE MOMETASONA,ATECTURA BREEZHALER
ACETATO DE INDACATEROL + FUROATO DE MOMETASONA,ATECTURA BREEZHALER
"DIOSMINA 450 MG, HESPERIDINA 50 MG",ATUREN 500
"DIOSMINA 900 MG, HESPERIDINA 100 MG",ATUREN 1000
IPILIMUMAB,YERVOY
NIVOLUMAB,OPDIVO®
NIVOLUMAB,OPDIVO®
SUCRALFATO,DUOSUCRAL®  1000
ACETILCISTEINA,ACETILCISTEINA 600 MG IF
ACETILCISTEINA,ACETILCISTEINA 600 MG IF 
CLORPROMAZINA CLORHIDRATO,DIKALIM
LISINOPRIL,LISINOPRIL
BISOPROLOL FUMARATO -HIDROCLOROTIAZIDA,KARVEA
VER AL DORSO,AMLODIPINA 10 mg  + HIDROCLOROTIAZIDA 25 mg
VALSARTÁN,VALSARTAN 80 MG (LINEA INTRALAB)
VALSARTÁN,VALSARTAN 160 MG (LINEA INTRALAB)
BIFONAZOL - UREA,CANESPOR
VER AL DORSO,MONOMICINA
ESCITALOPRAM,ESCIGRESS 5
AMBROXOL HCL,Z-LIM
LEVOCETIRIZINA DICLORHIDRATO,CIPATON
LEVOCETIRIZINA DICLORHIDRATO,CIPATON
APIXABAN,APIXABAN 5 mg 
APIXABAN,ELIXIBAN 5 MG 
APIXABAN,PIXAGIL 5 
CIPROFIBRATO,CEROLIP
APIXABAN,APIXABAN 2.5 mg
APIXABAN,ELIXIBAN 2.5 mg
APIXABAN,PIXAGIL 2.5
ANASTROZOLE USP,ANASTRAZ
LEVOTIROXINA SÓDICA,EUTIROX® NF 100 mcg
LEVOTIROXINA SÓDICA,EUTIROX NF 100 MCG 
LEVOTIROXINA SÓDICA,EUTIROX® NF 200 mcg
LEVOTIROXINA SÓDICA,EUTIROX NF 200 MCG
CLONIDINA HCL,COASIN 0.2
LOSARTAN POTASICO + AMLODIPINA BESILATO,LOSARTAN POTASICO 100 mg + AMLODIPINA 5 mg
BUDESONIDA,BUDESONIDA 
CALCITRIOL,CALCITRIOL SUIPHAR
PACLITAXEL,PACLITAXEL
CLORHIDRATO DE IRINOTECAN TRIHIDRATO,IRINOTECAN 
CANDESARTAN CILEXETIL,TRIOBRAS®16 
CITICOLINA SODICA + NIMODIPINA,CICOLINA- N
VER AL DORSO,MONOMICINA
VER AL DORSO,TRIOBRAS®H 32/12.5
IBUPROFENO,IBUPROFENO 600 MG
LEVETIRACETAM,KEPACOL 500
METFORMINA + VILDAGLIPTINA,VENFOMET DUO 500/50
OLMESARTAN MEDOXOMILO E HIDROCLOROTIAZIDA,OLMY-H 40 mg /12.5 mg 
VER AL DORSO,UVAMIN RETARD
LINAGLIPTINA,AGNAGLIP
VITAMINA D3 EQUIVALENTE A COLECALCIFEROL,D-FEROL
MITOMICINA,MITOCYNTAS
SALMETEROL + FLUTICASONA.,SERETIDE DISKUS
SALMETEROL + FLUTICASONA.,SERETIDE DISKUS
EMPAGLIFLOZINA,EFOXIN 10 
ALPRAZOLAM,ALZOCOL 1
ALPRAZOLAM,ALZOCOL 2
ACETATO DE CIPROTERONA MICRONIZADO,ANDROCUR® 
BROMURO DE IPRATROPIO MONOHIDRATADO,IPRATROPIO ADULTOS
SALBUTAMOL SULFATO,SALBUTAMOL ADULTOS
PREDNISOLONA + LORATADINA,PRENAUD-L
PREDNISOLONA,PREDNISOLONA 5 MG IF 
PREDNISOLONA,PRENAUD 5
PERÓXIDO DE BENZOÍLO / ADAPALENE,APARTAL FORTE®
LEVETIRACETAM,COLIBRI - 500
LEVETIRACETAM,COLIBRI - 1000
LEVOFLOXACINO,LANDAX
DAPAGLIFLOZINA + METFORMINA HCL,XIGDARA®  MET 1000/10
DAPAGLIFLOZINA + METFORMINA HCL,XIGDARA®  MET 1000/10
DAPAGLIFLOZINA + METFORMINA HCL,DAPAGLIFLOZINA + METFORMINA LAM® 10/1000 XR
DAPAGLIFLOZINA + METFORMINA HCL,DAPAGLIFLOZINA + METFORMINA MAMEY® 10/1000 XR
DAPAGLIFLOZINA + METFORMINA HCL,DAPAGLIFLOZINA + METFORMINA MAMEY® 10/1000 XR
ALBENDAZOL,ALBENDAZOL
METRONIDAZOL,METRONIDAZOL 
PARACETAMOL,PARACETAMOL 
MEBENDAZOL,MEBENDAZOL 
PARACETAMOL,PARACETAMOL INYECCIÓN 1% P/V
IBUPROFEN,IBUPROFEN 
DIFENHIDRAMINA CLORHIDRATO,DIFENHIDRAMINA CLORHIDRATO
ALBENDAZOL,ZENTEL
FUROSEMIDA,FUROSEMIDA MAMEY®  10 MG
FUROSEMIDA,FUROSEMIDA MAMEY®  
CLINDAMICINA,CLINDAMICINA MAMEY®  600 MG
CLORHIDRATO DE LIDOCAÍNA,LIDOCAINA MAMEY®   2%
ACETAMINOFEN,ACETAMINOFEN 125 mg/5mL SOLUCIÓN ORAL (LINEA INTRALAB)
SULFATO DE ATROPINA,ATROPINA
CLORHIDRATO DE TRAMADOL,TRAMADOL CLINAR
METRONIDAZOL,METROMAXX
KETOCONAZOL,COLKET
HIDROCORTISONA SUCCINATO SÓDICO,HAIMETRIL
HIDROCORTISONA SUCCINATO SÓDICO,HIDROCORTISONA
ACICLOVIR,INDUFAR TRINALER  FORTE
AMBROXOL HCL,Z-LIM FORTE
IBUPROFENO,MEDICAL BANES 200 
TRAMADOL CLORHIDRATO,TRAMADOL ALTABIO
PERMETRINA BP,PERMETRINA 
ACICLOVIR,INDUFAR TRINALER
TARTRATO ACIDO DE ADRENALINA BP,ADRENALINA
ANIDULAFUNGINA,ANIDULAFUNGINA
ANIDULAFUNGINA,ANIDAMUFINES
PARACETAMOL,PARACETAMOL
METRONIDAZOL,METRONIDAZOL
HIDROCORTISONA SUCCINATO DE SODIO,HIDROCORTISONA SUCCINATO DE SODIO USP 100 MG
LEVETIRACETAM,COLIBRI
IBUPROFEN,IBUPROFEN 
LEVETIRACETAM,LEVETIRACETAM 500 mg/5 mL 
TADALAFILO,INVICTUS 5MG
TADALAFILO,INVICTUS 5 MG
PREDNISOLONA + LORATADINA,PREDNISOLONA 5 MG + LORATADINA 10 MG IF
VER AL DORSO,LAMOXI-AC 1000
ACEBROFILINA,PECTO BRONCOL 
ACEBROFILINA,MUCOFREE IQI
BROMHEXINA CLORHIDRATO,BROMHEXINA 
NITRATO DE MICONAZOL,MICOZIVIC
RISPERIDONA,ALREDIL
VER AL DORSO,LENOY SHAMPOO MEDICADO ANTI-CASPA PRO
CLOPIDOGREL,CLOPIDOGREL 75 MG
CLONAZEPAM,CLONAZEPAM 0.5 MG PARABIEN
CLONAZEPAM,CLONAZEPAM 1 MG PARABIEN
PARACETAMOL,PARACETAMOL SAMED
PARACETAMOL,PARACETAMOL
VILDAGLIPTINA,VILDARA®  50
VILDAGLIPTINA,VILDARA®  50
VILDAGLIPTINA,VILDARA®  50
CIANOCOBALAMINA (VITAMINA B12),NEURO ALFA-B12
FEXOFENADINA CLORHIDRATO,FEXOFAST TQ
FEXOFENADINA CLORHIDRATO,FEXOFAST
FEXOFENADINA CLORHIDRATO,FEXOFAST TQ
FEXOFENADINA CLORHIDRATO,FEXOFAST
VER AL DORSO,PRESATORE 10 MG
OLANZAPINA,OLANZAPINA 5MG PARABIEN
RISPERIDONA,RISPERIDONA 1MG PARABIEN
RISPERIDONA,RISPERIDONA 2 MG PARABIEN
RISPERIDONA,RISPERIDONA 3 MG PARABIEN
MEROPENEM,MEROPENEM 500 MG
MEROPENEM,MEROPENEM 1 G
ESOMEPRAZOL SODICO,EZOMAXX
MULTICOMPOSICION,COMANDO ANTIGRIPAL
VER AL DORSO,CIPROFLOXACINA
CIPROFLOXACINA LACTATO MONOHIDRATO,CIPROPOL
MENTOL,BIOFREEZE - PAIN RELIEVING SPRAY
OMEPRAZOL SODICO,OMEPRAZOL
TERBINAFINA HCL,ANDI-AZIL SPRAY
METAMIZOL SÓDICO MONOHIDRATO,METAMIZOL SÓDICO 
VER AL DORSO,QUETIAPINA  
QUETIAPINA FUMARATO EQUIVALENTE A QUETIAPINA,QUETIAPINA 
SULFATO DE ZINC MONOHIDRATO USP EQUIV A ZINC ELEMENTAL,SULFATO  DE ZINC 
GLUCONATO DE CLORHEXIDINA,ASECLORE
METILPREDNISOLONA SUCCINATO DE SODIO USP,METILPREDNISOLONA SUCCINATO DE SODIO USP
METILPREDNISOLONA SUCCINATO DE SODIO USP,NURMEN
METILPREDNISOLONA SUCCINATO DE SODIO USP,NURMEN
METILPREDNISOLONA SUCCINATO DE SODIO USP,METILPREDNISOLONA SUCCINATO DE SODIO USP
METILPREDNISOLONA SUCCINATO DE SODIO USP,NURMEN
METILPREDNISOLONA SUCCINATO DE SODIO USP,NURMEN
VER AL DORSO,PROPOFOL INYECTABLE BP 1% P / V
MILRINONE USP,LACTATO DE MILRINONA INYECCIÓN USP
KETOROLACO TROMETAMINA,DOLTEN 60 
KETOROLACO TROMETAMINA,KETORODOL 60
KETOROLACO TROMETAMINA,DOLTEN 30 
ONDANSETRÓN (COMO CLORHIDRATO DIHIDRATO),SETRON 8
KETOROLACO TROMETAMINA,KETOROLACO MAMEY® 30 MG
KETOROLACO TROMETAMINA,KETOROLACO MAMEY®    60 MG
SULFATO DE MAGNESIO,SULFATO DE MAGNESIO
NEPAFENACO,OKSANA
QUETIAPINA FUMARATO,QUETIAPINA INMENOL
QUETIAPINA FUMARATO,QUETIAPINA INMENOL
PREGABALINA,PBREN 75
CIPROFLOXACINA CLORHIDRATO,CIPROFLOXACINA
SULFATO DE MAGNESIO,SULFATO DE MAGNESIO
METAMIZOL SODICO,METAMIZOL SODICO
PEROXIDO DE BENZOILO,PEROXIDO DE BENZOILO GV
GLUCONATO DE CLORHEXIDINA,WESCOHEX SOLUCIÓN
YODOPOVIDONA,YODOPOVIDONA  10% INMENOL.
VER AL DORSO,JB PRAZOL-20
GEFITINIB,GEFITINIB 250MG
ACETATO DE CIPROTERONA – ETINILESTRADIOL,DIANE® 35 NF  
CLORHIDRATO DE FENILEFRINA + TROPICAMIDA,OCUALER  
CANDESARTAN CILEXETIL,TRIOBRAS®32
VER AL DORSO,SOLUDERMIS
OLANZAPINA,OLANZAPINA 10 MG PARABIEN
OLANZAPINA,OLANZAPINA 10 MG PARABIEN 
MIDAZOLAM,MIDAZOLAM 
OLMESARTAN MEDOXOMILO,OLTACAM 20
OLMESARTAN MEDOXOMILO,OLTACAM 40
LENALIDOMIDA,LENAKAST-10
PREGABALINA,KINEPTIA
PREGABALINA,KINEPTIA
PALBOCICLIB INN,PALBOCICLIB 125 MG
FENITOINA SODICA,FENITOINA SODICA 
DICLOFENAC POTASICO,DICLOFENAC POTASICO
DICLOFENAC POTASICO,DICLOFENAC POTASICO
VER AL DORSO,TETRACICLINA
ARIPIPRAZOL,ARIPIPRAZOL
ARIPIPRAZOL,ARIPIPRAZOL
ARIPIPRAZOL, ARIPIPRAZOL
METFORMINA HCL,METFORMINA 850 MG
METFORMINA HCL,METFORMINA 500 MG
AMPICILINA TRIHIDRATO EQUIV A AMPICILINA ANHIDRA,AMPICILINA 
CLORHIDRATO DE TETRACICLINA EQUIV A TETRACICLINA ANHIDRA,TETRACICLINA 
VER AL DORSO,TETRACICLINA 
BISOPROLOL FUMARATO,BIPROLIL 
BISOPROLOL FUMARATO,BIPROLIL
BISOPROLOL FUMARATO,BIPROLIL
HIDROCLOROTIAZIDA,HIDROCLOROTIAZIDA
CARBAMAZEPINA,CARBAMAZEPINA 
VER AL DORSO,LATANOPROST GOTAS PARA LOS OJOS
BITARTRATO DE NOREPINEFRINA USP,BITARTRATO DE  NOREPINEFRINA  USP 1 mg / mL
OMEPRAZOL,OMEPRAZOL 20 MG 
DOXILAMINA SUCCINATO/ PIRIDOXINA CLORHIDRATO,NYVEM ®
CITICOLINA SÓDICA EQUIVALENTE A CITICOLINA,CITICOLINA  MAMEY®   1000 MG
VER AL DORSO,ESOMEPRAZOL -PF
CITICOLINA SÓDICA EQUIVALENTE A CITICOLINA,CITICOLINA  MAMEY®  500 MG
PREGABALINA,PREGABALINA
PREGABALINA,PREGABALINA 150 MG
PREGABALINA,PREGABALINA 150 MG
ESOMEPRAZOL MAGNESIO PELLETS EQ. A ESOMEPRAZOL,EUROFARMA MILENIUM 20 MG
ESOMEPRAZOL MAGNESIO PELLETS EQ. A ESOMEPRAZOL,QUALIUM
ESOMEPRAZOL MAGNESIO PELLETS EQ. A ESOMEPRAZOL,EUROFARMA MILENIUM 40 MG
VER AL DORSO,QUALIUM
VER AL DORSO,AMOXVULAN
HALOPERIDOL,HALOPERIDOL
HALOPERIDOL,HALOPERIDOL 
DOXAZOSINA MESILATO EQUIVALENTEA DOXAZOSINA,DOXAZOSINA
DEXKETOPROFENO TROMETAMOL EQ. A DEXKETOPROFENO,EUROFARMA MIRACOX
TIOCOLCHICÓSIDO,TIOCOLCHICÓSIDO 4 MG
TIOCOLCHICÓSIDO,EUROFARMA CONTRACTIL 
FUROSEMIDA,FUROSEMIDA
BETAHISTINA MESILATO,VERTILAM®  6 
BETAHISTINA MESILATO,BETAHISTINA LAM®  6 MG 
BETAHISTINA MESILATO,BETAHISTINA MAMEY®  6 MG 
TARTRATO DE BRIMONIDINA + MALEATO DE TIMOLOL,BRIMONI T
CARBONATO DE SEVELÁMERO,PHOSTRIM 
VER AL DORSO,TIROFIBÁN 
ERTAPENEM,INVARUX
VORTIOXETINA (COMO BROMHIDRATO) .,OLPIN 10
VORTIOXETINA (COMO BROMHIDRATO) .,OLPIN 5
VORTIOXETINA (COMO BROMHIDRATO) .,OLPIN 20
ETORICOXIB,ETEX-CURE 120
DROSPIRENONA Y ETINILESTRADIOL,ELEXIA
DEFLAZACORT,DEFLAZACORT 
DEFLAZACORT,DEFLAZACORT 
CAPECITABINE,CITACAP
PREGABALINA,PREGABALINA 300 MG
SERTRALINA,SERTRALINA 50 MG PARABIEN
SERTRALINA,SERTRALINA 100 MG PARABIEN
DROSPIRENONA + ETINILESTRADIOL,SUSY 20
MELOXICAM,DOLOVITRIL AGNES
LISINOPRIL,LISINOPRIL 10 MG
METFORMINA + SITAGLIPTINA,METFORMINA 1000 MG + SITAGLIPTINA 50 MG IF 
VER AL DORSO,GLIPTAXIN-M 1000/50
METFORMINA HCL,METFORMINA XR 850 MG IF
METFORMINA HCL,MEDIABET XR 850
TACROLIMUS,TACROLIMUS 5 MG
TACROLIMUS,TAMACRO 5 MG 
FENITOINA SODICA,FENITOÍNA INMENOL 
COLCHICINA,COLCHICINA FELTREX
ZOLPIDEM TARTRATO,ZOLPIDEM  LAM® 10 MG
ZOLPIDEM TARTRATO,DORPILEN® 10 
NEBIVOLOL CLORHIDRATO (EQUIVALENTE A NEBIVOLOL BASE),PRESATORE 2.5 MG
VILDAGLIPTINA-METFORMINA CLORHIDRATO,VILDAVITAE PLUS
VILDAGLIPTINA - METFORMINA CLORHIDRATO,VILDAVITAE PLUS
EMPAGLIFLOZINA + LINAGLIPTINA,JARDIANZ DPP
SITAGLIPTINA CLORHIDRATO MONOHIDRATO,SITAVITAE
ALPRAZOLAM,ALZOCOL 0.5
ALPRAZOLAM,ALZOCOL 0.25
LEVETIRACETAM,KEPACOL 1000
VER AL DORSO,CARBOXIMETILCISTEÍNA (VER AL DORSO)
ROSUVASTATINA CALCICA EQUIVALENTE A ROSUVASTATINA,ROSUSTAR 10 MG
OMEPRAZOL,OMEPRAZOL 40mg
METOPROLOL TARTRATO / CLORTALIDONA,METOPROLOL + CLORTALIDONA LAM® 100/25
METOPROLOL TARTRATO / CLORTALIDONA,METOPROL® C 100/25
DICLOFENAC POTÁSICO,DICLOFENAC POTÁSICO 50 MG
DESVENLAFAXINA,FANAXIL®  100 
DESVENLAFAXINA,DESVENLAFAXINA LAM®  100 MG 
ACETATO DE ICATIBANT,ICATIBANT
METFORMINA CLORHIDRATO,G-MET G-TABS 850 MG 
METFORMINA HCL + SITAGLIPTINA FOSFATO MONOHIDRATO,GLIPTAXIN-M 500/50
PERÓXIDO DE BENZOÍLO / ADAPALENE /,APARTAL®
OLMESARTAN MEDOXOMILO,OLMESARTAN 20 MG
OLMESARTAN MEDOXOMILO,OLMESARTAN 40 MG 
VER AL DORSO,LAMOXI-AC 312.5
POMALIDOMIDA,POMALIDOMIDA 4 MG 
POMALIDOMIDA,POMADEX 4 mg 
VER AL DORSO,OLTACAM PLUS 20/5 
OLMESARTAN MEDOXOMILO + HIDROCLOROTIAZIDA,OLTACAM D 20/25 
BIPERIDENO,AKINETON
BIPERIDENO,AKINETON
VER AL DORSO,OLTACAM PLUS D 20/5/25  
DAPAGLIFLOZINA + METFORMINA HCL,DAPAX®  MET 1000/10
DAPAGLIFLOZINA + METFORMINA HCL,DAPAX®  MET 1000/10
ETORICOXIB,ETORICOXIB
ETORICOXIB,ETORICOXIB
LEVETIRACETAM,LEVETIRACETAM 
VER AL DORSO,LEVOFLOXACINA
LOSARTAN POTASICO USP,LOSARTAN POTASICO
VER AL DORSO,LEVOFLOXACINA
DICLOFENACO POTASICO,DICLOFENACO POTASICO
SULFATO DE SALBUTAMOL BP EQUIV A SALBUTAMOL,SALBUTAMOL 
LORATADINA,LORATADINA 
RAMIPRIL,RAMIPRIL 2.5 mg (LINEA INTRALAB)
VER AL DORSO,MAGNAPRES-AM 320/5
AMLODIPINA (COMO BESILATO),HALOMED 5mg
VER AL DORSO,CICLOTRANS -40
PROPOFOL,PROPOFOL-PF 1%
DICLORHIDRATO DE CETIRIZINA,CETERIPLEX 
DEXAMETASONA,DEXAMETASONA  MAMEY® 4 MG
DEXAMETASONA,DEXAMETASONA  MAMEY® 
FENTERMINA RESINATO,NOVOCETONIL 30
FENTERMINA RESINATO,NOVOCETONIL 30
TAMSULOSINA CLORHIDRATO EQ. A TAMSULOSINA,TAMSULOSINA 0.4 MG (LINEA INTRALAB)
LORATADINA,LORATANOVUM 
TOPIRAMATO,TOPIRAMATO
AZITROMICINA DIHIDRATO,AZITRONOVUM
TAMSULOSINA 0.4 MG,TAMSULOSINA 
TAMSULOSINA,TAMSULOSINA 0.4 MG
TAMSULOSINA,TAMSULOSINA 0.4 MG
SULFATO DE TOBRAMICINA / DEXAMETASONA,TIVIX D
DEXAMETASONA,REUDEX 4 (LINEA INTRALAB)
DEXAMETASONA,REUDEX 0.5 (LINEA INTRALAB)
AZITROMICINA DIHIDRATO,AZITROMICINA  500 MG VIJOSA 
DEXAMETASONA,REUDEX 0.5 MG/5ML SOLUCIÓN ORAL (LINEA INTRALAB)
PREGABALINA,PREGABALINA
PREGABALINA,PREGABALINA
CEFIXIMA (COMO TRIHIDRATO),CIMAFIX FORTE
DEXAMETASONA FOSFATO,DEXANOVUM
RIFAXIMINA,KAYMON
TICAGRELOR,TICAGRELOR
LEVETIRACETAM,COLIBRI - 1000
NISTATINA,NISTA-FUR
ALBENDAZOL,ALBENOVUM
CLOZAPINA,CLOZAPINA
OLANZAPINA,OLANZAPINA
ISOSORBIDA DINITRATO,ISOSORBIDA DINITRATO 
CLOZAPINA,CLOZAPINA 
LEVETIRACETAM,COLIBRI - 500
ACETILCISTEÍNA,MENAXOL FORTE 600 MG
DEXAMETASONA FOSFATO DE SODIO USP 8MG/2ML,DEXAMETASONA FOSFATO DE SODIO USP 8MG/2ML
BROMURO DE ROCURONIO,BROMURO DE ROCURONIO POLIFARMA
VITAMINA D3 5000 UI,OMARA® 5000
COLECALCIFEROL (VITAMINA D 3 ),OMARA® 2000
TOPIRAMATO,TOPIRAMATO 
ZOLPIDEM TARTRATO,ZOLPIDEM  MAMEY® 10 MG
VER AL DORSO,CREMA SULFADIAZINA DE PLATA (VER CONT. AL DORSO)
KETOCONAZOL BP,KETOCONAZOL
KETOCONAZOL,KETOBRIT 
LEVOFLOXACINA HEMIHIDRATADO,LEVOFLOXACINA USP - 750 MG
PREGABALINA + MECOBALAMINA,PREGAGESIC M
AMOXICILINA TRIHIDRATADA + CLAVULANATO DE POTASIO,LAMOXI-AC 457
AMOXICILINA +ACIDO CLAVULÁNICO,AMOXICILINA 875 MG  + ACIDO CLAVULÁNICO 125 MG IF
LISINOPRIL,LISINOPRIL 20 MG
VER AL DORSO,OLTACAM PLUS D 40/5/25  
PREGABALINA,NEURAXPREG ®  50
PREGABALINA,PREGABALINA MAMEY ®  50 MG
PREGABALINA,PREGABALINA LAM ®  50 MG
AMBROXOL CLORHIDRATO + CLENBUTEROL CLORHIDRATO,AMBROXOL + CLENBUTEROL- CLASC SAMED
VER AL DORSO,ALFATOS
LAMOTRIGINA,LAMONAX® 25 MG
ASPARTATO DE ARGININA,MECTINAL®
ASPARTATO DE ARGININA,PREOMISOL ALFA®
SERTRALINA HCL EQUIVALENTE A SERTRALINA BASE,MIPEXOL®  50 MG 
CLINDAMICINA FOSFATO EQUIVALENTE A CLINDAMICINA,DAMICINAX®
SITAGLIPTINA FOSFATO MONOHIDRATADA,SITAGLUCOL®  100
SITAGLIPTINA FOSFATO MONOHIDRATADA,SIGDINA® 100 
SITAGLIPTINA FOSFATO MONOHIDRATADA + METFORMINA HCL,SITAGLIPTINA + METFORMINA LAM®  50/500 
METOPROLOL TARTRATO / CLORTALIDONA,METOPRES® C 100/25
METOPROLOL TARTRATO / CLORTALIDONA,METOPROLOL + CLORTALIDONA MAMEY® 100/25
METOPROLOL TARTRATO / CLORTALIDONA,VIDACOR® C 100/25
LAMOTRIGINA,LAMOTRIGINA LAM®  50 MG 
LAMOTRIGINA,LAMOTRIN® 50
FUROSEMIDA,FUROSCARD-40
LEVOSULPIRIDA,LEVOSULPIRIDA ALFA 25 MG/2 ML
TRAMADOL HCL,TRAXIMADOL® 50 MG / 1ML
OLANZAPINA,OLANZAPINA ALFA 5 MG
LAMOTRIGINA,LAMOTRIGINA ALFA 25 MG
LAMOTRIGINA,LAMOTRIGINA ALFA 50 MG
QUETIAPINA FUMARATO EQUIVALENTE A QUETIAPINA,QUETIAPINA ALFA  25 MG
RISPERIDONA,RISPERIDONA ALFA 3 MG 
ÁCIDO SALICÍLICO,ÁCIDO SALICÍLICO
SULFATO FERROSO HEPTAHIDRATADO + ACIDO FOLICO,DEXAVIT
VER AL DORSO,ADACEL
SITAGLIPTINA/METFORMINA CLORHIDRATO,SITAVITAE PLUS
SITAGLIPTINA / METFORMINA CLORHIDRATO,SITAVITAE PLUS
SILODOSINA,TEGLINIL
CETIRIZINA,CETIRIZINA 10 MG IF
AMOXICILINA+ ACIDO CLAVULANICO,AMOXICILINA  250 MG + ACIDO CLAVULANICO 62.5 MG IF
AMOXICILINA+ ACIDO CLAVULANICO,AMOXICILINA 400 MG + ACIDO CLAVULANICO 57 MG IF
CICLOBENZAPRINA CLORHIDRATO + CLONIXINATO DE LISINA, CLONIXINATO DE LISINA (VER AL DORSO) 
PACLITAXEL,PACLITAXEL 
MONTELUKAST,ALERMONT 4 
ACEBROFILINA,TUSIGEN
EMPAGLIFLOZINA,EFOXIN 25
CITICOLINA,CITICOLINA 500 MG IF
CITICOLINA,IBERCOLINA 500
EMPAGLIFLOZINA / METFORMINA HCL,EFOXIN - M 12.5/1000
DAPAGLIFLOZINA + METFORMINA HCL,GLUCODA®  MET 1000/10
DAPAGLIFLOZINA + METFORMINA HCL,GLUCODA®  MET 1000/10
CLORHIDRATO DE PAZOPANIB,VOTRIENT
ROSUVASTATINA CÁLCICA,ROTAVIN 40 MG
AMBROXOL HCL,AMBROXOL GOTAS IF 
VALSARTAN + SACUBITRILO,TERAPRES – SAC 50
VALSARTAN + SACUBITRILO,TERAPRES – SAC 100
VALSARTAN+SACUBITRILO,TERAPRES-SAC 200
ACETATO DE GOSERELINA,GOVOLYX 3.6MG
ACETATO DE GOSERELINA,GOVOLYX 10.8 MG
FUMARATO DE QUETIAPINA,INQUETIA
FACTOR ANTIHEMOFÍLICO (RECOMBINANTE) 500 UI,KOVALTRY® 
EMPAGLIFLOZINA,PAGLICOL 10
EMPAGLIFLOZINA,PAGLICOL 25
VER AL DORSO,RENACENZ®
LEVETIRACETAM,LEVECOM XR  750
MELOXICAM,MELOXICAM 15 MG
LINEZOLID,LINEZOLID
LINEZOLID,LINEZOLID
PARACETAMOL + ORFENADRINA,NORGESIC
MULTICOMPOSICION,VAXNEUVANCE / VACUNA NEUMOCOCICA (Ver al dorso)
MULTICOMPOSICION,VAXNEUVANCE / VACUNA NEUMOCÓCICA (Ver al dorso)
TADALAFILO,MENAX
MONTELUKAST + LEVOCETIRIZINA,MONTELUK-L
OCTREOTIDA,SANDOSTATIN 0.05 MG / ML
ELTROMBOPAG OLAMINA,REVOLADE 50 MG
OLANZAPINA / FLUOXETINA HCL,LANZEP®  DUO 6/50
ETORICOXIB,DOLTRAX 90
ETORICOXIB,DOLTRAX 120
MULTICOMPOSICIÓN,FRUTADEX MERENGUE SUERO DE REHIDRATACIÓN ORAL
LACOSAMIDA,LACOSAMIDA  
LACOSAMIDA,LACOSAMIDA  
LACOSAMIDA,LACOSAMIDA  
AMLODIPINA BESILATO EQUIVALENTE A AMLODIPINA,AMLODIPINA BESILATO 
DOXILAMINA SUCCINATO/ PIRIDOXINA CLORHIDRATO,NAUSATIL
MECOBALAMINA,MECOBALAMINA
NIFEDIPINA,NIFEDIPINA 
IOPAMIDOL,IOPAMIDOL INYECTABLE
IOPAMIDOL,IOPAMAX
SULFATO FERROSO,SULFATO FERROSO
LORATADINA,LORATADINA 
NIFEDIPINA,NIFEDIPINA 
CIPROFLOXACINA CLORHIDRATO MONOHIDRATO,CIPRONOVUM
ACIDO FÓLICO,ACIDO  FÓLICO 
ACIDO FÓLICO,ACIDO  FÓLICO 
BRIMONIDINA TARTRATO /TIMOLOL,BRIMOPRESS ®  T
ALBENDAZOL,ALBENDAZOL
VITAMINA E (COMO DI-ALFA TOCOFERIL ACETATO),VITAMINA E 1000 UI (LINEA INTRALAB)
CLINDAMICINA,CLINDAMICINA 
CLINDAMICINA,CLINDAMICINA 
CETIRIZINA DICLORHIDRATO,CETIRIZINA
CETIRIZINA DICLORHIDRATO,CETIRIZINA 10 MG
LORATADINA,LORATADINA
LORATADINA,LORATADINA 10 MG
IBUPROFENO (90% CD*),MEDICAL BANES FORTE
INDOMETACINA,INDOMETACINA 25 MG (LINEA INTRALAB)                            
LOSARTÁN POTÁSICO,LOSARNOVUM
ACICLOVIR,INDUFAR TRINALER
ACICLOVIR,INDUFAR TRINALER 400
ACICLOVIR,INDUFAR TRINALER 800
EMPAGLIFLOZINA,EMPAGLUCOL® 25  
EMPAGLIFLOZINA,EMPAGLUCOL® 25
VER AL DORSO,ESMOLOL
CIPROFLOXACINA CLORHIDRATO,CIPROFLOXACINA 500 MG 
CETIRIZINA CLORHIDRATO,CETIRIZINA 
CEFIXIMA (COMO TRIHIDRATO),CIMAFIX
LORATADINA,LORATANOVUM 
DICLOFENACO SÓDICO,DICLONOVUM
SUMATRIPTÁN SUCCINATO EQUIVALENTE A SUMATRIPTAN,SUMATRIPTÁN
CEFIXIMA TRIHIDRATO,CEFIBIOTIC®  200
CEFIXIMA TRIHIDRATO,CEFIBIOTIC®  200
DONEPEZILO HCL,DOMENEURAL® 5 MG
SERTRALINA CLORHIDRATO,SERTRALINA
SERTRALINA CLORHIDRATO,SERQUILIN
SUMATRIPTÁN SUCCINATO EQUIVALENTE A SUMATRIPTAN,SUMATRIPTÁN 
VER AL DORSO,FINASTERIDE
ESPIRONOLACTONA,TOPACIO - 25
ESPIRONOLACTONA,TOPACIO - 100
IRBESARTAN,IRBESARTAN CALOX 
BROMURO DE OTILONIO,EUROFARMA COLICA
BROMURO DE OTILONIO,EUROFARMA COLICA
ESOMEPRAZOL TRIHIDRATO DE MAGNESIO,GUSOMEP
MIRTAZAPINA,COMENTER
MIRTAZAPINA,COMENTER
AZACITIDINA,CITAZA 100 MG
DROSPIRENONA+ETINILESTRADIOL,SUSY 
ESCITALOPRAM,AFYA
CITARABINA,CITARABINA KEMEX
CITARABINA,CITARABINA KEMEX
CITARABINA,CITARABINA KEMEX
QUETIAPINA FUMARATO EQUIV. A QUETIAPINA BASE,QUETIAPINA FUMARATO 25 MG
VER AL DORSO,PLENVU
ROSUVASTATINA + EZETIMIBA,ALZIL PLUS 20 MG / 10 MG
ROSUVASTATINA + EZETIMIBA,ESFERIUM 20 MG / 10 MG
VER AL DORSO,ARAMAX PLUS 300/5
VALSARTAN / SACUBITRILO,VALODIPIN -S 50
VALSARTAN /SACUBITRILO,VALODIPIN -S 200 
BIMATOPROST,LUMIGAN 0.01%
CLONAZEPAM,CLONAZEPAM 2 MG PARABIEN
DIFLUPREDNATO,DIFLUREX OFTENO
ROSUVASTATINA - EZETIMIBA,RUMADA 
ROSUVASTATINA - EZETIMIBA,RUMADA 
DONEPEZILO CLORHIDRATO / MEMANTINA CLORHIDRATO,TONIBRAL DUO
DONEPEZILO CLORHIDRATO / MEMANTINA CLORHIDRATO,TONIBRAL DUO
VER AL DORSO,GENTAMICINA SULFATO
MONTELUKAST SODICO,REVANALER-5
BUTILBROMURO DE HIOSCINA, BUSCAPINA
BUTILBROMURO DE HIOSCINA,BUSCAPINA
BUTILBROMURO DE HIOSCINA,BUSCAPINA
FLUCONAZOL,GINOMEGA
METRONIDAZOL + DIIODOHIDROXIQUINOLEINA,METOPLUS
SERTRALINA CLORHIDRATO,SERTRALINA 100 MG
BISOPROLOL FUMARATO- HIDROCLOROTIAZIDA,KARVEA
VENLAFAXINA CLORHIDRATO EQUIVALENTE A VENLAFAXINA,VENLAFAXINA
VENLAFAXINA CLORHIDRATO EQUIVALENTE A VENLAFAXINA, VENLAFAXINA
MELOXICAM,MELOXICAM
SECNIDAZOL,SECNIDAZOL 
LEVOCETIRIZINA DICLORHIDRATO + MONTELUKAST,MONTELIZ
BESILATO DE AMLODIPINA,AMAPINE-5
QUETIAPINA FUMARATO EQUIVALENTE A QUETIAPINA,QUETIAPINA 25 MG (LINEA INTRALAB)
BESILATO DE AMLODIPINA,AMAPINE-10
VALSARTAN + HIDROCLOROTIAZIDA,MAGNAPRES-D 320/12.5
LACOSAMIDA,IRMEGLOL
VER AL DORSO,DOREBEN XR
PIROXICAM,PIROXICAM 
VER AL DORSO,AZITROMICINA 
ACETAMINOFEN,ACETAMINOFEN 
VER AL DORSO,VITAMINA COMPLEJO B
VER AL DORSO, COMPLEJO B
METRONIDAZOL,METRONOVUM
CEFTRIAXONA,CEFTRIAXONA
METILCOBALAMINA,NEUROCOBAL FORTE
METILCOBALAMINA,GABAMETHYL AGLF FORTE
ATORVASTATINA,ATORVASTATINA 40
OXCARBAZEPINA,OXCARBAZEPINA 
PANTOPRAZOL SÓDICO SESQUIHIDRATADO,PANTOPRAZOL SÓDICO
CEFTRIAXONA SODICA,ZUNAPRID
IVERMECTINA,IVERNOVUM
OMEPRAZOL,OMEPRAZOL 20 MG
OMEPRAZOL,OMEPRAZOL 40 MG
TADALAFIL,TADALAFIL
METFORMINA HCL,METFORMINA 850 MG
METFORMINA HCL,GLUDEN® 850  
CETIRIZINA,CETIRIZINA
QUETIAPINA FUMARATO EQUIVALENTE A QUETIAPINA,QUETIAPINA ALFA 200 MG
QUETIAPINA FUMARATO EQUIVALENTE A QUETIAPINA,QUETAPRIL®  200 MG
LACOSAMIDA,LACUNAL® 100MG
DAPAGLIFLOZINA + METFORMINA HCL,XIGDARA®  MET 1000/5
METILPREDNISOLONA SUCCINATO SÓDICO,CORTIHEXA
LACTOLOSA,LACTULOSA MAMEY
TETRACICLINA CLORHIDRATO,TETRACICLINA 
CITICOLINA SODICA,ROVALANG
EMPAGLIFLOZINA,EMPAGLUCOL® 10  
EMPAGLIFLOZINA,EMPAGLUCOL® 10
LEVOFLOXACINO (COMO LEVOFLOXACINO HEMIDRATO),MEDICAL LOI
LEVOFLOXACINO (**),MEDICAL LOI 750 MG
LACOSAMIDA,LACOSAMIDA ALFA 50MG
LAMOTRIGINA,LAMOTRIGINA ALFA 100 MG
LAMOTRIGINA,LAMONAX® 100 MG
IBUPROFENO BP,IBUPROFENO BP 400 MG 
SACUBITRIL+VALSARTAN,VALENI-50
DAPAGLIFLOZINA + METFORMINA HCL,GLUCODA®  MET  1000/5
DAPAGLIFLOZINA + METFORMINA HCL,GLUCODA®  MET  1000/5
CLARITROMICINA (PELLETS AL 30%),BILDREN 250MG
DAPAGLIFLOZINA + METFORMINA HCL,DAPAGLIFLOZINA + METFORMINA LAM®  5/1000 XR
DAPAGLIFLOZINA + METFORMINA HCL,DAPAGLIFLOZINA + METFORMINA LAM®  5/1000 XR
CLOMIPRAMINA CLORHIDRATO,CLOMIPRAMINA CLORHIDRATO  
CLOMIPRAMINA CLORHIDRATO,CLOMIPRAMINA CLORHIDRATO 
PREGABALINA + MECOBALAMINA,PBREN M 75
SITAGLIPTINA FOSFATO MONOHIDRATADA + METFORMINA HCL,SITAGLIPTINA + METFORMINA MAMEY®  50/500 
SITAGLIPTINA FOSFATO MONOHIDRATADA + METFORMINA HCL,SITAGLUCOL®   MET 50/500
ESOMEPRAZOL MAGNESIO USP,ESOMEPRAZOL MAGNESIO (VER AL DORSO)
SALMETEROL + FLUTICASONA PROPIONATO,SALMEFLO 25/125
TIOCOLCHICÓSIDO,TIOCOLCHICÓSIDO 8 mg
TIOCOLCHICÓSIDO,EUROFARMA CONTRACTIL 8 MG
SALMETEROL+FLUTICASONA PROPIONATO,SALMEFLO 25/250
ESPIRONOLACTONA,ESPIRONOLACTONA INMENOL 
VER AL DORSO,NEUROCEBRIT 300
PARACETAMOL CD 90%,MEDICAL Z-MOL 750MG
METOPROLOL TARTRATO, METOPROL® 100 
FLUCONAZOL,FLUCONAZOL 150 mg
FLUCONAZOL,FLUCONAZOL 150 MG
CEFIXIMA TRIHIDRATO,INO-XIMA 
CARVEDILOL,CARVECOR®  6.25  
CARVEDILOL,CARVECOR®  12.5
CARVEDILOL,CARVECOR®  25
CLINDAMICINA CLORHIDRATO MONOHIDRATO,MICROCLIN 300 
DONEPEZILO HCL,DOMENEURAL® 10 MG
GABAPENTINA,LAREGAB 100
DONEPEZILO HCL,DONEPEZILO ALFA  5 mg
ESCITALOPRAM OXALATO EQUIV. A ESCITALOPRAM,ESCITALOPRAM ALFA 20 MG
DONEPEZILO HCL,DONEPEZILO ALFA  10 mg
DESLORATADINA USP,DESLORATADINA TABLETAS USP 5 mg
ORLISTAT,THEFIT
IVERMECTINA,IVERMECTINA INTRALAB TABLETA 6 mg
LEVOSULPIRIDA,LEVOSULPIRIDA INTRALAB TABLETA 25 MG 
DONEPEZILO CLORHIDRATO,DONEPEZILO 5 MG (LÍNEA INTRALAB)
DONEPEZILO CLORHIDRATO,DONEPEZILO 10 MG (LÍNEA INTRALAB)
NITRATO DE ECONAZOL,ECONAVIC
NITRATO DE ECONAZOL,ECONAVIC 
DEXKETOPROFENO TROMETAMOL,NAGEVIC
VER AL DORSO,MELOXICAM Y SULFATO DE GLUCOSAMINA
VER AL DORSO,GLUXICAM
HIDROCLOROTIAZIDA,HIDROCLOROTIAZIDA 50 mg
HIDROCLOROTIAZIDA,DIUTEN 25 MG
HIDROCLOROTIAZIDA,DIUTEN 50 mg
VER AL DORSO,TAMSOLUSINA RETARD 0.4 mg + DUTASTERIDA 0.5 mg ALFA
VER AL DORSO,UROBICAL PLUS
FINGOLIMOD CLORHIDRATO,FINGOLIMOD  0.5
LORATADINA,CLARITYNE
PARACETAMOL POLVO FINO,MEDICAL Z-MOL 500
APIXABAN,APITENA
APIXABAN,APITENA
RISPERIDONA,RISPERIDONA ALFA 0.5 mg 
CLORPROMAZINA,CLORPROMAZINA
ESOMEPRAZOL,ALIDUX
DESVENLAFAXINA,TOGEVIT 
DESVENLAFAXINA,TOGEVIT
VALACICLOVIR CLORHIDRATO EQUIVALENTE A VALACICLOVIR,VALACICLOVIR 
VINPOCETINA, VINPOCETINA 
VINPOCETINA,VINPOCETINA
CLORHIDRATO DE ERLOTINIB EQUIVALENTE A ERLOTINIB,ERLOTINIB
BEVACIZUMAB,SIMBIVA 100
CARBOPLATINO,CARBOPLATINO
ACETAMINOFEN,ALGHO KIDS
MULTICOMPOSICION,DOL B-VIT DC
CLORHIDRATO DE GRANISETRÓN,KYTRIL 3MG/3ML 
LEVETIRACETAM,LEVECOM XR 500
FACTOR ANTIHEMOFÍLICO (RECOMBINANTE) 250 UI,KOVALTRY® 
ROSUVASTATINA + EZETIMIBA,ALZIL PLUS
ROSUVASTATINA + EZETIMIBA,ESFERIUM 10 MG /10 MG
CLONAZEPAM,CLONAZEPAM 2.5 MG PARABIEN
SULFAMETOXAZOL / TRIMETOPRIMA,BACTRIM 
SULFAMETOXAZOL / TRIMETOPRIMA,BACTRIM 
MOMETASONA,MAXICORT
MOMETASONA + AZELASTINA,MAXICORT PLUS
QUETIAPINA FUMARATO (EQUIVALENTE A QUETIAPINA),PLACIDIN 300
ETORICOXIB,DOLTRAX 60
PIRACETAM,SUTROPIL 800
LEVETIRACETAM,KEPACOL XR 750
AMLODIPINA BESILATO,AMLOREX  5
MULTICOMPOSICION,EVAFENAC
NIFEDIPINA,NIFPIN AP 60
VER AL DORSO,LABROTOS COMPUESTO 
VER AL DORSO,ALIRAX COMPUESTO
VER AL DORSO,METILPREDNISOLONA SUCCINATO SODICO 40 MG
ESCITALOPRAM OXALATO EQUIV. A ESCITALOPRAM,ESCITALOPRAM ALFA 10 MG
VER AL DORSO,BETAHISTINA 24 MG
VER AL DORSO,BETAHISTINA  16 MG
LEVETIRACETAM,LEVTICARD- 1000 
VER AL DORSO,JB PRAZOL - 40
HIDROCLOROTIAZIDA,HIDROCLOROTIAZIDA 25 MG 
HIDROXIZINA CLORHIDRATO,HIDROXIZINA 10 MG 
HIDROXIZINA CLORHIDRATO.,HIDROXIZINA 25 MG
DICLOFENACO SODICO,BERIFEN 75
ROSUVASTATINA CÁLCICA / EZETIMIBA,ROVARTAL 20 PLUS
ROSUVASTATINA CÁLCICA / EZETIMIBA,ROVARTAL 10  PLUS
ABIRATERONA ACETATO,ABIRATERONA ACETATO 500MG SANDOZ TABLETAS RECUBIERTAS
LEVOCETIRIZINA DICLORHIDRATO,LEVOCETIRIZINA MK 5 MG / 5 ML SOLUCIÓN ORAL
AMBROXOL + DEXTROMETORFANO,BROCORAL-T
OLMESARTÁN MEDOXOMIL,OLMESARTÁN MEDOXOMIL 
VER AL DORSO,VITAMINAS NEUROTROPAS
VER AL DORSO,VITAMINA C 500 MG (LINEA INTRALAB)
IOPAMIDOL,IOPAMIDOL INYECTABLE 
IOPAMIDOL,IOPAMAX
METFORMINA CLORHIDRATO,METFORMINA 
DICLOFENACO SODICO + COMPLEJO DE VITAMINA B,DICLOFENACO SODICO + COMPLEJO DE VITAMINA B
KETOROLACO TROMETAMINA 60 MG / 2 ML,KETOROLACO TROMETAMINA 60 MG / 2 ML
AMOXICILINA TRIHIDRATO,AMOXINOVUM
CLARITROMICINA BP,CLARITROMICINA 
CARBAMAZEPINA BP,CARBAMAZEPINA 
ACIDO FOLICO BP,ACIDO FOLICO 
PARACETAMOL,PARACETAMOL 
SALBUTAMOL SULFATO EQUIV A SALBUTAMOL,SALBUTAMOL 
METOCLOPRAMIDA CLORHIDRATO EQUIVALENTE ANHIDROS,METOCLOPRAMIDA 
NITAZOXANIDA,NITAZOXANIDA
NITAZOXANIDA,NEONITAX
EQUIVALENTE SULFATO FERROSO SECO A FERROSO,SULFATO FERROSO 
ACIDO MEFENAMICO BP,ACIDO MEFENAMICO 
CLARITROMICINA,CLARITROMICINA SUSPENSIÓN 
CLARITROMICINA,CLARITROMICINA SUSPENSIÓN
POLIESTIRENO SULFONATO CÁLCICO,CAPONATE
SACUBITRIL+VALSARTAN,VALENI-100
GANCICLOVIR,GANCICLOVIR 
VER AL DORSO,GRABAX® 1.5 MG
VER AL DORSO,RIVASTIGMINA ALFA 1.5 MG
MEBENDAZOL USP,MEBENDAZOL 
DICLOFENAC SODICO,DICLOFENAC  SODICO 
ACETILCISTEÍNA,ACETILCISTEINA MAMEY®   600 MG
ACETILCISTEÍNA,ACETILCISTEINA MAMEY®  600 MG
ACETILCISTEÍNA,ACETILCISTEINA LAM®   600 MG
ACETILCISTEÍNA,ACETILCISTEINA LAM®  600 MG
CETIRIZINA,CETIRIZINA 
AZITROMICINA,AZITROMICINA TABLETAS USP 500 MG
PIOGLITAZONA,SERPENTINA - 30
PARACETAMOL CD 90%,MEDICAL Z-MOL
LEVOFLOXACINA HEMIHIDRATO EQUIVALENTE A LEVOFLOXACINA,LEVIQUE
LEVOFLOXACINA HEMIHIDRATO EQUIVALENTE A LEVOFLOXACINA,LEVIQUE
PARACETAMOL,PARACETAMOL 500 MG
IRBESARTÁN,ACEPRESS 150 MG
IRBESARTÁN,ACEPRESS 300 MG
PANTOPRAZOL SODICO SESQUIHIDRATO,PANTOPRAZOL LAM 
SERTRALINA CLORHIDRATO EQUIVALENTE A SERTRALINA,SERTRALINA 50 MG (LÍNEA INTRALAB)
SERTRALINA CLORHIDRATO EQUIVALENTE A SERTRALINA,SERTRALINA 100 MG (LÍNEA INTRALAB)
SALBUTAMOL SULFATO EQUIVALENTE A SALBUTAMOL,SALBUTAMOL IL TABLETA 4 MG INTRALAB
ACETAMINOFÉN USP,ACETAMINOFÉN 750 MG
VILDAGLIPTINA,GLIPEPTIL
VILDAGLIPTINA,GLICIRON
CLORHIDRATO DIHIDRATO DE ONDANSETRON,ONDATRIN
CLORHIDRATO DE CETIRIZINA,CETIRIZINA 
ACETAMINOFEN,ACETAMINOFEN 
CITICOLINA (COMO SAL SÓDICA),LACONIC 500
LEVOFLOXACINA HEMIHIDRATO,GUFLOCINA
DICLOFENACO SÓDICO BP,DICLOFENACO SÓDICO
CLORHIDRATO DE BUPIVACAÍNA BP,BUPIVACAÍNA
ACETILCISTEÍNA,MENAXOL
KETOROLACO TROMETAMINA,HONTOCAL 20 MG
DICLOFENOC POTASICO,VINIL
LEVOFLOXACINO HEMIHIDRATO USP,LEVOFLOXACINO
BISACODILO,DULCOLAX®
BISACODILO,DULCOLAX®
BISACODILO,DULCOLAX
ETORICOXIB,TORIVAK
DICLOFENAC POTASICO,VINIL 75
DEXKETOPROFENO TROMETAMOL,KLOSARA
FENOFIBRATO,LIPIFIBRATO
LORATADINA,LORATADINA
ACETAMINOFÉN,ACETAMINOFÉN BAYER  500mg
ACETAMINOFÉN,ACETAMINOFÉN BAYER 500 MG
DASATINIB,DASATINIB 100 MG
DASATINIB,DASATINIB 70 MG
DASATINIB,DASATINIB 50 MG
DASATINIB,DASATINIB 20 MG
LEVOFLOXACINA HEMIHIDRATADO,LEVOFLOXACINA USP - 500 MG
ACETILCISTEÍNA,MUCOASMAT®
ENTACAPONA,ENTACAPONA
VITAMINA C (COMO ACIDO ASCORBICO USP),RADIVIT-C
ENZALUTAMIDA,XALUT 
VER AL DORSO,MAXIVIEW
VER AL DORSO,CLEANSCAN
VER AL DORSO,ULTRAVIEW
ACETATO DE OCTREOTIDA USP,OCTREOTIDA INYECCIÓN
DAPAGLIFLOZINA PROPANODIOL MONOHIDRATO,DAPAGLIFLOZINA MAMEY®  5 MG   
OXCARBAZEPINA,OXALIUM® 600
OXCARBAZEPINA,OXALIUM® 600
VER AL DORSO,CHEMIGRIP
BICARBONATO DE SODIO,BICARBONATO DE SODIO
"OLMESARTÁN MEDOXOMILO , HIDROCLOROTIAZIDA",OLMESARTÁN MEDOXOMIL + HIDROCLOROTIAZIDA 
VER AL DORSO,ALGHO
VER AL DORSO,ALGHO KIDS ANTIGRIPAL
VER AL DORSO,OMEPRAZOL 
CIPROFLOXACINA CLORHIDRATO EQUIV A CIPROFLOXACINA,CIPROFLOXACINA 
LEVONORGESTREL,LEVOPLANT
LEVONORGESTREL,LEVOPLANT
PROPOFOL,PROPOFOL 
LACOSAMIDA,LACUNAL® 50MG
LACOSAMIDA,LACUNAL® 200 MG
LACOSAMIDA,LACOSAMIDA ALFA 200 MG
ALBENDAZOL USP,ALBENDAZOL 
ALBENDAZOL USP,ALBENDAZOL 
LEVOFLOXACINA,LEVOFLOXACINA TABLETAS USP 250 MG
ESCITALOPRAM OXALATO EQUIV. A ESCITALOPRAM,DUOZIDAM® 10 MG
ESCITALOPRAM OXALATO EQUIVALENTE A ESCITALOPRAM,DUOZIDAM®  20 MG
METFORMINA+VILDAGLIPTINA,METPIRIL-V
ACETATO DE MEDROXIPROGESTERONA,MEDFEM 
KETOCONAZOL USP,KETOCONAZOL 
QUETIAPINA FUMARATO EQUIVALENTE A QUETIAPINA,QUETAPRIL®  300 MG
QUETIAPINA FUMARATO EQUIVALENTE A QUETIAPINA,QUETIAPINA ALFA 300 MG
VITAMINA B12(CIANOCOBALAMINA) & ÁCIDO FÓLICO,VITAMINA B12 & ÁCIDO FÓLICO
FLUCONAZOL,FLUCONAZOL
VER AL DORSO,ATAMICINA®
LEVOFLOXACINA HEMIHIDRATO,LEVOLONA-500
ACICLOVIR,ACICLOVIR-800
LEVOSULPIRIDA,DISLEP
PANTOPRAZOL SODICO SESQUIHIDRATO,PANTOPRAZOL MAMEY
ARIPIPRAZOL,PEKROSS
ARIPIPRAZOL,PEKROSS
ARIPIPRAZOL,PEKROSS
VER AL DORSO,RIVASTIGMINA ALFA 3 MG
CILOSTAZOL,HATIAL 
ATOMOXETINA CLORHIDRATO,ATOMOXETINA 
ATOMOXETINA CLORHIDRATO,ATOMOXETINA 
ATOMOXETINA CLORHIDRATO,ATOMOXETINA 
DIPIRONA SODICA,DIPIRONA ALFA 1G / 2 ML
AMOXICILINA TRIHIDRATO EQ A AMOXICILINA,AMOXICILINA 250 MG
CELECOXIB,CELECONAV
VER AL DORSO,LYSOMUCIL-600
GADOPENTOTATO,GADAXION 
GADOPENTOTATO,GADAXION 
ORLISTAT PELLETS,ADELEX
PREDNISOLONA,PREDNISOLONA
CITICOLINA (COMO SAL SODICA),LACONIC
CITICOLINA (COMO SAL SODICA),LACONIC
BISOPROLOL HEMIFUMARATO + HIDROCLOROTIAZIDA,BISOPROLOL + HIDROCLOROTIAZIDA LAM® 10/25
LEVETIRACETAM,VITRACETAM® 500MG
ACIDO TRANEXAMICO,ACIDO TRANEXAMICO 500 MG / 5 ML
ACIDO TRANEXAMICO,HESTOP 500 MG / 5 ML
VER AL DORSO,IRBESARTÁN + AMLODIPINA LAM®   300/10   
MELOXICAM,ALFADOL® 15 MG 
MELOXICAM,ALFADOL® 15 MG 
MELOXICAM,MELOXICAM ALFA 15 MG 
MELOXICAM,MELOXICAM ALFA 15 MG 
APIXABAN,APIXABAN  ALFA 5  MG
APIXABAN,ALFATRAX®  5  MG
CLORHIDRATO DE MOXIFLOXACINA USP,MOXIFLOXACINA SOLUCION OFTALMICA 
NORFLOXACINA USP,NORFLOXACINA 
LEVETIRACETAM,LEVETIRACETAM ALFA 500MG
LEVETIRACETAM,LEVETIRACETAM ALFA 500 MG
CELECOXIB,COXIBCURE-400
VER AL DORSO,ILTUXAM HCT
VER AL DORSO,ZINC IL CÁPSULA DE GELATINA DURA 50 MG INTRALAB 
CLOTRIMAZOL,MATRIZOL 500
GRANISETRON HCL,GRANISETRON ALFA 1 MG 
FLUCONAZOLE USP,FLUCONAZOL 
LACOSAMIDA,LACOSAMIDA ALFA 100MG
PARACETAMOL (EQUIVALENTE A PARACETAMOL CD 90%),MEDICAL Z-MOL 1 G
ESOMEPRAZOL MAGNÉSICO TRIHIDRATO,ESOMEPRAZOL NOVUM 20MG 
AZITROMICINA,AZITROMICINA
FUROSEMIDA,FUROSEMIDA 40 MG AG PHARMA
ACETILCISTEÍNA,MUCOASMAT® 
CELECOXIB,KATRALEX® 
CELECOXIB,KATRALEX®
CELECOXIB,KATRALEX®
LURASIDONA CLORHIDRATO,NALURA
LURASIDONA CLORHIDRATO,NALURA
LURASIDONA CLORHIDRATO,NALURA
ACETAMINOFÉN,LAPROTER
ACETAMINOFÉN,LAPROTER 
FENITOINA SODICA USP,FENITOINA 
CELECOXIB,DOLCIFLEX-400
CELECOXIB,DOLCIFLEX-200
SECNIDAZOL,SECNIDAZOL - GEFARCA
VER AL DORSO,ESLOPRAM-20
LERCANIDIPINA CLORHIDRATO,PRESDIPINE® 
LERCANIDIPINA CLORHIDRATO,PRESDIPINE® 
FENOFIBRATO,FIBRAFEN-160
FENOFIBRATO,IBECAP-200
QUETIAPINA FUMARATO EQUIVALENTE A QUETIAPINA,QUETIAPINA ALFA  100 mg
KETOROLACO TROMETAMINA, KETOROLACO TROMETAMINA  
VER AL DORSO,MOVISIL HMB
IVACAFTOR + TEZACAFTOR / IVACAFTOR,TEZACAR
LEVETIRACETAM,LOCLOR®
LEVETIRACETAM,VITRACETAM
LEVETIRACETAM,VITRACETAM
OLMESARTÁN MEDOXOMILO,ADUFIK
CITICOLINA SODICA,CITICOLINA
METFORMINA+VILDAGLIPTINA,METPIRIL-V
AMOXICILINA TRIHIDRATO BP EQUIVALENTE A AMOXICILINA,AMOXICILINA 
OMEPRAZOLE USP COMO PILDORA ENTERICA CUBIERTA ),OMEPRAZOL 
PIROXICAM USP,PIROXICAM 
VER AL DORSO,GRABAX® 3 MG
METOPROLOL TARTRATO+ HIDROCLOROTIAZIDA,METOPROLOL + HIDROCLOROTIAZIDA MAMEY®  100/25 
VER AL DORSO,PAROXETINA ALFA 20 MG
ORLISTAT,ORLISTAT
LEVOSULPIRIDA,LEVOSULPIRIDA ALFA 25 MG
LEVOSULPIRIDA,STOMET® 25 MG
LEVOSULPIRIDA,SETINE® 
LEVOFLOXACINO,EUROFLOXA 500
QUETIAPINA FUMARATO EQUIVALENTE A QUETIAPINA BASE,KETIA NIP 300
QUETIAPINA FUMARATO EQUIVALENTE A QUETIAPINA BASE,KETIA NIP 100
LEVOFLOXACINO,EUROFLOXA 750
ACETAMINOFEN,PITIRIN
ACETAMINOFEN,DISPAMOL IQI
KETOROLACO TROMETAMINA,TERACAM-SL 30
FENOFIBRATO,FIBRAFEN-200
VILDAGLIPTINA + METFORMINA CLORHIDRATO,VIDARTIL M
VILDAGLIPTINA + METFORMINA CLORHIDRATO,VIDARTIL M
VILDAGLIPTINA + METFORMINA CLORHIDRATO,VIDARTIL M
CETIRIZINA 2HCL,ALCET
EDOXABAN TOSILATO MONOHIDRATO (EQUIVALENTE A EDOXABAN),LINOXAN 30
MULTICOMPOSICION,ELZYM 
FAVIPIRAVIR,FABIFLU
LINACLOTIDE,ALHINA 290
ACETAMINOFEN+GUAYACOLATO DE GLICERILO (GUAIFENESINA),BRONQUILASCO 100 MG+ 12.5 MG 
ATENOLOL,ATENOLOL 50 MG    
CANDESARTÁN CILEXETILO + HIDROCLOROTIAZIDA,TOVAX H 8 / 12.5
MULTICOMPOSICION,FUMRATO FERROSO & PATENTONANTO DE.....(VER AL DORSO)
LOSARTAN POTASICO,LOSARTAN POTASICO 
METOPROLOL TARTRATO / HIDROCLOROTIAZIDA,VIDACOR® D 100/12.5
GLUCOSAMINA SULFATO / MELOXICAM,SUPRAFLEX M
DEXTROMETORFANO BROMHIDRATO,DEXTROMETORFANO BROMHIDRATO 
VER AL DORSO,UNILAM H
LISINOPRIL DIHIDRATO /HIDROCLOROTIAZIDA,LISINOPRES® H 20/12.5  
VER AL DORSO,VORICONAZOL - POLIFARMA
VORICONAZOL,VIFECANDIN
GLIMEPIRIDA MICRONIZADA,GLIMENOVUM 
CLORHIDRATO DE DIFENHIDRAMINA,CLORHIDRATO DE DIFENHIDRAMINA INYECCIÓN USP 50 MG/ML
TRIMETOPRIM & SULFAMETOXAZOL,TRIMETOPRIM & SULFAMETOXAZOL
VER AL DORSO,MIDAZOLAM
DIOSMINA MICRONIZADA + HESPERIDINA MICRONIZADA,DIOSMINA 450 MG + HESPERIDINA 50 MG 
VER AL DORSO,OLANZAPINA Y FLUOXETINA  
VER AL DORSO,OSTEO - D3
IRBESARTAN,IRBESARTAN CALOX
GRANISETRON CLORHIDRATO,GRANI-DENK
DEXTROMETORFANO BROMHIDRATO,DEXTROMETORFANO BROMHIDRATO 
MULTICOMPOSICION,"VITAMINA COMPLEJO B B1 (TIAMINA),...(VER AL DORSO)"
GLIMEPIRIDA/METFORMINA CLORHIDRATO,GLIABET M 2 MG/1000 MG
TELMISARTÁN / AMLODIPINA,TELMIPRES® PLUS  80/10
FORMOTEROL FUMARATO DIHIDRATO + BUDESONIDA,FORTEL B
ALBUVIRTIDE,ALBUVIRTIDE
TELMISARTÁN / HIDROCLOROTIAZIDA,TELMISARTÁN + HIDROCLOROTIAZIDA LAM® 40/12.5
TELMISARTÁN / HIDROCLOROTIAZIDA,TELMIPRES® D  40/12.5
TELMISARTÁN / HIDROCLOROTIAZIDA,TELMICOR® D  40/12.5
TELMISARTÁN / HIDROCLOROTIAZIDA,TELMISARTÁN + HIDROCLOROTIAZIDA LAM® 80/12.5
TELMISARTÁN / HIDROCLOROTIAZIDA,TELMIPRES® D 80/12.5
OLMESARTAN MEDOXOMILO +AMLODIPINA + HIDROCLOROTIAZIDA,ILTUXAM HCT
OLMESARTAN MEDOXOMILO +AMLODIPINA + HIDROCLOROTIAZIDA,ILTUXAM HCT
OLMESARTAN MEDOXOMILO +AMLODIPINA + HIDROCLOROTIAZIDA,ILTUXAM HCT
ONDANSETRON,ON.SETRON­ DENK 8MG ODT
VORICONAZOL,VORICONAZOL
VORICONAZOL,VORICOZ
GADOBUTROL,GARONOR
MELOXICAM,MELOXICAM 15 MG AG PHARMA
ALBENDAZOL,ALBENDAZOL 400 MG AG PHARMA
ESOMEPRAZOL MAGNÉSICO TRIHIDRATO,ESOMEPRAZOL NOVUM 40MG
RISPERIDONA,SPIRON
RISPERIDONA,SPIRON
DEXAMETASONA USP,DEXAMETASONA TABLETA  0.5 MG
DICLOFENAC ACIDO LIBRE,DICLOFENAC CLASC SAMED
IBUPROFENO,IBUPROFENO BP 600 MG
KETOROLACO + TROMETAMOL,  KETOROLACO TROMETAMINA
DIOSMINA,VEDINOR®
DIOSMINA,VEDINOR® 
DOMPERIDONA MALEATO,DOMPERIDONA
FUROSEMIDA,FUROSEMIDA
ALOPURINOL BP,ALOPURINOL
OMEPRAZOL,OMEPRAZOL 
CITICOLINA,AXOCIT® 
DICLOFENACO POTASICO USP,DICLOFENACO
CICLOBENZAPRINA CLORHIDRATO + CLONIXINATO DE LISINA,BENRELAX CAPSULA BLANDA
SULFADIAZINA DE PLATA,SULFAPLATA 
DULOXETINA HIDROCLORURO,DULOXVITAE
DULOXETINA HIDROCLORURO,DULOXVITAE
ROSUVASTATINA - EZETIMIBA,RUMADA 
SITAGLIPTINA FOSFATO MONOHIDRATADA + METFORMINA HCL,SITALEX®   MET 50/500
METFORMINA HCL / VILDAGLIPTINA,METFORMINA + VILDAGLIPTINA MAMEY®  850/50 
CANDESARTAN CILEXETIL + AMLODIPINA BESILATO,CANDESARTÁN + AMLODIPINA MAMEY® 16/10
VER AL DORSO,LENTRON® 1 MG 
QUETIAPINA FUMARATO,CARDQUETIA-100
QUETIAPINA FUMARATO,QUETICURE-100
QUETIAPINA FUMARATO,QUETRAN 100
VITAMINA D3 + VITAMINA K2,DEROVIT + K
MULTICOMPOSICION,MENQUADFI
SUGAMMADEX SÓDICO,SUGAMMADEX  200 MG/ 2 ML
SUGAMMADEX SÓDICO,SUMADEX 200 MG/ 2 ML
AMBROXOL,BROCORAL
BILASTINA,HYLAXTEN
BILASTINA,BILAXTEN
MELOXICAM + PRIDINOL,ARTRILES- FLEX
VER AL DORSO,CLINDAMYL-CL
MEROPENEM TRIHIDRATO EQUIVALENTE A MEROPENEM ANHIDRO,MEROPENEM
IMIDAPRIL CLORHIDRATO, IMIDAPRIL CLORHIDRATO 
IMIDAPRIL CLORHIDRATO,IMIDAPRIL CLORHIDRATO 
METOPROLOL TARTRATO,METOPROL® 50 
TICAGRELOR,TICAGRELOR  LAM®  90 MG 
COLCHICINA,COLCHICINA  LAM® 0.5 MG
COLCHICINA,COLCHICINA  MAMEY® 0.5 MG
TICAGRELOR,TICAGRELOR  MAMEY®  90 MG 
VER AL DORSO,NEUROBION N TABLETAS RECUBIERTAS
METOPROLOL TARTRATO+ HIDROCLOROTIAZIDA,METOPRES®  D 100/25
METOPROLOL TARTRATO+ HIDROCLOROTIAZIDA,METOPROL®  H 100/25
TOPIRAMATO,TOPIRAMATO LAM®  25 MG 
TOPIRAMATO,TOPIRAN® 25
DESVENLAFAXINA,DESVENLAFAXINA MAMEY®  100 MG 
VER AL DORSO,ANTIGRIPAL
MULTICOMPOSICION,DEX-LITOS ZERO SABOR MANZANA
VER AL DORSO,VITAMINA COMPLEJO B
DAPAGLIFLOZINA + METFORMINA HCL,DAPAX®  MET 1000/5
DAPAGLIFLOZINA + METFORMINA HCL,DAPAX®  MET 1000/5
VER AL DORSO,BRACANDER AH 32/10/25
METILPREDNISOLONA SUCCINATO SÓDICO USP,METILPREDNISOLONA SUCCINATO SÓDICO USP 40 MG
CANDESARTAN CILEXETIL + AMLODIPINA BESILATO,CANDESARTÁN + AMLODIPINA LAM® 16/10
CANDESARTAN CILEXETIL + AMLODIPINA BESILATO,CANDESARTAN + AMLODIPINA LAM® 16/5
TELMISARTÁN / AMLODIPINA,TELMISARTÁN +AMLODIPINA LAM® 80/10
ESOMEPRAZOL,ALIDUX
LEVETIRACETAM,VITRACETAM® 1000MG
LEVETIRACETAM,VITRACETAM ® 1000MG
VER AL DORSO,DEPREPTILIN-50
VER AL DORSO,ZOLUTIN-60
FENOFIBRATO,IBECAP-160
QUETIAPINA FUMARATO,CARDQUETIA-25
QUETIAPINA FUMARATO,QUETRAN 25
ACICLOVIR.,ZOVIRAX.
SULTIAME,OSPOLOT
SULTIAME,OSPOLOT
AZITROMICINA DIHIDRATO,AZITROMICINA
AZITROMICINA DIHIDRATO,MACROHEXA
LEVOCETIRIZINA DICLORHIDRATO,LEVOCETIRIZINA 5 MG
VER AL DORSO,NARANJADA SAMED
SULFATO DE AMINOSIDINA,GRAMINOL
VALPROATO DE SODIO,VALPROATO DE SODIO ALFA 200 MG / ML
VALPROATO DE SODIO,TALOPRAX®
VER AL DORSO,AZITROMICINA
CARBAMAZEPINA,CARBAMAZEPINA IL TABLETA DE LIBERACIÓN....(VER AL DORSO)
PROGESTERONA,GARDENIA
PROGESTERONA,GARDENIA
CITRATO DE SILDENAFIL BP,SILDENAFIL BP 100 MG
AZITROMICINA DIHIDRATO,AZITROMICINA USP 500 MG
DICLOFENAC SODICO BP,DICLOFENAC BP 100 MG
PARACETAMOL BP,PARACETAMOL BP 500 MG
FLUNARIZINA DICLORHIDRATO,MIGRAMUS
FLUNARIZINA DICLORHIDRATO,MIGRAMUS
AMOXICILINA TRIHIDRATO,AMOXICILINA LAM®  500 MG
PARACETAMOL BP / DICLOFENAC SODICO,PARACETAMOL 500 MG + DICLOFENAC 50 MG
PREDNISONA,PENBRONK 5
PREDNISONA,PENBRONK 5
OMEPRAZOL,OMEPRAZOL BP 20 MG
OMEPRAZOL,OMEPRAZOL BP 40 MG
AMOXICILINA TRIHIDRATO,AMOXICILINA MAMEY®  500 MG
AMOXICILINA TRIHIDRATO,AMOXICILINA MAMEY®  500 mg
AMOXICILINA TRIHIDRATO, BIOMOX® 1000
AMOXICILINA TRIHIDRATO,BIOMOX® 1000 
LOSARTÁN,RIDESARTAN 100 MG
MULTICOMPOSICION,DEX-LITOS ZERO SABOR CEREZA
OLANZAPINA,OLANZAPINA ALFA 10 MG
AMLODIPINA BESILATO,BARRE AM 5 MG
SERTRALINA HCL EQUIVALENTE A SERTRALINA BASE,SERTRALINA ALFA  50 MG 
LEVETIRACETAM,LEVETICURE-1000 
TELMISARTÁN / AMLODIPINA,TELMISARTÁN +AMLODIPINA MAMEY® 80/10
DESLORATADINA + BETAMETASONA,DESLORATADINA + BETAMETASONA  LAM® 
DESLORATADINA + BETAMETASONA,DESLORATADINA + BETAMETASONA  MAMEY® 
APREPITANT,APREPITANT ALFA 80 MG
APREPITANT,PREPIP® 125 MG
APREPITANT,APREPITANT ALFA 125 MG
VER AL DORSO,FOSFOMICINA ALFA 500 MG
ESOMEPRAZOL,ESOMEPRAZOL FELTREX
AMLODIPINO (D.C.I.) BESILATO/ VALSARTÁN (D.C.I.),VALNOR AMLO 5 MG/160 MG 
QUETIAPINA FUMARATO,KETIFAR
QUETIAPINA FUMARATO,KETIFAR
QUETIAPINA FUMARATO,KETIFAR
QUETIAPINA FUMARATO,KETIFAR
CEFTRIAXONA,TRIACEF 2 G
POLIETILENGLICOL 3350,REGULEX 3350 POLVO PARA RECONSTITUIR A SOLUCIÓN ORAL
ELTROMBOPAG OLAMINA,REVOLADE 25 MG
ACETATO DE CIPROTERONA MICRONIZADO,ANDROCUR®
CLORHIDRATO DE PAZOPANIB,VOTRIENT
TICAGRELOR,TIGRELOL 90
DAPAGLIFLOZINA PROPANODIOL MONOHIDRATO,DAPAGLIFLOZINA LAM®  10 MG   
BETAHISTINA MESILATO,BEHISCOL 6
LEVOFLOXACINA,TISURAL
LEVOFLOXACINA,TISURAL
BETAHISTINA HCL,BEHISCOL 8
BETAHISTINA HCL,BEHISCOL 16
BETAHISTINA DICLORHIDRATO,BEHISCOL 24
DAPAGLIFLOZINA PROPANODIOL MONOHIDRATO,DAPAGLIFLOZINA LAM®  5 MG   
DAPAGLIFLOZINA PROPANODIOL MONOHIDRATO,DAPAGLIFLOZINA MAMEY®  10 MG   
ROSUVASTATINA,ROSFAR-10
AMLODIPINA BESILATO,BARRE AM 10 MG
ATENOLOL,AROTENS 50 MG
ATENOLOL,AROTENS 100 MG 
VER AL DORSO,ARACURE PLUS 32/10
ALBENDAZOL,ALBENDAZOL
VER AL DORSO,VITAMINA C + ZINC SABOR NARANJA
FENOFIBRATO,NOCOLODI
PREGABALINA,PLENICA 75
PREGABALINA,PLENICA 150
PREGABALINA,PLENICA 300
GABAPENTINA,GABAPENTINA 300 MG
VER AL DORSO,DIMETILFUMARATO  240 MG
OXCARBAZEPINA,OXALIUM® 300
OXCARBAZEPINA,OXALIUM®  300
BISOPROLOL+AMLODIPINA,BISOFEL-A
BISOPROLOL+AMLODIPINA+HIDROCLOROTIAZIDA,BISOFEL- AH
METILCOBALAMINA,NEUROCOBAL 
METILCOBALAMINA,GABAMETHYL AGLF
QUETIAPINA,QUETIAPINA FELTREX
DASATINIB (COMO MONOHIDRATO),DASATINIB
CARBOPLATINO,CARBOPLATINO
DOXICICLINA CLORHIDRATO EQUIV A DOXICICLINA ANHIDRA,DOXICICLINA 
METILPREDNISOLONA SUCCINATO SODICO,METILPREDNISOLANA  SUCCINATO SODICO 125 MG
METFORMINA CLORHIDRATO,METFORMINA CLORHIDRATO 
TRIMETOPRIM & SULFAMETOXAZOL,TRIMETOPRIM & SULFAMETOXAZOLE * CO-TRIMOXAZOLE
VER AL DORSO,PEMBIOTIC® 1 G 
METOPROLOL TARTRATO / HIDROCLOROTIAZIDA,METOPROL® H 50/25  
TOPIRAMATO,TOPIRAMATO MAMEY®  25 MG 
FUROSEMIDA,FUROSEMIDA MAMEY 40 MG
METOPROLOL TARTRATO+ HIDROCLOROTIAZIDA,METOPROLOL + HIDROCLOROTIAZIDA LAM®  100/25 
CEFTRIAXONA,TRIACEF 1G
OMEPRAZOL MAGNÉSICO,PRAZOLEN 20 MG
CLONAZEPAM,CLONAZEPAM 
MIDAZOLAM,DORMICUM 
MIDAZOLAM,DORMICUM 
MIDAZOLAM,DORMICUM
SERTRALINA CLORHIDRATO (EQUIVALENTE A SERTRALINA),SERTRALINA SUED 100 MG
PIRACETAM,PIRACETAM SUED 800 MG
DAPAGLIFLOZINA + METFORMINA HCL,XIGDARA®  MET 1000/5
METFORMINA,XIGDARA®  MET 1000/5
SULFATO DE MORFINA,SULFATO DE MORFINA
SEROLUX SERTRALINA,SEROLUX
DOBUTAMINA (COMO CLORHIDRATO),DOBUTAMINA GRAY
DOBUTAMINA (COMO CLORHIDRATO),DOBUTAMINA GRAY
SERTRALINA HCL EQUIVALENTE A SERTRALINA BASE,SERTRALINA ALFA 100 MG
TOPIRAMATO,TOPIRAMATO MAMEY®  100 MG 
METOPROLOL TARTRATO+ HIDROCLOROTIAZIDA,VIDACOR®  D 100/25
ESPIRONOLACTONA,ESPIRONOLACTONA
VER AL DORSO,FLUOXETINA INMENOL 20 MG
CITICOLINA SODICA,KITZI-500
METFORMINA HCL,GLUDEN XR 750
SITAGLIPTINA FOSFATO MONOHIDRATADA,SITALEX®  100
METFORMINA HCL,GLUDEN XR 1000
LEVODOPA + CARBIDOPA,CARDOP®
VALSARTÁN + HIDROCLOROTIAZIDA,DOCARDIA®  H 320/12.5
LACOSAMIDA,IRMEGLOL
VALSARTÁN,DOCARDIA®  160
VALSARTÁN,DOCARDIA® 160
VALSARTÁN,DOCARDIA® 160
TEMOZOLOMIDA,TEMOZOLOMIDA 
ATENOLOL,ATENOLOL 
SUCRALFATO,PARADINA®
SULFAMETOXAZOL / TRIMETOPRIMA,BACTRIM
VALSARTAN,DIOVAN 80
VALSARTAN,DIOVAN 80
VALSARTAN,DIOVAN 160
VALSARTAN,DIOVAN 160
VER AL DORSO,NOXPIRIN CALIENTE NOCHE
DAPAGLIFLOZINA + METFORMINA HCL,GLUCODA®  MET  1000/5
CANDESARTAN CILEXETIL + AMLODIPINA BASE,COMARA-A 16/5
CANDESARTAN CILEXETIL + AMLODIPINA BASE,COMARA-A 32/5
SIMETICONA,CEROFLAT
SIMETICONA,CEROFLAT
ESPIRONOLACTONA,ESPIROMIT® 25
COLCHICINA,COLCHICINA 0.5 MG PARABIEN
COLCHICINA,COLCHICINA 1 MG PARABIEN
PERMETRINA,PERMETRINA JUPIN
CLARITROMICINA,CLARITROMICINA 
AZITROMICINA DIHIDRATO,AZITROMICINA 500 MG
LOSARTAN POTASICO,LOSARTAN  POTASICO 
HEPARINA SODICA BP,HEPARINA INYECTABLE BP 5000 UI / 5 ML
LISINOPRIL ANHIDRO,LISINORPIL 20 MG 
DICLOFENAC SODICO & PARACETAMOL,DICLOFENAC SODICO  &  PARACETAMOL 
SULFATO FERROSO/ ÁCIDO FÓLICO.,FERROLASCO - A
GLIMEPIRIDA,GLIMEPIRIDA 2 MG
GLIMEPIRIDA,GLIMEPIRIDA 4 MG 
HIDROCLOROTIAZIDA, HIDROCLOROTIAZIDA
VER AL DORSO,MAXIDOL ALFA
VER AL DORSO,MAXIDOL ALFA
FUROSEMIDA USP,FUROSEMIDA 
BROMURO DE ROCURONIO,BROMURO DE ROCURONIO KALCEKS
VILDAGLIPTINA,VIDARTIL
CLONIDINA CLORHIDRATO,FENIPREC 0.1
HIERRO AMINOQUELADO + ACIDO FOLICO,FOQUEL PLUS
CANDESARTAN CILEXETIL,INDUTENOL 8 MG
ROSUVASTATINA,ROSUVASTATINA
BUTILBROMURO DE HIOSCINA + PARACETAMOL, BUSCAPINA COMPOSITUM N
BUTILBROMURO DE HIOSCINA + PARACETAMOL,BUSCAPINA COMPOSITUM N
SUCCINATO DE METOPROLOL,TURMIX - 50
SUCCINATO DE METOPROLOL,TURMIX - 100
SALBUTAMOL + BECLOMETASONA DIPROPIONATO,ASTHAXIN B 
ACIDO FUSIDICO,FUSIPEL
DIENOGEST,DIENOGEST
SULFATO DE ZINC MONOHIDRATO,ZINC NOVUM
AZITROMICINA (COMO DIHIDRATO),TUMIZA
MULTICOMPOSICION,TRINEURON PLUS
VER AL DORSO,SUMOX AC
VER AL DORSO,SUMOX AC
VER AL DORSO,SUCLAV
VER AL DORSO,SUCLAV
PLACENTA HUMANA ENZIMÁTICA,LAENNEC INJ
VER AL DORSO,SUCLAV
AZITROMICINA DIHIDRATO,VIOTTO AGLF
LEVETIRACETAM,LEVIGRESS 250
LEVETIRACETAM,LEVIGRESS 500
KETOTIFENO FUMARATO EQUIV A KETOTIFENO,KETOTIFENO FUMARATO 
VER AL DORSO,CIPROFLOXACINA 
CEFADROXILO MONOHIDRATO,CEFADROXILO 
AZITROMICINA DIHIDRATO,AZITROMICINA
AMOXICILINA TRIHIDRATO,BIOMOX®
AMOXICILINA TRIHIDRATO,BIOMOX® 
AZITROMICINA DIHIDRATO,AZITRONOVUM
ALBENDAZOL,ALBENDAZOL
VER AL DORSO,AZITROMICINA
CEFALEXINA (COMO MONOHIDRATO),CECAN 500 mg
CEFALEXINA (COMO MONOHIDRATO),CECAN
METILFENIDATO CLORHIDRATO,ERETRIA 18 
QUETIAPINA FUMARATO,QUETIAPINA 100 mg 
SERTRALINA (COMO SERTRALINA HCL,PSICOMED
SERTRALINA CLORHIDRATO,IMPLICANE
SERTRALINA CLORHIDRATO,IMPLICANE 
ARIPIPRAZOL,GUTIS APRAX 
ARIPIPRAZOL,GUTIS APRAX 
CITRATO DE SILDENAFIL BP,CITRATO DE SILDENAFIL 100 MG
MONTELUKAST SODICO BP,MONTELUKAST 10 MG
TADALAFILO,MENAX 
ANASTROZOL,ANASTROZOL KEMEX
SULFAMETOXAZOL / TRIMETOPRIMA,BACTRIM FORTE
LENALIDOMIDA,LENALIM 5MG
PALBOCICLIB,PALBOLIX 75 MG
DICLOFENAC SODICO,DICLOFENAC  SODICO 
VER AL DORSO,REUDO-LINN B
ÁCIDO SALICÍLICO,ÁCIDO SALICÍLICO
VER AL DORSO,METOPLUS 250 MG+ 200 MG / 5ML
LEVETIRACETAM,LEVETIRACETAM ALFA 1000MG
LEVOSULPIRIDA,AERO-MOTIL
LEVOFLOXACINA HEMIHIDRATO,EVOCINA 750
SERTRALINA,SERTRALINA FELTREX
TADALAFILO,MOMENTIX
FENOFIBRATO,TICODRATO® 160 mg
FENOFIBRATO,TICODRATO ®  160 MG
FENOFIBRATO,FENOFIBRATO ALFA 160 MG
FENOFIBRATO,FENOFIBRATO ALFA 160 MG
ÀCIDO LÁCTICO,ACTIDERM
ÁCIDO LÁCTICO,ACTIDERM
ESPIRONOLACTONA,SLYDEX  25 MG
ESPIRONOLACTONA,SLYDEX 100MG
NUSINERSÉN,SPINRAZA 
NUSINERSÉN,SPINRAZA
VALSARTAN,DIOVAN 320
VALSARTAN,DIOVAN 320
MULTICOMPOSICION,FLU-M® TETRA [VACUNA ANTIGRIPAL......(VER AL DORSO)
VER AL DORSO,FLU-M® TETRA (VACUNA ANTIGRIPAL.......(VER AL DORSO)
VITAMINA C + ZINC,VITA C + ZINC 500MG / 5MG MK SABOR TUTTI....(VER AL DORSO)
IOHEXOL USP,K-VIEW 350
CANDESARTÁN CILEXETIL + AMLODIPINA BESILATO,CANDESARTÁN + AMLODIPINA LAM® 32/10
CANDESARTAN CILEXETIL /AMLODIPINA BESILATO,CANDESARTAN + AMLODIPINA LAM® 8/5
ORLISTAT, ORLISTAT 
DEXKETOPROFENO TROMETAMOL,DEXKETOPROFENO 25 MG
DEXKETOPROFENO TROMETAMOL,APEKETOL
KETOCONAZOL,ONGUEX
IOPAMIDOL,IOPAMIDOL INYECTABLE
IOPAMIDOL,IOPAMAX
IOPAMIDOL,IOPAMAX 
IOPAMIDOL,IOPAMIDOL INYECTABLE
IOPAMIDOL,IOPAMAX
AL DORSO,DERMOJABON
KETOCONAZOL,KETOCONAZOL 2 GRAMO
SULFADIZINA DE PLATA,SULFADIAZINA DE PLATA 1 GRAMO
CLOPIDOGREL BISULFATO,CLOPINOVUM
GLIMEPIRIDA + CLORHIDRATO DE METFORMINA,GLIPIXOR M 4/850 
BOSENTÁN MONOHIDRATO EQUIVALENTE A BOSENTÁN,BOSENTÁN
BOSENTÁN MONOHIDRATO EQUIVALENTE A BOSENTÁN,BOSENTÁN 
CLONIDINA CLORHIDRATO,FENIPREC 0.2
KETOROLACO TROMETAMINA.,KETOROLACO TROMETAMINA
VER AL DORSO,ELIXIUM 
PREGABALINA,PREGABALINA 75 MG
PANTOPRAZOL SODICO SESQUIHIDRATO,PANTOPRASEC 40
IOHEXOL INYECTABLE,PLUSXOL
PREGABALINA,PREGABALINA 
IOHEXOL INYECTABLE,PLUSXOL 
ONDANSETRON,ON.SETRON-DENK 4 MG ODT
METFORMINA HCL / VILDAGLIPTINA,METFORMINA + VILDAGLIPTINA LAM®   500/50
BISOPROLOL HEMIFUMARATO + AMLODIPINA BESILATO,BISOPROLOL + AMLODIPINA MAMEY® 5/5
CANDESARTAN CILEXETIL + AMLODIPINA BESILATO,CANDESARTAN + AMLODIPINA MAMEY® 16/5
DIOSMINA + HESPERIDINA,DIOSMINA + HESPERIDINA LAM® 500
DIOSMINA + HESPERIDINA,DIOSMINA + HESPERIDINA MAMEY® 500
TELMISARTÁN / AMLODIPINA,TELMICOR® MAX 80/10
TELMISARTÁN / HIDROCLOROTIAZIDA,TELMICOR® D 80/12.5
EMPAGLIFLOZINA,EMPAGLIZ 
ROSUVASTATINA,CRAVID
ROSUVASTATINA,CRAVID
DICLOFENACO SODICO,VOLFENAC
DICLOFENACO SODICO,VOLFENAC
NITRATO DE ECONAZOL,MICOLIS
DROPROPIZINA / CLORHIDRATO DE AMBROXOL,TROFERIT-FLOW
DIPIRONA,INDUFAR Z-CAL 1000
PREGABALINA,PREGABAX GADOR 75
KETOCONAZOL,PROKET 
KETOCONAZOL,PROKET 
FITOMENADIONA BP,FITOMENADIONA
HIDROCORTISONA SUCCIONATO SÓDICO USP,HIDROCORTISONA
CITRATO DE CAFEÍNA EQV A CAFEÍNA USP,CITRATO DE CAFEINA
VECURONIO BROMURO DE BP,VECURONIO BROMURO PARA INYECCIÓN BP 10 MG 
VECURONIO BROMURO DE BP,VECURONIO BROMURO
PARACETAMOL,SUMERA
CITICOLIN SODICA EQUIVALENTE A CITICOLINA,CITICOLINA 500 MG / 2 ML 
DICLOFENACO DIETILAMINA,DICLOFENACO 1%
DIPIRONA,INDUFAR Z-CAL 1000 
EMPAGLIFLOZINA,EMPAGLIZ 
FENOFIBRATO,IBECAP-250
FENOFIBRATO,FIBRAFEN-250
FENITOINA SODICA,"EPAMIN PARENTERICO, 50 MG / ML SOLUCIÓN INYECTABLE"
FENITOINA SODICA,"EPAMIN PARENTERICO, 50MG/ ML SOLUCIÓN INYECTABLE"
FENITOINA SODICA,"EPAMIN PARENTERICO, 50 MG/ ML SOLUCIÓN INYECTABLE"
NAFTIFINA CLORHIDRATO,EXODERIL 
EMPAGLIFLOZINA Y LINAGLIPTINA, EMPAGLIZ L 
EMPAGLIFLOZINA+ METFORMINA,EMPAGLIZ M
EMPAGLIFLOZINA Y METFORMINA,EMPAGLIZ M
EMPAGLIFLOZINA Y METFORMINA,EMPAGLIZ M 
ACICLOVIR BP,ACICLOVIR 
CALAMINA BP,CALAMINA
DICLOFENACO DIETILAMINA BP,DICLOFENACO 
PREGABALINA Y METILCOBALAMINA,MELODIAL
VER AL DORSO,SUMOX AC
VER AL DORSO,BEBERE M SOLUCION ORAL SABOR MANZANA
VER AL DORSO,BEBERE M SOLUCION ORAL SABOR COCO
VER AL DORSO,BEBERE M SOLUCION ORAL SABOR CEREZA
AZITROMICINA DIHIDRATO,AZITROMICINA LAM®   
MINOXIDIL,BOSLEYMD TRATAMIENTO PARA EL.......(VER AL DORSO)
MINOXIDIL,BOSLEYMD TRATAMIENTO PARA EL...(VER AL DORSO)
TOPIRAMATO,TOPIRAMATO  USP 50 MG 
AMOXICILINA TRIHIDRATO,AMOXICILINA LAM®  500 MG
AMOXICILINA TRIHIDRATO,AMOXICILINA LAM®  500 MG
AMOXICILINA TRIHIDRATO, BIOMOX®  500
AMOXICILINA TRIHIDRATO,BIOMOX® 500 
AMOXICILINA TRIHIDRATO,AMOXICILINA LAM®  
AMOXICILINA TRIHIDRATO,AMOXICILINA LAM®  
BETAHISTINA DICLORHIDRATO,BETASERC OD 48 MG
METILFENIDATO CLORHIDRATO,ERETRIA 36
ISOXSUPRINA CLORHIDRATO, ISOXSUPRINA CLORHIDRATO 10 MG
ISOXSUPRINA CLORHIDRATO,ISOXSUPRINA CLORHIDRATO 20 MG
PARACETAMOL,PARACETAMOL
METISOPRINOL,ISOPRINOSINE GOTAS
IBUPROFENO,BUPROGEL 100 MG / 5 ML
CEFALEXINA,CEFALEXINA 250 MG / 5 ML
SILODOSIN,TEGLINIL
INDACATEROL MALEATO,INDACATEROL 
INDACATEROL MALEATO,CATADINA
CLORHIDRATO DE CETIRIZINA,CETIRIZINA 10 MG
EMPAGLIFLOZINA Y METFORMINA,EMPAGLIZ M 
CLOTRIMAZOL,MATRIZOL 200
MONOHIDRATO DE CEFALEXINA,CEFALEXINA 250 MG/5 ML
ACETILCISTEÍNA USP,N-ACETILCISTEINA  600 MG
ZIPRASIDONA CLORHIDRATO EQUIVALENTE A ZIPRASIDONA,ZIPRASIDONA 
KETOROLACO TROMETAMINA,ARTAL 10
ZIPRASIDONA CLORHIDRATO EQUIVALENTE A ZIPRASIDONA,ZIPRASIDONA
KETOROLACO TROMETAMINA,ARTAL 20
KETOROLACO TROMETAMINA,ARTAL 30
OSIMERTINIB MESILATO INN,OSIMERTINIB 80 MG
SERTRALINA CLORHIDRATO,SERMET
SERTRALINA CLORHIDRATO,SERMET
ÁCIDO ASCÓRBICO (VITAMINA C),C LA VIT® 1000
ÁCIDO ASCÓRBICO (VITAMINA C),CE-LA VIT® 1000 MG
CEFIXIMA TRIHIDRATO,CEFIXIMA MAMEY® 400 MG
CEFIXIMA TRIHIDRATO USP EQUIVALENTE A CEFIXIMA ANHIDRA,CEFIXIMA MAMEY® 
PANTOPRAZOL SODICO SESQUIHIDRATO BP,PANTOPRAZOL 40 MG
QUETIAPINA (COMO FUMARATO),EDAGAN XR 200 
IBRUTINIB INN,IBRUTINIB 140 MG
CITALOPRAM BROMHIDRATO EQUIVALENTE A CITALOPRAM, CITALOPRAM
IMIPRAMINA CLORHIDRATO,IMIPRAMINA
"PANCREATINA, SIMETICONA",PANCREATINA & SIMETICONA
MELOXICAM,MELOXICAM
PACLITAXEL,ABRAXANE 
ACIDO ZOLEDRONICO,ACIDO ZOLEDRONICO KEMEX
EMPAGLIFLOZINA,PAGLIFLOX®
HIDROXIUREA,HYDREFAL 
ROSUVASTATINA,ROSFAR-20
ROSUVASTATINA,ROSFAR-40
CLOPIDOGREL,FARIGREL-75
BORTEZOMID,BORTEMID
AMBROXOL HCL,AMBROXOL
LATANOPROST,LOUTEN
BISOPROLOL HEMIFUMARATO + HIDROCLOROTIAZIDA,BISOPRES®  H 10/6.25
ERLOTINIB (COMO ERLOTINIB CLORHIDRATO),BELCOMIB 25
MULTICOMPOSICION,PAIN STOP 100 MG 
LOSARTÁN POTÁSICO E HIDROCLOROTIAZIDA,LOSARTÁN POTÁSICO E HIDROCLOROTIAZIDA
ATENOLOL,ATENOLOL 
LISINOPRIL DIHIDRATO + AMLODIPINA BESILATO,LISINOPRES® A 10/5
VALSARTÁN + AMLODIPINA BESILATO + HIDROCLOROTIAZIDA,DOCARDIA®  AH 160/5/12.5
BROMURO DE IPRATROPIO MONOHIDRATO,IPRATROPIO PEDIATRICO
BISOPROLOL HEMIFUMARATO,DIXINOL-5
VER AL DORSO,EXPECTORANTE LER
METFORMINA HCL / VILDAGLIPTINA,METFORMINA + VILDAGLIPTINA LAM®   1000/50
METFORMINA HCL / VILDAGLIPTINA,METFORMINA + VILDAGLIPTINA LAM®  850/50 
BISOPROLOL HEMIFUMARATO/ HIDROCLOROTIAZIDA,BISOPROLOL + HIDROCLOROTIAZIDA LAM® 5/6.25
METFORMINA HCL / VILDAGLIPTINA,METFORMINA + VILDAGLIPTINA MAMEY® 500/50
BISOPROLOL HEMIFUMARATO + AMLODIPINA BESILATO,BISOPROLOL + AMLODIPINA LAM® 5/5
PARACETAMOL BASE,ACETAFER
BISOPROLOL HEMIFUMARATO + HIDROCLOROTIAZIDA,BISOPROLOL + HIDROCLOROTIAZIDA MAMEY® 10/12.5
TADALAFIL,TADALAFIL 20 MG
MEDROXIPROGESTERONA ACETATO,COMPROGEST-10
MINOXIDIL,PELOMAX ULTRA
GLUCONATO DE CLORHEXIDINA, CLORHEXIDINA
LOSARTÁN POTÁSICO,HIPER-ON 50 MG
LEVOCETIRIZINA DICLORHIDRATO,LEVOCETIRIZINA 5 MG 
LEVOCETIRIZINA DICLORHIDRATO,LEVOCIT 5 MG
CETIRIZINA HCI,CETIRIZINA PHOENIX 10MG 
CETIRIZINA-HCL,"0-ALERG 10 MG"
VER AL DORSO,UROCLEAN
LEVOFLOXACINA HEMIHIDRATO,LEVOFLOXACINA
LEVOFLOXACINA HEMIHIDRATO,LEVIPROX
ACIDO ASCORBICO + ASCORBATO DE SODIO,VITAMINA C 500 MG
DICLOFENAC RESINATO EQUIVALENTE A DICLOFENAC ACIDO LIBRE,VOLTEXAN® - K 
CLINDAMICINA CLORHIDRATO,CLINDAVIC 300MG
CLINDAMICINA CLORHIDRATO,CLINDAVIC 150 MG
LEVOFLOXACINA UPS,QUINOLEV 750 MG
LEVOFLOXACINA UPS, BACTERIFLOX
LEVOFLOXACINA HEMIHIDRATO,EVOCINA 500
LEVOFLOXACINA HEMIHIDRATO,LEVOFLOXACINA 500 MG
ZIPRASIDONA CLORHIDRATO EQUIVALENTE A ZIPRASIDONA,ZIPRASIDONA
MELOXICAM,UNITED COX
DICLOFENAC POTÁSICO,DICLOFENAC POTÁSICO 75 MG 
OLANZAPINA,EUTIPINA 10
CELECOXIB,CELECOXIB
CELECOXIB,CELECOXIB
OLANZAPINA,OLANZAPINA
OLANZAPINA,TILGEX
ESOMEPRAZOL,GASTROZOL
RIVAROXABAN,XARELTO® 
RIVAROXABAN,XARELTO® 
RIVAROXABAN,XARELTO® 
GEMCITABINA CLORHIDRATO,GEMIBINE 200
GEMCITABINA CLORHIDRATO,GEMIBINE 1000
VANCOMICINA CLORHIDRATO,VANMICIN 500MG
SOLIFENACINA SUCCINATO,VESILIFE
OLMESARTAN MEDOXOMILO + HIDROCLOROTIAZIDA,OLTACAM D 20/12.5 
OLMESARTAN MEDOXOMILO + HIDROCLOROTIAZIDA,OLTACAM D 40/12.5 
OLMESARTAN MEDOXOMILO + HIDROCLOROTIAZIDA,OLTACAM D 40/25 
CARIPRAZINA CLORHIDRATO,"CARIPRAL 1,5 "
CARIPRAZINA CLORHIDRATO,CARIPRAL 3
CARIPRAZINA CLORHIDRATO,CARIPRAL 6 
IBUPROFENO,IBUPROFENO 600 MG MK 
ACETAMINOFÉN / CAFEÍNA,ACETAMINOFÉN / CAFEÍNA 
FOSFOMICINA CÁLCICA,FOSFOMICINA
ALPRAZOLAM,ALPRAZOLAM 0.5 MG PARABIEN
ALPRAZOLAM,ALPRAZOLAM 0.25 MG PARABIEN
ALPRAZOLAM,ALPRAZOLAM 1 MG PARABIEN
ALPRAZOLAM,ALPRAZOLAM 2 MG PARABIEN
OXIDO DE ZINC + ÁCIDO BÓRICO,CREMA DESODORANTE DOCTOR ATLETA 
CLORHIDRATO DE ASCIMINIB,SCEMBLIX
P-CLOROMETAXILENOL,JABON GERMICIDA DR. COLLADO
VER AL DORSO,JABON GERMICIDA DR. COLLADO PLUS
CAFEÍNA CITRATO,CAFEÍNA CITRATO GRAY
LEVETIRACETAM,LEVETIRACETAM SUED 500 MG
TADALAFIL,TADALAFIL 20 MG PARABIEN
VER AL DORSO,NEURAL SIMPLE
AMLODIPINO + VALSARTAN,EXFORGE 
ACETAMINOFEN,ACRO-TEMP  
ACETAMINOFEN,ACRO-TEMP
PREGABALINA,PREBRAL 150
APIXABAN,APIXATAS 2.5
PREGABALINA,PREBRAL 300
MESILATO DE DABRAFENIB MICRONIZADO,TAFINLAR
MESILATO DE DABRAFENIB MICRONIZADO,TAFINLAR
MESILATO DE DABRAFENIB MICRONIZADO,TAFINLAR
CITRATO DE HIERRO AMONIACAL + TIAMINA HCL (VITAMINA B1),CONDESA DE FRANCIA REFORZADA
BISOPROLOL HEMIFUMARATO + HIDROCLOROTIAZIDA,BISOPRES®  H 10/12.5 
LOSARTAN POTASICO + HIDROCLOROTIAZIDA,LOSARTAN POTASICO 50 MG + HIDOCLOROTIAZIDA 12.5 MG
NIFEDIPINA,TENSOLAT® XR 20 
VALSARTÁN + HIDROCLOROTIAZIDA,DOCARDIA®  H 320/25
FUROSEMIDA,FUROSEMIDA 
ROSUVASTATINA CALCICA,DURTAN 20
ROSUVASTATINA CALCICA,DURTAN 40
DIOSMINA + HESPERIDINA,DIOSMINA + HESPERIDINA 500
DAPAGLIFLOZINA + METFORMINA HCL,DAPAGLIFLOZINA + METFORMINA MAMEY®  5/1000 XR
DAPAGLIFLOZINA + METFORMINA HCL,DAPAGLIFLOZINA + METFORMINA MAMEY®  5/1000 XR
METRONIDAZOL + NISTATINA,METRONIDAZOL + NISTATINA OVULO
AMPICILINA TRIHIDRATO EQUIV A AMPICILINA,AMPICILINA 
AMPICILINA TRIHIDRATO EQUIV A AMPICILINA,AMPICILINA
ACICLOVIR BP,ACICLOVIR 
VER AL DORSO,VITAMINA  C 
VER AL DORSO,CHEVIT-C
VER AL DORSO,PAINGEL NBG
FINGOLIMOD CLORHIDRATO,FINGOLIMOD  LAM® 0.5 MG 
FINGOLIMOD CLORHIDRATO,FINGOLIMOD MAMEY® 0.5 MG 
LOSARTÁN POTÁSICO / AMLODIPINA BESILATO,LOSARTÁN + AMLODIPINA LAM® 100/5
LOSARTÁN POTÁSICO / AMLODIPINA BESILATO,LOSARTÁN + AMLODIPINA MAMEY® 100/5
METRONIDAZOL,METRO
BISOPROLOL FUMARATO,BISOPRIAL 2.5 MG 
KETOCONAZOL BP,KETOCONAZOL 
IBUPROFEN BP,IBUPROFEN 
VALSARTÁN / HIDROCLOROTIAZIDA,VALSARTÁN + HIDROCLOROTIAZIDA  MAMEY®  160/25
CETIRIZINA DICLORHIDRATO BP,CETIRIZINA  DICLORHIDRATO 
PREGABALINA,PREGACURE-75
BISOPROLOL HEMIFUMARATO + HIDROCLOROTIAZIDA,BISOPROLOL + HIDROCLOROTIAZIDA LAM® 10/12.5
BISOPROLOL FUMARATO,BISOPRIAL 5 MG 
BISOPROLOL FUMARATO,BISOPRIAL 10 MG
GLUCONATO DE CLORHEXIDINA,HYBICLOXIN 4%
VER AL DORSO,VOLTEXAN® 
KETOCONAZOL,ONGUEX
QUETIAPINA FUMARATO EQUIVALENTE A QUETIAPINA,QUETIAPINA 
FOSFOMICINA (TROMETAMOL),POSITRAL
TADALAFIL,TALDRO 5 MG
BROMHIDRATO DE CITALOPRAM EQUIVALENTE A CITALOPRAM,CITALOPRAM
OLANZAPINA,EUTIPINA 5
RISPERIDONA,EUTIDONA 2
CLORHIDRATO DE ERLOTINIB EQUIVALENTE A ERLOTINIB,ERLOTINIB
PAZOPANIB CLORHIDRATO EQUIVALENTE A PAZOPANIB,PAZOPANIB
PAZOPANIB CLORHIDRATO EQUIVALENTE A PAZOPANIB,PAZOPANIB 
CEFIXIMA + ACETILCISTEINA,PROBACTER PLUS
PREDNISONA,PENBRONK 20
PREDNISONA,PENBRONK 20
CEFIXIMA + ACETILCISTEINA,ETICEFA PLUS
PREGABALINA,PREBRAL 75
AMLODIPINO + VALSARTAN,EXFORGE 
CLORHIDRATO DE METFORMINA,PREDIAL PLUS 750 MG 
POLIDOCANOL,ETOXIVEN 1%
CLORHIDRATO DE ASCIMINIB,SCEMBLIX
CLORHIDRATO DE ASCIMINIB,SCEMBLIX
SERTRALINA CLORHIDRATO (EQUIVALENTE A SERTRALINA),SERMET 100
SERTRALINA CLORHIDRATO (EQUIVALENTE A SERTRALINA),SERMET 50
ELIGLUSTAT TARTRATO,ELIGLAS
FENOFIBRATO MICRONIZADO,NORTRICOL 200
TREPROSTINILO,TYVASO
APIXABAN,APIXABAN 2.5 MG IF
ÁCIDO FUSÍDICO,TOPISEPT
PREDNISONA,METICORTEN
PREDNISONA,METICORTEN
VER FORMULA,FEXIONEL 1000
MONTELUKAST,ALERMONT 10
EDOXABAN TOSILATO MONOHIDRATO (EQUIVALENTE A EDOXABAN),LINOXAN 60
EDOXABAN TOSILATO MONOHIDRATO (EQUIVALENTE A EDOXABAN),LINOXAN 15
BICALUTAMIDA,LIMUX® 50 MG
APIXABAN,APIXBER 2.5
CLORHIDRATO DE ONDANSETRON DIHIDRATADO,VONAU FLASH 
LEVETIRACETAM,KEPACOL XR 500
CETIRIZINA,ALCET 5
RISPERIDONA,ALREDIL
VER AL DORSO,ALGHO MULTISINTOMAS
IBUPROFENO,IBUPROFENO MK 100 MG / 5 ML SUSPENSION
OCTREOTIDA,SANDOSTATIN 0.1 MG / ML
ROSUVASTATINA CALCICA EQUIVALENTE A ROSUVASTATINA,ROSUSTAR 40 MG
ROSUVASTATINA CALCICA EQUIVALENTE A ROSUVASTATINA,ROSUSTAR 20 MG
ACETAMINOFEN - NAPROXENO - CAFEINA,DURAFLEX ADVANCE
FLUCONAZOL + SECNIDAZOL,FLUCONAZOL + SECNIDAZOL 
ALBENDAZOL,ALBENDAZOL 
ALBENDAZOL,ALBENDAZOL 200 MG MK
ENANTATO DE ESTRADIOL Y ACETOFENIDO DE ALGESTONA,FEMVULEN
DICLOFENAC POTASICO,ANFLAMAT 
LORATADINA,ALER-KA
DEXLANSOPRAZOL PELLETS EQUIVALENTE A DEXLANSOPRAZOL,DEXLANSOPRAZOL ALFA 30 MG
SULFATO DE SALBUTAMOL BP,SALBUTAMOL 4 MG
DICLOFENACO SÓDICO BP,DICLOFENACO SÓDICO 100MG
DICLOFENACO SÓDICO BP,DICLOFENACO SÓDICO 50 MG
ULIPRISTAL ACETATO,PRIMIGER
MONTELUKAST SODICO,UXIGRIL
CELECOXIB,CELECOXIB
CLORHIDRATO DE TRAMADOL USP,TRAMADOL 50MG
MEDROXIPROGESTERONA ACETATO,MEDROXIPROGESTERONA
MULTICOMPOSICION,NORAVER® G FAST TOTAL CAPSULA BLANDA
MIRABEGRÓN,MIRABEGRÓN 50
EZETIMIBA (FORMA B) & SIMVASTATINA, EZETIMIBA Y SIMVASTATINA10 MG/40 MG
EZETIMIBA (FORMA B) & SIMVASTATINA,SIMVASEVEN-EZ 10 MG/40 MG
CLONAZEPAM,RIMASTINE
CLONAZEPAM,RIMASTINE
SACUBITRILO+VALSARTÁN,VALDIBER-S
POLIETILENGLICOL + PROPILENGLICOL,GLICOLUB ULTRA
SOLIFENACINA SUCCINATO,VESILIFE 10
MONTELUKAST SODICO,UXIGRIL
MONTELUKAST SODICO,UXIGRIL
HEMITARTRATO DE ZOLPIDEM,ZOLPIDEM 10 MG
ADALIMUMAB,IDACIO
ACETAMINOFEN,ACETAMINOFEN MK 100 MG /ML GOTAS SOLUCIÓN ORAL
ACETAMINOFEN,ACETAMINOFEN 100 MG/ ML MK 
ACIDO TRANEXAMICO,ACIDO TRANEXAMICO
VANCOMICINA CLORHIDRATO,VANMICIN 1000 MG
VER AL DORSO,"CIANOCOBALAMINA, TIAMINA, DEXAMETASONA."
VER AL DORSO,TIAMIDEXAL
DEFLAZACORT,DEFLAZACORT
SULFATO FERROSO IP,SULFATO FERROSO
ETORICOXIB,ARTROCOX 120 MG
ETORICOXIB,ARTROCOX 90 MG COMPRIMIDOS RECUBIERTO
PREDNISONA,PENBRONK 50
LOSARTAN POTASICO + HIDROCLOROTIAZIDA,LOSARTAN POTASICO 100 MG  + HIDROCLOROTIAZIDA 25 MG
KETOCONAZOL + SECNIDAZOL,KETOFLAX
METRONIDAZOL,METRO
GLIBENCLAMIDA + METFORMINA,DROFORMIN 500 MG + 2.5 MG
VALSARTÁN / HIDROCLOROTIAZIDA,VALSARTÁN + HIDROCLOROTIAZIDA  LAM®  160/25
IRBESARTÁN / HIDROCLOROTIAZIDA,IRBESARTÁN + HIDROCLOROTIAZIDA MAMEY® 300/12.5
IRBESARTÁN / HIDROCLOROTIAZIDA,IRBESARTÁN + HIDROCLOROTIAZIDA LAM® 300/12.5
VER AL DORSO,IRBESARTÁN + AMLODIPINA MAMEY®   300/10   
OXCARBAZEPINA USP,OXCARBAZEPINA USP 300 MG 
OXCARBAZEPINA USP,OXCARBAZEPINA USP 150 MG 
CETIRIZINA HIDROCLORURO,CETIRIZINA
APREPITANT,PREPIP® 80 MG
VER AL DORSO,TORNADO
NITAZOXANIDA,NITAZOXANIDA FELTREX 
LEVETIRACETAM,LEVETIRACETAM IL (CONT. AL DORSO)
CITICOLINA,CITICOLINA IL (CONT. AL DORSO)
TERIFLUNOMIDA,TERIFLUNOMIDA 14 MG 
TERIFLUNOMIDA,TEFLUMID 14  mg
LINEZOLIDA,LINEZOLIDA 600 MG
RISPERIDONA,BURKA 
RISPERIDONA,BURKA 
L-ORNITINA-L-ASPARTATO,LUMENEX
LEVETIRACETAM,LEVREXITAN-500
LEVETIRACETAM,LEVREXITAN-500 XR
LEVOFLOXACINA,LEVOFLOXACINA 500 MG AG PHARMA
PREGABALINA + METILCOBALAMINA,ANICOBAL PLUS
TRIHEXIFENIDILO CLORHIDRATO,TRIHEXIFENIDILO CLORHIDRATO
SILDENAFIL CITRATO EQUIVALENTE A SILDENAFIL,SILDENAFIL  CITRATO 
PROPOFOL,ROUXFOL
VER AL DORSO,ANDOVICAL UNGÜENTO
NISTATINA,NISTATINA 
METRONIDAZOL,METRONIDAZOL 
MULTICOMPOSICION,"DICLOFENAC DIETILAMINA, ACEITE DE LINAZA,..(VER AL DORSO)"
ACIDO ASCORBICO ( VITAMINA C ) BP,VITAMINA  C   ACIDO ASCORBICO 
OMEPRAZOL,OMEPRAZOL
CIPROFLOXACINA CLORHIDRATO,CIPROFLOXACINA USP 500 MG
FLUCONAZOL,FOREXIL 
FLUCONAZOL,FOREXIL 
FUROSEMIDA,RAGILON 40
CIPROFLOXACINA CLORHIDRATO EQUIVALENTE A CIPROFLOXACINA,CIPROLENT XR
METFORMINA CLORHIDRATO + GLIMEPIRIDA,METFORMINA CLORHIDRATO 1000 MG + GLIMEPIRIDA 4 MG 
METFORMINA CLORHIDRATO + GLIMEPIRIDA,METFORMINA CLORHIDRATO 850 MG + GLIMEPIRIDA 4 MG
METFORMINA HCL / VILDAGLIPTINA,METFORMINA + VILDAGLIPTINA MAMEY®   1000/50
VALSARTÁN / AMLODIPINA BESILATO,VALSARTÁN + AMLODIPINA MAMEY® 160/10
VALSARTÁN / AMLODIPINA BESILATO,VALSARTÁN + AMLODIPINA LAM® 160/10
VALSARTÁN / AMLODIPINA BESILATO,DOCARDIA®  A 160/10
VALSARTÁN / AMLODIPINA BESILATO,DOCARDIA®  A 160/10
VALSARTÁN / AMLODIPINA BESILATO,DOCARDIA® A 160/10
VALSARTÁN + AMLODIPINA BESILATO + HIDROCLOROTIAZIDA,DOCARDIA®  AH 160/10/12.5
VALSARTÁN + AMLODIPINA BESILATO + HIDROCLOROTIAZIDA,DOCARDIA®  AH 160/10/12.5
VALSARTÁN + AMLODIPINA BESILATO + HIDROCLOROTIAZIDA,DOCARDIA® AH 160/10/12.5
ATORVASTATINA CALCICA,ATOCOR® 20
BISOPROLOL HEMIFUMARATO + AMLODIPINA BESILATO,BISOPRES® A 5/5
METFORMINA CLORHIDRATO,METFORNOVUM 850 MG
METFORMINA CLORHIDRATO,METFORNOVUM 500 MG
GLIMEPIRIDA MICRONIZADA,GLIMENOVUM
ROSUVASTATINA + EZETIMIBE,ROSUMIBE 20 MG/10 MG
ROSUVASTATINA + EZETIMIBE,ROSUMIBE 10 MG/10 MG
BISOPROLOL FUMARATO,COLBER
BISOPROLOL FUMARATO,COLBER
BISOPROLOL HEMIFUMARATO + HIDROCLOROTIAZIDA,BISOPROLOL + HIDROCLOROTIAZIDA MAMEY® 10/25
CANDESARTÁN CILEXETIL + HIDROCLOROTIAZIDA,CANDESARTÁN + HIDROCLOROTIAZIDA  LAM®  32/25 
CANDESARTÁN CILEXETIL + HIDROCLOROTIAZIDA,CANDESARTÁN + HIDROCLOROTIAZIDA  MAMEY®  32/25 
IRBESARTÁN + HIDROCLOROTIAZIDA,IRBESARTÁN + HIDROCLOROTIAZIDA MAMEY®  300/25
LOSARTÁN POTÁSICO/ AMLODIPINA BESILATO,LOSARTÁN + AMLODIPINA MAMEY® 100/10
LOSARTÁN POTÁSICO / AMLODIPINA BESILATO,LOSARTÁN + AMLODIPINA LAM® 50/5
BISOPROLOL HEMIFUMARATO + AMLODIPINA BESILATO,BISOPROLOL + AMLODIPINA LAM® 5/10
LOSARTÁN POTÁSICO / AMLODIPINA BESILATO,LOSARTÁN + AMLODIPINA MAMEY® 50/5
"OXIDO DE ZINC, ÁCIDO BÓRICO",DERMAFAR NF
AZITROMICINA,AZITROMICINA SAMED 500 MG
METFORMINA CLORHIDRATO,METFORMINA  CLORHIDRATO 
"PARACETAMOL, CLORFENIRAMINA MALEATO",GRIFANTIL NF
MICOFENOLATO MOFETILO,MICOFENOLATO  MOFETILO 
VER AL DORSO,RESFRIDOL-C
VER AL DORSO,RESFRIDOL-C
LISINOPRIL ANHIDRO,LISINOPRIL 10 MG 
ITRACONAZOL,ITRACONAZOL 
VER AL DORSO,ROSUTIN-DUAL 20/10
NIFEDIPINA,ALNAP IQI
NIFEDIPINA,NIFEDIPINA-30
NIFEDIPINA,ALNAP IQI
BISOPROLOL FUMARATO BP,BISOPROLOL FUMARATO 
ATORVASTATINA CÁLCICA,ATORVASTATINA CÁLCICA
OLMESARTAN,OLMESARTAN MEDOXOMILO 
PREGABALINA,PREGABALINA 150 MG
OLMESARTAN,OLMESARTAN MEDOXOMILO 
METFORMINA CLORHIDRATO,METFORMINA 500 MG
PIPERACILINA SÓDICA Y TAZOBACTAM SÓDICO,PIPERACILINA Y TAZOBACTAM PARA INYECCIÓN USP
METFORMINA HCL,IRALMED XR 
METFORMINA HCL,IRALMED XR
SALES DE REHIDRATACIÓN ORAL BP,SALES DE REHIDRATACIÓN ORAL BP
IRBESARTÁN + HIDROCLOROTIAZIDA,IRBESARTÁN + HIDROCLOROTIAZIDA LAM®  300/25
BISOPROLOL HEMIFUMARATO/ HIDROCLOROTIAZIDA,BISOPROLOL + HIDROCLOROTIAZIDA MAMEY® 5/6.25
LOSARTÁN POTÁSICO/ AMLODIPINA BESILATO,LOSARTÁN + AMLODIPINA LAM® 100/10
VITAMINA D3,VITAMINA D NOVUM
VALSARTÁN / HIDROCLOROTIAZIDA,VALSARTÁN + HIDROCLOROTIAZIDA  LAM®  160/12.5
BISOPROLOL HEMIFUMARATO + HIDROCLOROTIAZIDA,BISOPROLOL + HIDROCLOROTIAZIDA LAM® 10/6.25
VER AL DORSO,IRBESARTÁN + AMLODIPINA LAM®  300/5  
IRBESARTÁN + HIDROCLOROTIAZIDA,IRBESARTAN + HIDROCLOROTIAZIDA LAM® 150/12.5
CANDESARTÁN CILEXETIL + HIDROCLOROTIAZIDA,CANDESARTÁN + HIDROCLOROTIAZIDA LAM®  16/12.5
IRBESARTÁN + HIDROCLOROTIAZIDA,IRBESARTAN + HIDROCLOROTIAZIDA MAMEY® 150/12.5
BISOPROLOL HEMIFUMARATO + HIDROCLOROTIAZIDA,BISOPROLOL + HIDROCLOROTIAZIDA MAMEY® 5/12.5
BISOPROLOL HEMIFUMARATO + HIDROCLOROTIAZIDA,BISOPROLOL + HIDROCLOROTIAZIDA MAMEY® 10/6.25
CANDESARTÁN CILEXETIL + HIDROCLOROTIAZIDA,CANDESARTÁN + HIDROCLOROTIAZIDA MAMEY®  16/12.5
BISOPROLOL HEMIFUMARATO + HIDROCLOROTIAZIDA,BISOPROLOL + HIDROCLOROTIAZIDA LAM® 5/12.5
VALSARTAN + HIDROCLOROTIAZIDA,VALSARTÁN + HIDROCLOROTIAZIDA  MAMEY®  160/12.5
VER AL DORSO,IRBESARTÁN + AMLODIPINA LAM®   150/5
VER AL DORSO,VALSARTÁN + AMLODIPINA LAM® 160/5
CANDESARTÁN CILEXETIL + AMLODIPINA BESILATO,CANDESARTÁN + AMLODIPINA MAMEY® 32/10
IRBESARTAN + AMLODIPINA BESILATO,IRBESARTÁN + AMLODIPINA MAMEY®   150/5
TELMISARTÁN / HIDROCLOROTIAZIDA,TELMISARTÁN + HIDROCLOROTIAZIDA MAMEY® 80/12.5
VALSARTAN + AMLODIPINA,VALSARTÁN + AMLODIPINA MAMEY® 160/5
CARMELOSA SODICA BP (CARBOXIMETILCELULOSA SODICA),CARMELOSA SÓDICA
CANDESARTAN CILEXETIL + AMLODIPINA BESILATO,CANDESARTAN + AMLODIPINA MAMEY® 8/5
VER AL DORSO,FERITOS AGLF
VER AL DORSO,FERMIFLUX
MOMETASONA FUORATO,REVANMET 
VER AL DORSO,SUNLIN
GLIMEPIRIDA,GLIFLOXIN 2
VER AL DORSO,GLIFLOXIN PLUS 4
CLORURO DE POTASIO USP 20% P/V,CLORURO DE POTASIO USP 20% P/V
VILDAGLIPTINA,VILDAGLIPTINA 50 MG 
VILDAGLIPTINA,VISTAVEN 50 mg 
VER AL DORSO,CEREFORTE
MULTICOMPOSICIÓN,TABCIN ANTIGRIPAL EXTRA FUERTE NOCHE
MULTICOMPOSICIÓN,TABCIN ANTIGRIPAL EXTRA FUERTE NOCHE
MULTICOMPOSICIÓN,TABCIN ANTIGRIPAL EXTRA FUERTE DIA
MULTICOMPOSICIÓN,TABCIN ANTIGRIPAL EXTRA FUERTE GRIPE Y TOS
MULTICOMPOSICIÓN,TABCIN ANTIGRIPAL EXTRA FUERTE GRIPE Y TOS
IRBESARTÁN,IRBESCARD-300
"DIFENHIDRAMINA HCL, OXIDO DE ZINC, NEOCALAMINA",DERMAFAR NF
AMLODIPINA BESILATO,AMLODIPINA 5 MG
AMLODIPINA BESILATO,AMLODIPINA 10 MG
ACETAMINOFEN / CLORFENIRAMINA MALEATO,DISPAMOL IQI-A
VER AL DORSO,DERMAFAR 
NALOXONA CLORHIDRATO USP,NALOXONA CLORHIDRATO INYECCION
AMINOFILINA BP,AMINOFILINA
AMLODIPINA BESILATO,FLUIPINA 5 MG
AMLODIPINA BESILATO,FLUIPINA 10 MG
VER AL DORSO,GRANISETRON ALFA 3 MG/ 3 ML 
CITICOLINA SODICA,COLINA RNT-500
GLUCONATO DE CALCIO,GLUCONATO DE CALCIO 
KETOROLACO TROMETAMINA,KETOROLACO TROMETAMINA
KETOROLACO TROMETAMINA,KETONUR
ATORVASTATINA / EZETIMIBE,HIPOVASTIN PLUS
ATORVASTATINA - EZETIMIBE,HIPOVASTIN PLUS 20/10
CLINDAMICINA FOSFATO USP,CLINDAMICINA
GLIMEPIRIDA,GLIPIXOR-2
GLIMEPIRIDA,GLIPIXOR-4 
DIFENHIDRAMINA CLORHIDRATO USP,DIFENHIDRAMINA CLORHIDRATO 
VALSARTAN + HIDROCLOROTIAZIDA,VALTAN H 320/25 
LOSARTAN POTASICO + HIDROCLOROTIAZIDA,LOSARTAN POTASICO 100 MG  + HIDROCLOROTIAZIDA 25 MG
METFORMINA CLORHIDRATO,METFORMINA 
METILDOPA,METILDOPA
BICARBONATO SODICO,BICARBONATO DE SODIO 8.4%
ROSUVASTATINA CÁLCICA,ROVAS 10
ROSUVASTATINA CÁLCICA,ROVAS 20
ROSUVASTATINA CÁLCICA,ROVAS 40
AMINOFILINA,AMINOFILINA
AMINOFILINA,AMINOFILINA
MESNA,URONAMID®
ÁCIDO ACETILSALICÍLICO,ÁCIDO ACETILSALICÍLICO
VER AL DORSO,DAMICINAX® 600 MG/4 ML 
LEVETIRACETAM,LEVETIRACETAM ALFA 500 MG / 5 ML
PEROXIDO DE HIDROGENO AL 50%,AGUA OXIGENADA DISFARIQ 3% (10 VOLUMENES)
IBUPROFEN,FENOPROX
IBUPROFEN,FENOPROX 
ACETILCISTEINA USP,ACETILCISTEINA USP
CETIRIZINA CLORHIDRATO,TALERDIN 
MINOXIDIL,PELOMAX
MINOXIDIL,PELOMAX  
MINOXIDIL,PELOMAX FORTE
MINOXIDIL,PELOMAX FORTE
IFOSFAMIDA,ISOFOS  
ACETATO DE LEUPROLIDA,LEUPROSYN 22.5
DICLOFENAC DIETILAMINA EQUIV. A DICLOFENAC SODICO,VINIL GEL
CINACALCET,SERENPEL 60
ACETATO DE ABIRATERONA,ABIRAASYN
PREGABALINA USP / METILCOBALAMINA USP,PREGABALINA CON METILCOBALAMINA 
PREGABALINA USP / METILCOBALAMINA USP,PREGOLAN-BRIT -M 
GRANISETRON HCL EQUIVALENTE A GRANISETRON,LENTRON® 3MG/ 3 ML 
ASPARTATO DE ARGININA,PREOMISOL ALFA® 5 G / 10 ML
ILAPRAZOL,NORUTEC 10MG
CLONIXINATO DE LISINA + PROPINOXATO HCI,TRIO PLEX FORTE PHOENIX - COMPUESTO
CLONIXINATO DE LISINA + PROPINOXATO HCI,ROFTURE-B COMPUESTO
FAMOTIDINA,FAMOTIDINA 40 MG MK TABLETAS RECUBIERTAS
DICLOFENAC SODICO,DOLO-NAV RETARD
CEFALEXINA MONOHIDRATO,CEFALEXINA  MAMEY®  500 MG
CLOTRIMAZOL,CLOTRIMAZOL  500 MG
VER AL DORSO,IRBESARTÁN + AMLODIPINA MAMEY®  300/5  
AMLODIPINO (D.C.I.) BESILATO/ VALSARTÁN (D.C.I.),VALNOR AMLO 10 MG/160 MG
ABIRATERONA ACETATO,ABATERO 500 MG 
ABIRATERONA ACETATO,ABATERO 500 MG 
SITAGLIPTINA / CLOHIDRATO DE METFORMINA,EPROLIV® MET
SITAGLIPTINA / CLOHIDRATO DE METFORMINA,EPROLIV® MET XR
LEVOFLOXACINO HEMIHIDRATO,FLOXAPRIN®
RISPERIDONA,RISPERIDONA ALFA 1 MG
BISOPROLOL FUMARATO / HIDROCLOROTIAZIDA,BIPROLIL PLUS®
LEVOFLOXACINA,LEFELO  500
DICLOFENAC SODICO BP,DICLOFENAC
DICLOFENAC SODICO BP,DICLOPLEX DISPERSABLE  
DEXLANSOPRAZOL PELLETS EQUIVALENTE A DEXLANSOPRAZOL,DEXLANSOPRAZOL ALFA 60 MG
FULVESTRANT,FULVITAS
NUSINERSÉN,SPINRAZA 
NUSINERSÉN,SPINRAZA
HIERRO AMINOQUELADO+ ACIDO FOLICO,HEMATOCRI JB
DAPAGLIFLOZINA,FANTER
SITAGLIPTINA,JALZER 
SITAGLIPTINA,JALZER 
VER AL DORSO,INLOSEP TRES 32/25/5
EMPAGLIFLOZINA / METFORMINA HCL,EFOXIN -M 12.5/850
EMPAGLIFLOZINA / METFORMINA HCL,EFOXIN -M 5/850
KETOROLACO TROMETAMINA,KERALGIL
CITRATO DE SILDENAFIL,VIAMEN
MIRABEGRÓN,MIRABEGRÓN
AMPICILINA TRIHIDRATO EQUIVALENTE A AMPICILINA,AMPICILINA 500 MG
AMOXICILINA TRIHIDRATO EQUIVALENTE A AMOXICILINA,AMOXICILINA 500 MG
LOSARTÁN POTÁSICO + HIDROCLOROTIAZIDA,LOSARTÁN POTÁSICO E HIDROCLOROTIAZIDA
LOSARTÁN POTÁSICO + HIDROCLOROTIAZIDA,CAPLINLOZAARK 50H
PREGABALINA- CELECOXIB,MIZTRO-C
ACETATO DE LEUPROLIDA,LEUPROSYN 7.5  
SULFATO DE VINCRISTINA,VINCRYSTYN 
APIXABAN,APIXATAS  5
AMLODIPINA BESILATO,AMLOTINA 5
DROSPIRENONA + ETINILESTRADIOL,YASMIN® 
VER AL DORSO,OLARBI AMLO 20 MG/5 MG
VER AL DORSO,OLARBI AMLO 20 MG/5 MG
VER AL DORSO,OLARBI AMLO 40 MG/5 MG
VER AL DORSO,OLARBI AMLO 40 MG/5 MG
VER AL DORSO,OLARBI AMLO 40 MG/10 MG
VER AL DORSO,OLARBI AMLO 40 MG/10 MG
SITAGLIPTINA,DIABELINA
VER AL DORSO,MULTIVITAMINAS 
ENALAPRIL MALEATO,ENALAPRIL MALEATO 
SULFATO FERROSO SECO EQUIV A FERROSO,SULFATO FERROSO 
AMLODIPINA BESILATO,AMLODIPINA 5MG
AMLODIPINA BESILATO,AMLODIPINA 10 MG
HIDROCLOROTIAZIDA,HIDROCLOROTIAZIDA
AMLODIPINA (COMO BESILATO),HALOMED 10MG
AMLODIPINA BESILATO,AMLONOVUM
ROSUVASTATINA,ROSUVASTATINA TABLETAS BP 5 MG
ACIDO FOLICO,FOQUEL 5
BISOPROLOL HEMIFUMARATO,DIXINOL-10
LOSARTAN POTASICO,LOSARTAN POTASICO
VER AL DORSO,DAPAGLIFLOZINA 10 MG (LÍNEA INTRALAB)
VITAMINAS EN COMBINACION EXTRACTOS HERBARIOS,NEURO CAMPOLON ENERGY 
VER AL DORSO,ACETAMINOFEN (CONT. AL DORSO)
VER AL DORSO,BALAGRIP PM
VER AL DORSO,ACETAMINOFEN  (CONTINUACION VER AL DORSO).
VER AL DORSO,BALAGRIP AM
VER AL DORSO,Z-LIM BIOTIC
VER AL DORSO,BRONCOLER
DIPIRONA,INDUFAR Z-CAL 1000
MULTICOMPOSICION,FERRIDOCE ZINC
LATANOPROST,LATANOPROST VIJOSA 0.005%
"OXIDO DE ZINC, ÁCIDO BÓRICO, ACIDO SALICILICO",DERMAFAR NF
CETIRIZINA CLORHIDRATO.,CETIRIZINA 5 MG / 5 ML 
LINAGLIPTINA/ METFORMINA CLORHIDRATO,DIAGLIPTIN DUO 2.5 MG/ 850 MG
LINAGLIPTINA/ METFORMINA CLORHIDRATO,DIAGLIPTIN DUO 2.5 MG/ 1000 MG
VALSARTÁN/HIDROCLOROTIAZIDA,VALTAN H 320/12.5 
ROSUVASTATINA + EZETIMIBE,LUSTATIN EZ 20/10
TACROLIMUS,  TACROLIMUS
DICLOFENAC POTASICO,ODILEN UNO
RUPATIDINA FUMARATO,RUPARIUS
PARACETAMOL BP,PARACETAMOL 500 MG
PIROXICAM BP,PIROXICAM 20 MG
DIOSMINA MICRONIZADA + HESPERIDINA,DIOSMIL
ACETAMINOFEN,ACEFEN 1000 MG /100ML ( 10MG/ML)
LACOSAMIDA,LANCOVUL  200 MG/20 ML (10MG/ML)
VITAMINA E COMO DL-TOCOFERILO ACETATO,VITAMINA E
METRONIDAZOL + DIYODOHIDROXIQUINOLEINA,METRO PLUS
VER AL DORSO,ARAXIL® PLUS D   16/5/12.5
VALSARTÁN + HIDROCLOROTIAZIDA,VALSARTÁN + HIDROCLOROTIAZIDA MAMEY®  320/25
VALSARTÁN + HIDROCLOROTIAZIDA,VALSARTÁN + HIDROCLOROTIAZIDA LAM®  320/12.5
VALSARTÁN + HIDROCLOROTIAZIDA,VALSARTÁN + HIDROCLOROTIAZIDA MAMEY®  320/12.5
VER AL DORSO,ANAMULER
METFORMINA HCL,METFORMINA 500 MG
METFORMINA HCL,METFORMINA 850 MG
METFORMINA HCL,METFORMINA 1000 MG
METFORMINA HCL,GLUCAHRONO 500 MG
METFORMINA HCL,GLUCARON 
METFORMINA HCL,GLUCAHRONO 850 MG
METFORMINA HCL,GLUCARON  
METFORMINA HCL,GLUCAHRONO 1000 MG
METFORMINA HCL,GLUCARON 
OMEPRAZOL,OMEPRAZOL 
ESOMEPRAZOL,ESOMEPRAZOL MAGNESIO USP 40MG
AMOXICILINA TRIHIDRATADA + AMBROXOL HCL,LAMOXI-A
CLORHIDRATO DE DEXMEDETOMIDINA,DEXMEDETOMIDINA GRAY
ALPRAZOLAM,EUROFARMA ALPRAZOLAM 1 MG 
ALPRAZOLAM,PRINOX 1 MG
ALPRAZOLAM,EUROFARMA ALPRAZOLAM 2 MG
ALPRAZOLAM,PRINOX 2 MG
TIGECICLINA,BACTAIN
TOBRAMICINA,TOBRAOFTAL®  SOLUCIÓN OFTALMICA ESTERIL
LEVODROPROPIZINA,PERCOF
ELTROMBOPAG,ELOPAG TUTEUR
MONOHIDRATO DE CABAZITAXEL,CABAZITAXEL
VALSARTAN + HIDROCLOROTIAZIDA,MAGNAPRES-D 320/25
VER AL DORSO,BARRE GLU - V 500/50
LOSARTAN POTASICO,LOSARDAY 100
CANDESARTAN CILEXETIL /AMLODIPINA BESILATO,CANDESARTAN + AMLODIPINA MAMEY® 32/5
CANDESARTAN CILEXETIL /AMLODIPINA BESILATO,CANDESARTAN + AMLODIPINA LAM® 32/5
ACIDO TRANEXAMICO + ACIDO MEFENAMICO,DETEN  - ATM 
VALSARTÁN + HIDROCLOROTIAZIDA,VALSARTÁN + HIDROCLOROTIAZIDA LAM®   320/25
Esomeprazol Magnesio Trihidrato Equivalente a Esomeprazol,ESOMEPRAZOL
LEVOFLOXACINA HEMIHIDRATO,LEVOFLOXACINA
ACETAMINOFEN,NATRAFEN-500 
CLORANFENICOL,CLORANFENICOL
ACETAMINOFÉN,ACETAMINOFÉN 
VER AL DORSO,PRAMIPEXOL
BROMHIDRATO DE CITALOPRAM EQUIVALENTE A CITALOPRAM,CITALOPRAM
LEVOTIROXINA SÓDICA,EUTIROX® NF 75 MCG
LEVOTIROXINA SÓDICA,EUTIROX NF 75 MCG 
DUTASTERIDE,DUTAFLOX
VER AL DORSO,CORTAX
BISOPROLOL FUMARATO,BISOLDEX 5
BISOPROLOL FUMARATO,BISOLDEX 10
ROSUVASTATINA,ROSUGEN 20
ROSUVASTATINA,ROSUGEN 40
ANASTROZOL,ANASTROZOL 1 MG
SACUBITRIL + VALSARTÁN,VALDIBER-S 200
SACUBITRIL+VALSARTÁN, SACUBITRIL 97 MG + VALSARTÁN 103 MG IF
SACUBITRIL+ VALSARTÁN,VALDIBER-S 100
SACUBITRIL +VALSARTÁN,SACUBITRIL 49 MG +VALSARTÁN 51 MG IF 
OXIDO DE ZINC,PASTA LASSAR
OXIDO DE ZINC,LOXZITAL LOCION
SALBUTAMOL SULFATO,SALBUTAMOL PEDIATRICO
VER AL DORSO,POLIDERMA
VER AL DORSO,LEVOFLOXACINA
CEFADROXILO MONOHIDRATO USP EQUIVALENTE A CEFADROXILO,CEFADROXILO 
AZITROMICINA,AZITROMICINA 
AZITRIMICINA,NEOZITROM
LINAGLIPTINA,DIAGLIPTIN 
TIOTROPIO,VIORESP
METFORMINA HCL / EMPAGLIFLOZINA,PAGLIFLOX® DUO
ATORVASTATINA/FENOFIBRATO,VAXTIFEN
ATENOLOL,ATENOLOL 50 MG
ACETILCISTEINA,ACETILCISTEINA SB 600 MG IF
VER AL DORSO,DEXAMETASONA 
VER AL DORSO,AMLODIPINA 5 MG + LISINOPRIL 20 MG
AMLODIPINA BESILATO + LISINOPRIL DIHIDRATO,CAVAS-L 5/20
VER AL DORSO,AMLODIPINA 5 MG + LISINOPRIL 10 MG
AMLODIPINA BESILATO + LISINOPRIL DIHIDRATO,CAVAS-L 5/10
VER AL DORSO,AMOXYLAN
NIFEDIPINA,NIFEDIPINA-60
ATENOLOL,ATENOLOL 100 MG
ATORVASTATINA CALCICA,ATORVASTATINA 
PREGABALINA / MECOBALAMINA,NEURAXPREG®  B12
VER AL DORSO,CORLENTOR
METFORMINA CLORHIDRATO / SITAGLIPTINA,EUGLITOP PLUS 500
METFORMINA CLORHIDRATO / SITAGLIPTINA,EUGLITOP PLUS 500
LOPERAMIDA CLORHIDRATO USP,LOPERAMIDA  CLORHIDRATO 
METFORMINA CLORHIDRATO BP,METFORMINA  CLORHIDRATO 
AZITROMICINA DIHIDRATO USP EQUIV A AZITROMICINA ANHIDROUS,AZITROMICINA 
VER AL DORSO,DOLONEUROLER
ROSUVASTATINA /EZETIMIBA,RONAVITAE PLUS
ROSUVASTATINA + EZETIMIBA,RONAVITAE PLUS
ROSUVASTATINA,ROSUVASTATINA FELTREX
VALSARTAN + HIDROCLOROTIAZIDA,XOLMES H
VALSARTAN + HIDROCLOROTIAZIDA,XOLMES H
VALSARTAN + HIDROCLOROTIAZIDA,XOLMES H
PREGABALINA,PREGABALINA
SITAGLIPTINA - METFORMINA,SITAGLIPTINA - METFORMINA 
VER AL DORSO,GLITEDIN M
SITAGLIPTINA METFORMINA,SITAGLIPTINA METFORMINA
VER AL DORSO,GLITEDIN M
TACROLIMUS USP,TACROLIMUS CAPULAS USP 5 MG
IRBESARTAN BP,IRBESARTAN 150 mg
NEBIVOLOL HCL EQUIVALENTE A NEBIVOLOL,NEBIVOLOL ALFA 5 MG 
NEBIVOLOL HCL EQUIVALENTE A NEBIVOLOL,NEBIVOLOL ALFA 10 MG
TACROLIMUS,TACROLIMUS CAPULAS USP 1 MG
ROSUVASTATINA,ROSUVASTATINA
METFORMINA HCL,METFORMINA ALFA XR 500 MG
METFORMINA HCL,GLUBETIC® XR 
LOSARTAN POTÁSICO,LOSARTAN POTÁSICO
NEBIVOLOL HCL EQUIVALENTE A NEBIVOLOL,CORIZIN-ALFA 10 MG
VER AL DORSO,ATORVASTATINA ALFA 40 MG  
ROSUVASTATINA CÁLCICA,TRIOSTATIN 20 MG
EMPAGLIFLOZINA + METFORMINA,JEMPAGIL-DUO
VALSARTAN- AMLODIPINA-HIDROCLOROTIAZIDA,VALSADU-PLUS
VER AL DORSO,LOSARTAN 100 MG + AMLODIPINA 10 MG ALFA
VER AL DORSO,LOSARTAN 50 MG + AMLODIPINA 5 MG (CONT. AL DORSO)
METFORMINA CLORHIDRATO,METFOR-SR 750
BUDESONIDA,BUDESONIDA
BUDESONIDA,BUDESID
FLUTICASONA,FLUTICASONA
FLUTICASONA,FLUTISID
NEBIVOLOL HIDROCLORURO,NEBIVITAE
NEBIVOLOL HIDROCLORURO,NEBIVITAE
NEBIVOLOL HIDROCLORURO,NEBIVITAE
SITAGLIPTINA,GLOBAL FARMA SITADIN
SITAGLIPTINA+ CLORHIDRATO DE METFORMINA,SITADIN M
IRBESARTÁN,IRBESARTÁN
IRBESARTÁN,IRBLEX®
IRBESARTÁN,IRBESARTÁN
IRBESARTAN,IRBLEX ®
VER AL DORSO,DR. FIZZO
VER AL DORSO,CITADEPRES-PLUS 150/5
VER AL DORSO,OBLAX MEFASA FARMA
IRBERSARTAN + AMLODIPINA BESILATO EQV. A AMLODIPINA BASE,PRESULAR-PLUS 150/5
VER AL DORSO,COPALDROG 75/100
CLONIDINA CLORHIDRATO,CLONIDINA
CITICOLINA SODICA,CITICOLINA 1000 MG / 4 ML
LEVETIRACETAM USP,LEVETIRACETAM
VER AL DORSO,PRESULAR-ULTRA 150/5/12.5
VER AL DORSO,CITADEPRES-PLUS 150/10
VER AL DORSO,PRESULAR-ULTRA 300/10/25
LOSARTÁN POTÁSICO + HIDROCLOROTIAZIDA,LOSARHNOVUM 
LOSARTÁN POTÁSICO + HIDROCLOROTIAZIDA,LOSARHNOVUM
CANDESARTÁN CILEXETILO,KERALA - 8
CANDESARTÁN CILEXETILO,KERALA - 16
VER AL DORSO,CITADEPRES-ULTRA 150/5/12.5
VER AL DORSO,CITADEPRES-PLUS 300/5
VER AL DORSO,PRESULAR-PLUS 300/5
VER AL DORSO,CICLOTRANS-FIT 20/160
VER AL DORSO,ROSUTIN FENO-10/160
VER AL DORSO,ROSUTIN FENO-20/160
VER AL DORSO,PRESULAR-PLUS 150-10
VER AL DORSO,PRESULAR-PLUS 300/10
VER AL DORSO,CITADEPRES-PLUS 300/10
KETOCONAZOL /TINIDAZOL/ CLINDAMICINA,KENO-RINN PLUS 
TESTOSTERONA UNDECANOATO,TESTALIM DEPOT
VER AL DORSO,GIOTEN-PLUS 320/10/25
VER AL DORSO,GIOTEN-PLUS 320/10/12.5
VER AL DORSO,DICLOPLEX FORTE
METENOLONA ENANTATO,GS-METHENAN
NANDROLONA DECANOATO USP,GS-NANON-DEC
NANDROLONA DECANOATO USP,GS-NANON-DEC
LOSARTAN POTÁSICO,TRISARTAN® 
VILDAGLIPTINA,VILDAMIN-50
CLORURO DE SODIO BP,CLORURO DE SODIO
MELOXICAM,MELOXICAM
CLOPIDOGREL BISULFATO,CLOPIDOGREL 75MG
CLOPIDOGREL BISULFATO,VENICIL ® 75 MG
CLORHIDRATO DE CIPROFLOXACINA BP,CIPROFLOXACINA IV INFUSION
METRONIDAZOL USP,METRONIDAZOL
SITAGLIPTINA COMO FOSFATO MONOHIDRATO,ODASEN PREVENT 50
SITAGLIPTINA COMO FOSFATO MONOHIDRATO,ODASEN PREVENT 50
SITAGLIPTINA COMO FOSFATO MONOHIDRATO,ODASEN PREVENT 100
SITAGLIPTINA COMO FOSFATO MONOHIDRATO,ODASEN PREVENT 100
SITAGLIPTINA,FARIGLIPTINA 50
SITAGLIPTINA,FARIGLIPTINA 100
SITAGLIPTINA + METFORMINA,FARIGLIPTINA M 50-500
SITAGLIPTINA + METFORMINA,FARIGLIPTINA M 50-1000
VER AL DORSO,SILDENAFIL 100 MG Y DAPOXETINA 60 MG
KETOROLACO TROMETAMINA,KETORODOL 30
KETOROLACO TROMETAMINA,KERALGIL
MIDAZOLAM,TROYZOLAM
MIDAZOLAM,TROYZOLAM
BISOPROLOL FUMARATO,BISCARDOL 5 
LEVETIRACETAM,LEVETROY
LEVETIRACETAM,LEVETROY
KETOROLACO TROMETAMINA,COPEMTOLAC
IRBESARTAN,IRBESARTAN FELTREX
VER AL DORSO,FERRESUED
KETOROLACO TROMETAMINA,COPEMTOLAC 
LERCANIDIPINA CLORHIDRATO,ALTOTAB MEFASA FARMA
LERCANIDIPINA CLORHIDRATO,ALTOTAB MEFASA FARMA
VER AL DORSO, DEXKETOPROFENO
MOXIFLOXACINA (COMO MOXIFLOXACINA HCL),MOXI OFTALMOL
VITAMINA C POLVO,VITAMINA C INDUFAR
MULTICOMPOSICION,SUNLIN GRANULADO PARA SOLUCIÓN ORAL (SABOR LIMÓN) 
MULTICOMPOSICION,SUNLIN GRANULADO PARA SOLUCIÓN ORAL (SABOR NARANJA) 
QUETIAPINA (COMO QUETIAPINA FUMARATO),CIDALAN 100
CARFILZOMIB,CARLFIX
MULTICOMPOSICION,BEXSERO
PREDNISOLONA,METICORTELONE
DIFENIDOL,DIFENIDOL 25MG TABLETAS
METISOPRINOL,METISOPRINOL 500 MG TABLETAS
TEGOPRAZAN,KI-CAB
LAMOTRIGINA,LAMOPIN 25
LAMOTRIGINA,LAMOPIN 50
ACIDO ACETILSALICILICO BP,ACIDO ACETILSALICILICO 
ACIDO ACETILSALICILICO BP,ACIDO ACETILSALICILICO 
ACIDO ACETILSALICILICO BP,ACIDO  ACETILSALICILICO 
CARVEDILOL BP,CARVEDILOL 6.25 MG
VER AL DORSO,CITADEPRES-ULTRA 300/10/25
VALSARTÁN,VALSARTÁN
ATORVASTATINA CALCICA TRIHIDRATADA,ATORVASTATINA
KETOCONAZOL /TINIDAZOL/ CLINDAMICINA,ALAHA-T
TACROLIMUS,TACROLIMUS
CITRATO DE CAFEINA EQUIVALENTE A CAFEINA ANHIDRA,CITRATO DE CAFEINA ALFA
VER AL DORSO,ODASEN PREVENT PLUS 500
VER AL DORSO,ODASEN PREVENT PLUS 500
VER AL DORSO,ODASEN PREVENT PLUS 850 
VER AL DORSO,ODASEN PREVENT PLUS 850
VER AL DORSO,ODASEN PREVENT PLUS 1000
VER AL DORSO,ODASEN PREVENT PLUS 1000
AZITROMICINA DIHIDRATO,AZITROMICINA MAMEY®   
AMOXICILINA + ÁCIDO CLAVULÁNICO,AMOXICILINA + ÁCIDO CLAVULÁNICO MAMEY®  
AMOXICILINA + ÁCIDO CLAVULÁNICO,AMOXICILINA + ÁCIDO CLAVULÁNICO LAM®  
METFORMINA HCL (EQUIV. A METFORMINA CD 95%),GLICOMED 500
AMOXICILINA TRIHIDRATO+ AMBROXOL CLORHIDRATO,Z-LIM BIOTIC 500
VALSARTAN,ARALL GUTIS 160
VALSARTAN,ARALL GUTIS 320
RILUZOL,RILUZOL 50MG
CINACALCET,SERENPEL 30
DUTASTERIDE,DUTASTERIDE
DUTASTERIDE,PRONASEX
AMOXICILINA + ÁCIDO CLAVULÁNICO,CLA BIOMOX®  
CLINDAMICINA + CLOTRIMAZOL,CLINDAMICINA Y CLOTRIMAZOL
CLINDAMICINA Y CLOTRIMAZOL IP,COLPINE
VER AL DORSO,SUNLIN GRANULADO PARA SOLUCIÓN ORAL (SABOR FRESA) 
LEVETIRACETAM,LEVETIRACETAM
LACOSAMIDA,LACOSAMIDA  
RACECADOTRILO,DIATRILO®  LACTANTES
RACECADOTRILO,DIATRILO® NIÑOS 
ESOMEPRAZOL MAGNESIO TRIHIDRATO,ESOMEPRAZOL 40MG
PIRFENIDONA,PIRFENIDONA
ESOMEPRAZOL,ESOMEPRAZOL
LEVODOPA / BENSERAZIDA,PROLOPA
APIXABÁN,APIXBER 5
LOSARTAN POTASICO,ARACOR® 100 
ACICLOVIR,ACICLOVIR 800 MG
PROGESTERONA,PROGESTERONA 200 MG IF
ATENOLOL,ATENOLOL 50 MG
LIDOCAÍNA + HIDROCORTISONA ACETATO,LIDOPROCTO® SUPOSITORIOS
MULTICOMPOSICION,INMUNE COMPLEX
MULTICOMPOSICION,QUALIHEALTH INMUNE COMPLEX
VALSARTAN + AMLODIPINA + HIDROCLOROTIAZIDA,VALSARBRIT-ULTRA
VER AL DORSO,SITAGLIPTINA USP 25 MG
EMPAGLIFLOZINA,EMPAZIN-25
EMPAGLIFLOZINA,EMPAZIN-10
METFORMINA CLORHIDRATO,METFORMINA 
AMLODIPINA BESILATO BP,AMLODIPINA 
LOSARTÁN POTÁSICO + AMLODIPINA + HIDROCLOROTIAZIDA,PRESOTAN ULTRA 100/10/25
LOSARTÁN POTÁSICO + AMLODIPINA + HIDROCLOROTIAZIDA,PRESOTAN ULTRA 50/5/12.5
FENITOÍNA SÓDICA BP,FENITOÍNA SÓDICA
AMOXICILINA TRIHIDRATO+ ÁCIDO CLAVULÁNICO,AMOXICILINA + ÁCIDO CLAVULÁNICO MAMEY®  875/125
AMOXICILINA TRIHIDRATO + ÁCIDO CLAVULÁNICO,AMOXICILINA + ÁCIDO CLAVULÁNICO LAM®  875/125
ATAZANAVIR + RITONAVIR,ANZAVIR - R
B12+B6+ACIDO FOLICO,ULTRADOCEPLEX RAPID
ARTEMETER Y LUMEFANTRINA USP,ARTEMETER Y LUMEFANTRINA 20/120
LERCANIDIPINO CLORHIDRATO + ENALAPRIL MALEATO,CARBIDUO 10 MG / 10 MG
LERCANIDIPINO CLORHIDRATO + ENALAPRIL MALEATO,CARBIDUO 10 MG / 20 MG
AMOXICILINA + ÁCIDO CLAVULÁNICO,CLA BIOMOX®  875/125   
AMOXICILINA + ÁCIDO CLAVULÁNICO,AMOXICILINA + ÁCIDO CLAVULANICO LAM® 875/125   
AMOXICILINA + ÁCIDO CLAVULÁNICO,AMOXICILINA + ÁCIDO CLAVULANICO MAMEY® 875/125   
DONEPEZIL CLORHIDRATO,DONEZEL 5
VER AL DORSO,MONTELUKAST SODICO Y LEVOCETIRIZINA DIHIDROCLORURO
VER AL DORSO,ASMABRIT - DUO
EMPAGLIFLOZINA,EMPIRIA® 25 MG TABLETAS RECUBIERTAS
EMPAGLIFLOZINA / METFORMINA CLORHIDRATO,EMPIRIA® DUO 12.5 MG/ 850 MG TABLETAS RECUBIERTAS
EMPAGLIFLOZINA / METFORMINA CLORHIDRATO,EMPIRIA® DUO 12.5 MG / 1000 MG TABLETAS RECUBIERTAS
VALSARTAN + HIDROCLOROTIAZIDA,CO-ARALL GUTIS
VALSARTAN + HIDROCLOROTIAZIDA,CO-ARALL GUTIS
SOLIFENACINA SUCCINATO,SOLIFEN® 5 MG
SOLIFENACINA SUCCINATO,SOLIFEN® 10 MG
BISACODILO,BISACODILO
METRONIDAZOL BP,METRONIDAZOL 
VER AL DORSO,CLOTRIMAZOL + GENTAMICINA + BETAMETASONA 
IBUPROFEN,IBUPROFEN 
AMBROXOL CLORHIDRATO,AMBROXOL  CLORHIDRATO 
VER AL DORSO,"ALUMINIO, MAGNESIO & SIMETICONA "
TINIDAZOL+NICLOSAMIDA+MEBENDAZOL,NICLOBEN
BISOPROLOL FUMARATO BP,BISOPROLOL  FUMARATO 
DAPAGLIFLOZINA,DIAMEGLYT - 5
VER AL DORSO,BISOPROLOL 5 MG +  AMLODIPINA 10 MG ALFA
VER AL DORSO,BISOPROLOL 5 MG + AMLODIPINA 5 MG ALFA
VER AL DORSO,CORADONA A  5 / 5 MG
VALSARTAN+HIDROCLOROTIAZIDA,VALSADU HCT
VER AL DORSO,BISOPROLOL 10 MG + AMLODIPINA 10 MG + ...(VER AL DORSO)
VER AL DORSO,CORADONA ULTRA  10/10 / 12.5 MG
VALSARTAN+ AMLODIPINA+HIDROCLOROTIAZIDA,VALSADU-PLUS
VER AL DORSO,AVANTAR ULTRA 50-5-12.5 MG 
VALSARTAN- AMLODIPINA-HIDROCLOROTIAZIDA,VALSADU-PLUS
VILDAGLIPTINA,GLUCOALFA®
CANDESARTÁN CILEXETILO + AMLODIPINA BESILATO,BRACANDER A 32/5
AMLODIPINA BESILATO,LOAMDIL 10
AMLODIPINA BESILATO,LOAMDIL 5
VER AL DORSO,TRIOPLEX FORTE PHOENIX
FLUOXETINA CLORHIDRATO,MOLTOBEN 
TADALAFIL,PARADAR
METOPROLOL TARTRATO,METOPROLOL 50 MG PARABIEN
METOPROLOL TARTRATO,METOPROLOL 100 MG PARABIEN
TADALAFIL,TADALAFIL 5 MG PARABIEN
PICOSULFATO DE SODIO,PICOLAX® 10
PICOSULFATO DE SODIO,LAXADOL® 10
VALSARTÁN,ARAVALTAN 160
MOMETASONA FUROATO + CLOTRIMAZOL,MOTADERM C
LENALIDOMIDA,LENALIM 10MG
LENALIDOMIDA,LENALIM 15 MG
LENALIDOMIDA,LENALIM 25MG
CLONAZEPAM,RIMASTINE
ARIPIPRAZOL,PEKROSS 
ARIPIPRAZOL,PEKROSS
CANDESARTÁN CILEXETILO + AMLODIPINA BESILATO,CANDESARTÁN CILEXETILO 32 MG + AMLODIPINA 5 MG
CANDESARTÁN CILEXETILO + AMLODIPINA BESILATO,EUCAND-A 32/5
LANSOPRAZOL,LANSOPRAZOL 
ROSUVASTATINA CÁLCICA,ROSUVASTATINA 10 MG 
ROSUVASTATINA CÁLCICA,LIPERTIN 20MG
CETIRIZINA CLORHIDRATO,CETIRIZINA 
TENOFOVIR ALAFENAMIDA,HEPBEST
TENOFOVIR ALAFENAMIDA,HEPBEST
VER AL DORSO,NIX B
CEFIXIMA TRIHIDRATO,CEFIXIMA
CEFIXIMA TRIHIDRATO,FIXIFAR
CEFIXIMA TRIHIDRATO,FIXIFAR
AMOXICILINA + ÁCIDO CLAVULÁNICO,AMOLIX PLUS
IBUPROFENO BP,IBUPROFEN 400MG
ORLISTAT,GARZA
DULOXETINA CLORHIDRATO EQUIVALENTE A DULOXETINA BASE,ZOLUTIN-30 
DEXLANSOPRAZOL PELLETS EQUIVALENTE A DEXLANSOPRAZOL,DEXPRAZEL® 30 MG
MONTELUKAST,LUKS IQI 10 MG
MONTELUKAST,LUKS IQI
CLOSTEBOL ACETATO + NEOMICINA SULFATO,TROFOBOL V
CLOPIDOGREL BISULFATO U.S.P EQUIV A CLOPIDOGREL,CLOPIDOGREL 
NEBIVOLOL HCL EQUIVALENTE A NEBIVOLOL,CORIZIN-ALFA 5 MG  
VALSARTAN+AMLODIPINA,VALSADU-A
VALSARTAN+HIDROCLOROTIAZIDA,VALSADU HCT
VER AL DORSO,AVANTAR A 100-10 MG 
VER AL DORSO,DEXKETOPROFENO + NEUROTROPAS
VER AL DORSO,DROPADEX DUO
BISOPROLOL FUMARATO / HIDROCLOROTIAZIDA,BIPROLIL PLUS® 
CANDESARTAN CILEXETILO + HIDROCLOROTIAZIDA,DESARTIL-H 32/25
CANDESARTÁN CILEXETILO,BRACANDER 16
CANDESARTÁN CILEXETILO,VENTRIXO 16
AMLODIPINA BESILATO + HIDROCLOROTIAZIDA,LOAMDIL H 10/25
AMLODIPINA BESILATO + HIDROCLOROTIAZIDA,AMLOPAR H 10/25
ÁCIDO ASCÓRBICO,PASCORBIN
CEFADROXILO EQUIV A CEFADROXILO ANHIDRO,CEFADROXILO  
METFORMINA HCL + VILDAGLIPTINA,VENFOMET DUO 850/50
VALSARTAN / SACUBITRILO,VALODIPIN -S 100
DEXLANSOPRAZOL PELLETS EQUIVALENTE A DEXLANSOPRAZOL,DEXPRAZEL® 60 MG
TERIFLUNOMIDA,TERIFLUNOMIDA
CITRATO DE FENTANILO,FENTANILO
CITRATO DE FENTANILO,CITRATO DE FENTANILO MARTINDALE
SUCCINATO DE RIBOCICLIB,KISQALI
SUCCINATO DE RIBOCICLIB,KISQALI
PALBOCICLIB,PALBOLIX 100 MG
PIROCTONA OLAMINA + ACEITE DE ÁRBOL DE TE (TERPINEN-4-OL),LENOY SHAMPOO MEDICADO ANTI-CASPA PLUS
SITAGLIPTINA/METFORMINA,DIABELINA-M 50/500
BENCIDAMINA,DENCORAL BENCI
CARFILZOMIB,CARFIZOL GADOR
DAPAGLIFLOZINA / METFORMINA CLORHIDRATO,EBYMECT 5 MG / 1000 MG 
VALSARTAN + HIDROCLOROTIAZIDA,ARAVALTAN H
VALSARTAN,ARAVALTAN 320
QUETIAPINA HEMIFUMARATO EQ. A QUETIAPINA,QUETIAPINA XR 50 MG
AMLODIPINA,CARDIPRES 10
HIDROSMINA,VENOGEL
LAMOTRIGINA,LAMOPIN 100
BESILATO DE AMLODIPINO + VALSARTAN + HIDROCLOROTIAZIDA,EXFORGE HCT
AMLODIPINA BESILATO USP EQUIV A AMLODIPINA,AMLODIPINA BESILATO 
METFORMINA CLORHIDRATO / SITAGLIPTINA,EUGLITOP PLUS 850 
METFORMINA CLORHIDRATO / SITAGLIPTINA,EUGLITOP PLUS 850
METFORMINA CLORHIDRATO / SITAGLIPTINA,EUGLITOP PLUS 1000 
FLUCONAZOL + TINIDAZOL + CLINDAMICINA HCL,OVCLEAN – T
VER AL DORSO,GRIPNIL 
VALSARTÁN/HIDROCLOROTIAZIDA,VALTAN H 160/25 
VER AL DORSO,DOLO BIEN-PLUS
ALBENDAZOL,CONSSEL 
BICALUTAMIDA,TEOPRIN
APIXABAN,APIXABAN 5MG IF
CETIRIZINA 2HCL,CETIRIZINA 5 MG IF
EMPAGLIFLOZINA,LEMERIX 10
HIDROCLOROTIAZIDA,HIDROCLOROTIAZIDA 
ENALAPRIL MALEATO USP,ENALAPRIL 
VALSARTAN+AMLODIPINA,VALSADU-A
VALSARTAN+AMLODIPINA,VALSADU-A
VER AL DORSO,SITAGLIPTINA 50 MG + METFORMINA 500 MG
VER AL DORSO,SITAGLIPTINA 100 MG + METFORMINA 1000MG
VER AL DORSO,SITAGLIPTINA USP 50MG
DENOSUMAB,DENOSUMAB 
DENOSUMAB,DENOSUREL 
AMLODIPINA + VALSARTAN,AMAPINE V 10/320
VALSARTÁN Y AMLODIPINA,VALTAN A - 320/10
CLORHIDRATO DE METFORMINA,GLUSTIN XR-850
AMLODIPINA Y VALSARTÁN,AMAPINE V-10/160
VALSARTÁN Y AMLODIPINA,VALTAN A 160/10
AMLODIPINA Y VALSARTÁN,AMAPINE V-5/160
VALSARTÁN Y AMLODIPINA,VALTAN A ­ 160/5
LOSARTAN POTASICO USP,LOSARTAN POTASICO
AMLODIPINA Y VALSARTÁN,AMAPINE V-5/320
VALSARTÁN Y AMLODIPINA,VALTAN A - 320/5
CANDESARTÁN + AMLODIPINA + HIDROCLOROTIAZIDA,BALPRESS ULTRA 16/5/12.5
DAPAGLIFLOZINA,DIAMEGLYT - 10
PIOGLITAZONA,SERPENTINA - 45
BISOPROLOL HEMIFUMARATO + AMLODIPINA BESILATO,BISOPROLOL + AMLODIPINA MAMEY® 5/10
CANDESARTÁN CILEXETIL /AMLODIPINA BESILATO,ARAXIL PLUS 32/5 
VILDAGLIPTINA,VILDAGLIPTINA ALFA 50MG
CANDESARTÁN + AMLODIPINA + HIDROCLOROTIAZIDA,BALPRESS ULTRA 32/5/25
CANDESARTÁN + AMLODIPINA + HIDROCLOROTIAZIDA,BALPRESS ULTRA 32/10/25
LOSARTÁN POTÁSICO + AMLODIPINA + HIDROCLOROTIAZIDA,PRESOTAN ULTRA 100/5/25
VALSARTÁN/HIDROCLOROTIAZIDA,VALTAN H 160/12.5
VER AL DORSO,GLUCOALFA®-PLUS 850/50 MG
AMLODIPINA BESILATO + LISINOPRIL DIHIDRATO,LOAMDIL ECA 5/20
CANDESARTÁN CILEXETILO + HIDROCLOROTIAZIDA,KERALA H - 32/25 
CANDESARTÁN CILEXETILO E HIDROCLOROTIAZIDA,KERALA H - 32/12.5
VILDAGLIPTINA Y METFORMINA,VILGLIP MET 50/1000 MG 
SITAGLIPTINA,SITAGLIPTINA IL 100 MG INTRALAB (CONT. AL DORSO)
Apixabán,DEVESIS 2.5
Apixabán,DEVESIS 5
AMLODIPINA BESILATO,AMLODIPINA 5 MG 
CANDESARTÁN CILEXETILO,CANDESARTÁN CILEXETILO 8 MG
VER AL DORSO,MEGFOE
VILDAGLIPTINA,VILDAGLIPTINA
VILDAGLIPTINA + METFORMINA CLORHIDRATO,VILDAGLIPTINA Y METFORMINA CLORHIDRATO
VER AL DORSO,DAY-GRIP
VER AL DORSO,DAY-GRIP 
ACIDO ASCORBICO / ASCORBATO DE SODIO / CITRATO DE ZINC,VITAMINA C Y ZINC
"ACIDO ASCORBICO, ASCORBATO DE SODIO ,CITRATO DE ZINC",VITALDIN
LEVOFLOXACINO,LEVOFLOXACINO 
HIDROXIUERA,HIDROXIUREA 
AMOXICILINA + ÁCIDO CLAVULÁNICO,CLA BIOMOX®  500/125   
COLCHICINA,COLCHICINA IL TABLETA  VER AL DORSO
ROSUVASTATINA CÁLCICA,TRIOSTATIN 40 MG
ENALAPRIL MALEATO,ENALAPRIL MALEATO 
VER AL DORSO,"EFAVIRENZ, EMTRICITABINA, VER AL DORSO"
EMPAGLIFLOZINA,EMPIRIA® 10 MG TABLETAS RECUBIERTAS
AMOXICILINA+ ACIDO CLAVULANICO,INNOCLAN
AMOXICILINA+ ACIDO CLAVULANICO,NURCLAV
BISOPROLOL FUMARATO / HIDROCLOROTIAZIDA,COLBER H 5 MG / 6.25 MG
LOSARTAN POTASICO + HIDROCLOROTIAZIDA,LOSARTÁN POTÁSICO + VER AL DORSO
FOSFOMICINA TROMETAMINA,FOSITED FORTE 
SILDENAFIL CITRATO,VERADUR 100 MG
DOXILAMINA SUCCINATO/ PIRIDOXINA CLORHIDRATO,TUERIS
VER AL DORSO,CORADONA ULTRA 5 / 5 / 12.5 MG
CANDESARTÁN CILEXETILO + AMLODIPINA BESILATO,BRACANDER A 16/5
VER AL DORSO,GLUCOALFA®-PLUS 1000 / 50 MG
VER AL DORSO,METFORMINA HCL 1000 MG + VILDAGLIPTINA 50 MG ALFA
CANDESARTÁN CILEXETILO + AMLODIPINA BESILATO,CANDESARTÁN CILEXETILO 16 MG + AMLODIPINA 5 MG
CANDESARTÁN CILEXETILO + AMLODIPINA BESILATO,EUCAND-A 16/5
AMLODIPINA BESILATO,AMLOPAR 10
AMLODIPINA BESILATO,AMLOPAR 5
VER AL DORSO,METFORMINA HCL 850 MG + VILDAGLIPTINA  50 MG ALFA
CANDESARTÁN CILEXETILO,BRACANDER 8
CANDESARTÁN CILEXETILO,VENTRIXO 8
CANDESARTÁN CILEXETILO,BRACANDER 32
BISOPROLOL FUMARATO,BISOTROP 2.5
BISOPROLOL FUMARATO,BISOPROLOL FUMARATO 5 MG
BISOPROLOL FUMARATO,BISKREM 5
IRBESARTAN,IRBESARTAN FELTREX
LOSARTÁN POTÁSICO,LOSARTAN 50 MG 
LOSARTÁN POTÁSICO,LOSARTAN 100 MG
PARACETAMOL DC 90,FLEXKREM 
ACETAMINOFEN+ DICLOFENACO POTASICO + CLORZOXAZONA,TRIO PLEX FORTE PHOENIX RELAX
ACETAMINOFEN + CLORZOXAZONA + DICLOFENAC POTASICO,DICLONOVA RELAX
AMOXICILINA+ ACIDO CLAVULANICO,NURCLAV
ACETAMINOFEN + CLORZOXAZONA + DICLOFENAC POTASICO,BUENO SAMED RELAX
MICOFENOLATO SÓDICO EQUIVALENTE A ÁCIDO MICOFENOLOÍCO,MICONATO®
AZITROMICINA,AZITROMICINA
BISOPROLOL FUMARATO / HIDROCLOROTIAZIDA,COLBER H 2.5 MG / 6.25 MG
AMOXICILINA TRIHIDRATO + ÁCIDO CLAVULÁNICO,AMOXICILINA + ÁCIDO CLAVULÁNICO MAMEY®  500/125
ETORICOXIB,RADOMEX 90 MG
ETORICOXIB,RADOMEX 120 MG
MELOXICAM,MELOXICAM
LEFLUNOMIDA USP,LEFLUNOMIDA 
LEFLUNOMIDA USP,LEFLUNOMIDA 
LAMOTRIGINA,PEMOSEL 100
DOXICICLINA BP,DOXICICLINA 100 MG
VER AL DORSO,PAROXETINA
VER AL DORSO,PAROXETINA 
LEVOCETIRIZINA DICLORHIDRATO,NOVO ALERGINA
CIPROFLOXACINA CLORHIDRATO,CIPROFLOXACINA-500 
DESVENLAFAXINA SUCCINATO MONOHIDRATO,LAFADEX
DESVENLAFAXINA SUCCINATO MONOHIDRATO,LAFADEX ER
VER AL DORSO,DONEPEZIL 10 MG IF
LOSARTAN POTASICO,ARACOR® 50 
LOSARTÁN POTÁSICO / AMLODIPINA BESILATO,ARACOR® A 50/5
ACETILCISTEINA,IOXENIL
ACETILCISTEINA,IOXENIL
EMPAGLIFLOZINA,EMPAGLIFLOZINA 25 MG IF
ABIRATERONA ACETATO,TRIANA -500
ABIRATERONA ACETATO,TRIANA - 500 
VER AL DORSO,CORADONA A  10/ 10MG
VER AL DORSO,BISOPROLOL 10 MG + AMLODIPINA 10 MG ALFA
VER AL DORSO,CORADONA A  5 / 10 MG
PRAMIPEXOL DICLORHIDRATO MONOHIDRATO,PRAMIPEXOL ALFA 0.25MG 
VER AL DORSO,DOLO NEUROGABAL 200/75
CEFUROXIMA AXETILO,CEFUROXIMA AXETILO 500 MG 
VALSARTAN,VALSARTAN FELTREX
CANDESARTÁN CILEXETILO E HIDROCLOROTIAZIDA,KERALA H - 16/12.5 
AMLODIPINA + VALSARTAN + HIDROCLOROTIAZIDA,VALCORED ULTRA 10/160/12.5
AMLODIPINA + VALSARTAN + HIDROCLOROTIAZIDA,VALCORED ULTRA 10/320/25
AMLODIPINA + VALSARTAN + HIDROCLOROTIAZIDA,VALCORED ULTRA 5/160/12.5
PROMETAZINA CLORHIDRATO,PROMETAZINA   CLORHIDRATO 
MULTICOMPOSICION,BICLOFEN 
LOSARTÁN POTÁSICO,HIPER-ON 100 MG
MULTICOMPOSICION,FERROLASCO - B
VER AL DORSO,METRO PLUS
PARACETAMOL + IBUPROFENO,PARACONICA PLUS 500MG/150MG
PARACETAMOL + IBUPROFENO,PARACONICA PLUS 500MG/150MG  
OMEPRAZOL BP,OMEPRAZOL 20 MG
AMOXICILINA TRIHIDRATO IP,AMOXICILINA 
OMEPRAZOL,OMEPRAZOL
AMOXICILINA (COMO TRIHIDRATO),AMOXIDAL DUO
CLOTRIMAZOL,CLOTRIMYL-200
PALIPERIDONA,PALIPERIDONA
PALIPERIDONA,PALIPERIDONA
PALIPERIDONA,PALIPERIDONA
SULFATO DE ATROPINA,ALLEANCE OFTENO®
IRBESARTAN+AMLODIPINA BESILATO+HIDROCLOROTIAZIDA,IRBECOR AH 300/10/25
VER AL DORSO,BISOPROLOL 5 MG + AMLODIPINA 5 MG + (VER AL DORSO)
VER AL DORSO,CORADONA ULTRA  10/5/12.5 MG
VER AL DORSO,BISOPROLOL 10 MG + AMLODIPINA 5 MG ( VER AL DORSO)
IRBESARTÁN,IRBESCARD-75
IRBESARTÁN,IRBESCARD-150
ROSUVASTATINA CÁLCICA,ROSUVASTATINA 10 MG
ROSUVASTATINA CÁLCICA,ROSUVLAR 10
ROSUVASTATINA CÁLCICA,ROSUVLAR 40
ROSUVASTATINA CÁLCICA,ROSUVASTATINA 40 MG
ROSUVASTATINA CÁLCICA,RECOVAS 40
METFORMINA + VILDAGLIPTINA,METFORMINA 500 mg + VILDAGLIPTINA 50 mg IF
METFORMINA + VILDAGLIPTINA,METFORMINA 850 MG + VILDAGLIPTINA 50 MG IF 
VER AL DORSO,BUENO SAMED FORTE
CARVEDILOL,BLOCCANTE 25
VER AL DORSO,ROFTURE-B
VER AL DORSO,NIXMOD
OSELTAMIVIR FOSFATO,FLUPAX 
ROSUVASTATINA CÁLCICA,ROSUVLAR 20
IGG HUMANA CONTENIENDO 1% IGG ANTI-D,RHOGAM ULTRA-FILTRADO PLUS
OLANZAPINA,ESTAPINA-5
PEMETREXED,MEXATE
LEVOCETIRIZINA DI HCL,LEVONAPRED 
ÁCIDO MICOFENÓLICO,MISODIC 180
OMEPRAZOL,OMEPRAZOL 
CAPECITABINA,CORRETAL 500 mg
APALUTAMIDA,EXOME
APALUTAMIDA,EXOME
VER AL DORSO,PREVENAR 20
ROSUVASTATINA CÁLCICA.,LIPERTIN 10 MG.
ROSUVASTATINA CÁLCICA,ROSUVASTATINA 40 MG
ROSUVASTATINA CÁLCICA,LIPERTIN 40 MG
ROSUVASTATINA CÁLCICA,ROSUVASTATINA 20 MG
OMEPRAZOL USP,OMEPRAZOL
VER AL DORSO,NOGLICEN-G 500/2.5
CIPROFLOXACINA HCL + FENAZOPIRIDINA HCL,CIPRO ITIS URO 
VER AL DORSO,MODEXIL
OLANZAPINA,ESTAPINA-10
DICLOFENAC POTASICO,ANFLAMAT 
METFORMINA CLORHIDRATO + VILDAGLIPTINA,EXOSA-VIL 850/50
METFORMINA CLORHIDRATO + VILDAGLIPTINA,NOGLICEN VIL 850/50
DAPAGLIFLOZINA / METFORMINA CLORHIDRATO,EBYMECT 10 MG / 1000 MG 
CELECOXIB,COXIBEN 400
PROGESTERONA,PROGESTERONA 400 MG IF
PROGESTERONA,IBERDARONA 200
PROGESTERONA,IBERDARONA 400
CELECOXIB + PREGABALINA,FINPAL FORTE
CELECOXIB +PREGABALINA,CELECOXIB 200 MG + PREGABALINA 75MG IF    
METFORMINA HCL + VILDAGLIPTINA,VENFOMET DUO 1000/50
DUTASTERIDA,DUTASTIMA
CLORHIDRATO DE METFORMINA,GLUSTIN XR 1000 MG
BISOPROLOL FUMARATO,BISCARDOL 2.5
BISOPROLOL FUMARATO,BISCARDOL 10
BISOPROLOL FUMARATO + HIDROCLOROTIAZIDA,BISCARDOL H 5/12.5
BISOPROLOL FUMARATO,BISOTROP 10
BISOPROLOL FUMARATO + HIDROCLOROTIAZIDA,BISOPROLOL FUMARATO 10 MG + HIDROCLOROTIAZIDA 25 MG
MULTICOMPOSICION,ODILEN B 
CANDESARTÁN CILEXETILO,CANDESARTÁN CILEXETILO 16 MG
CANDESARTÁN CILEXETILO,EUCAND-16
CANDESARTÁN CILEXETILO + HIDROCLOROTIAZIDA,BRACANDER H 16/12.5
CANDESARTÁN CILEXETILO + HIDROCLOROTIAZIDA,VENTRIXO H 16/12.5
CANDESARTÁN CILEXETILO + HIDROCLOROTIAZIDA,CANDESARTÁN CILEXETILO 16MG + HIDROCLOROTIAZIDA 12.5MG
CANDESARTÁN CILEXETILO + HIDROCLOROTIAZIDA,EUCAND-H 16/12.5
AGUA ESTERILIZADA PARA INYECCIONES BP,AGUA ESTERILIZADA PARA INYECCIONES 
VER AL DORSO,BRACANDER AH 32/5/25
CLOPIDOGREL BISULFATO,ABGREL 75
CLOPIDOGREL BISULFATO,CLOPIDOGREL 75 MG
CLOPIDOGREL BISULFATO,ATP-GREL
CLORHIDRATO DE METFORMINA,NOGLICEN-1000
VER AL DORSO,DICLONOVA COMPUESTO
PROPINOXATO HCI + CLONIXINATO DE LISINA,ELIMY-NED
CANDESARTÁN CILEXETILO + AMLODIPINA BESILATO,CANDESARTÁN CILEXETILO 32 MG + AMLODIPINA 10 MG
AMLODIPINA BESILATO + LISINOPRIL DIHIDRATO,LOAMDIL ECA 10/20
PROPINOXATO HCI + CLONIXINATO DE LISINA,KURYSTOP
EMPAGLIFLOZINA Y LINAGLIPTINA,EMPAGLIZ L
HIDROCLOROTIAZIDA,HIDROCLOROTIAZIDA 25 MG 
AMLODIPINA BESILATO,AMLODIPINA 5 MG
VITAMINA C + OXIDO DE ZINC + VITAMINA D,C-PLUS DLS FORTE
PROPINOXATO HCI + CLONIXINATO DE LISINA,TRIOPLEX FORTE PHOENIX COMPUESTO
ACETAMINOFÉN + CAFEÍNA,AHROFEN ULTRA
BISOPROLOL FUMARATO / HIDROCLOROTIAZIDA,COLBER H 10 MG / 6.25 MG
ACIDO ASCORBICO (95% VITAMINA C),C-PLUS DLS
GLIMEPIRIDA / METFORMINA CLORHIDRATO,GLIABET M
METFORMINA CLORHIDRATO,CANFIR MEFASA FARMA XR
METAMIZOL SÓDICO MONOHIDRATO,DIRONA 500
LOSARTÁN POTÁSICO/ AMLODIPINA BESILATO,ARACOR ® A 100/10
LOSARTÁN POTÁSICO / AMLODIPINA BESILATO,ARACOR®  A 100/5
EMPAGLIFLOZINA,EMPAGLIFLOZINA 10 MG IF
PROPOFOL,PROPOFOL 
BISOPROLOL FUMARATO + HIDROCLOROTIAZIDA,BISCARDOL H 10/25
IRBESARTÁN + HIDROCLOROTIAZIDA,IRBESCARD-150 HCT
CANDESARTÁN CILEXETILO,VENTRIXO 32
RISPERIDONA,EUTIDONA 3
AMLODIPINA BESILATO + LISINOPRIL DIHIDRATO,LOAMDIL ECA 5/10
VER AL DORSO,BRACANDER AH 16/5/12.5
ATENOLOL + NITRENDIPINA + CLORTALIDONA,ATENOLOL 50 MG (VER AL DORSO)
VER AL DORSO,CARDESARTAN CILEXETILO 16 MG (VER AL DORSO)
PANTOPRAZOL,PANTOPRAZOL MK 40 MG (VER AL DORSO)
CICLOBENZAPRINA CLORHIDRATO + CLONIXINATO DE LISINA,EUROFARMA MAXXO® RELAX
LEVOSULPIRIDE,PROKINETIC
METFORMINA HCL,EUROFARMA MACROCYN® 500 MG
BESILATO DE AMLODIPINO + VALSARTAN,EXFORGE 
METISOPRINOL,METISOPRINOL 250 MG / 5 ML JARABE
FOSFOMICINA TROMETAMINA,FOSFOMICINA TROMETAMINA 3G IF
LOSARTÁN POTASICO / HIDROCLOROTIAZIDA,ARACOR® H 50/12.5
LOSARTÁN POTÁSICO + HIDROCLOROTIAZIDA,ARACOR® H 100/25 
VER AL DORSO, ARACOR® AH  50/5/12.5
VER AL DORSO, ARACOR® AH  100/10/25
VER AL DORSO,GLUCONTROL - 100 
ROSUVASTATINA CÁLCICA,DISLICOL 40 
QUETIAPINA FUMARATO,QUETICURE-25
VER AL DORSO,TINEPRAX® 20MG
ETORICOXIB,AIXA 120 MG
PREGABALINA BP,PREGABALINA 
CELECOXIB,COXIBCURE-200
SACUBITRILO Y VALSARTÁN,VALATREN-­S 24 MG/ 26 MG
ROSUVASTATINA,VASTICURE- 20 
OMEPRAZOL BP (COMO GRÁNULOS CON RECUBRIMIENTO ENTÉRICO),OMEPRAZOL DROTAFARMA 40 MG
CLOPIDOGREL,CLOPIBRIT 
PREDNISOLONA USP,PREDNISOLONA 
APIXABAN,NABAXIPA
SITAGLIPTINA FOSFATO MONOHIDRATO, SITAGLIPTINA USP 100 MG 
LOSARTAN POTASICO,LOSARTAN POTASICO
BROMHIDRATO DE GALANTAMINA EQUIVALENTE A GALANTAMINA, GALANTAMINA 
VALPROATO DE SODIO BP,VALPROATO DE SODIO
VALPROATO DE SODIO BP,ANXITOL
NITROFURANTOÍNA MACROCRISTALES,ZUVIC®
COLECALCIFEROL USP,RADIVIT-D
VALSARTÁN + AMLODIPINO,FORZAPRESS® 160 MG + 5 MG 
VALSARTÁN + AMLODIPINO,FORZAPRESS® 160 mg + 10 mg
CLARITROMICINA + AMBROXOL,REZPLEN 
OMEPRAZOL /DOMPERIDONA,OMEPRAZOL 20 MG Y DOMPERIDONA 10 MG
OMEPRAZOL / DOMPERIDONA,DOMOZOL
VER AL DORSO,VIRENZA
AZITROMICINA,ZARET
IRBESARTÁN + HIDROCLOROTIAZIDA,IRBESARTÁN 300 MG + HIDROCLOROTIAZIDA 25 MG 
IRBESARTÁN + HIDROCLOROTIAZIDA,IRBESARTÁN 150 MG + HIDROCLOROTIAZIDA 12.5 MG 
VORTIOXETINA,XEVORT 10
VORTIOXETINA,XEVORT 20
DICLOFENAC POTÁSICO,DOLOCURE - 50
DICLOFENAC POTÁSICO,DOLOCURE-50
ETORICOXIB,ETEX-CURE 90
IBUPROFEN,IBUPROFEN 
IBUPROFEN,IBUPROFEN
PREGABALINA,PREGABALINA 75
PREGABALINA,PREGABALINA 150
PREGABALINA,PREGABALINA 300
CANDESARTÁN CILEXETILO + HIDROCLOROTIAZIDA,CANDESARTÁN CILEXETILO 32 MG (CONT. AL DORSO)
CANDESARTÁN CILEXETILO + HIDROCLOROTIAZIDA,EUCAND-H 32/12.5
CANDESARTÁN CILEXETILO + HIDROCLOROTIAZIDA,VENTRIXO H 32/12.5
AMLODIPINA BESILATO + LISINOPRIL DIHIDRATO,AMLOPAR ECA 10/20
DICLOFENAC POTÁSICO,DOLOCURE-75
VALSARTÁN,VALSARTÁN 320 MG
VALSARTÁN + HIDROCLOROTIAZIDA,VALSARTÁN 320 MG + HIDROCLOROTIAZIDA 12.5 MG 
NITROFURANTOINA,URIGEN 50 MG
CLOMIFENO CITRATO,CLOMIFENO CITRATO
VER AL DORSO,BOSETRAX 125 MG 
KETOCONAZOL + TINIDAZOL + CLINDAMICINA FOSFATO,SIDON
ROSUVASTATINA CÁLCICA,ROSUCURE 40 
ATENOLOL,CARDIOCURE 50
LOSARTÁN POTÁSICO + HIDROCLOROTIAZIDA,LOSARCURE 50 HCT
DOXICICLINA CLORHIDRATO,DOXICICLINA 100 MG
CLORHIDRATO DE TETRACICLINA,TETRACICLINA-500
SULFAMETOXAZOL / TRIMETOPRIMA,SULFAMETOXAZOL + TRIMETOPRIMA 400 MG + 80 MG
DESVENLAFAXINA SUCCINATO MONOHIDRATO,LAFADEX
ACIDO MEFENAMICO 500 MG,DICLONOVA FEM
ACIDO MEFENAMICO,GELTRA 500
DICLOFENAC POTÁSICO + CLORZOXAZONA + ACETAMINOFÉN,DICLOFENAC POTÁSICO 75 MG (CONT. AL DORSO)
VER AL DORSO,CIDOXFEN 500/100/50
ÁCIDO MICOFENÓLICO,MISODIC 360
METFORMINA CLORHIDRATO + GLIMEPIRIDA,EXOSA - G 500/2 
METFORMINA CLORHIDRATO + GLIMEPIRIDA,NOGLICEN GLIME 500/2
GENTAMICINA SULFATO EQUIV A GENTAMICINA,GENTAMICINA  SULFATO 
ESOMEPRAZOL MAGNESIO TRIHIDRATO EQUIV A ESOMEPRAZOL .,ESOMEPRAZOL 
METFORMINA CLORHIDRATO,METFORMINA  CLORHIDRATO 
LOSARTÁN POTÁSICO,LOSAFAR
LOSARTÁN POTÁSICO,LOSAFAR
BISOPROLOL FUMARATO + HIDROCLOROTIAZIDA,BISOPROLOL FUMARATO 5 MG + HIDROCLOROTIAZIDA 12.5 MG
LANZOPRAZOL USP,LANZOPRAZOL
CLARITROMICINA BP,CLARITROMICINA 
VER AL DORSO,CANDESARTÁN CILEXETILO 32 MG ( VER AL DORSO )
CLOPIDOGREL BISULFATO,GALIPROL 75
SULFATO FERROSO + ACIDO FOLICO BP,SULFATO FERROSO + ACIDO FOLICO
PAROXETINA CLORHIDRATO,PAROXETINA 
AMLODIPINA BESILATO,ANGIOCURE 10
LORATADINA + BETAMETASONA,LORATADINA  + BETAMETASONA 5 MG / 0.25 MG
PALIPERIDONA,PALIPERIDONA
SITAGLIPTINA + CLORHIDRATO METFORMINA,TIABET M 1000
EMPAGLIFLOZINA,IZABAN MEFASA FARMA
EMPAGLIFLOZINA,IZABAN MEFASA FARMA
EMPAGLIFLOZINA,IZABAN MEFASA FARMA
METFORMINA CLORHIDRATO + VILDAGLIPTINA,GLIPEPTIL PLUS 850
METFORMINA CLORHIDRATO + VILDAGLIPTINA,EXOSA-VIL 1000/50
METFORMINA CLORHIDRATO + VILDAGLIPTINA,NOGLICEN VIL 1000/50
CLINDAMICINA FOSFATO + KETOCONAZOL,CLINDA K 
METFORMINA CLORHIDRATO + GLIBENCLAMIDA,NOGLICEN - G 850/5
VER AL DORSO,EXOSA-DAPA 1000/5 
VER AL DORSO,NOGLICEN DAPA 1000/5 
VER AL DORSO,EXOSA-DAPA 1000/10 
ATORVASTATINA CALCICA TRIHIDRATO (EQV. ATORVASTATINA BASE),ATORVASTATINA ALFA 80 MG  
BESILATO DE AMLODIPINO + VALSARTAN + HIDROCLOROTIAZIDA,EXFORGE HCT
EMPAGLIFLOZINA,LEMERIX 25 
CLORHEXIDINA GLUCONATO AL 20%,CURA-CLEAN
GLUCONATO DE CLORHEXIDINA AL 20 %,CURA-CLEAN 2%
TIGECICLINA,TIGECICLINA NORMON 50 MG 
VER AL DORSO,DEXKETOPROFENO 25 MG 
QUETIAPINA,QUETIAPINA 50 MG IF 
QUETIAPINA,QUETIAPINA 100 MG IF 
QUETIAPINA,QUETIAPINA 200 MG IF 
DIGLUCONATO DE CLORHEXIDINA,PERIO-CLOR 
VORTIOXETINA,XEVORT 5
TRIMEBUTINA MALEATO / SIMETICONA,POLIBUTIN® FORTE
FENITOINA SODICA,FENITOINA SODICA 100 MG MK CAPSULAS DURAS 
CLONAZEPAM,CLONOTEN ® 2 MG
DICLOFENAC POTÁSICO + CLORZOXAZONA + ACETAMINOFÉN,INDOLOFF R
ONDANSETRÓN,ONONE
ESOMEPRAZOL,ZINOTRES-20
ESOMEPRAZOL,ZINOTRES-40
ETORICOXIB,ETORICOXIB 
IBUPROFEN,IBUPROFEN 
"MAGALDRATO , SIMETICONA",MAGALDRATO   &  SIMETICONA 
DICLORHIDRATO DE CETIRIZINA,CETIRIZINA 
VITAMINA E ( COMO DL-ALPHA TOCOFEROL ACETATO ),VITAMINA E 
ENALAPRIL MALEATO,ENALAPRIL  MALEATO 
BISOPROLOL FUMARATO,BISOTROP 5 
LISINOPRIL DIHIDRATO + HIDROCLOROTIAZIDA,ANGIOPRIL H 20/12.5
LISINOPRIL DIHIDRATO,ANGIOPRIL 20
VER AL DORSO,ANGIOPRIL AH 20/5/12.5
VER AL DORSO,HIDROCORTISONA SODICA 100 MG INYECTABLE
MONTELUKAST SODICO + LEVOCETIRIZINA DICLORHIDRATO,BREATHEZY-L
PREGABALINA,PREGABALINA
PREGABALINA,GABAFAR
PREGABALINA,GABAFAR
RAMIPRIL + HIDROCLOROTIAZIDA,RAMIPRIL 5 MG + HIDROCLOROTIAZIDA 25 MG 
OMEPRAZOL,OMEPRAZOL
DAPAGLIFLOZINA (COMO PROPANODIOL MONOHIDRATO),DUNIXI 5 
DAPAGLIFLOZINA (COMO PROPANODIOL MONOHIDRATO),DUNIXI 10
DAPAGLIFLOZINA (COMO PROPANODIOL MONOHIDRATO),GLINACE 5
DAPAGLIFLOZINA (COMO PROPANODIOL MONOHIDRATO),GLINACE 5
DAPAGLIFLOZINA (COMO PROPANODIOL MONOHIDRATO),GLINACE 10 
DAPAGLIFLOZINA (COMO PROPANODIOL MONOHIDRATO),GLINACE 10
LEVOFLOXACINA HEMIHIDRATADA,LALEVO 
VER AL DORSO,NOXPIRIN PLUS
BESILATO DE AMLODIPINO + VALSARTAN + HIDROCLOROTIAZIDA,EXFORGE HCT
QUETIAPINA,KETIBER 50
QUETIAPINA,KETIBER 100
METFRMINA HCI + SITAGLIPTINA,GLIPTAXIN-M 850/50
APIXABÁN,APIXABÁN ETHICAL
APIXABÁN,TROMBOSAFE
APIXABÁN,APIXABÁN ETHICAL
APIXABÁN,TROMBOSAFE
CITRATO DE CAFEINA,NIFECAINE 
CITRATO DE CAFEINA,CITRATO DE CAFEINA IF
EVEROLIMUS,EVEROLIMUS 0.75 MG
CITRATO DE SILDENAFIL,TROYANO
ETORICOXIB,RELACOX 120
VER AL DORSO,MENTOPLUS
NITAZOXANIDA,VERMIFIN
DICLOFENAC POTASICO+ VITAMINAS NEUROTROPAS,NOVABFORTE
RASAGILINA MESILATO EQUIVALENTE A RASAGILINA,RASAGILINA
AMLODIPINA BESILATO + LISINOPRIL DIHIDRATO,ANGIOCURE ECA 5-10
IRBESARTÁN + HIDROCLOROTIAZIDA,IRBESCARD-300 HCT 
ORLISTAT,DAWSY 
PREDNISONA,METICORTEN
PREDNISONA,METICORTEN
ACETAMINOFÉN,WINASORB RAPID
ACETAMINOFÉN,WINASORB RAPID
ACETAMINOFÉN,WINASORB RAPID
ÁCIDO ASCÓRBICO,CEBION 1 G (CONT. AL DORSO)
VER AL DORSO,CANDERCURE PLUS 16
VER AL DORSO,DESDOPA - B 200/50
VER AL DORSO,INFLATRIO UNO
AZITROMICINA,AZICHEM 500
ALBENDAZOL USP,ALBENDAZOL  
MEMANTINA CLORHIDRATO,MEMANTINA CLORHIDRATO 
MEMANTINA CLORHIDRATO,MEMANTINA CLORHIDRATO 
MEMANTINA CLORHIDRATO,MEMANTINA CLORHIDRATO 
MEMANTINA CLORHIDRATO,MEMANTINA CLORHIDRATO 
METFORMINA CLORHIDRATO + GLIMEPIRIDA,EXOSA - G 1000/2
METFORMINA CLORHIDRATO + GLIMEPIRIDA,NOGLICEN GLIME 1000/2
ROSUVASTATINA (EQUIVALENTE A ROSUVASTATINA CÁLCICA),LIPARON 10 
ROSUVASTATINA (EQUIVALENTE A ROSUVASTATINA CÁLCICA),LIPARON 20
ROSUVASTATINA (EQUIVALENTE A ROSUVASTATINA CÁLCICA),LIPARON 40 
PARACETAMOL,PARACETAMOL
TRAMETINIB DIMETILSULFÓXIDO,MEKINIST 
TRAMETINIB DIMETILSULFÓXIDO,MEKINIST
TRAMETINIB DIMETILSULFÓXIDO,MEKINIST 
TRAMETINIB DIMETILSULFÓXIDO,MEKINIST
CETIRIZINA,CETIRIZINA 10 MG
UMECLIDINIO + VILANTEROL,ANORO ELLIPTA
DONEPEZIL HCI,ARDORAL 5
DONEPEZIL HCI,DONEPEZIL 5 MG IF
DONEPEZIL HCL,ARDORAL 10
AMLODIPINA,AMLODIPINO 10 MG MK
AMLODIPINO,AMLODIPINO 10 MG MK
SACUBITRIL + VALSARTAN,SACUBITRIL 24 MG + VALSARTAN 26 MG IF
BESILATO DE AMLODIPINO + VALSARTAN + HIDROCLOROTIAZIDA,EXFORGE HCT
DONEPEZILO CLORHIDRATO,DONET 5
IRBESARTÁN + AMLODIPINA BESILATO,IRBECOR A 150/5
APALUTAMIDA,ERLEADA 240 MG COMPRIMIDOS RECUBIERTOS
VER AL DORSO,ZOLPIDEM 10 MG MK TABLETA RECUBIERTA
CLOPIDOGREL BISULFATO,HEBALPLAK 75
ATORVASTATINA CALCICA TRIHIDRATO + EZETIMIBE,ATORVASTIN EZ 10/10
CETIRIZINA HCI,ALCET LIQUID GEL
METFORMINA HCL + SITAGLIPTINA FOSFATO MONOHIDRATO,METFORMINA 850 MG + SITAGLIPTINA 50 MG IF 
CENTELLA ASIATICA,CENTELLA ASIATICA-2%
GABAPENTINA,NEUROCEBRIT-400
GABAPENTINA,NEUROCEBRIT-300
ERITROMICINA ESTEARATO USP EQUIV A ERITROMICINA,ERITROMICINA 
VER AL DORSO,VALSARBRIT-ULTRA
VER AL DORSO,VALSARBRIT-ULTRA
VER AL DORSO,VALSARBRIT-DUO
VER AL DORSO,VALSARBRIT-ULTRA
ESOMEPRAZOL SODICO,GUSOMEP
ERITROMICINA,ERITROMICINA 500 MG AG PHARMA
VER AL DORSO,TAMSULOSINA USP 0.4 MG Y FINASTERIDE USP 5.0 MG
VER AL DORSO,BIO-BRONQ COMPUESTO
VER AL DORSO,TAMSULOSINA CLOHIDRATO 0.4 MG Y DUTASTERIDA 0.5 MG
KETOROLACO TROMETAMINA,KETOROLACO TROMETAMINA
KETOROLACO TROMETAMINA,KETONUR
DICLOFENAC POTÁSICO +TIOCOLCHICOSIDO,DICLOPLEX DÚO FLEX
IBUPROFÉN DC 90,IBUGESITO
CIPROFLOXACINA HCL + FENAZOPIRIDINA HCL,NOGALXINA 500 /100 
CITICOLINA SÓDICA EQUIVALENTE A CITICOLINA,CITICOLINA
LEVETIRACETAM,VITRACETAM® 500 MG / 5 ML
SACUBITRILO Y VALSARTÁN,VALATREN-S 49 MG/ 51 MG 
ESPIRONOLACTONA,ESPIRONOLACTONA 25 MG 
ESPIRONOLACTONA,ESPIRONOLACTONA 50 MG
OMEPRAZOL SODICO,OMEPRAZOL
VITAMINAS EN COMBINACION,SELECTAVIT COMPLEJO B FORTE BEBIBLE
DEXKETOPROFENO TROMETAMOL,NURTRIAX INYECCIÓN 25 MG/ML
CANDESARTAN + AMLODIPINA,ARASARTAN-A 16 MG / 5 MG
CANDESARTAN + HIDROCLOROTIAZIDA,ARASARTAN-H 32 MG / 12.5 MG
LISINOPRIL,TONOPRES 20 MG
LISINOPRIL,TONOPRES 10 MG 
DAPAGLIFOZINA + MERTFORMINA HCL,DIAMEGLYT M 5/1000
DAPAGLIFOZINA + MERTFORMINA HCL,DIAMEGLYT M 10/1000
CLORHIDRATO DE TAMSULOSINA,KUDOS 0.4
ROSUVASTATINA CALCICA,BARRE - ROSS 20
FENITOÍNA SÓDICA,FENITOÍNA SÓDICA 
VER AL DORSO,NIX B
DAPAGLIFOZINA,DIAMEGLYT - 5
DAPAGLIFOZINA,DIAMEGLYT - 10
VITAMINA C,ACIDO ASCORBICO
PROPRANOLOL HCL,PROPRANOLOL
PROPRANOLOL HCL,POXIFAR
PROPRANOLOL HCL,POXIFAR
HIDROCLOROTIAZIDA,HIDROCLOROTIAZIDA
HIDROCLOROTIAZIDA,HIDRIFAR
ACIDO ASCORBICO,ACIDO ASCORBICO
METRONIDAZOL,METRONIDAZOL   500 MG   
DICLOFENAC SODICO,ZUNA
CLORHIDRATO DE TAMSULOSINA,TAMSULOSINA
VER AL DORSO,TRIMETOSE II
LOSARTAN POTASICO,LOSARTAN POTASICO 100 MG
CLORHIDRATO DE METFORMINA BP,CLORHIDRATO DE METFORMINA 500 MG
CLORHIDRATO DE METFORMINA BP,CLORHIDRATO DE METFORMINA 850 MG
LOSARTÁN POTASICO BP,LOSARTÁN POTASICO 50 MG
LOSARTAN POTASICO / HIDROCLOROTIAZIDA USP,LOSARTAN POTASICO E HIDROCLOROTIAZIDA 50/12.5 MG
LISINOPRIL USP,LISINOPRIL 
GLIMEPIRIDA BP,GLIMEPIRIDA 2 MG
ÁCIDO ZOLEDRÓNICO MONOHIDRATO,ÁCIDO ZOLEDRÓNICO
LISINOPRIL DIHIDRATO,LISINOPRIL 10 MG
LISINOPRIL DIHIDRATO,LISINOPRIL 20 MG
LISINOPRIL DIHIDRATO,CORAPRIL 10 MG
LISINOPRIL DIHIDRATO,CORAPRIL 20 MG
ORLISTAT,ORLISTAT
ORLISTAT,DELGAPLUS
CARVEDILOL,BLOCCANTE 12.5
MULTICOMPOSICION,VITAMINA COMPLEJO B
CLORHIDRATO DE PROPRANOLOL,PROPRANOLOL
SUCCINATO SODICO DE HIDROCORTISONA,SUCCINATO SODICO DE HIDROCORTISONA
SUCCINATO SODICO DE HIDROCORTISONA,IMIVEM
CLORURO DE SODIO USP 9MG/ML,CLORURO DE SODIO USP 9MG/ML
PREGABALINA,CONVUBAL 150
LEVETIRACETAM,JULITAM 500
CANDESARTÁN CILEXETILO,CANDESARTÁN CILEXETILO
CANDESARTÁN CILEXETILO,CANDESARTÁN CILEXETILO
MULTICOMPOSICION,ULTRA DOCEPLEX MEGA MAN +
MULTICOMPOSICION,ULTRA DOCEPLEX MEGA WOMAN +
VALSARTÁN + AMLODIPINO,FORZAPRESS® 320 mg + 5 mg
TICAGRELOR 60 MG,TICAGRELOR 60
PREGABALINA,CONVUBAL ® 300
BISOPROLOL FUMARATO,CARDIOPROL 5
CANDESARTÁN CILEXETILO,CANDESARTÁN CILEXETILO 32 MG
CANDESARTÁN CILEXETILO,EUCAND-32 
METFORMINA CLORHIDRATO,METSAFE 500
CARBIDOPA MONOHIDRATO + LEVODOPA,PARKEN 25/250MG 
MELATONINA,BENEDORM
VER AL DORSO,CURAM 642. 9MG /5 ML
LEVOTIROXINA SÓDICA,PROLEVO 25 MCG
DIPROFILINA,FLUCLOVIR
DIPROFILINA,FLUCLOVIR 
BISOPROLOL FUMARATO,BISOPROLOL FUMARATO 1.25 MG
BISOPROLOL FUMARATO,BISOTROP 1.25
BISOPROLOL FUMARATO,BISCARDOL 1.25
RAMIPRIL,RAMIPRIL 5 MG
CARVEDILOL,BLOCCANTE 6.25
CANDESARTAN CILEXETIL + HIDROCLOROTIAZIDA HCL,CARDEFARIQ H
CANDESARTAN CILEXETIL + HIDROCLOROTIAZIDA HCL,CARDEFARIQ H
VER AL DORSO,ASRIME
AMOXICILINA TRIHIDRATO + CLAVULANATO POTASICO,REVACLAX 
DICLOFENACO SODICO,NATURE'S GARDEN FORTE 
AMOXICILINA TRIHIDRATO,AMOXICILINA MAMEY®   500 MG
CANDESARTAN CILEXETIL,ARASARTAN 16 MG 
DASATINIB (COMO MONOHIDRATO),DASATINIB
VER AL DORSO,CANDERCURE PLUS 32 
SILDENAFIL CITRATO,ARAPAIMA FAST
DROSPIRENONA + ETINILESTRADIOL,YAZ® 
MALEATO DE FLUVOXAMINA,LUVOX 
LEFLUNOMIDA,LEFLUNOMIDA 
LEFLUNOMIDA,LEFLUNOMIDA
METFORMINA HCI + VILDAGLIPTINA,METFORMINA 1000 MG + VILDAGLIPTINA 50 MG IF 
ÁCIDO BEMPEDOICO,BEMPENAL®
BISOPROLOL FUMARATO,BIOBLOC 10
VER AL DORSO,NEOMICINA Y POLIMIXINA B SULFATO Y BACITRACINA ZINC
VER AL DORSO,TRESBIOT
BUPIVACAÍNA CLORHIDRATO MONOHIDRATO,BUPIROP® 0.5% SIMPLE
SUCRALFATO,SINASTIN
GATIFLOXACINA (COMO SESQUIHIDRATO),POENGATIF FORTE
ATORVASTATINA CALCICA EQUIVALENTE ATORVASTATINA,ATORVASTATINA CALCICA 
ROSUVASTATINA,VASTICURE -10
FLUFENAZINA DECANOATO,PSYCONATE 
DAPAGLIFLOZINA,ANDAMIL 10 MG
ACICLOVIR,ACICLOVIR
GLUCOSA ANHIDRA,KELOTROM INFUSIÓN DE GLUCOSA INTRAVENOSA BP 5%
IMIPENEM + CILASTATINA,IMIPENEM + CILASTATINA 
GLIMEPIRIDA,GLUNOR 2 MG
GLIMEPIRIDA,GLUNOR 4 MG 
ONDANSETRON CLORHIDRATO,PROFASETRON
EMPAGLIFLOZINA/ CLORHIDRATO DE METFORMINA,EMPAZIN DUO -1000
MALATO DE SUNITINIB EQUIVALENTE A SUNITINIB,SUNITINIB
BROMHEXINA CLORHIDRATO,BROXIN
CANDESARTAN,TRIOBRAS 16
CANDESARTAN CILEXETIL,TRIOBRAS 32
CLOPIDOGREL BISULFATO,DUXIGREL
ÁCIDO ACETILSALICILICO USP,ÁCIDO ACETILSALICILICO  81 MG 
HIDROXIDO DE MAGNESIO,LECHE DE MAGNESIA 
HIDROXIDO DE MAGNESIO,LECHE DE MAGNESIA 
BENZOATO DE METRONIDAZOL,METRONIDAZOL 125 MG
CLORHIDRATO DE LEVOBUPIVACAINA EQ. A LEVOBUPIVACAINA,LEVOBUPIVACAINA
VER AL DORSO,H-COLD
VER AL DORSO,HIERRO SACAROSA 100 MG / 5 ML
SACAROSA DE HIERRO,SACAROSA DE HIERRO INYECCIÓN
PIPERACICLINA +TAZOBACTAM,NURNAM
RISPERIDONA,EUTIDONA
AMLODIPINA BESILATO,ANGIOCURE 5
HIDROCLOROTIAZIDA,HIDROCLOROTIAZIDA
HIDROCLOROTIAZIDA,HIDRIFAR
HIDROCLOROTIAZIDA,HIDRIFAR
ÁCIDO ACETILSALICÍLICO,ÁCIDO ACETILSALICÍLICO 
ÁCIDO ACETILSALICÍLICO,MAXPIRIN
ÁCIDO ACETILSALICÍLICO,ÁCIDO ACETILSALICÍLICO 
ÁCIDO ACETILSALICÍLICO,MAXPIRIN®
RAMIPRIL,RAMIPRIL 2.5 MG
FUROSEMIDA,FUROSEMIDA
CAPTOPRIL,CAPTOPRIL 
CAPTOPRIL,CAPTOPRIL
CARVEDILOL USP,CARVEDILOL 12.5 MG
ENALAPRIL MALEATO,ENALAPRIL
CLORHIDRATO DE ONDANSETRON DIHIDRATADO,VONAU FLASH
PANTOPRAZOL SÓDICO,PANTOPRAZOL 20 MG 
LISINOPRIL USP EQUIV A LISINOPRIL ANHIDROS,LISINOPRIL  
AMLODIPINA BESILATO EQUIV AMLODIPINA,AMLODIPINA 
AMLODIPINA BESILATO BP EQUIV A AMLODIPINA,AMLODIPINA 
LISINOPRIL USP EQUIVALENTE A LISINOPRIL ANHIDROUS,LISINOPRIL  
ATORVASTATINA + EZETIMIBE,ATROLIP PLUS 10 mg + 10 mg
BROMHIDRATO DE GALANTAMINA EQUIVALENTE A GALANTAMINA,GALANTAMINA 
BROMHIDRATO DE GALANTAMINA EQUIVALENTE A GALANTAMINA,GALANTAMINA 
LERCANIDIPINA HCL,LERCANIDIPINA 10 MG 
LERCANIDIPINA HCL,LERCANIDIPINA 20 MG 
CLOPIDOGREL BISULFATO,SUBLIMAX 75
ETORICOXIB,RELACOX 90
ACIDO BENZOICO+ACIDO SALICILICO,LASCOSALIL
IMATINIB MESILATO,IMATINIB CAPSULAS 100 MG
LIDOCAINA,ROXICAINA ®ATOMIZADOR 
VER AL DORSO,SITAGLIPTINA USP 50 + MG METFORMINA USP 1000 MG 
MULTICOMPOSICIÓN,KELOTROM (CONT. AL DORSO)
MULTICOMPOSICIÓN,COMPUESTO DE LACTATO DE SODIO INFUSIÓN
CITICOLINA SODICA USP EQUIVALENTE A CITICOLINA,CITICOLINA 
PREGABALINA,PREGABALINA
PREGABALINA,GABAFAR
PREGABALINA,GABAFAR
LISINOPRIL+ HIDROCLOROTIAZIDA,TONOPRES H 10/12.5
CANDESARTAN + AMLODIPINA,TRIOBRAS A 16/5
VER AL DORSO,PIPERACILINA 4 G + TAZOBACTAM 0.5 G ALFA
BISOPROLOL FUMARATO,BETAUNO-1.25
CELECOXIB,LORKOCS
VER AL DORSO,SOLHIDREX CEREZA
CANDESARTAN CILEXETIL + AMLODIPINA BESILATO,CARDEFARIQ A
CANDESARTAN CILEXETIL + AMLODIPINA BESILATO,CARDEFARIQ A
METFORMINA HCL + GLIMEPIRIDA,MEGLIT 1000/4
AMPICILINA,AMPICILINA MK 500MG CAPSULA
CANDESARTAN CILEXETIL + AMLODIPINA BESILATO,CARDEFARIQ A
PREGABALINA,CONVUBAL 75
ROSUVASTATINA CÁLCICA,ROSUCURE 20
HIDROCLOROTIAZIDA,HIDROCLOROTIAZIDA
HIDROCLOROTIAZIDA,HIDROCLOROTIAZIDA
CARVEDILOL,CARVEDCURE 6.25
ROSUVASTATINA CÁLCICA,ROSUVASTATINA 20 MG
ROSUVASTATINA CÁLCICA,RECOVAS 20
AMLODIPINA BESILATO,AMLODIPINA 10 MG
AMLODIPINA BESILATO,CAVAS 10
VALSARTAN,VALSARTAN 80 MG
VALSARTAN,HIPERVASC 80 MG
BISOPROLOL FUMARATO,BISOCURE 1.25
PARACETAMOL,NEOMOL 300 MG 
LOSARTÁN POTÁSICO,HIPERLOS 50
VALSARTAN + HIDROCLOROTIAZIDA + AMLODIPINA,GUSALTAN TRIPLE 160/12.5/5
VALSARTAN + HIDROCLOROTIAZIDA + AMLODIPINA,GUSALTAN TRIPLE 160/12.5/5
ETORICOXIB,VALICOXIB 120MG
PREGABALINA,PREMETHYL AGLF P-75
ROSUVASTATINA CALCICA,GUVASTINA
ROSUVASTATINA CALCICA,GUVASTINA
VALSARTAN,VALSARTAN 320 MG
ROSUVASTATINA,AMOCRIN 20 MG
ROSUVASTATINA,AMOCRIN 40 MG
DICLOFENACO POTASICO BP,DICLOFENACO  POTASICO 
BISOPROLOL FUMARATO,CARDIOPROL 2.5
DAPAGLIFLOZINA,FARIDAPA 5
DAPAGLIFLOZINA,FARIDAPA 10
NIRAPARIB,ZEJULA
DICLOFENAC POTASICO,DICLOFENAC IQI
HIDROXIUREA, HYDREFAL 
QUETIAPINA,KETIBER 200
OLANZAPINA,OLASER 10
OLANZAPINA,OLASER 5
VITAMINA A PALMITATO / VITAMINA D3 / VITAMINA C,CRECIVIT NATAL NF
"EMPAGLIFLOZINA, LINAGLIPTINA",LEMERIX-PLUS 10/5
EMPAGLIFLOZINA + LINAGLIPTINA,EMPAGLIFLOZINA 10 MG + LINAGLIPTINA 5 MG IF
APIXABÁN,APIXCARD 2.5
CENTELLA ASIATICA,CENTEKSOL-30
CENTELLA ASIATICA,CENTEKSOL-2 %
MELATONINA,MELATONINA 5 MG
MALATONINA,GOOD NIGHT-5
LANSOPRAZOL,LANSOPRAZOL 
LANSOPRAZOL,GUBRIZOL
MEGESTROL ACETATO,MEGESTROL 160 MG 
ARIPIPRAZOL,TELSA-D 10 
ARIPIPRAZOL,TELSA-D 15 
RISPERIDONA,TRANQUINIL – MECD 4
IBUPROFENO + CAFEÍNA,MIGRACURE
DICLOFENAC SÓDICO + CLORZOXAZONA + ACETAMINOFÉN DC-90,CHIK-UN-PLEX RELAX  
CIPROFLOXACINA HCL + DOXICICLINA + FENAZOPIRIDINA HCL,NOGALXINA-TRIO 
VER AL DORSO,SANITOSS ALERT 
VER AL DORSO,SOLHIDREX FRESA
VER AL DORSO,SOLHIDREX UVA
CANDESARTAN CILEXETIL + AMLODIPINA BESILATO,CARDEFARIQ A 
ETORICOXIB,VALICOXIB 90 MG
ACIDO IBANDRONICO,BAN-UNO ®
CLINDAMICINA FOSFATO,CLINDA D 
PARACETAMOL + ACIDO ASCORBICO + CAFEINA,DESGRIPAL TE DIA 
AMOXICILINA + OXOLAMINA + BROMHEXINA,BRONCOCHEM COMPUESTO 
VER AL DORSO,BRONCOCHEM COMPUESTO
ACETAMINOFÉN + DEXTROMETORFANO + CLORFENIRAMINA,PAINMAX-FLU GOTAS
CARVEDILOL,DILOX-3.125
QUETIAPINA FUMARATO,CARDQUETIA-200
DONEPEZILO CLORHIDRATO,DONET 10
LEVOCETIRIZINA CLORHIDRATO,CLIARTEK LEVO
LEVOCETIRIZINA CLORHIDRATO,CLIARTEK LEVO
IRBESARTAN,STOPRESS 300 MG
IRBESARTAN + HIDROCLOROTIAZIDA,STOPRESS 300/12.5 MG
OLMESARTAN MEDOXOMILO E HIDROCLOROTIAZIDA,OLMY-­H 20 MG /12.5 MG
OLANZAPINA,EUTIPINA 2.5
APIXABAN,THROMBAN 2.5
IRBESARTAN,STOPRESS 150 MG
FEXOFENADINA CLORHIDRATO,GUTIS AFEXINA 
VER AL DORSO,ONDANSETRON 
DICLOFENACO SODICO,DICLOFENACO SODICO 
HIDROCLOROTIAZIDA BP,HIDROCLOROTIAZIDA
RUPATIDINA FUMARATO,RUPARIUS
RUPATIDINA FUMARATO,RUPARIUS 
MOXIFLOXACINA,OCUMOX UD 
MOXIFLOXACINA + DEXAMETASONA,OCUMOX D UD 
DOXILAMINA SUCCINATO /PIRIDOXINA HCL,BONJESTA 
DOXILAMINA SUCCINATO / PYRIDOXINA HIDROCLORURO,BONJESTA
VER AL DORSO,PRAMIPEXOL 
POLIDOCANOL,ETOXIVEN 3%
RISDIPLAM,EVRYSDI 
ELTROMBOPAG,ELTROMBOPAG
ELTROMBOPAG,TROMBOLADE
PARACETAMOL,PARACETAMOL
BICARBONATO DE SODIO,BICARBONATO DE SODIO ROLDAN
HIDROCORTISONA SUCCINATO DE SODIO,SOLUSUL
ILAPRAZOL,NORUTEC
METRONIDAZOL,METRONIDAZOL 250 MG / 5 ML MK
ESOMEPRAZOL,GASTROZOL
ESOMEPRAZOL,GASTROZOL
PREGABALINA,PREGABALINA 50 MG
PREGABALINA,PREGABALINA 300 MG
BETAHISTINA CLORHIDRATO,OVERTIK ® 16
VER AL DORSO,CURACOMPLEX
VER AL DORSO,PRAMIPEXOL 
AMBRISENTAN,AMBRISENTAN
MALEATO DE ASENAPINA EQUIVALENTE A ASENAPINA,ASENAPINA
ESOMEPRAZOL MAGNÉSICO TRIHIDRATADO,FARPRAZOL® 40
CLORHIDRATO DE DIFENHIDRAMINA,NYTOL
OLANZAPINA,NOREXAL 5
OLANZAPINA,OLANZAPINA 5 MG IF 
BRIVARACETAM,VIDAPRIDE
MELOXICAM,MELOXICAM 15 MG
SERTRALINA (COMO CLORHIDRATO),PSICOMED 100
PREGABALINA,PREGABALINA 75 MG
METFORMINA CLORHIDRATO + VILDAGLIPTINA,GLIPEPTIL PLUS 1000
VALSARTAN,HIPERVASC 320 MG
DEZFLEZACORT,REUCORT 30
DEZFLEZACORT,REUCORT 6
PREGABALINA,PREGABALINA 75 MG 
CANDESARTÁN CILEXETIL / HIDROCLOROTIAZIDA,TRIOBRAS H 16
AZUFRE PRECIPITADO.,JABÓN SULFUROSO ROLDÁN
TOBRAMICINA 0.3% + DEXAMETASONA 0.1%,OPHTHABRACIN D
VER AL DORSO,"4GEN"
CLORHIDRATO DE FEXOFENADINA,CLORHIDRATO DE FEXOFENADINA 120MG
CLORHIDRATO DE FEXOFENADINA,ALTIVA 120 MG
LEVOCETIRIZINA DICLORHIDRATO,LEZAT 
QUETIAPINA FUMARATO,ETIAPIL- 150
ACETILCISTEINA,LYSOMUCIL
MELATONINA,MELATONINA 15 MG
MELATONINA,GOOD NIGHT-15
SUMATRIPTÁN SUCCINATO,SUMATRIPTAN-100
SIMVASTATINA,EZEBRIT-10
SIMVASTATINA,EZEBRIT-20
SIMVASTATINA,EZEBRIT-40
SUMATRIPTÁN SUCCINATO,SUMATRIPTAN-50 
ANASTRAZOL,ANASTRAZOL 
ESPIRONOLACTONA,ESPIRONOLACTONA   100  MG
ARIPIPRAZOL,TELSA-D 5
"ACECLOFENACO, PARACETAMOL, CLORZOXAZONA","ACECLOFENAC, PARACETAMOL Y CLORZOXAZONA "
"ACECLOFENAC, PARACETAMOL Y CLORZOXAZONA",NATRAFEN - RELAX
IBUPROFÉN-DC90,IBUPROFÉN 400 MG 
MEGESTROL ACETATO,MEGESTROL 40 MG 
CLOTRIMAZOL USP,CLOTRIMAZOL 
LAMOTRIGINA,LAMOTRIGINA -50 
LAMOTRIGINA,MORALGINA -50 
APIXABAN,APIXABAN-5 
LOSARTAN POTASICO,LOSARTAN SAMED 100 MG
SUNITINIB MALATO (EQUIVALENTE A SUNITINIB),SUNITINIB
SUNITINIB MALATO (EQUIVALENTE A SUNITINIB),SUNITINIB
SUNITINIB MALATO (EQUIVALENTE A SUNITINIB),SUNITINIB
SILDENAFIL (COMO SILDENAFIL CITRATO),SILDENAFIL 50 MG
DAROLUTAMIDA,NUBEQA®
HIDROCLOROTIAZIDA,HIDROCLOROTIAZIDA 
VER AL DORSO,DEXA-MICIL
CANDESARTAN + AMLODIPINA BESILATO,TRIOBRAS A 32/5 
SUMATRIPTÁN SUCCINATO,SUMATRIPTAN-25  
VALSARTAN + AMLODIPINA BESILATO,GUSALTAN A 320/10
VALSARTAN + AMLODIPINA BESILATO,GUSALTAN A 320/10
CEFUROXIMA AXETIL USP + CLAVULANATO DE POTASIO DILUIDO BP,ROFUCLAV 250/62.5
CEFUROXIMA AXETIL USP - CLAVULANATO DE POTASIO DILUIDO USP,ROFUCLAV 500/125
ZOPICLONA,"SEDORM 7,5 MG "
EMPAGLIFLOZINA,BOTIDA® 
EMPAGLIFLOZINA,LEMERIX 25
CLINDAMICINA FOSFATO (EQUIVALENTE A CLINDAMICINA BASE) / KETOCONAZOL / TINIDAZOL,CLINKEZOL T
SILDENAFIL + DAPOXETINA,SILDENAFIL 50 MG + DAPOXETINA 30 MG IF
RIFAXIMINA,FARINIL 550
SILDENAFIL+ DAPOXETINA,TANDURAX DUO 
BISOPROLOL FUMARATO,BIOBLOC 5
OLOPATADINA CLORHIDRATO 0.2%,OLOMUC PF
ROSUVASTATINA,ARRIAR 20
AMBROXOL + DEXTROMETORFANO,AMBROXOL 4 MG + DEXTROMETORFANO 2.75 MG IF 
PACLITAXEL,OPLAXEL 30
PACLITAXEL,OPLAXEL 150
APIXABÁN,APIXCARD 5
SILDENAFIL CITRATO,VIGOSEX
CANDESARTAN,CANDESARTAN 32 MG
ATORVASTATINA CALCICA TRIHIDRATO,BRITADINA -20
VALSARTAN + AMLODIPINO BESILATO,VALSARBRIT-DUO
CELECOXIB,BRICOXIB-400
VER AL DORSO,PREGOLAN-BRIT DUO
VALSARTAN + AMLODIPINA + HIDROCLOROTIAZIDA,VALSARBRIT-ULTRA
VALSARTAN + AMLODIPINA + HIDROCLOROTIAZIDA,VALSARBRIT-ULTRA
KETOCONAZOL + PIROCTONA OLAMINA,KETOPIROVIC
GANCICLOVIR USP,GANCICLOVIR
METFORMINA CLORHIDRATO,METFORMINA  CLORHIDRATO 
GLIBENCLAMIDA,GLIBENCLAMIDA 
DICLOFENAC SODICO,DICLOFENAC-100 MG
ACETAMINOFEN,NATRAFEN-750
CLORURO DE SODIO + GLUCOSA ANHIDRA,KELOTROM INFUSIÓN (VER AL DORSO)
CLOTRIMAZOL,CLOTRIMAZOL 1%
EMPAGLIFLOZINA/ CLORHIDRATO DE METFORMINA,EMPAZIN DUO -850
"DORZOLAMIDA , TIMOLOL",SIMULTEN
PERMETRINA,PERMETRINA
CLORHIDRATO DE TAMSULOSINA Y FINASTERIDE,CLORHIDRATO DE TAMSULOSINA Y FINASTERIDE
AMOXICILINA TRIHIDRATO / CLAVULANATO DE POTASIO,AMOXVULAN 
IBUPROFEN,IBUPROFEN 
VER AL DORSO,SANITOSS 
MULTICOMPOSICION,B-COMPLEX INYECCIÓN
VITAMINAS DEL COMPLEJO B COMBINACIONES,ULTRA DOCEPLEX FORTE
DEKETOPROFENO TROMETAMOL,ADIOLOL
DEXKETOPROFENO TROMETAMOL,ADIOLOL
CITRATO DE CAFEINA,CAFEINA VEM 60 MG
CITRATO DE CAFEINA,PRECAFF
VER AL DORSO,VITAMINA COMPLEJO B (B1 + B6 + B12) INYECCION
VER AL DORSO,VITAMINA COMPLEJO B (B1 + B6 + B12) INYECCION
KETOCONAZOL,KETOCONAZOL 
NISTATINA,KARYNISTIN
ACETAMINOFEN,KARY-TEMP
CANDESARTÁN CILEXETILO + AMLODIPINA BESILATO,CANDERCURE A 16-5
VALSARTAN + HIDROCLOROTIAZIDA + AMLODIPINA,GUSALTAN TRIPLE 320/12.5/10
VALSARTAN + HIDROCLOROTIAZIDA + AMLODIPINA,GUSALTAN TRIPLE 320/12.5/10
GLIBENCLAMIDA BP,GLIBENCLAMIDA 
IRBESARTAN + AMLODIPINA,STOPRESS 150/5 MG
GLIBENCLAMIDA,GLIBENCLAMIDA 5 MG
METFORMINA CLORHIDRATO BP,METFORMINA 
METFORMINA CLORHIDRATO,METSAFE 1000
DOLUTEGRAVIR,DULTEGRA
HIDROXICINA,CEDAR 25
CARBOXIMETILCELULOSA SODICA 1%,FRIGINE
NITAZOXANIDA,MIXEL 2%
ESOMEPRAZOL,ESOMEPRAZOL
CANDESARTAN,CANDESARTAN 16 MG
ATORVASTATINA CALCICA TRIHIDRATO,BRITADINA-80
VER AL DORSO,HIDRAVIT MED
VER AL DORSO,CALAMINA + OXIDO DE ZINC
VER AL DORSO,VALSARBRIT-DUO
VER AL DORSO,PTANFERBRIT-FORTE
SOBREROL,TUSSIMED
SOBREROL,TUSSIMED
VER AL DORSO,VAGIMICOL-TRIO
MELATONINA,MELATONINA 20 MG
MELATONINA,GOOD NIGHT-20
MELATONINA,MELATONINA 10 MG
MELATONINA,GOOD NIGHT-10
EBASTINA,EBASTINA 10 MG
EBASTINA,EBASTINA 20 MG
CLORURO DE SODIO,CLORURO DE SODIO 
MOXIFLOXACINO CLORHIDRATO EQUIVALENTE A MOXIFLOXACINO,MOXIFLOXACINO
VER AL DORSO,KARYFERRIN
PREGABALIN BP,PREGABALINA 75MG 
PREGABALIN BP,PREGABALINA 150MG
ORLISTAT,ELOKA
VALSARTAN,VALSARTAN 160 MG
VALSARTAN,HIPERVASC 160 MG
CLOPIDOGREL BISULFATO,CLOPIDOGREL 75 MG
AMOXICILINA / ACIDO CLAVULANICO,AMOXICILINA 875 MG / ACIDO CLAVULANICO 125 MG
TAMSULOSINA CLORHIDRATO,TAMFLOX
FUMARATO DE BISOPROLOL,BISOPROLOL FUMARATO
DEXKETOPROFENO TROMETAMOL,HERFO
SULFADIAZINA DE PLATA,ASSUL
AMLODIPINA,AMLODIPINA 5 MG
ROSUVASTATINA CÁLCICA,ROVARTAL 10
ROSUVASTATINA CÁLCICA,ROVARTAL 20
ROSUVASTATINA CÁLCICA,ROVARTAL 40
OLANZAPINA,ARMONIOR - 5
VALSARTAN + HIDROCLOROTIAZIDA,VALSARBRIT-HCT 80/12.5
SITAGLIPTINA FOSFATO MONOHIDRATADA + METFORMINA HCL,SIGDINA®   MET 50/500
TACROLIMUS,TALGRAF-0.1
VER AL DORSO,TOBRAMICINA Y DEXAMETASONA
CLORHEXIDINA + BENZOCAÍNA,GARSZOINA
ONDANSETRON CLORHIDRATO,ONDANSETRON  
VER AL DORSO,TROYSETRON
ONDANSETRÓN,TROYSETRON
VER AL DORSO,TROYSETRON 2 MG/ML
ONDANSETRÓN,TROYSETRON
TACROLIMUS,TACROLIMUS
BETAMETASONA VALERATO 0.1% + ÁCIDO FUSÍDICO 2%,ANDIFUSIN
LIDOCAÍNA,ZK-INA
ÓXIDO DE ZINC,INFADERM® DR ZN
ACICLOVIR,ACICLOVIR CREMA 5%
CLOBETASOL PROPIONATO,CLOBETASOL PROPIONATO
CLORURO DE SODIO,CLORURO DE SODIO
CLORURO DE SODIO,CLORURO DE SODIO
ACICLOVIR BP,ACICLOVIR 5% P/P
BETAMETASONA DIPROPIONATO,BETAMETASONA DIPROPIONATO
BETAMETASONA DIPROPIONATO,BETAMETASONA DIPROPIONATO
ACICLOVIR ,ACICLOVIR 
DESKETOPROFENOTROMETAMOL,DESKETOPROFENO CALOX 
SULFATO DE HIDROGENO DE CLOPIDOGREL,CLOPIDOGREL 
PREGABALINA,CONVUBAL 25
VER AL DORSO,CORT-S
DICLOFENACO SÓDICO,DICLOFENACO SÓDICO
DIETILAMINA,DICLOFENAC 
COLECALCIFEROL (VITAMINA D3),TRIAMIN®
COLECALCIFEROL (VITAMINA D3),MAXIMUN D3
PREGABALINA,LINAVIC 150 MG 
PREGABALINA,LINAVIC 75 MG
COLECALCIFEROL, VITAMINA D3 ALFA 100.000 U.I. / 2 ML 
VER AL DORSO,DAPAGLIFLOZINA   
VER AL DORSO,REGLUZOR 10
AMOXICILINA + ACIDO CLAVULANO,AMOXICILINA + ACIDO CLAVULANICO
IRBESARTAN + HIDROCLOROTIAZIDA,STOPRESS 150/12.5 MG
EMPAGLIFLOZINA/ LINAGLIPTINA,EMPAZIN L 10/5
ROSUVASTATINA,AMOCRIN 10 MG
CLARITROMICINA BP,CLARITROMICINA 500 MG
NIFEDIPINA,NIFEDIPINA  10 MG
GLIBENCLAMIDA,GLIBENCLAMIDA  5 MG
EVEROLIMUS,EVEROLIMUS 0.50 MG
MALEATO DE ASENAPINA EQUIVALENTE A ASENAPINA,ASENAPINA
EMPAGLIFLOZINA,EMPAGLIFLOZINA ALFA 25 MG
VER AL DORSO,EXOSA-CANA 850/150
VER AL DORSO,NOGLICEN CANA 850/150
VER AL DORSO,LOPERAMIDA FTX
LOPERAMIDA HCL,LOPERAMIDA FTX
HIDROXIDO DE MAGNESIO,LECHE DE MAGNESIA PHILLIPS MENTA
ENOXAPARINA SODICA,ENOXOPARINA SODICA
ENOXAPARINA SODICA,ENOXAPARINA SODICA
VALSARTAN,VALSARTAN FELTREX
TRAMADOL HCL,TRAMADOL 100 MG
VER AL DORSO,AZITROMICINA 
BETAMETASONA,VETANVIC
ALPRAZOLAM,ALPRAZOLAM-2   
CLOTRIMAZOL,CLOTRIMYL 
VER AL DORSO,RONATOX 
ACEBROFILINA,MUCIFIL
TADALAFIL,PARADAR
VER AL DORSO,EXOSA-PIO 500/30
VER AL DORSO,NOGLICEN PIO 500/30
BISOPROLOL FUMARATO,BISOVITAE
ÁCIDO ASCÓRBICO (VITAMINA C),FERVEX
VER AL DORSO,CLOTRINOVUM 
MULTICOMPOSICION,HIDRAPLUS 75 MEQ CON ZINC (VER AL DORSO)
"SALICILATO DE METILO, MENTOL CRISTAL, ALCANFOR.",MENTO-DOL FORTE
YODOPOVIDONA,SEP-SOL® YODOPOVIDONA  7.5%
YODOPOVIDONA,SEP-SOL® YODOPOVIDONA  10%
MENTOL CRISTAL + SALICILATO DE METILO + ALCANFOR,RYSELL ICE BLUE  GEL
AMIODARONA,ZYDARONE 200
COLECALCIFEROL,REVIKAL 100.000 U.I. / 2 ML 
OXIMETAZOLINA CLORHIDRATO,ILIADIN ALOE 0.05% SOLUCIÓN NASAL
ENALAPRIL MALEATO USP,ENALAPRIL MALEATO 
QUETIAPINA FUMARATO,CARDQUETIA-50
QUETIAPINA FUMARATO,QUETICURE-50
STANOZOLOL,GS-STOL
STANOZOLOL,GS-STOL
SACUBITRILO Y VALSARTÁN,VALATREN­-S 97 MG / 103 MG
TACROLIMUS,TACROLIMUS 0.5 MG
TACROLIMUS,TACROLIMUS 1 MG
FLUFENAZINA DECANOATO,FLUFENAZINA DECANOATO 
CLOBETASOL PROPIONATO,CLOBETAVIC SHAMPOO
CLOBETASOL PROPIONATO,CLOBETAVIC 
BETAMETASONA VALERATO + ACIDO SALICILICO,VETANVIC PLUS
PERMETRINA,NULFAR
KETOCONAZOL,KETOCONAZOL 
SULFAMETOXAZOL + TRIMETOPRIMA,SULFAMETOXAZOL + TRIMETOPRIM 
SULFAMETOXAZOL BP / TRIMETOPRIMA BP,SULFAMETOXAZOL +  TRIMETOPRIMA 200 MG + 40 MG /5 ML 
ACETAMINOFÉN,ACETAMINOFÉN
ACETAMINOFÉN,PIRALMIN 1 G/ 10 ML
DICLOFENAC SÓDICO 75MG/3ML,MACFAST
ACETAMINOFÉN,ACETAMINOFEN ALFA 1 G/ 10 ML
HIDROCORTISONA SUCCINATO SÓDICO,HIDROCORTISONA 100 MG
SITAGLIPTINA + CLORHIDRATO METFORMINA,TIABET M 500
HIDROQUINONA – TRETINOÍNA – MOMETASONA FUROATO,HIDROQUINONA – TRETINOÍNA – MOMETASONA FUROATO 
NAPROXENO + CARISOPRODOL,NAPROXENO + CARISOPRODOL 250 MG / 200 MG 
NAPROXENO SÓDICO + CARISOPRODOL,REPODOL
VER AL DORSO,DOLO-RINN BIOTIC
ACETAMINOFÉN + CAFEÍNA,LAPROTER FORTE 
ACIDO ASCORBICO (VITAMINA C),DAILYVIT
ACIDO ASCORBICO (VITAMINA C),SUIPHAR VIT
ATORVASTATINA CALCICA,ATLIPOS 20
PARACETAMOL / IBUPROFENO,COMBOFUSIV 10 MG/ML + 3 MG/ML 
FEXOFENADINA CLORHIDRATO,GUTIS AFEXINA 
FEXOFENADINA CLORHIDRATO,GUTIS AFEXINA 180
CIPROFLOXACINA,FLUGRAM
DOCETAXEL ANHIDRO,DOCEKEBIR® 
DOCETAXEL ANHIDRO,DOCEKEBIR® 
CABERGOLINA,CABERGOLINA 0.5 MG
CABERGOLINA,PRAXILOX
ASPARTATO DE ARGININA,ARGIVAN 1 G
BISOPROLOL FUMARATO + AMLODIPINA BESILATO,BISOCURE A 2.5-5
BISOPROLOL FUMARATO + AMLODIPINA BESILATO,BISOCURE A 10-10
LOSARTÁN POTÁSICO + HIDROCLOROTIAZIDA + AMLODIPINA,IBERCLOFAM-TRES 50/25/10
CENTELLA ASIATICA,CENTELLA ASIATICA-30
CANDESARTAN CILEXETILO + HIDROCLOROTIAZIDA,DESARTIL-H 16/12.5
LEVOFLOXACINA HEMIHIDRATO,LEVOLONA-1000
SIDELNAFIL 50 MG,SILDENAFIL 50 MG 
FOSFATO DE SITAGLIPTINA MONOHIDRATO,TIABET 50
PROPILENGLICOL,SYSTANE COMPLETE SP 
LEVOTIROXINA SÓDICA,PROLEVO 112MCG
FULVESTRANT,FAVESAN®
VALGANCICLOVIR,VALGANCICLOVIR
ERTAPENEM SODICO,ERTAPENEM RICHET 1G.
LOPERAMIDA HCL,DIALAX 
BISOPROLOL FUMARATO + AMLODIPINA BESILATO,BETAUNO-A 2.5/5
BISOPROLOL FUMARATO + AMLODIPINA BESILATO,BETAUNO-A 10/10
FOSFATO SÓDIO DE DEXAMETASONA,COPEMDEX 
IOHEXOL,KOPAQ
FLUMAZENILO USP,FLUMAZENILO INYECCIÓN
FEXOFENADINA CLORHIDRATO,FEXOFAST TQ 30 MG
NITROFURAZONA BP,NITROFURAZONA 0.2% P/P
TARTRATO DE ACIDO DE NORADRENALINA BP,NORADRENALINA 
PARACETAMOL,PARACETAMOL INFUSION 1% W/V
PARACETAMOL,DOLENOL 
SUCCINATO SÓDICO DE HIDROCORTISONA,SUCCINATO SODICO DE HIDROCORTISONA
METAMIZOL SÓDICO,METAMIZOL SÓDICO
LEVETIRACETAM,LEVECEL
ACIDO FUSIDICO,ACIDO FUSIDICO
GLIBENCLAMIDA Y CLORCHIDRATO DE METFORMINA,METAMID
SIMVASTATINA,SIMVASTATINA 
BENZOATO DE METRONIDAZOL,METRONIDAZOL 125MG/5 ML
ENZALUTAMIDA,ENZALUTAMIDA 40 MG
BUDESONIDA + FORMOTEROL,NIBULER MEFASA FARMA
ACETAMINOFEN,ACETAMINOFEN FTX
MULTICOMPOSICION,ANTIGRIPAL FTX
CETIRIZINA,CETIRIZINA FTX
ACETAMINOFEN,ACETAMINOFEN FTX
CITRATO DE MAGNESIO,CRUZ BLANCA
TACROLIMUS,"TACROLIMUS USP 0,5 MG"
VER AL DORSO,CLINSAMIDA
VER AL DORSO,CARDRES-8
VER AL DORSO,CICLOTRANS-FIT 10/160
ÁCIDO FUSÍDICO 20 MG + FUROATO DE MOMETASONA 1.0 MG,ADOSIL M
ACETAMINOFEN + CAFEÍNA,ACETAMINOFEN Y CAFEÍNA
ADAPALENO,ADAPALENO 0.1 %
CLINDAMICINA FOSFATO + ADAPALENO,CLINSAMIDA-DÚO 
LEVONORGESTREL,TULI-ONE
LEVONORGESTREL,TULI-ONE
LISINOPRIL DIHIDRATO,ANGIOPRIL 10
ACICLOVIR BP, ACICLOVIR
VER AL DORSO,PIMABACTEN®  4.5 G
RASAGILINA MESILATO EQUIVALENTE A RASAGILINA,RASAGILINA
PANTOPRAZOL SODICO EQUIVALENTE A PANTOPRAZOL,PANTOZOLE
PROPOFOL BP,PROPOFOL 
HIERRO,SUPLEFER®  
PARACETAMOL,NEOMOL 160 MG 
PARACETAMOL,NEOMOL
TROPICAMIDA,TROPICAMIDA
CLORPROMAZINA CLORHIDRATO,CLORPROMAZINA CLORHIDRATO 
OMEPRAZOL USP,OMEPRAZOL 40 MG 
SULFATO DE GENTAMICINA BP EQ A BASE DE GENTAMICINA,GENTAMICINA
VER AL DORSO,METILPREDNISOLONA-80
VER AL DORSO,NEURO ALFA FORTE-B12
CAPTOPRIL,CAPTOPRIL 
BRIMONIDINA TARTRATO + TIMOLOL (COMO TIMOLOL MALEATO),INDUFAR OFTALMOL B+T
KETOCONAZOL,KETORAL
CELECOXIB,COXLEK
AMOXICILINA,AMOXICILINA 1G
CLORURO DE SODIO,SPRAYMAR  
HIOSCINA BUTILBROMURO + PARACETAMOL,ELUCIX COMPUESTO 
MULTICOMPOSICION,MEMOVITAL B12
VER AL DORSO,LISINOPRIL 20MG+AMLODIPINA 5MG (VER AL DORSO)
NITROFURAZONA,TERPROPIL
HIOSCINA BUTILBROMURO ,ELUCIX 
MEXAZOLAM,MEXDAM
VER AL DORSO,BATALLÓN GRIPAL 
VITAMINA D3(COLECALCIFEROL),TRIAMIN ®
PARACETAMOL POLVO FINO + CAFEINA,MEDICAL Z-MOL FORTE
NISTATINA,NISTATINA 
ACIDO ASCORBICO (VITAMINA C),VITAMINA C IQI
ATORVASTATINA + EZETIMIBA,COLMIBE ® 10 / 10
VER AL DORSO,DAY-GRIP DIA
VER AL DORSO,DAY-­GRIP DIA
VER AL DORSO,DAY-GRIP NOCHE
VER AL DORSO,DAY-GRIP NOCHE
LACTULOSA,LAXONOL 
PACLITAXEL,PACLIKEBIR ® 
PACLITAXEL,PACLIKEBIR ® 
PACLITAXEL,PACLIKEBIR ® 
PACLITAXEL,PACLIKEBIR ® 
FUROATO DE MOMETASONA,RHYNO-NASAL
CARVEDILOL,CARVEDILOL 6.25 MG
METFORMINA HCI + GLIBENCLAMIDA,UDOTIL PLUS
VALPROATO DE SODIO,VALPROLAM® 
VALPROATO DE SODIO,VALPRODEN® 
AMINOSIDINA,GASTROBIOTIC
DEXKETOPROFENO TROMETAMOL,NEO-DEXK
DEXAMETASONA,DEXAMETASONA TABLETA 4 MG 
VER AL DORSO,FUSIPEL PLUS
ENOXAPARINA SÓDICA USP,ENOXAPARINA SÓDICA
IBUPROFENO,IBUPROFEN 
IBUPROFEN,NEXAFENO FORTE 
MEBENDAZOL USP,MEBENDAZOL 
NIFEDIPINA,ANIPIBRIT-30  
CANDESARTAN CILEXETIL + AMLODIPINA BESILATO,TADYNEL AGLF  PLUS 16/5
CANDESARTAN CILEXETIL + AMLODIPINA BESILATO,TADYNEL AGLF  PLUS 32/5
PROGESTERONA (NATURAL MICRONIZADA),PROGESTERONA
PROGESTERONA (NATURAL MICRONIZADA),PROGESTERONA 200 MG
LEVONORGESTREL,ENAVYN
DICLOFENACO POTASICO,FLAMYDOL PREFILL 75 MG / 2 ML / 
METILPREDNISOLONA SUCCINATO SÓDICO,METILPREDNISOLONA SUCCINATO SÓDICO 1000 MG
SUGAMMADEX SÓDICO EQ. A SUGAMMADEX,SUGAMMADEX
FLUCONAZOL,MYCORAL
DEFERASIROX,GUMAB 500 MG
FAMOTIDINA,FAMOTIDINA 40 mg
VER AL DORSO,PHENETAPS® DM
VER AL DORSO,PHENETAPS® DM
OLANZAPINA,NEUROZYPRECOT
OLANZAPINA,NEUROZYPRECOT
AZITROMICINA,MACTROVIC 
VER AL DORSO,DOLOF-UET
SACUBITRILO VALSARTÁN SÓDICO,SACUBITRILO VALSARTÁN
HIDROCORTISONA ACETATO, CORNISONA
VER AL DORSO,DESGRIPAL DIA Y NOCHE
SILDENAFILO 100 MG,SILDENAFIL 100 MG
BRIVARACETAM,BRIVARACETAM
BRIVARACETAM,VIDAPRIDE
ISOTRETINOÍNA,ISOTRETINOÍNA
VER AL DORSO,EXOSA-PIO 500/15
VER AL DORSO,NOGLICEN PIO 500/15
IMIPRAMINA CLORHIDRATO,IMIPRAMINA 
ÁCIDO MEFENÁMICO,TOLFIMEC  
AZITROMICINA DIHIDRATO,ATIXIN
BENZOCAINA / 20%,TOPICAINA
CLINDAMICINA HCL,CLINDA D 600 MG 
METRONIDAZOL + NISTATINA,TEBIOX 
FEBUXOSTAT,STATURIC 120
BISOPROLOL FUMARATO + HIDROCLOROTIAZIDA,CILENOL H 5/6.25
CLOPIDOGREL BISULFATO,TROMBOGREL 75
ENALAPRIL MALEATO,ENALAPRIL MALEATO
ENALAPRIL MALEATO,ENALAPRIL MALEATO
"ACETAMINOFEN, CETIRIZINA HCL, FENILEFRINA HCL",BATALLON GRIPAL
IMATINIB MESILATO EQ. UN IMATINIB,IMATINIB 400 MG
ABIRATERONA ACETATO,ABIRATERONA ACETATO USP 250 MG
OLMESARTAN MEDOXOMILO,OLFAR ® 20
OLMESARTAN MEDOXOMILO,OLFAR ® 40
AMBRISENTAN,AMBRISENTAN 
LEVETIRACETAM,SINEPTICO 100
EVEROLIMUS,NAT-EVEROLIMUS 5
EVEROLIMUS,NAT-EVEROLIMUS 10
CARMUSTINA,CARMUSTINA
MELOXICAM + PRIDINOL MESILATO,MELOFLEX R
ACICLOVIR BP,ACICLOVIR 400 MG
BILASTINA,BILAXTEN
METFORMINA HCI + GLIBENCLAMIDA,UDOTIL PLUS
ACIDO FOLICO + CITRATO DE CALCIO + VITAMINA D3,INOKAL
VALPROATO DE SODIO,VALPROATO MAMEY® 
PROPINOXATO,AMPLIUM
DIOSMINA + HESPERIDINA + DOBESILATO DE CALCIO,VENOSAN PLUS
LORAZEPAM,NEOLZAM
LORAZEPAM,NEOLZAM
LORAZEPAM,NEOLZAM
VER AL DORSO,INLOSEP-TRES 32/12.5/5
ALBENDAZOL USP,ALBENDAZOL 
VER AL DORSO,MUK COMPUESTO
RUCAPARIB (COMO CAMSILATO),RUPOVAR 200 MG
TADALAFIL,TALCHEM 2.5
IRBESARTAN + HIDROCLOROTIAZIDA,IRBECHEM H 
FLUCONAZOL BP,FLUCONAZOL 
VER AL DORSO,FENDIPRES - 5 
PALBOCICLIB,PALBOCICLIB 125 MG
VER AL DORSO,EXOSA-CANA 850/50
VER AL DORSO,NOGLICEN CANA 850/50
VER AL DORSO,PRAMIPEXOL
BESILATO DE AMLODIPINO + VALSARTAN + HIDROCLOROTIAZIDA,EXFORGE HCT
LEVETIRACETAM,SINEPTICO 500
CLONAZEPAM,CROBIO 1
OLANZAPINA,OLANZAPINA 10 MG
OLANZAPINA,OLANZAPINA 5 MG
OLANZAPINA,OROLANZA
ALFAEPOETINA,ERITROMAX
ALFAEPOETINA,ERITROMAX
AMOXICILINA (COMO TRIHIDRATO),AMOXIDAL DUO 
ACETAMINOFÉN Y TIOCOLCHICÓSIDO,ACETAMINOFÉN Y TIOCOLCHICÓSIDO
MOXIFLOXACINA,MOXIFLOXACINA INFUSION 
HEPARINA SÓDICA,HEPARINA SÓDICA
RUCAPARIB (COMO CAMSILATO),RUPOVAR 300 MG
PREGABALINA,TRINAX PREGABAL
PREGABALINA,TRINAX PREGABAL
LORATADINA + DEXAMETASONA SODIO FOSFATO,LORATADINA 10 MG + DEXAMETASONA 2 MG
DICLOFENACO DIETILAMONIO,KATAFENAC 
VER AL DORSO,"MONONITRATO DE TIAMINA, (VER AL DORSO)"
ENALAPRIL MALEATO,ENALAPRIL MALEATO
CLORHIDRATO DE METOCLOPRAMIDA,CLORHIDRATO DE METOCLOPRAMIDA 
KETOCONAZOL,KETOCONAZOL
ACIDO ASCORBICO Y ASCORBADO DE SODIO,VITAMINA C 
SITAGLIPTINA + CLORHIDRATO METFORMINA,TIABET M 850
AMOXICILINA TRIHIDRATO,AMOXICILINA 
VER AL DORSO,VITAMINA COMPLEJO B 
PROPOFOL,CRYOPOFOL 
VILDAGLIPTINA,VILDAGLIPTINA 50 MG 
ACETAMINOFEN+CAFEÍNA,ACETAMINOFEN ULTRA FTX
VER AL DORSO,ANTIGRIPAL FTX
CIPROFLOXACINA (COMO CLORHIDRATO MONOHIDRATO),CIPROFLOXACINA 
ROSUVASTATINA (COMO ROSUVASTATINA CALCICA),ROSUVASTATINA 
ROSUVASTATINA (COMO ROSUVASTATINA CALCICA),ROSUVASTATINA 
ETAMSILATO,ETAMSILATO 
ENALAPRIL MALEATO + HIDROCLOROTIAZIDA,ENALAPRIL  + HIDROCLOROTIAZIDA 
VER AL DORSO,JALZERMET ® 50  / 850
VER AL DORSO,JALZERMET ® 50  / 1000
SACUBITRILO​VALSARTÁN (COMO SAL SÓDICA HEMIPENTAHIDRATO),SACUMIC 50 
SACUBITRILO​VALSARTÁN (COMO SAL SÓDICA HEMIPENTAHIDRATO),SACUMIC 100
SACUBITRILO-VALSARTÁN (COMO SAL SÓDICA HEMIPENTAHIDRATO),SACUMIC 200
COLISTINA,COLISTINA FABRA
CLOBETASOL PROPIONATO,BIOCORTONE 0.05%
MOMETASONA FUROATO,NOVACREM 0.1%
TERBINAFINA HCL,OVITREX 1% 
OMEPRAZOL SÓDICO,K-DELPRAZOL
RIOCIGUAT,RIOCIGUAT 1MG
RIOCIGUAT,PULLMOGUAT 1MG
RIOCIGUAT,RIOCIGUAT 2 MG
RIOCIGUAT,PULLMOGUAT 2MG
RIOCIGUAT,RIOCIGUAT 2.5MG
RIOCIGUAT,PULLMOGUAT 2.5 MG
METFORMINA HCL,MEDIABET XR 1000
METFORMINA HCL,METFORMINA XR 1000 MG IF 
ASPARTATO DE ARGININA,ARGIVAN FORTE 5 G
CELECOXIB,DOLOTIL® 400
RIVASTIGMINA TARTRATO EQUIVALENTE A RIVASTIGMINA,VASTIGMIN 3
CEFTRIAXONA SODICA,CEFTRIAXONA
CEFTRIAXONA,AXTAR
CEFTRIAXONA,AXTAR
CEFAZOLINA SÓDICA ESTERIL,COPEMZOLINA
CEFTRIAXONA SÓDICA EQ. UNA CEFTRIAXONA ANHIDRA.,CEFTRIAXONA
VER AL DORSO,ALFABIOTIC 1 G
VER AL DORSO,DUOVAG KC
CEFTRIAXONA SÓDICA,CEFTRIAXONA MAMEY®   
LIDOCAÍNA,ZK-INA (SABOR CEREZA)
AMITRIPTILINA CLORHIDRATO BP,AMITRIPTILINA
CEFTRIAXONA DISÓDICA,CEFTRIAXONA MALLEN
CEFTRIAXONA DISÓDICA,CEFTRIAXONA MALLEN
CLOTRIMAZOL,CLOTRIMAZOL 1%
GLUCONATO DE CLORHEXIDINA,CLOREXIN BUCAL 0.12% 
CLOTRIMAZOL,CLOTRIFAR
ACETATO DE METILPREDNISOLONA,REGIODROL 80
CLOTRIMAZOL,CLOTRIMAZOL CALOX 1% 
NITROGLICERINA DILUIDA USP EQUIVALENTE. A NITROGLICERINA,NITROGLICERINA
CLORHIDRATO DE PAROXETINA EQUIVALENTE A PAROXETINA,PAROXETINA
CLORHIDRATO DE PAROXETINA EQUIVALENTE A PAROXETINA,PAROXETINA
KETOCONAZOL USP,KETOCONAZOL 2%
POTASIO CLORURO INYECTABLE,POTASIO CLORURO INYECTABLE
L-ALANIL L-GLUTAMINA,L- ALANIL L- GLUTAMINA
ONDANSETRÓN,ONDANSETRÓN 
CLINDAMICINA + CLOTRIMAZOL,RAMIDEX-C
MULTICOMPOSICION,DEXAMETASONA +  NEUROTROPAS  ALFA
MULTICOMPOSICION,DOLO- NEUROTROPAS ALFA
CLORURO DE SODIO,CLORURO DE SODIO 
FEXOFENADINA CLORHIDRATO,GUTIS AFEXINA
PARACETAMOL,PARACETAMOL 
CITRATO DE CAFEÍNA,CITRATO DE CAFEÍNA 
CLORANFENICOL,CLORANFENICOL 0.5 %
CLORHIDRATO DE AMIODARONA,AMIODANEST
ACETILCISTEINA,ACETILCISTEINA
ACETILCISTEINA,SEMUCOFF
ACETILCISTEINA,BRONCOHEXA
ACETILCISTEINA,BRONCOHEXA
NITRATO DE ECONAZOL,MICOLIS 
ÁCIDO FÓLICO,ÁCIDO FÓLICO 
GABAPENTINA,GABAPENTINA
Sulfato de Zinc Monohidratado Equivalente a Zinc Elemental,ZINC 
TERIFLUNOMIDA,TERITENER 
ALBUMINA SERICA HUMANA,ALBUMINA SK
CLOTRIMAZOL,CLOTRIMAZOL
BRIVARACETAM,VIDAPRIDE
ATORVASTATINA + EZETIMIBA,COLMIBE® 20 /10
FOSFATO DE SITAGLIPTINA MONOHIDRATO,TIABET 100
PARACETAMOL + IBUPROFENO,TEMDOL DUO 
AMPICILINA SÓDICA + SULBACTAM,AMPIDELT 
CEFTRIAXONA SÓDICA,CEFTRIDELT
ENOXAPARINA SODICA,ENOXAPARINA SODICA 60
ENOXAPARINA SODICA,ENOXAPARINA SODICA 20 MG
DEXAMETASONA SODIO FOSFATO,DEXAMETASONA  SODIO FOSFATO 
ATORVASTATINA,ATORVASTATINA CÁLCICA 
VER AL DORSO,ENTEVAGIL
HIOSCINA BUTILBROMURO,HIOSCINA  BUTILBROMURO 
GRISEOFULVINA,GRISEOFULVINA 
PREDNISOLONA U S P,PREDNISOLONA 
CITRATO DE SILDENAFIL,TEMPTCURE 100
VER AL DORSO,ESOMEPRAZOL
FLUCONAZOL BP,FLUCONAZOL 
ACICLOVIR,ACICLOVIR
AGUA ESTERIL PARA INYENCCION,AGUA ESTERIL PARA INYENCCION  
AMLODIPINA BESILATO,AMLODIPINA
MULTICOMPOSICION,VISOMEGA
ENOXAPARINA SODICA,MEXAPRIN - 40
ENOXAPARINA SODICA,MEXAPRIN - 60
CLOPIDOGREL BISULFATO,CLOPIDOGREL 
PROPOFOL BP,PROPOFOL
ESCITALOPRAM,EXLABILE
ESCITALOPRAM,EXLABILE
CLOTRIMAZOL,CLOTRIMAZOL 
CLOTRIMAZOL,CLOTRIMAZOL 
ESOMEPRAZOL MAGNESIO TRIHIDRATO,REVOQ
VER AL DORSO,URO - ITIS
PALBOCICLIB,PALBOLIX 125 MG
CLOTRIMAZOL + BETAMETASONA,DONABEL
BROMFENIRAMINA MALEATO + FENILEFRINA CLORHIDRATO,PHENETAPS ®
DIOSMINA,DIOSMINA
VER AL DORSO,METILPREDNISOLONA-500
IBUPROFEN + ERGOTAMINA TARTRATO + CAFEINA,IBUDOL
GLUCONATO DE CALCIO,CALCIBIO
METILDOPA,METILDOPA
MULTICOMPOSICION,INDOLOFF B 
FUROSEMIDA,FUROSEMIDA 40 MG
PREDNISOLONA BP,PREDNISOLONA 5 MG
PREDNISOLONA BP,PREDNISOLONA 10 MG 
ALBENDAZOL + QUINFAMIDA,QUINFAZOL® PLUS
OXCARBAZEPINA,OXEPINA® 300
OXCARBAZEPINA,OXEPINA®  300
OXCARBAZEPINA,OXEPINA® 600
SILDENAFIL CITRATO,VIGOUR XBH
LORATADINA,LORATADINA 
"OSELTAMIVIR (EQUIV. A 98,530 MG DE OSELTAMIVIR FOSFATO)",FILTRAX 
"OSELTAMIVIR (EQUIV. A 98,530 MG DE OSELTAMIVIR FOSFATO)",FILTRAX
LANSOPRAZOL,LANSOPRAZOL 
NIFEDIPINA,NIFEDIPINA
ESOMEPRAZOL MAGNESIO TRIHIDRATO,REVOQ
NIFEDIPINO,NIMOXEN 60 LP
NIFEDIPINO,NIMOXEN LP 60
TINIDAZOL/ FLUCONAZOL,ARDILAN®
CETIRIZINA DICLORHIDRATO,ALERGINA
FLURBIPROFENO,FARIDOL
INSULINA GLARGINA DE ORIGEN ADN-R,INSULINA GLARGINA
ENOXAPARINA SODICA,ENOXAPARINA SODICA 40
"VITAMINA D3 EQUIVALENTE A 50,0000 UI DE VITAMINA D3 50,0000 UI","DEROVIT 50,0000 UI"
FLUTICASONA + VILANTEROL,RELVAR ELLIPTA 100 MCG25MCG
FLUTICASONA + VILANTEROL,RELVAR ELLIPTA 200MCG25MCG
ELTROMBOPAG OLAMINA,ELTROMBOPAG 25 MG 
ELTROMBOPAG OLAMINA,ELTROMBOPAG 50 MG
LEVOCETIRIZINA DICLORHIDRATO,LEZAT
QUETIAPINA FUMARATO,QUETICURE-200
LEVOTIROXINA SÓDICA,PROLEVO 50MCG
LEVOTIROXINA SÓDICA,PROLEVO 150MCG
LEVOTIROXINA SÓDICA,PROLEVO 175MCG
RIOCIGUAT,RIOCIGUAT 1.5MG
RIOCIGUAT,PULLMOGUAT 1.5 MG
BUPROPIÓN CLORHIDRATO, BUPROPIÓN CLORHIDRATO  
BUPROPIÓN CLORHIDRATO, BUPROPIÓN CLORHIDRATO  
VER AL DORSO,ANTIGRIP
VER AL DORSO,ANTIGRIP-F
METFORMINA HCL,DAVIRAX-850
METFORMINA HCL,DAVIRAX-850
VER AL DORSO,LOPERAMIDA CLORHIDRATO
PANCREATINA & SIMETICONA,POYETINA
METFORMINA CLORHIDRATO,METFORMINA 
GENTAMICINA,GENTAMICINA   MAMEY®  
NITROGLICERINA DILUIDA USP EQV. A LA NITROGLICERINA,NITROGLICERINA
PERMETRINA BP,PERMETRINA
ESCITALOPRAM OXALATO,ZEPAX 10
ESCITALOPRAM OXALATO,ZEPAX 20
NIFEDIPINO,NIMOXEN 30 LP
NIFEDIPINO,NIMOXEN LP 30
DACARBAZINA USP,DACARBAZINA
IBUPROFENO,IBUPROFENO 
SULFAMETOXAZOL + TRIMETOPRIM,SULFAMETOXAZOL + TRIMETOPRIM 
DIFENIDOL,DIFENIDOL 100 MG
LEVOTIROXINA SODICA,LEVOTIROXINA SODICA 50 MCG MK TABLETA
LEVOTIROXINA SODICA,LEVOTIROXINA SODICA 100 MCG MK TABLETA
DULOXETINA,LIVERTOX 30
ACETAMINOFEN / CAFEINA,MIGRAGESIC 
PROPINOX HCL,PLIONAX 10
PROPINOX HCL,COLIXAL 10
ETORICOXIB,ETORIDOL® 90 
NIFEDIPINA,HEBACARD SR 30
NIFEDIPINA,HEBACARD SR 60
ABIRATERONA,NAT-ABIRATERONA
CLOTRIMAZOL + GENTAMICINA + BETAMETASONA,MULTIDERM 3
NITROGLICERINA DILUIDA USP EQ. A NITROGLICERINA,NITROGLICERINA
VER AL DORSO,DICLOFENAC DIETILAMINA (VER AL DORSO)
VER AL DORSO,COLDIC-PLUS
CEFTRIAXONA SÓDICA,CEFTRINOVUM
CEFTRIAXONA,CEFTRIABIOTIC® 1000/IV
CEFTRIAXONA,CEFTRIABIOTIC® 1000/IV
CEFTRIAXONA / CLORHIDRATO DE LIDOCAÍNA,CEFTRIABIOTIC® 1000/IM
CEFTRIAXONA / CLORHIDRATO DE LIDOCAÍNA,CEFTRIABIOTIC® 1000/IM 
LIDOCAÍNA HCL,LIDOCAINA
MEROPENEM ESTERIL USP EQUIV A MEROPENEM ANHIDROUS,MEROPENEM 
PRAMIPEXOL DICLORHIDRATO MONOHIDRATO,PRENIX 0.25MG 
SITAGLIPTINA + METFORMINA,SITAGLIPTINA + METFORMINA IL ( INTRALAB)
MEROPENEM,MEROPENEM USP  1000 MG 
ESTRADIOL VALERATO + DIENOGEST,BELEZA  GUTIS 
ESTRADIOL VALERATO + DIENOGEST,BELEZA GUTIS
MULTICOMPOSICIÒN,AMINOVEN 15 % 
SUCRALFATO,DUOGANT 1G / 5ML SUSPENSIÓN ORAL 
LEVONORGESTREL,POSTPIL
SULFATO DE GENTAMICINA,GENTAMICINA 80 MG / 2 ML
SULFATO DE AMIKACINAS,AMIKACINA SOLUCIÓN INYECTABLE
DICLOFENACO DIETILAMINA BP EQV. A DICLOFENACO SÓDICO,DICLOFENACO GEL  BP
VER AL DORSO,CLOTRIMAZOL + BECLOMETASONA (VER AL DORSO)
VER AL DORSO,PRIMADERM 
VER AL DORSO,NOR-CREZINC
MULTICOMPOSICIÓN,AMINOÁCIDOS 8 %
CAPTOPRIL,CAPTOPRIL
BRIMONIDINA TARTRATO + TIMOLOL MALEATO,DOROPHTIN-T
CLORHIDRATO DE DULOXETINA,CLORHIDRATO DE DULOXETINA 
CLORHIDRATO DE DULOXETINA,EUROFARMA NODEP ® 30 MG
PREGABALINA + MECOBALAMINA,PREFAXINA PLUS 
DIOSMINA+HESPERIDINA,DIODINA
CEFEPIME CLORHIDRATO,CIPIME
VER AL DORSO,CALCIO 1000 MG + VITAMINA D3 1000 (VER AL DORSO)
VER AL DORSO,CALCIO 1000 MG + VITAMINA D3 1000 U.I. +(VER AL DORSO)
CITRATO DE CALCIO + VITAMINA D3 (COLECALCIFEROL),CALCIDEN
PARACETAMOL,PARACETAMOL -RONAK
PREGABALINA,FARIBALINA 75
PREGABALINA,FARIBALINA 150
PREGABALINA,FARIBALINA 300
CLORHIDRATO DE FEXOFENADINA,CLORHIDRATO DE FEXOFENADINA 180 MG
CLORHIDRATO DE FEXOFENADINA,ALTIVA 180 MG
VER AL DORSO, GRANISETRÓN CLORHIDRATO 
HIDROXIETIL ALMIDÓN 6%,HIDROXIETIL ALMIDÓN 6% 
CITRATO DE CAFEÍNA EQV. CAFEÍNA USP,CITRATO DE CAFEINA
LEVETIRACETAM,SINEPTICO 1000
CLORHIDRATO DE METFORMINA USP,METFORMINA CLORHIDRATO
BISOPROLOL FUMARATO,BISOVITAE
NOREPINEFRINA BITARTRATO,NOREPINEFRINA BITARTRATO 
ÁCIDO TRANEXÁMICO,ÁCIDO TRANEXÁMICO 
ETAMSILATO,ETAMSILATO 250 MG / 2ML
AMOXICILINA,AMOXICILINA 250 MG / 5ML
AMOXICILINA Y CLAVULANATO DE POTASIO,HINCLAMOX-H 
AMLODIPINA BESILATO,AMLODIPINA10 MG 
LEVONORGESTREL,BACK-UP PLAN
APIXABAN,BAGAXAN
PARACETAMOL,ACEMOL
VANCOMICINA CLORHIDRATO EQUIVALENTEA VANCOMICINA,VANCOMICINA CLORHIDRATO 
SILODOSINA,PROSTAFLUX
SILODOSINA,PROSTAFLUX
MANITOL,MANITOL 
VER AL DORSO,GLADUO
KETOCONAZOL,KETOCONAZOL 400 MG
CLARITROMICINA,CLARITROMICINA
DIPIRONA,INDUFAR Z-CAL 1000 
VER AL DORSO,LACTATO DE SODIO COMPUESTO
METFORMINA HCL + GLIMEPIRIDA,DAVIRAX-G
METFORMINA HCL + GLIMEPIRIDA,DAVIRAX­-G
ACETAMINOFEN / DICLOFENACO POTASICO / CLORZOXAZONA,INFLATRIO RELAX 
METFORMINA HCL + GLIBENCLAMIDA,DAVIRAX-M
METFORMINA HCL + GLIBENCLAMIDA,DAVIRAX-M
PICOSULFATO DE SODIO,PICOLAX® 
BISOPROLOL FUMARATO + AMLODIPINA BESILATO,BETAUNO-A 10/5
SORAFENIB TOSILATO,SORAFENIB TOSILATO 200 MG
ORLISTAT,VISRRAT
VER AL DORSO,ALFABIOTIC® 500 MG
NIFEDIPINA,ANIPIBRIT-60
DICLOFENAC DIETILAMINA + SALICILATO DE METILO + MENTOL,TENDORIL
CLORHIDRATO DE CLONIDINA,CLONITAR 
CLORHIDRATO DE CLONIDINA,CLONITAR 
CANDESARTAN / AMLODIPINA BESILATO / HIDROCLOROTIAZIDA,TRIOBRAS A H 16/5 / 12.5
VER AL DORSO,RYSELL ICE BLUE FORTE 
ATORVASTATINA CALCICA,ATLIPOS 10
LORATADINA + BETAMETASONA,LORATADINA  + BETAMETASONA 5 MG/ 0.25 MG 
TUROCTOCOG ALFA PEGOL,ESPEROCT 1000 UI
BROMFENIRAMINA MALEATO + FENILEFRINA CLORHIDRATO,PHENETAPS ®
DIVALPROATO SODICO,TORNADO - 500
AMBROXOL HCI + LORATADINA MICRONIZADA,FARMUCOX-DUO
VER AL DORSO,DICLOBAY
DICLOFENACO ACIDO,KATAFENAC 
TADALAFIL,POTEN - FIL
MIDAZOLAM BP,MIDAZOLAM
MIDAZOLAM,MIDAZOLAM
PICOSULFATO DE SODIO,LAXAPLEX/RAPID
PARACETAMOL,PARACETAMOL  
VITAMINA E (COMO ACETATO DE DL-ALFA TOCOFERILO),MASON NATURAL E 1000 IU (450 MG)
CARVEDILOL,CATABEX 12.5
CARVEDILOL,CATABEX 25
SACUBITRILOVALSARTÁN (COMO SAL SÓDICA HEMIPENTAHIDRATO),ANGIPRES 100
AMLODIPINA,AMLODIPINA 10 MG 
AMLODIPINA,TONODIPIN 10 MG
AMLODIPINA,AMLODIPINA 5 MG
AMLODIPINA,TONODIPIN 5 MG
SILDENAFIL CITRATO,SILDENAFIL LIQUIDO 
TUROCTOCOG ALFA PEGOL,ESPEROCT 500 UI 
ACETAMINOFEN,CIO - 750
CANDESARTÁN CILEXETILO + HIDROCLOROTIAZIDA,BRACANDER H 32/12.5
CANDESARTÁN CILEXETILO + AMLODIPINA BESILATO,BRACANDER A 32/10
DIFENHIDRAMINA CLORHIDRATO,DIFENHIDRAMINA CLORHIDRATO
ROSUVASTATINA CALCICA,BARRE - ROSS 40
ACIDO NALIDIXICO,ACIDO   NALIDIXICO 
BROMHEXINA CLORHIDRATO BP,BROMHEXINA  CLORHIDRATO  
ÁCIDO ASCÓRBICO (VITAMINA C) + SULFATO DE ZINC,DAILYVIT
ACIDO ASCORBICO (VITAMINA C) + SULFATO DE ZINC,SUIPHAR VIT
DOMPERIDONA,GASTROFLUX ®
GEMCITABINA CLORHIDRATO,GEMCITABINA
GEMCITABINA CLORHIDRATO,PROGEBIN
ACETAMINOFEN,ALGHO GOTAS
METFORMINA+VILDAGLIPTINA,METFORMINA-V
VER AL DORSO,PRODUO
CITICOLINA SÓDICA EQUIVALENTE A CITICOLINA,CITICOLINA 
FUMARATO DE BISOPROLOL.,BISOPROLOL 
ESCITALOPRAM OXALATO,ESCITALOPRAM  - 20
SACUBITRILO-VALSARTÁN (COMO SAL SÓDICA HEMIPENTAHIDRATO),ANGIPRES 50 
ROSUVASTATINA CALCICA,GUVASTINA  
ROSUVASTATINA CALCICA,GUVASTINA
CIPROFIBRATO,CIPROFIBRATO 
MONTELUKAST (COMO SAL SODICA),MONTELUKAST 
METRONIDAZOL / CLORURO DE SODIO,METRONIDAZOL  
CLORURO DE SODIO,CLORURO DE SODIO 0.9 % 
LEVOTIROXINA SÓDICA,PROLEVO 88 MCG
IRBESARTÁN + AMLODIPINA BESILATO,IRBESCARD-A 300/5
IRBESARTÁN + AMLODIPINA BESILATO,IRBESCARD-A 300/10
VER AL DORSO,ABRYSVO VACUNA FRENTE AL VIRUS (VER AL DORSO)
RAMIPRIL,RAMIPRIL
LAMOTRIGINA, LAMOTRIGINA
CITRATO DE CAFEÍNA,CAFNEA 
VER AL DORSO,METFORMINA
CLORHIDRATO DE DOBUTAMINA USP EQUIVALENTE A DOBUTAMINA,DOBUTAMINA
ADAPALENO,ADAPALENO 0.1%
ACETAMINOFEN,ADOREM 500 MG
PANTOPRAZOL SÓDICO SESQUIHIDRATADO,PANTOPRAZOL -POLIFARMA
PANTOPRAZOL SODICO SESQUIHIDRATADO,ZYGOSIS
VER AL DORSO,"MAXIGRIP 125MG, 2.5MG, 1 MG/5 ML"
VER AL DORSO,MULTIVITAMÍNICO  JARABE 
ESZOPICLONA,EUROFARMA ESZOPICLONA 2MG 
ESZOPICLONA,BONSONO 2 MG
ESZOPICLONA,BONSONO 2 MG
TRAMADOL CLORHIDRATO,TRAMALGESIC
REMIFENTANILO COMO CLORHIDRATO,REMIFENTANILO RICHET
LEVOCETIRIZINA DICLORHIDRATO - BETAMETASONA,SUPRALER CORT
TAMSULOSINA CLORHIDRATO / SOLIFENACINA SUCCINATO,SOLIFEN HPB
TAMSULOSINA CLORHIDRATO / SOLIFENACINA SUCCINATO,SOLIFEN HPB
AVANAFILO,SPEDRA 100 MG 
AVANAFILO,SPEDRA 200 MG
VER AL DORSO,REGLUZOR M 5 / 1000   
VER AL DORSO,REGLUZOR M 5 / 1000   
VER AL DORSO,REGLUZOR M 10/1000  
VER AL DORSO,REGLUZOR M 10/1000  
BETAMETASONA & ÁCIDO SALICÍLICO,BETAMETASONA & ÁCIDO SALICÍLICO 
ACETATO DE HIDROCORTISONA,HIDROCORTISONA 
ROSUVASTATINA,LIMACOL 20
ROSUVASTATINA + EZETIMIBE,LIMACOL-PLUS 20/10
ROSUVASTATINA,LIMACOL 40
QUETIAPINA,QUETIAPINA 25 MG
QUETIAPINA,QUETIAPINA 100 MG
CAPECITABINA,CAPECITABINA  
LIDOCAINA CLORHIDRATO + EPINEFRINA TARTRATO ACIDO,LIDOCAINA Y EPINEFRINA 
"PARACETAMOL , CAFEINA ANHIDRA",PARACETAMOL Y CAFEINA
VALSARTAN + HIDROCLOROTIAZIDA,GUSALTAN H 320/12.5
VALSARTAN + HIDROCLOROTIAZIDA,GUSALTAN H 320/12.5
AMLODIPINA BESILATO,AMLODIPINA
CLOPIDOGREL BISULFATO USP,CLOPIDOGREL   
LEVOTIROXINA SODICA,VOTIROX-75
LEVOTIROXINA SODICA,VOTIROX-88
VER AL DORSO,BUPIVACAÍNA Y EPINEFRINA 
LEVOTIROXINA SODICA,SYNOX-112
VER AL DORSO,CIPROFLOXACINA 
LATANOPROST,XENDA
VER AL DORSO,CIRCUVEN 1000/ (VER AL DORSO)
FLUMAZENIL,FLUMAZENIL -POLIFARMA
FLUMAZENIL,ANESED-R
LEVONORGESTREL,PLUS ONE-D
AZITROMICINA,MACTROVIC 
ROSUVASTATINA,ROSUVASTATINA 20 MG 
SACUBITRILO VALSARTÁN SÓDICO,SACUBITRILO VALSARTÁN
SACUBITRILO VALSARTÁN SÓDICO,SACUBITRILO VALSARTÁN
VER AL DORSO,LEVOTIROXINA 50 AG PHARMA
VER AL DORSO,KOCITAF
MULTICOMPOSICION,DEXTROSA 5% EN SOLUCIÓN DE LACTATO RINGER
TADALAFIL,TADALAFIL 20 MG
DICLOFENACO POTASICO,KATAFENAC
KETAMINA CLORHIDRATO USP EQUIVALENTE A KETAMINA,KETAMINA 
VER AL DORSO,KETAMINA
GENTAMICINA SULFATO DE GENTAMICINA,GENTAMICINA 
TALQUETAMAB,TALVEY 2MG/ML SOLUCIÓN INYECTABLE
EPCORITAMAB,EPKINLY 4MG/0.8 ML
SOLIFENACINA SUCCINATO,URIMA
SOLIFENACINA SUCCINATO,URIMA
ATEZOLIZUMAB,TECENTRIQ
HIDROXICLOROQUINA SULFATO,DIMARD 400
GLIMEPIRIDA,GLIMEPIRIDA 4 MG
ANIDULAFUNGINA,ANIDULAFUNGINA
CARVEDILOL,CARVEDCURE 3.125
HEMITARTARATO DE ZOLPIDEM,ZOLNOX 5 mg
HEMITARTRATO DE ZOLPIDEM,ZOLNOX 10 mg
EMTRICITABINA + TENOFOVIR ALAFENAMIDA,VYVALTO RICHMOND 
SUNITINIB,SUNITINIB
BISOPROLOL FUMARATO + AMLODIPINA BESILATO,BISOCURE A 10-5
INSULINA ASPARTA,NOVOMIX 30 FLEXPEN
EMPAGLIFLOZINA + LINAGLIPTINA,EMPAGLIZ L 
EMPAGLIFLOZINA + LINAGLIPTINA,EMPAGLIZ L 
SUCRALFATO,SUCRALFAST 
FLUTICASONA PROPIONATO Y SALMETEROL XINAFOATO,FLUTICASONA Y SALMETEROL 
VER AL DORSO,ASMACORT
VER AL DORSO,SELMOS RETARD
ATENOLOL,ATENOLOL
FLUTICASONA FUROATO,PULMOTORIA
DOXICICLINA,ORACEA 
TINIDAZOL BP,TINIDAZOL 
FLUCONAZOL BP,FLUCONAZOL 
CELECOXIB,DOLECO® 200
METFORMINA CLORHIDRATO + GLIMEPIRIDA,EXOSA - G 850/4
METFORMINA CLORHIDRATO + GLIMEPIRIDA,NOGLICEN GLIME 850/4
DIFENHIDRAMINA CLORHIDRATO,DIFENHIDRAMINA CLORHIDRATO
NEOMICINA SULFATO + CLOSTEBOL ACETATO,PLASKINE
N/A,AGUA ESTÉRIL PARA INYECCIÓN BP
DESOGESTREL,DESTREL 
NITAZOXANIDA,MIXEL
MULTICOMPOSICION,ALGHO GT
MINOXIDIL,COMBINATER
MINOXIDIL,COMBINATÉR
BISOPROLOL FUMARATO - HIDROCLOROTIAZIDA,CORANPROL® H 5/6.25
VER AL DORSO,VOLTEXAN®-AX
VER AL DORSO,AMOXICILINA 500 MG + DICLOFENAC POTÀSICO 50 MG ALFA
SALBUTAMOL (COMO SULFATO),SALBUTAMOL
VER AL DORSO,ESLOCARD AH 32/25/10
CEFALEXINA,CEFALEXINA MK 500 MG CAPSULAS DURAS
ALBENDAZOL,OXARMIN 
ALBENDAZOL,OXARMIN 
METFORMINA CLORHIDRATO & GLICLAZIDA,ASMET-GZ
PEROXIDO DE HIDROGENO 50%,AGUA OXIGENADA ROLDAN 
IBESARTAN BP,IRBESARTAN 300 MG
VER AL DORSO,SILDE-JELLY
CLOTRIMAZOL BP,CLOTRIMAZOL 
CIPROFLOXACINA,CIPROFLOXACINA
PARACETAMOL BP,GRACEPHEN 
PARACETAMOL,GRACEPHEN-240
ESOMEPRAZOL MAGNESIO TRIHIDRATADO BP,GRASOZOLE 40
IVERMECTINA USP,IVERMECTINA 
MULTICOMPOSICION,KARY - VIT FE
VER AL DORSO,NOGLIGEN - G 1000/5
APIXABAN,FIBRILAR-AC 2.5
APIXABAN,FIBRILAR-AC 5
VER AL DORSO,COLINA RNT-1000
MULTICOMPOSICION,KARY-VIT FLUOR
FLUCONAZOL,FLUCONAZOL
ATORVASTATINA CALCICA,ATORVASTATINA
VER AL DORSO,NOGLIGEN-G 500/5
VER AL DORSO,CLORHIDRATO DE TAMSULOSINA
LEVOTIROXINA SODICA,VOTIROX-112
KETOROLACO TROMETAMINA,KETOROLACO TROMETAMINA
PROTAMINA SULFATO USP,PROTAMINA
CLORHIDRATO DE XILOMETAZOLINA USP,XILOMETAZOLINA 
POLIETILENGLICOL 400 BP Y PROPILENGLICOL BP,POLIETILENGLICOL 400 Y PROPILENGLICOL
CLORHIDRATO DE ROPIVACAÍNA USP,ROPIVACAÍNA  DE ROPIVACAINA 
VER AL DORSO,LISIN FERRUM
LEVOTIROXINA SODICA,VOTIROX-125
PROPOFOL,PROPOFOL ABC
ESZOPICLONA,EUROFARMA ESZOPICLONA 3MG
ESZOPICLONA,BONSONO
ESZOPICLONA,BONSONO® 3 mg
OMEPRAZOL SÓDICO - EQUIVALENTE A OMEPRAZOL BASE),OMEZZOL
IRBESARTÁN,PANAPRES 300 
IRBESARTÁN,PANAPRES 150
TAMSULOSINA CLORHIDRATO USP,TAMSULOSINA CLORHIDRATO 
BREXPIPRAZOL,"CAUQUENOR 0,5 "
BREXPIPRAZOL,CAUQUENOR 2
BREXPIPRAZOL,"ZOPEC 0,5 "
HIDROXICLOROQUINA SULFATO,DIMARD 200
PARICALCITOL,PARICALCITOL
NAFAZOLINA CLORHIDRATO USP,NAFAZOLINA CLORHIDRATO
ORLISTAT,ORLISTAT 
CIANOCOBALAMINA,CIANOCOBALAMINA
VER AL DORSO,B-LISIN
ESOMEPRAZOL + BICARBONATO DE SODIO,NEXX-FLASH
ESOMEPRAZOL + BICARBONATO DE SODIO,NEXX-FLASH
TADALAFIL,TADAFEL
ACETATO DE ABIRATERONA,AIZERONE
CISPLATINO,CISPA-50
VER AL DORSO,DEXANOVA
VER AL DORSO,CALAMINA D  SAMED
VER AL DORSO,LUGOFLAN
VER AL DORSO,LUGOFLAN-500
BACILLUS CLAUSII,POLYGERMINA 
CANDESARTÁN CILEXETILO + HIDROCLOROTIAZIDA,CANDEBRIT HCT
SIMVASTATINA + EZETIMIBE,EZEBRIT-DUO 10/10
SIMVASTATINA + EZETIMIBE,EZEBRIT-DUO 20/10
SIMVASTATINA + EZETIMIBE,EZEBRIT-DUO 40/10
DICLOFENAC POTÁSICO +TIOCOLCHICOSIDO,DICLOPLEX DÚO FLEX-75/4
ATORVASTATINA CALCICA,ATLIPOS 40
ATORVASTATINA CALCICA,ATLIPOS 80
METILPREDNISOLONA SUCCINATO DE SODIO,METILPREDNISOLONA SUCCINATO DE SODIO 
VER AL DORSO,DICLOFEINA
LEVOTIROXINA SODICA,VOTIROX-100
LINEZOLID,LINEZOLID
VER AL DORSO,TRINAX GEL
IBUPROFENO + CAFEÍNA + ACETAMINOFÉN.,PROCAPS DOLOFEN ULTRA
ISOTRETINOÍNA,ISOTRETINOÍNA
LINAGLIPTINA,LINAGLIPTINA CALOX
LINAGLIPTINA,LINAGLIPTINA CALOX
DICLOFENAC SODICO USP + PARACETAMOL,DICLOFENAC SODICO  USP +  PARACETAMOL 
AMLODIPINA,AMLODIPINA SAMED 
INMUNOGLOBULINA HUMANA PH4,IVGLOBE
FUMARATO DE BISOPROLOL,BISOPROLOL FUMARATO  
SEVOFLURANO,SOLVEX®
TADALAFIL,TADALAFIL
AMLODIPINO,AMLODIPINO 5 MG MK 
AMLODIPINO,AMLODIPINO 5 MG MK
AMOXICILINA Y CLAVULANATO DE POTASIO,HINCLAMOX-­H
PANTOPRAZOL SÓDICO / CLORURO DE SODIO,PANTOPRAZOL  + CLORURO DE SODIO 
AMOXICILINA TRIHIDRATO BP EQUIVALENTE A AMOXICILINA,AMOXICILINA 
AMPICILINA TRIHIDRATO BP EQUIVALENTE A AMPICILINA,AMPICILINA 
TESTOSTERONA,VECTIS
ACETATO DE MEDROXIPROGESTERONA,ACETATO DE MEDROXIPROGESTERONA 
FEBUXOSTAT,GOTURIC® 120 MG
AZITROMICINA 500 MG,HEMACROLIDO 
ESCITALOPRAM OXALATO,ESCITALOPRAM  - 10
UMECLIDINIO,INCRUSE ELLIPTA
CANDESARTÁN CILEXETILO + HIDROCLOROTIAZIDA,CANDERCURE H 32-25
CANDESARTÁN CILEXETILO + HIDROCLOROTIAZIDA,CANDERCURE H 32-25
RUPATADINA FUMARATO,RINADINA
TERIFLUNOMIDA,LUPEX®
PARACETAMOL,PARACETAMOL 
CLONIDINA HCL,DINACURE 0.200
TADALAFIL,LA POTENCIA MF 
TADALAFIL,TADALAFIL SAMED 
ACETAMINOFEN / DICLOFENACO POTÁSICO / CLORZOXAZONA,NIXMOD RELAX
ACIDO BEMPEDOICO - EZETIMIBE,MEDRIX DUO
VER AL DORSO,ROXETIL® 
METOTREXATO,METOJECT
METOTREXATO,METOJECT
TRIMEBUTINA MALEATO / SIMETICONA,EUTRANSIL S
CIPROFLOXACINA CLORHIDRATO,CIPROFLOXACINA 
CLOTRIMAZOL + CLINDAMICINA FOSFATO,CINABEL PLUS
ABIRATERONA ACETATO,ABIRATERONA (ACETATO)
OMEPRAZOL SODICO,OMEPRAZOL SODICO
OMEPRAZOL SODICO,OMEPRAZOL SODICO
DICLORHIDRATO DE BETAHISTINA,BETAHISTINA DICLORHIDRATO 16 MG
LACTULOSA,OSMOLAX
DICLORHIDRATO DE BETAHISTINA,VERTIPRO
CABERGOLINA,CABERGOLINA MK 0.5 MG 
AZITROMICINA,AZITROMICINA MK 200 MG / 5 ML
CLORHIDRATO DE FINGOLIMOD,GENBIEMOD
FINGOLIMOD CLORHIDRATO,GENBIEMOD 
CICLOPIROX,CICLOPIROX
CICLOPIROX,CICLOPIROX
GLIBENCLAMIDA,GLIBENCLAMIDA
DOLUTEGRAVIR SÓDICO,DOLUTEGRAVIR 50 MG 
DOLUTEGRAVIR SÓDICO/ ABACAVIR SULFATO/ LAMIVUDINA,DOLUTEGRAVIR 50 MG/ (VER AL DORSO)
ACETATO DE CASPOFUNGINA,CASPOFUNGINA
METRONIDAZOL,METRONIDAZOL
GLIBENCLAMIDA,GLIBENCLAMIDA
ACEBROFILINA,VENTILAIR
PENTOSANO POLISULFATO SODICO,TROMBOFREE
TEMOZOLOMIDA,TEMOTERO 20 MG
TEMOZOLOMIDA,TEMOTERO 100 MG
CANDESARTAN CILEXETIL + HIDROCLOROTIAZIDA,DECORA-H
CANDESARTAN CILEXETIL + AMLODIPINA BESILATO,DECORA - PLUS
ALBENDAZOL + QUINFAMIDA,ALBEQUIN CYMACLA PLUS
ALBENDAZOL + QUINFAMIDA,ALBEQUIN CYMACLA PLUS
"COENZIMA-Q, SILIMARINA, VITAMINAS COMPLEJO B",HEPALIVE FORTE 
COLÁGENO HIDROLIZADO Y VITAMINA C,COLAGEINA NATURE 'S GARDEN 
VER AL DORSO,MAGNESIO LIVE 
LEVOTIROXINA SODICA,VOTIROX-50
CITICOLINA SODIO,CITICOLINA
VER AL DORSO,RYSELL ICE BLUE MENTHOL
MALEATO DE FENIRAMINA / CLORHIDRATO DE NAFAZOLINA,NAPHCON A® 
DIMENHIDRINATO,DIMENHIDRINATO
CLORHIDRATO DE FLUOXETINA EQ. DE FLUOXETINA BASE.,FLUXENE 10 MG
CLORHIDRATO DE FLUOXETINA EQ. DE FLUOXETINA BASE.,FLUXENE
CLORHIDRATO DE FLUOXETINA EQ. DE FLUOXETINA BASE,CLORHIDRATO DE FLUOXETINA 10 MG
CLORHIDRATO DE FLUOXETINA Eq. DE FLUOXETINA BASE.,FLUXENE 20 MG
CLORHIDRATO DE FLUOXETINA EQ. DE FLUOXETINA BASE,FLUXENE
CLORHIDRATO DE FLUOXETINA EQ. DE FLUOXETINA BASE,CLORHIDRATO DE FLUOXETINA 20 MG
METOTREXATO,METOJECT
METOTREXATO,METOJECT
RIFAXIMINA,RIFAXIMINA 550 MG
RIFAXIMINA,RIFAGRAM
OMEPRAZOL SODICO,MAREPRAZOL
BICALUTAMIDA,BINUSYL® 150
VER AL DORSO,METRONIDAZOL PLUS CLASC SAMED
PEGASPARGASA,PEGASPARGASA
LENALIDOMIDA,LENALIDOMIDA
GABAPENTINA,GABAMATO
PALBOCICLIB,PALBOCICLIB 
BISULFATO DE CLOPIDOGREL,CLOPIDOGREL
ESOMEPRAZOL + BICARBONATO DE SODIO,ESOPRAZOL-FLASH
ESOMEPRAZOL + BICARBONATO DE SODIO,ESOPRAZOL-FLASH
PARACETAMOL,DILENOX 
LEVOFLOXACINA HEMIHIDRATO,LIVOFROX-R
PACLITAXEL PARTICULA UNIDA A PROTEINA,NAB- PACLITAXEL 
ACETILCISTEINA + VITAMINA C,MAZENIL C
ACETILCISTEÍNA + VITAMINA C (ACIDO ASCORBICO),MAZENIL C
AMLODIPINA + VASARTAN + HIDROCLOROTIAZIDA,DILOBEN D 10-320-25
CETIRIZINA + PSEUDOEFEDRINA,ALCET-D
LEVETIRACETAM,OCANZA 1000
LEVETIRACETAM,OCANZA 1000
VER AL DORSO,PROMAXIL 200
VER AL DORSO,PROMAXIL 200
SILDENAFIL,DUROVITAL
SILDENAFIL,DUROVITAL
AMLODIPINA BESILATO,ELIDIPINA-5
AMLODIPINA BESILATO,ELIDIPINA-5
AMLODIPINA BESILATO,ELIDIPINA-10
AMLODIPINA BESILATO,ELIDIPINA-10
IVERMECTINA,IVERMECTINA
IVERMECTINA,IVERMECTINA
VER AL DORSO,LEVOFLOXACINA 
PREGABALINA,PREGACURE-150
CANDESARTÁN CILEXETILO + HIDROCLOROTIAZIDA,BRACANDER H 32/25
CANDESARTÁN CILEXETILO + HIDROCLOROTIAZIDA,CANDESARTÁN CILEXETILO 32 MG (VER AL DORSO)
CLONIDINA HCL,ACLONIL 0.100 
CLONIDINA HCL,CLONIDINA HCL 0.100 MG 
AMBROXOL CLORHIDRATO,MUK SIMPLE
HIDROCORTISONA,HIDROCORT 1%
ATENOLOL,ATENOLOL 
CAPTOPRIL,CAPTOPRIL-50 
MENTOL CRISTAL + SALICILATO DE METILO + ALCANFOR,RYSELL ICE BLUE FORTE 
BESILATO DE AMLODIPINA,AMLODIPINA  
BISOPROLOL FUMARATO,BISOPROLOL FUMARATO  
BISOPROLOL FUMARATO, BISOPROLOL  FUMARATO
BESILATO DE AMLODIPINA,AMLODIPINA
METFORMINA+VILDAGLIPTINA,METFORMINA-V
FUROSEMIDA BP,FUROSEMIDA
PARACETAMOL,PARACETAMOL
FOSFATO DE SITAGLIPTINA MONOHIDRATO + METFORMINA CLORHIDRATO,SITAGLIPTINA USP 100 + MG METFORMINA USP 1000 MG 
WARFARINA SÓDICA,WARFARINA SÓDICA 
BETAMETASONA DIPROPIONATO Y CLOTRIMAZOL USP,   CLOTRIMAZOL Y  BETAMETASONA DIPROPIONATO   
SULFAMETOXAZOL / TRIMETOPRIMA,ASRIME-PLUS
DOXICICLINA (COMO MONOHIDRATO) EQ. A DOXICICLINA,DOXICICLINA
FLUNARIZINA DE DIHIDROCLORURO EQ. A FLUNARIZINA,FLUNARIZINA
IBUPROFENO,IBUPROFENO 
PIROXICAM,PIROXICAM 
FUMARATO DE QUETIAPINA EQUIVALENTE A QUETIAPINA,QUETIAPINA
BORTEZOMIB,NEOMIB
"DICLOFENAC POTÁSICO, CLORZOXAZONA, TIAMINA (VIT. B1), PIRIDOXINA HCL (VIT. B6), CIANOCOBALAMINA (VIT. B12)",DIC B - RELAX
ESOMEPRAZOL + BICARBONATO DE SODIO,ESOMEP-FLASH
ESOMEPRAZOL + BICARBONATO DE SODIO,ESOMEP-FLASH
BUSPIRONA CLORHIDRATO,BUSPAR
VER AL DORSO,MULTIFLU
METOPROLOL TARTRATO,METOPROLOL 25 MG PARABIEN 
CITICOLINA SODICA,CONIL
CITICOLINA SODICA,CONIL
CLOPIDOGREL,CLOPIDOGREL
CLOPIDOGREL,CLOPIDOGREL
TRIAMCINOLONA ACETÓNIDO,ASTRIAM RETARD
ARIPIPRAZOL,ABUTRAL 10
ARIPIPRAZOL,ABUTRAL 10
METOCARBAMOL,METOCARBAMOL 500 MG
BETAHISTINA,BETAHISTINA -8 
AMLODIPINA + HIDROCLOROTIAZIDA,ELIDIPINA - D
VER AL DORSO,ELIDIPINA- PLUS 
ACETAMINOFEN USP,KRISHMOL-500
LOPERAMIDA CLORHIDRATO USP,LOPERAMIDA CLORHIDRATO
AMIODARONA CLORHIDRATO,AMIODARONA 
ACICLOVIR USP,ACICLOVIR  
MELOXICAM,MELOXICAM 
ATROPINA SULFATO,ATROPINA  SULFATO 
CLORANFENICOL,OPTICOL 
SITAGLIPTIN FOSFATO EQUIV. A SITAGLIPTIN,SIPTAGOLD-100
IBUPROFENO BP,IBUPROFEN 
IBUPROFENO BP,IBUPROFEN 
VER AL DORSO,LISIN FORTE
IOHEXOL,IOHEXOL-POLIFARMA 
AMOXICILINA SODICA EQUIVALENTE A AMOXICILINA,AMOXICILINA SODICA 
VER AL DORSO,ELIFENAC-FORTE
VER AL DORSO,ELIFENAC-FORTE
CLINDAMICINA/ KETOCONAZOL,COLPOBEN® 3D
DICLOFENACO SÓDICO/ TRAMADOL CLORHIDRATO,DROMADOL® FORTE
VER AL DORSO,DICLOFENAC K + VITAMINAS NEUROTROPAS 
VER AL DORSO,DICOLBEX
CLORHIDRATO DE FENILEFRINA /LORATADINA, DIMEGAN- D
VER AL DORSO,SACAROSA  DE HIERRO 
SACAROSA DE HIERRO,FERLOXA 
AZITROMICINA,AZITROMICINA
LAPATINIB DITOSILATO EQ. A LAPATINIB,LAPATINIB 250 MG
VER AL DORSO,DESGRIPAL FAST 
DIVALPROATO DE SÓDIO,EUROFARMA DIVALPROATO 250MG
DIVALPROATO DE SÓDIO,EUROFARMA DIVALPROATO 500MG
DIVALPROATO DE SÓDIO EQ. A ACIDO VALPROICO,VALLETE 500 MG
SERTRALINA CLORHIDRATO,DEPAX 100 MG 
APIXABAN,EUROFARMA APIXABAN 2.5MG 
FEXOFENADINA CLORHIDRATO,FEXOVIS-180
PIRACETAM BP,PIRACETAM INYECCION 200 MG/ ML
DICLOFENACO SÓDICO + PARACETAMOL,DOLO BIEN-P
SUGAMMADEX SODICO,BRIMADEKS
DEXKETOPROFENO TROMETAMOL,DEXKETOPROFEN /DEXKETOPROFENO 
LEVOTIROXINA SÓDICA BP,TIROSPEY 
CIPROFLOXACINA HCL,KITOFLEXIS
KETOROLAC TROMETAMINA,KETOROLAC TROMETAMINA
MEMANTINA CLORHIDRATO,TONIBRAL XR 28
OLMESARTAN MEDOXOMILO + AMLODIPINA BESILATO EQUIVALENTE A AMLODIPINA BASE,OLTACAM PLUS 40/5 
SECNIDAZOL,SECNIDAZOL 
ÁCIDO URSODESOXICÓLICO,ÁCIDO URSODESOXICÓLICO 
PREDNISONA,PREDNISONA
CIPROFLOXACINA,CIFLOXAVIC 750
CIPROFLOXACINA,CIFLOXAVIC 
AMBROXOL CLORHIDRATO + CLENBUTEROL CLORHIDRATO,VICROXOL-C GV 
DICLOFENACO DIETILAMONIO,VICLOMIC 
VER AL DORSO,PRECOR D 10 / 12.5 MG
ETORICOXIB,ETORICOXIB 60 MG PARABIEN
BICALUTAMIDA,BINUSYL® 50
CLOTRIMAZOL+SULFISOXAZOL+ ALANTOINA,CLOTRIMYL-PLUS 
ORLISTAT,DIPOXONIL
N/A,AGUA ESTÉRIL PARA INYECCIÓN BP
PREGABALINA,PREGAMET-75
IBUPROFEN BP,IBUPROFEN 
ESOMEPRAZOL SODICO,ESPRAZ 40 MG
CLARITROMICINA,CLARITROMICINA 500 MG
METFORMINA HCL,EUROFARMA MACROCYN® 850 MG
MULTIVITAMINICO,"MULTIVITAMINICO, MULTIMINERAL Y ANTIOXIDANTE"
MULTIVITAMINICO,TIMS
FLUCONAZOL,FLUCONAZOL-POLIFARMA
VALSARTAN,VALSARTAN 
IMATINIB MESILATO,IMATINIB KEMEX
RIVASTIGMINA,RIVELON 3
RIVASTIGMINA,RIVELON 1.5
SACUBITRILOVALSARTÁN (COMO SAL SÓDICA HEMIPENTAHIDRATO),ANGIPRES 200
QUETIAPINA FUMARATO,QUETRAN 200
CLORURO DE SODIO,SODIONASAL
VER AL DORSO,ANGIBLOC PLUS D 100/5/25
LEVOTIROXINA SÓDICA,PROLEVO 125 MCG
LEVOTIROXINA SÓDICA,PROLEVO 125 MCG
BASILIXIMAB,SIMULECT
PALBOCICLIB,PALBOCICLIB 75 MG 
PALBOCICLIB,PALBOCICLIB 100 MG
AXITINIB,AXITIM  1MG
AXITINIB,AXITIM 5 MG
CAPECITABINA,CAPSYNTA 500
VER AL DORSO,DITOPAX ®. 
RANITIDINA,RANITIDINA
MELOXICAM,MELOXICAM
VER AL DORSO,CLORFEB® C
MULTICOMPOSICION,DICLOFENAC POTASICO + COMPLEJO  VITAMINA B 
MODAFINILO,ALERTEX 24 
SUCCINATO SODICO DE METILPREDNISOLONA,SUCCINATO SODICO DE METILPREDNISOLONA
KETOROLACO TROMETAMINA 30MG / ML,KETOROLACO TROMETAMINA 30MG / ML
GLIBENCLAMIDA,GLIBENCLAMIDA
VER AL DORSO,MIGRADORIXINA PLUS
MEMANTINA CLORHIDRATO,MEMANTINA
MEMANTINA CLORHIDRATO,MEMANTINA 
LORATADINA,LORATADINA 1 MG/ ML  MK
CLOMIPRAMINA HCl,CONTRIL®
VER AL DORSO,DUOVAG KC
ALFAEPOETINA,ERITROMAX
VER AL DORSO,HIERRO SACAROSA
SUBSALICILATO DE BISMUTO,BISMUCAR ® 
ONDANSETRON HIDROCLORURO,ONDANSETRON 
"KETOCONAZOL, CLINDAMICINA",PHAENI
VER AL DORSO,PHAENI PLUS
ACETAMINOFEN,ACETAMINOFEN  
ACETAMINOFEN,ACETAMINOFEN
SULFATO DE SALBUTAMOL BP,SALBUTAMOL 
APIXABAN,EUROFARMA APIXABAN 5 MG
ACETATO DE CASPOFUNGINA,CASPOFUNGINA
METFORMINA HCL + GLIBENCLAMIDA,DAVIRAX-M
METFORMINA HCL + GLIBENCLAMIDA,DAVIRAX­-M
IBRUTINIB,VILANOR 
IBRUTINIB,VILANOR
LEVOTIROXINA SÓDICA,SYNTHROID 137 MCG TABLETAS
LEVOTIROXINA SÓDICA,SYNTHROID 175 MCG TABLETAS
TADALAFILO,TADSEVEN 20 MG
VER AL DORSO,CRYOSONA
OXIDO DE ZINC,DERMOSAM
DIGOXINA BP,DIGOXINA
CEFAZOLINA SODICA EQUIV. A CEFAZOLINA,CEFAZOLINA 
CLORHIDRATO DE CEFEPIME,CEFEPIME
VER AL DORSO,EFECTAL
ERTAPENEM SÓDICO,ARTIPEN
CITRATO DE CALCIO + VITAMINA D3 (COLECALCIFEROL),CALCIO + VITAMINA D3 ALFA
VITAMINA C (COMO ÁCIDO ASCÓRBICO),MASON NATURAL C 500MG
ACIDO TRANEXÁMICO,ACIDO TRANEXÁMICO 
ESZOPICLONA.,ESZOPICLONA 3 MG
INSULINA HUMANA ORIGEN ADN-R,BIOSULIN R
FULVESTRANT,FULVESTRANT
FULVESTRANT,FULVESTRANT
HEPARINA SODICA BOVINA,EUROFARMA HEPTAR 
DAPAGLIFLOZINA,DIPRAL 10
DAGLIFLOZINA,DAGLIX 10
IRBESARTÁN + AMLODIPINA BESILATO,IRBESCARD-A 150/5
LEVOTIROXINA SÓDICA BP,TIROSPEY 
TADALAFILO (D.C.I.),TADANOR NORMON 5 MG 
VER AL DORSO,INFLATRIO B 
TADALAFIL,TALARTE
FLUCONAZOL,AMUNIT
AMOXICILINA( COMO TRIHIDRATO),AMOXICILINA
VER AL DORSO,PLIDAN RELAX
SUCRALFATO,GASTROZIN 
VER AL DORSO,IDOLMA-B 2.5/5
VITAMINA E ( COMO ACETATO DE DL-TOCOFERILO ),VITAMINA  E 
TADALAFILO (D.C.I.),TADANOR NORMON  20 MG 
QUETIAPINA (COMO QUETIAPINA FUMARATO),CIDALAN 200
AZITROMICINA DIHIDRATO,AZITROMICINA
SIMVASTATINA,SIMVASTATINA 40 MG
SIMVASTATINA,SIMVASTATINA 40 MG
BICARBONATO DE SODIO / SIMETICONA,SAL DE FRUTAS LUA PLUS
CLINDAMICINA/ KETOCONAZOL,COLPOBEN®
ESZOPICLONA.,ESZOPICLONA 2 MG
FLUNARIZINA DICLORHIDRATO,FLUNER - 10
DOLUTEGRAVIR,MYLTEGA
VER AL DORSO,VAREN H 
ACIDO BEMPEDOICO,LAFAGE MEDRIX
ACIDO BEMPEDOICO,LAFAGE MEDRIX
EMPAGLIFLOZINA,EMPAGLIFLOZINA 25 MG 
EMPAGLIFLOZINA,EMAGLOX 25
EMPAGLIFLOZINA,EMPAGLIFLOZINA 10 MG 
IRBESARTÁN + AMLODIPINA BESILATO,IRBESARTÁN 150 MG + AMLODIPINA 5 MG
IRBESARTÁN + AMLODIPINA BESILATO,IRBESARTÁN 300 MG + AMLODIPINA 5 MG
IRBESARTÁN + AMLODIPINA BESILATO,IRBESARTÁN 300 MG + AMLODIPINA 10 MG
ACETAMINOFEN / TRAMADOL, ACETAMINOFEN & TRAMADOL RHYDBURG
LOSARTÁN POTÁSICO + HIDROCLOROTIAZIDA,HIPERLOS H 100/25
GLIMEPIRIDA,GLIMEPIRIDA
GLIMEPIRIDA,BARUTEX
PARACETAMOL,DILENOX 
VER AL DORSO,VITAMINA A 3000UI Y VITAMINA D3 300UI 
ACETATO DE LEUPROLIDA, LEUPROLIDA DEPOT
BETAMETASONA + LORATADINA,BERDEXA-L JARABE 
VER AL DORSO,IBERCOX-DEX JARABE 
VER AL DORSO,IBERCOX-DEX GOTAS 
VER AL DORSO,TIODEX
BICALUTAMIDA,LIMUX® 150 MG
ABIRATERONA ACETATO,ABIRATERONA ACETATO USP 500 MG
SULFATO DE TOBRAMICINA USP,TOBRAMICINA
AZTREONAM,AZTREONAM
ERTAPENEM SODICO,ERTAPENEM
MULTICOMPOSICION,RYSELL  ICE  BLUE HOT
VER AL DORSO,CALCIDEN NATAL-D
VER AL DORSO,CALCIDEN NATAL - D
NONACOG BETA PEGOL,REFIXIA 500 IU
ERIBULINA MESILATO,ERIBULINA MESILATO 0.5MG/ML 
CLADRIBINA,EMECLAD TUTEUR
PIRFENIDONA,FRIOXOL
ENZALUTAMIDA 40MG,PROCAPS ALUDEL
DIOSMINA/ HESPERIDINA,NADLOC 1000
CLORHIDRATO DE PAZOPANIB,VOTRIENT
CALFACTANT,INFASURF
FLUCONAZOL,FLUCONAZOL 150 MG
CARVEDILOL,CARVEDILOL  
OMEPRAZOL SODICO ESTERIL,OMEPRAZOL 
ACIDO TRANEXAMICO,ACIDO TRANEXAMICO 
BUSULFANO,BUSULFANO KEMEX 
FEXOFENADINA CLORHIDRATO,FEXOVIS-120
HALOPERIDOL,HALOPERIDOL 
ACETATO DE MEDROXIPROGESTERONA,TRICLOFEM 
"BETAMETASONA , CLOTRIMAZOL , GENTAMICINA",CLONEM-H
"BETAMETASONA , CLOTRIMAZOL , GENTAMICINA",BETAGENZOL
DICLOFENACO SODICO,MACFAST
MULTIVITAMINICO DE COMPLEJO B,WELLGO
DEFLAZACORT,ZAMEN 30 MG
VALSARTÁN,VALSARTÁN 
DEFLAZACORT,ZAMEN 6 MG
OMEPRAZOL PELLETS GASTRORRESISTENTES AL 8.5 %,OMEPRAZOL 20 MG PARABIEN
OMEPRAZOL PELLETS GASTRORRESISTENTES AL 8.5 %,OMEPRAZOL 40 MG PARABIEN
AMOXICILINA TRIHIDRATO,AMOXICILINA 
VALSARTAN+SACUBITRIL,VALSACOR SAC 50
VALSARTAN+SACUBITRIL,VALSACOR SAC 100
VALSARTAN+SACUBITRIL,VALSACOR SAC 200
ACIDO NALIDIXICO BP,ACIDO  NALIDIXICO 
ACIDO ACETILSALISILICO,ACIDO ACETILSALISILICO  81 MG PARABIEN 
GLIMEPIRIDA,GLIFLOXIN
GRANISETRON CLORHIDRATO,GRANI-DENK
DIOSMECTITA,FULREST
DERISOMALTOSA FERRICA,MONOFER
DERISOMALTOSA FERRICA,MONOFER
NITAZOXANIDA,TAKINOX
BEVACIZUMAB,VEGZELMA
BEVACIZUMAB,VEGZELMA
LORATADINA,LORATADINA 10 MG
AMBROXOL HCL,AMBROXOL 
CLOPIDOGREL BISULFATO USP EQUIVALENTE A CLOPIDOGREL,CLOPIDOGREL
IRBESARTÁN,IRBESEVEN 150 MG 
IBRUTINIB,IBRUTINIB ELEA 140 MG CÁPSULAS DURAS 
KETOROLACO TROMETAMOL,EUROFARMA KETOROLACO TROMETAMOL
CLINDAMICINA FOSFATO,CLINDAMICINA FOSFATO
ELTROMBOPAG OLAMINA,REVOLADE 25 MG
ELTROMBOPAG OLAMINA,REVOLADE 25 MG
ELTROMBOPAG OLAMINA,REVOLADE 50 MG
ELTROMBOPAG OLAMINA,REVOLADE 50 MG
ACETAMINOFEN + CAFEINA + ERGOTAMINA TARTRATO,MIGRAGESIC PLUS 
NIFEDIPINA,CORODIL® RETARD
VER AL DORSO,GIOTEN-S 26/24
VER AL DORSO,GIOTEN-S 51/49
VER AL DORSO,GIOTEN-S 103/97
GRISEOFULVINA USP,GRISEOFULVINA 
NAPROXENO BP,NAPROXENO 
BROMURO DE PIRIDOSTIGMINA BP,PIRIDOSTIGMINA
NIFEDIPINA,DHPINA RETARD  
CETIRIZINA CLORHIDRATO BP,CETIRIZINA 
CLINDAMICINA HCL,CLINDA D 300 
ACETAMINOFEN + DICLOFENAC POTASICO+ CLORZOXAZONA,ODILEN RELAX
ARIPIPRAZOL,PRIPAX 
DEFLAZACORT,NOMEDOL® 6 
ATORVASTATINA CALCICA TRIHIDRATO + EZETIMIBA,COLMIBE ® 40 / 10
ACETILCISTEINA BP,BRONQUIOLIN
SERTRALINA,ZOLOSERT®
AMITRIPTILINA,ELATRIP®
CANDESARTÁN CILEXETILO,ARAST 16
CANDESARTÁN CILEXETILO,ARAST 32
CANDESARTÁN CILEXETILO,CANDERARIA-16
CANDESARTÁN CILEXETILO,CANDERARIA-32
CLORURO DE SODIO,CLORURO DE SODIO 
ALPRAZOLAM,ALPRAZOLAM-1  
MULTICOMPOSICION,DITOPAX ® F
VER AL DORSO,DITOPAX® F
VER AL DORSO,DITOPAX®
PARACETAMOL Y DICLOFENACO SODICO,PARACETAMOL Y DICLOFENACO SODICO 
IBUPROFENO,IBUPROFENO 
NONACOG BETA PEGOL,REFIXIA 1000 IU
METFORMINA HCL,METFORMINA 1000 MG 
METFORMINA HCL,MEFTCURE 1000
FUROSEMIDA,FUROSEMIDA 40 MG 
VALSARTÁN,VALSARTÁN 160 MG
VALSARTÁN,VALSARCURE 160
BISOPROLOL FUMARATO + AMLODIPINA BESILATO,BISOPROLOL FUMARATO 2.5 MG + AMLODIPINA 5 MG
BISOPROLOL FUMARATO + AMLODIPINA BESILATO,BISOPROLOL FUMARATO 10 MG + AMLODIPINA 10 MG
BISOPROLOL FUMARATO + AMLODIPINA BESILATO,BISOPROLOL FUMARATO 10 MG + AMLODIPINA 5 MG
BISOPROLOL FUMARATO + AMLODIPINA BESILATO,BISKREM-A 10/5
MULTICOMPOSICION,MERUJAN
TOBRAMICINA + DEXAMETASONA + TETRAHIDROZOLINA,CITOL TDT
QUINFAMIDA,MEBAFAR® 300
Trihidrato de amoxicilina,AMOXICILINA 
ESOMEPRAZOL,PLEROX 20
ESOMEPRAZOL,PLEROX 40
DICLOFENACO DIETILAMINA EQUIV. A DICLOFENACO SÓDICO,DOLO-BIEN
ESOMEPRAZOL SÓDICO,ESOMEPRAZOL 
BEVACIZUMAB (ORIGEN R-DNA).,VERSAVO® 400
EPCORITAMAB,EPKINLY
EPCORITAMAB,EPKINLY 48MG/0.8 ML
INSULINA ASPARTA,NOVORAPID FLEXPEN
SOMATROGON,NGENLA 60 MG
QUETIAPINA,INQUETIA®
QUETIAPINA,INQUETIA®
PREDNISOLONA,PREDNISOLONA 15MG/5ML
VER AL DORSO,OFLOXACINA 400 MG
AMOXICILINA TRIHIDRATO + CLAVULANATO POTASICO,REVACLAX
TEMOZOLOMIDA,TEMOZOLOMIDA 
METRONIDAZOL BENZOATO EQUIV A METRONIDAZOL,METRONIDAZOL 
OLMESARTÁN MEDOXOMILO (D.C.I.),OLMENOR NORMON 10 MG
DOXORRUBICINA CLORHIDRATO,DOXORRUBICINA CLORHIDRATO 
COLECALCIFEROL (VITAMINA D3),D3 MAX PLUS
CLONIDINA HCL,UNITED DINA 0.100 
METRONIDAZOL BENZOATO BP EQUIVALENTE A METRONIDAZOL,METRONIDAZOL 
ALBENDAZOL USP,ALBENDAZOL 
LORATADINA BP,LORATADINA 
METRONIDAZOL BENZOATO BP EQUIVALENTE A METRONIDAZOL,METRONIDAZOL 
VITAMINA B1 * TIAMINA CLORHIDRATO,VITAMINA  B1 
ACIDO TRANEXAMICO,ANTIFIBRIN 
LOSARTÁN POTÁSICO + HIDROCLOROTIAZIDA,HIPERLOS H 50/12.5
BISOPROLOL FUMARATO,BISOCURE 10
BISOPROLOL FUMARATO,BISOCURE 2.5
BISOPROLOL FUMARATO,BISOCURE 5
CANDESARTÁN CILEXETILO,CANDERCURE 8
CANDESARTÁN CILEXETILO,CANDERCURE 16
CANDESARTÁN CILEXETILO,CANDERCURE 32
ACICLOVIR,ACICLOVIR CREMA 5%
AMANTADINA CLORHIDRATO,PARAMANTA -100 
TIOCOLCHICÓSIDO,XIRMEN 4 MG / 2 ML
CLINDAMICINA FOSFATO + KETOCONAZOL,MYCONOL
CLORHIDRATO DE CIPROFLOXACINA,CIPROFLOXACINA
METRONIDAZOL USP,METRONIDAZOL 500 MG / 100 ML
BUTILBROMURO DE HIOSCINA,BUTILBROMURO DE HIOSCINA 
LOSARTAN POTASIO,LOSARTAN POTASIO COMPRIMIDOS BP 50 MG
VER AL DORSO,ALFATOS ®
ACIDO ZOLEDRÓNICO,ACIDO ZOLEDRÓNICO
ÁCIDO BEMPEDOICO,BEMPECOR® 180
VER AL DORSO,DOLO NEUROVIT
VER AL DORSO,DOLO NEUROVIT® XR
ROSUVASTATINA CALCICA EQUIVALENTE A ROSUVASTATINA BASE,ROSTALIM-20
KETOCONAZOL,KETOCONAZOL
AXITINIB,AXITINIB
AXITINIB,AXITINIB
SORAFENIB TOSILATO,NEXAVAR® 
SORAFENIB TOSILATO,NEXAVAR® 
LEVOCETIRIZINA DIHIDROCLORURO,REVASPIRA 
NIFEDIPINA,UNITED CAL 30 RETARD
AMBROXOL CLORHIDRATO,AMBROXOL DROTAFARMA
AMBROXOL CLORHIDRATO,AMBROXOL DROTAFARMA
AMBROXOL CLORHIDRATO + LORATADINA,AMBROXOL Y LORATADINA DROTAFARMA
AMBROXOL CLORHIDRATO + LORATADINA,FINAL TOS
HALOPERIDOL BP,HALOPERIDOL INYECCIÓN BP
SIMVASTATINA BP,SIMVASTATINA 
LISINOPRIL DIHIDRATO,LISINCURE 20
LISINOPRIL DIHIDRATO + HIDROCLOROTIAZIDA,LISINCURE D
LOSARTÁN POTÁSICO,LOSARCURE 50
GABAPENTINA,GABAMATO
QUETIAPINA FUMARATO,QUETIAPINA 50 MG 
QUETIAPINA FUMARATO,QUETRAN 50
VER AL DORSO,VITAMINA B1 100 MG + VITAMINA B6 (VER AL DORSO)
VER AL DORSO,VITAMINA B1 100 MG + VITAMINA B6 (VER AL DORSO)
METOPROLOL TARTRATO,METOPROLOL TARTRATO 50 MG
METOPROLOL TARTRATO,METOPROLOL TARTRATO 100 MG  
ROSUVASTATINA CÁLCICA.,MENELIP 5MG 
ROSUVASTATINA CÁLCICA.,MENELIP 20 MG
TRAMADOL / ACETAMINOFEN,TRAMADOL & ACETAMINOFEN 
LOSARTÁN POTÁSICO/ HIDROCLOROTIAZIDA,LOSARCURE 100 HCT
LINAGLIPTINA/ EMPAGLIFLOZINA,EMPIRIA ® COMPLEX
LINAGLIPTINA/ EMPAGLIFLOZINA,EMPIRIA ® COMPLEX
VARDENAFILO,LIBRIUM® 
MECLIZINA CLORHIDRATO,VERMEC 25MG
METRONIDAZOL,METRONIDAZOL MK 500MG 
METRONIDAZOL,METRONIDAZOL 500 MG MK
ATORVASTATINA CALCICA,ATORVASTATINA MK 20MG TABLETAS RECUBIERTAS
FUROATO DE MOMETASONA / CLORHIDRATO DE AZELASTINA,FURONASAL AZ
HALOPERIDOL,HALOPERIDOL 
BREXPIPRAZOL,ZOPEC 2
BREXPIPRAZOL,ZOPEC  1
BREXPIPRAZOL,CAUQUENOR 1
LOSARTÁN POTASICO,LOSARCURE 100
ATENOLOL,CARDIOCURE 100
VER AL DORSO,METBOLINA PLUS 
VER AL DORSO,METBOLINA PLUS 
METFORMINA HCL + GLIMEPIRIDA,METBOLINA PLUS 
LEVOCETIRIZINA 2HCL,LERICINA
VER AL DORSO,ENORDEN 2
ÁCIDO BEMPEDOICO – EZETIMIBA,BEMPEZET ®
DIVALPROATO DE SODIO,DIVALPREX ER 500
DIVALPROATO DE SODIO,DIVALPREX ER 250
VER AL DORSO,AVONZA 
CABAZITAXEL,CABAZITAXEL
Difenhidramina clorhidrato BP,DIFENHIDRAMINA  CLORHIDRATO 
QUETIAPINA FUMARATO,QUETIAPINA 200 MG
MELATONINA,MELATONINA 5 MG
MELATONINA,SONAMBUL
VER AL DORSO,NATALFLOR-PLUS  
APALUTAMIDA,ERLEADA 60 MG
ETORICOXIB,ETORIDOL® 120 
ÁCIDO BEMPEDOICO,COLESTOR® 180
ACETAMINOFEN,DOLENOL 500 MG
METILDOPA,METILCARD 250
CLORHIDRATO DE LIDOCAINA,SOLARCAINE
AZITROMICINA DIHIDRATO EQUIVALENTE A AZITROMICINA ANHIDRA,AZIBIOTIC
SULFATO FERROSO,SULFATO FERROSO 
GLUCOSAMINA SULFATO + CONDROITINA SULFATO SÓDICO,GLUCOSAMINA + CONDROITIN
LEVOFLOXACINA HEMIHIDRATO,LEVOFLOXACINA
Alprazolam,TAPOFEN 1
PROPILENO GLICOL USP + POLIETILENO GLICOL 400 USP,HUMIDIA GEL DROPS
TRIFLURIDINA TIPIRACILO (COMO TIPIRACILO CLORHIDRATO),LONDAR
AMOXICILINA (COMO TRIHIDRATO),AMOXICILINA 
QUETIAPINA FUMARATO,QUETIAPINA 
QUETIAPINA FUMARATO,QUETIAPINA 
AMOXICILINA TRIHIDRATO + DICLOFENAC POTASICO,AMOXICILINA + DICLOFENAC POTASICO
LEVOFLOXACINA,LEVOFLOXACINA RHYDBURG
ACETILCISTEÍNA,ACEFLUX 600/ ACETILCISTEÍNA
MECLIZINA CLORHIDRATO,TERMEX
PERAMPANEL HEMISESQUIHIDRATO EQUIVALENTE A PERAMPANEL,PERAMPANEL
VER AL DORSO,PERANEL
PERAMPANEL HEMISESQUIHIDRATO EQUIVALENTE A PERAMPANEL,PERAMPANEL
VER AL DORSO,PERANEL
TRIMETAZIDINA,PRAXIAL 
ETORICOXIB,OMNIDOL 90
CELECOXIB,DOLOTIL® 200
IBANDRONATO SÓDICO MONOHIDRATADO,BONEBEN® 150
EMPAGLIFLOZINA + METFORMINA HCL,EMPAGLIFLOZINA + METFORMINA MAMEY® 12.5/850 
EMPAGLIFLOZINA + METFORMINA HCL,GLUCONIL®  MET 12.5/850 
DEFLAZACORT,REVADEFLAZ
FLUCONAZOL,REVACONAZOL
GLIMEPIRIDE,METBOLINA 2 MG
GLIMEPIRIDE,METBOLINA 4 MG
ISOTRETINOINA,ISOLVE 40 MG
MULTICOMPOSICION,HIDRASUED KIWI-FRESA 
MULTICOMPOSICION,HIDRASUED MANZANA
MULTICOMPOSICION,HIDRASUED UVA
LORATADINA,LORACHEM 5
LORATADINA,LORACHEM 10
VER AL DORSO,OMEPRAZOL
"VITAMINA C, VITAMINA D3, ZINC",TRIPLE C NATURE´S GARDEN- FORTE
"VITAMINA C, VITAMINA D3, ZINC",TRIPLE C NATURE´S GARDEN- FORTE
KETOROLACO TROMETAMINA,KETOLECINA 20 MG
CLOTRIMAZOL,KAMESTIN 
ÁCIDO ASCÓRBICO USP,VITAMINA C  ( ACIDO ASCORBICO )
IBUPROFENO BP,KRISHFEN-400
ATORVASTATINA CALCICA EQUIVALENTE A ATORVASTATINA,ATORVASTATINA CALCICA 
RIOCIGUAT,RIOCI 2
TINIDAZOL / FLUCONAZOL / AZITROMICINA,ARDILAN® PLUS
ENOXAPARINA SÓDICA,ENOXAPARINA SÓDICA
SULFAMETOXAZOL/TRIMETOPRIMA, ASRIME-DS
FOSFATO DE CLINDAMININA,CLINDAMICINA
VITAMINA A (COMO PALMITATO),VITGO-A              
ÁCIDO FÓLICO,ACIDO FÓLICO LAFAGE 
FLUCONAZOL,FLUCONAZOL 150 MG 
METFORMINA HCL,MEDIBFOR 1000
EMPAGLIFLOZINA + METFORMINA HCL,EMPAGLIFLOZINA + METFORMINA MAMEY® 12.5/1000
EMPAGLIFLOZINA + METFORMINA HCL,EMPAFLOX®  MET 12.5/850 
EMPAGLIFLOZINA + METFORMINA HCL,EMPAGLUCOL®  MET 12.5/850 
MULTICOMPOSICION,HIDRASUED FRESA
PREGABALINA,PREGABALINA CALOX
PREGABALINA,PREGABALINA CALOX
LOSARTÁN POTÁSICO/ AMLODIPINA BESILATO,LOSARCURE A 100-5
LOSARTÁN POTÁSICO + AMLODIPINA BESILATO,HIPERLOS A 100/5
CLONAZEPAM,CROBIO 0.5
AMOXICILINA Y CLAVULANATO DE POTASIO,"AMOXICILINA Y CLAVULANATO DE POTASIO 312,5 MG / 5 ML "
AMOXICILINA Y CLAVULANATO DE POTASIO,"CLAVUROL 312,5 MG / 5 ML"
MOXIFLOXACINA CLORHIDRATO,MOXIFLOXACINA 
ESPIRONOLACTONA,ESPIRONOLACTONA LAM ®  25 MG
ESPIRONOLACTONA,ESPIRONOLACTONA LAM® 100 MG
ESPIRONOLACTONA,ESPIRONOLACTONA MAMEY®  25 MG
ESPIRONOLACTONA,ESPIRONOLACTONA MAMEY® 100 MG
HIDROSMINA,FLUVENIL
VER AL DORSO,CLINDAMYL- K
VER AL DORSO,DILENOX ANTIGRIPAL
MULTICOMPOSICION,DILENOX ANTIGRIPAL 
CLORHIDRATO DE DIFENHIDRAMINA,DIFENHIDRAMINA
PREDNISOLONA,PREDNISOLONA 
RIOCIGUAT,RIOCI 1.5
RIOCIGUAT,RIOCI 0.5
RIOCIGUAT,RIOCI 1
ACETAMINOFÉN,KONTRA-DF
ACETAMINOFÉN,KONTRA-DF
ABIRATERONA ACETATO,ABIRATERONA (ACETATO)
VER AL DORSO,BIDOPAX L 
NEOSTIGMINA METILSULFATO, NEOSTIGMINA NORGREEN
AMINOFILINA,AMINOFILINA NORGREEN 
VER AL DORSO,OLTACAM PLUS 40/10 
EMPAGLIFLOZINA + METFORMINA HCL,EMPAFLOX®  MET 12.5/1000
RANIBIZUMAB,RANIVISIO
RANIBIZUMAB,RANIVISIO
BORTEZOMIB,NEOMIB
HIOSCINA BUTILBROMURO,HIOSCINA  BUTILBROMURO 
VER AL DORSO,ESOMEPRAZOL 
VER AL DORSO,ESOMEPRAZOL 
NIMODIPINA BP,NIMODIPINA 
LEVOTIROXINA SODICA,THYROCUT 
CLORFENIRAMINA MALEATO,CLORFENIRAMINA MALEATO
METRONIDAZOL BENZOATO,METRONIDAZOL DROTAFARMA
METRONIDAZOL BENZOATO,METROGUARD
VER AL DORSO,LEVOFLOXACINA DROTAFARMA
DOXICICLINA HICLATO EQUIVALENTE A DOXICICLINA,DOXICICLINA 
MULTICOMPOSICION,SUED ELECTROLYTE FRESA PEDIATRICO
MULTICOMPOSICION,SUED ELECTROLYTE MANZANA PEDIATRICO 
MULTICOMPOSICION,SUED ELECTROLYTE UVA PEDIATRICO 
HIDROCORTISONA SUCCINATO SODICO,HIDROCORTISONA
METFORMINA CLORHIDRATO + VILDAGLIPTINA,GLICIRON PLUS 850
METFORMINA CLORHIDRATO + VILDAGLIPTINA,GLICIRON PLUS 1000
DICLOXACILINA SODICA MONOHIDRATADA,DICLOXACILINA SODICA 
LEFLUNOMIDA,LEFLUNOMIDA 
ENALAPRIL MALEATO,ENALAPRIL 20 MG
AMOXICILINA TRIHIDRATO BP EQUIVALENTE A AMOXICILINA,AMOXICILINA 
CIPROFLOXACINA,CIPROFLOXACINA DROTAFARMA
CIPROFLOXACINA,CIPROFORT
CLORHIDRATO DE LABETALOL,LABECARDIO
MULTICOMPOSICION,NUCLEO CMP FORTE
CAPTOPRIL,CAPTOPRIL
RUPATADINA,RULOXAN
ACIDO FUSIDICO,ACIDO FUSIDICO
ETORICOXIB,FELTROXIB
TADALAFIL + DAPOXETINA,PERSATEX-DUO
ROSUVASTATINA + EZETIMIBE,ROSIGEROL COMPUESTO 40/10
PARACETAMOL,TEMPERAL®   
PROPINOX HCL+ CLONIXINATO DE LISINA,PROPINOXATO COMPUESTO FORTE GARY
VER AL DORSO,WARFARINA
DERISOMALTOSA FÉRRICA,MONOFER
EBASTINA,EBASTINA
CITRATO DE MAGNESIO / ÁCIDO ASCÓRBICO,MAGNESIOLIVE
VITAMINA E (COMO TODO-RAC-ALFA TOCOFERIL ACETATO,NANVIT - E 
METRONIDAZOL,METRONIDAZOL
VER AL DORSO,DILENOX NOCHE
CLORHIDRATO DE HIDRALAZINA,HIDRALAZINA
CLORHIDRATO DE HIDRALAZINA,NEPRESOL CRISTALIA
AXITINIB,IXAFNIB 1 MG
CARBAMAZEPINA,CARBAMAZEPINA
VORICONAZOL,VORICONAZOL
VORICONAZOL,VORI CRISTALIA
VORICONAZOL,VORICONAZOL
VORICONAZOL,VORI CRISTALIA
CLONIDINA HCL,TENSODIN® 0.200 
ARIPIPRAZOL,ARIPIPRAZOL SUED 1 MG
VER AL DORSO,GLIFLOXIN PLUS 2
CLOBETASOL PROPIONATO,CLOBETASOL PROPIONATO 
DERISOMALTOSA FÉRRICA,MONOFER
IRBESARTÁN USP,IRBESARTÁN 150 MG
IRBESARTÁN USP,IRBESARTÁN 300 MG
WARFARINA SÓDICA,WARFARINA  5 MG
APIXABAN,THROMBAN  5
VER AL DORSO,RESFRITÒ ROSE MED 
"PARACETAMOL, FENILEFRINA CLORHIDRATO, LORATADINA",DILENOX SINUS 
TRIMETROPRIM/SULFAMETOXAZOL,TRIMETROPRIM + SULFAMETOXAZOL
DICLOFENACO SÓDICO / TRAMADOL CLORHIDRATO,DROMADOL® 
VER AL DORSO,VITATECH
NEBIVOLOL (COMO CLORHIDRATO),NEBIVOLOL
VER AL DORSO,SALES DE REHIDRATACION ORAL
SITAGLIPTINA FOSFATO MONOHIDRATO,SUEDGLIPTIN 100
CITICOLINA SODICA,CITICOLINA 500 MG PARABIEN
"TINIDAZOL, AZITROMICINA, FLUCONAZOL",AZBIOT-FT
LISINOPRIL + HIDROCLOROTIAZIDA +AMLODIPINA BESILATO,ALOTEN-LHA 10/12.5/5
NAPROXENO SÓDICO DC 90,NAPROXENO 500 MG PARABIEN
IBUPROFENO,KRISHFEN-600
FLUCONAZOL / SECNIDAZOL,FLUCONAZOL + SECNIDAZOL LAM®  
FLUCONAZOL / SECNIDAZOL,FLUCONAZOL + SECNIDAZOL MAMEY®  
FLUCONAZOL / SECNIDAZOL,FLUCOGIL® DUO 
METILDOPA,METILCARD 500
SACUBITRILO + VALSARTÁN,VALSCARD-S 50
CANDESARTÁN CILEXETILO + HIDROCLOROTIAZIDA,ARAST H 16/12.5
CANDESARTÁN CILEXETILO + HIDROCLOROTIAZIDA,ARAST H 32/25
CANDESARTÁN CILEXETILO + AMLODIPINA BESILATO,ARAST A 16/5
CANDESARTÁN CILEXETILO + AMLODIPINA BESILATO,ARAST A 16/5
CANDESARTÁN CILEXETILO + AMLODIPINA BESILATO,ARAST A 32/5
INMUNOGLOBULINA HUMANA,GAMMARAAS
METILCOBALAMINA USP,METILCOBALAMINA 
LEVETIRACETAM,LEVETIRACETAM 
ADENOSINA,ADENOSINA
CLORURO DE SODIO,DROTAFARMA CLORURO DE SODIO 0.9% 
VER AL DORSO,INVITSOL
DULOXETINA,LIVERTOX 60
PALBOCICLIB,PALBOCICLIB 125 MG 
LOSARTÁN POTÁSICO + AMLODIPINA BESILATO,HIPERLOS A 50/5
VER AL DORSO,HIPERLOS AH 50/5/12.5
LOSARTÁN POTÁSICO/ AMLODIPINA BESILATO,LOSARCURE A 100-10
VER AL DORSO,LOSARCURE PLUS 50 
LOSARTÁN POTÁSICO/ AMLODIPINA BESILATO,LOSARCURE A 50-5
BISOPROLOL FUMARATO + HIDROCLOROTIAZIDA,BISOCURE 10 HCT
METILDOPA,METILDOPA 250 MG
LOSARTÁN POTÁSICO + AMLODIPINA BESILATO,LOSARTÁN POTÁSICO 100 MG + AMLODIPINA 10 MG
"PARACETAMOL, AMANTADINA HCL, CLORFENIRAMINA MALEATO",DILENOX DIA 
ACETAMINOFEN / DICLOFENACO POTÁSICO / CLORZOXAZONA,DICLONAC R
APIXABÁN,APIXABÁN 2.5 MG
APIXABÁN,APIXABÁN 5 MG
Lacosamida,NEULAC 200
MULTICOMPOSICION,VITALUX PLUS
LISINOPRIL + HIDROCLOROTIAZIDA +AMLODIPINA BESILATO,ALOTEN-LHA 20/12.5/5
CLOPIDOGREL BISULFATO,CLOPIDOGREL 75 MG
IBUPROFENO,IBUPROKART
ACETATO DE ABIRATERONA,ARABITRO 250MG
PARACETAMOL BP,PARACETAMOL
DUTASTERIDE + TAMSULOSINA CLORHIDRATO,ALFATAM-D
DEXKETOPROFENO TROMETAMOL,DEXKETOPROFENO
CANDESARTAN CILEXETIL,BRÛLER
EMPAGLIFLOZINA,GLIDAME 10 
EMPAGLIFLOZINA,GLIDAME 25 
EMPAGLIFLOZINA + CLORHIDRATO DE METFORMINA,GLIDAME DUO 5 / 850 MG 
TORASEMIDA,TORSINEX 10
TORASEMIDA,TORSINEX 20
DAPAGLIFLOZINA,DEPSTIR 5
VER AL DORSO,DESGRIPAL ANTIGRIPAL TE NOCHE 
ERITROPOYETINA RECOMBINANTE HUMANA,"EPOGEN 10,000UI/1ML"
VER AL DORSO,FOLICARE H
VALSARTAN,VALSARTAN
NIFEDIPINA,NIFEDIPINA
ROSUVASTATINA CALCICA,ROSUVASTATINA 10
ROSUVASTATINA CALCICA,ROSUVASTATINA 20
VER AL DORSO,PROLEXI
SITAGLIPTINA FOSFATO + METFORMINA CLORHIDRATO,FOMESIT
BISOPROLOL + HIDROCLOROTIAZIDA,CILENOL-H 10/6.25
CLORHIDRATO DE PAROXETINA,PAROMUS CR
DICLOFENAC POTASICO,CATACLOFEN K-100
DICLOFENAC SODICO,CATACLOFEN PLUS-50
VER AL DORSO,IMIPENEN CILASTATINA  NORGREEN 
ALBENDAZOL,ALBENDAZOL 400 MG PARABIEN
METFORMINA HCL,MEDIBFOR 500
PREGABALINA,PREGABALINA 75 MG
PREGABALINA,PREGABALINA 75 MG
PREGABALINA,PREGABALINA 150 MG
FUROSEMIDA,FUROCURE 40
AMOXICILINA (COMO TRIHIDRATO) + BROMHEXINA HCL,AMOXICILINA+ BROMHEXINA
AMOXICILINA(COMO TRIHIDRATO) + BROMHEXINA HCL,AMOXICILINA + BROMHEXINA
OMEPAZOL,OMEPRAZOL
SITAGLIPTINA/METFORMINA,DIABELINA-­M 50/1000
SILDENAFIL,SILDENAFIL
MULTICOMPOSICION,AMINOTER® COMPLEX
METFORMINA CLORHIDRATO,METFORAL XR 750 MG
METFORMINA CLORHIDRATO,METFORAL XR 1000 MG 
METFORMINA CLORHIDRATO,METFORAL XR 500 MG
ELTROMBOPAG OLAMINA,BIEMPAG – GENBIE
ELTROMBOPAG OLAMINA,BIEMPAG – GENBIE
VER AL DORSO,ANGIBLOC PLUS D 100/5/12.5
LEVOTIROXINA SÓDICA,PROLEVO 200MCG
LEVOTIROXINA SÓDICA,PROLEVO 200 MCG
CLOZAPINA,CLOZADEL®
CLOZAPINA,CLOZADEL®
DIOSMINA + HESPERIDINA,DIFLAH 
NAPROXENO SODICO,NAPROXENO SODICO
SUGAMMADEX SODICO,REVERSO
SUGAMMADEX SODICO,REVERSO
ROSUVASTATINA CÁLCICA,DISLICOL 20 
LOSARTÁN POTÁSICO,HIPERLOS 100
METILDOPA,METILDOPA 500 MG
VITAMINA D3,"TRIDEK D3 100,000 U.I."
ÁCIDO TIÓCTICO (Α-LIPOICO),THIOCTODAR
MELOXICAM / BETAMETASONA / CIANOCOBALAMINA,REVERSAL® CORT
"CARBONATO DE CALCIO , VITAMINA D3",CARBONATO DE CALCIO & VITAMINA D3
VER AL DORSO,VITAMINA COMPLEJO B
TEICOPLANINA,TEICOPLANINA
ESPIRONOLACTONA,ESPIROCOR ®  25
ESPIRONOLACTONA,ESPIROCOR®  100
VER AL DORSO,ANFLAMAT - B  
VER AL DORSO,DICLONAC B
BUTILBROMURO DE HIOSCINA,BUTILBROMURO DE HIOSCINA 
IBUPROFENO,IBUPROFENO
QUETIAPINA FUMARATO USP EQ. A QUETIAPINA,QUETIAPINA 200 AG PHARMA
ITRACONAZOL,GUZITROL
ACETAMINOFÉN,KRISHMOL ACTIVE 
ROSUVASTATINA (ROSUVASTATINA CÁLCICA),ROSUVASTATINA 40 MG 
CANDESARTÁN CILEXETIL + HIDROCLOROTIAZIDA,TRIOBRAS H 32
NILOTINIB,NILOTINIB 150 MG 
NILOTINIB,TASICАР 150 MG
SOMATROGON,NGENLA 24 MG
DOCETAXEL TRIHIDRATO EQUIVALENTE A DOCETAXEL ANHIDRO,DOCETAXEL ANHIDRO  80 MG / 4 ML
VER AL DORSO,ANGIBLOC PLUS 100/10 
DABIGATRÁN ETEXILATO,DABITRIN 75 MG 
EMPAGLIFLOZINA + METFORMINA HCL,GLUCONIL®  MET 12.5/1000
AMOXICILINA / ÁCIDO CLAVULÁNICO,HINCLAMOX-H 
BROMURO DE GLICOPIRRONIO,GLICOFIR 50
QUETIAPINA FUMARATO,ETIAPIL 200
VER AL DORSO,KLOSSIL- T
CLOTRIMAZOL,KAMESTIN 
KETOROLACO TROMETAMINA,KETOROLACO TROMETAMINA 
PREGABALINA,PREGABALINA
PREGABALINA,GABAFAR
PREGABALINA,GABAFAR
VER AL DORSO,LASCOGEL
RIOCIGUAT,RIOCI 2.5
PACLITAXEL,PACLITAXEL 
GRANISETRÓN CLORHIDRATO EQUIVALENTE A GRANISETRÓN,GRANISETRÓN CLORHIDRATO 
EMPAGLIFLOZINA + METFORMINA HCL,EMPAGLIFLOZINA + METFORMINA LAM® 12.5/1000
IBRUTINIB,VILANOR 
IBRUTINIB,VILANOR 
TARTRATO DE BUTORFANOL USP,BUTORFANOL TARTRATO
RIVASTIGMINA TARTRATO EQUIVALENTE A RIVASTIGMINA BASE,VASTIGMIN 1.5 
PREGABALINA,PREGABALINA LAFAGE
CLONAZEPAM,CLONAZEM®
BISOPROLOL FUMARATO + HIDROCLOROTIAZIDA,CARDIOPROL H 10/25
NITRENDIPINA + ATENOLOL + CLORTALIDONA,CARDIOCURE NC
ACETILCISTEINA,ACETILCISTEINA 
ESPIRONOLACTONA,ESPIROLAM®  25
ESPIRONOLACTONA,ESPIROLAM®  100
DEFLAZACORT,NOMEDOL® 30 
EMPAGLIFLOZINA,XINOPAR 10
EMPAGLIFLOZINA,XINOPAR 25
DICLOFENAC SODICO,CATACLOFEN PLUS-100
APIXABAN,VASCULEXA - 2.5
APIXABAN,VASCULEXA-2.5
APIXABAN,VASCULEXA ­- 5
APIXABAN,VASCULEXA-5
AZUFRE PRECIPITADO,AZUFENA 
FLUCONAZOL,FLUCONAZOL
METFORMINA HCL,MEFTCURE 500
ROSUVASTATINA CÁLCICA,ROSUCURE 10
ROSUVASTATINA,ROSUMIT 40
DICLOFENAC ÁCIDO LIBRE,EURODUAL
ROSUVASTATINA + EZETIMIBE,ROSUMIT EZ
"ACETAMINOFEN, CLORFENIRAMINA MALEATO, CAFEINA ANHIDRA",HISTAGRIP CÁPSULAS
VER AL DORSO,ZOGNO-5
VER AL DORSO,ZOGNO-10
CITICOLINA SODICA EQUIVALENTE A CITICOLINA,CITICOLINA 
SULFATO DE PROTAMINA,PROTAMINA 1000UH/ML RIVERO
METRONIDAZOL,METRONIDAZOL DROTAFARMA
METRONIDAZOL,METROGUARD IV
CLORURO DE SODIO,CLORURO DE SODIO 
PARACETAMOL,PARACETAMOL
ETORICOXIB,ETORIDOL® 60 
HIERRO POLIMALTOSADO COMPLEJO (HIERRO III),CROMATONBIC FERRO NF
INSULINA HUMANA BIFASICA,HUMULIN 70 / 30 
INSULINA ISÓFANA HUMANA,HUMULIN N
INSULINA HUMANA,HUMULIN R
CARFILZOMIB,CARFILZOMIB ELEA 60MG
VILDAGLIPTINA,VILDAS KRISHPAR
CLOTRIMAZOL,INTIMAZOL 
MULTIVITAMINICO (MULTICOMPOSICION),MULTIVITAMINICO-POLIFARMA 
VER AL DORSO,TAMSULON RELAX
VER AL DORSO,AZITROMICINA 500 AG PHARMA
LEFLUNOMIDA,SVINDAL®
ACETAMINOFEN,ACETAMINOFEN 500MG
APIXABÁN,APIVITAE
APIXABÁN,APIVITAE
DEXKETOPROFENO TROMETAMOL,ADOLIUM® 25
VER AL DORSO,AMOXICILINA 
VITAMINA A + VITAMINA C + VITAMINA D3,VITACD
DEXAMETASONA FOSFATO SODICO,DEXAMETASONA 
VER AL DORSO,CEREPENS
ACETILCISTEINA +PIRIDOXINA +VITAMINA C, TRIPLE C NATURE´S GARDEN - FLUID
VER AL DORSO,TRIPLE C TOTAL NATURE´S GARDEN 
LENALIDOMIDA,MYELOPAST 25
FOMEPIZOL,FOMEPIZOL
LENALIDOMIDA,MYELOPAST 10
METRONIDAZOL,METRONIDAZOL 
ALBENDAZOL USP,ALBENDAZOL 
QUETIAPINA FUMARATO USP EQ. A QUETIAPINA,QUETIAPINA 50 AG PHARMA
QUETIAPINA FUMARATO USP EQ. A QUETIAPINA,QUETIAPINA 100 AG PHARMA
DICLOFENACO DIETILAMINA BP EQUIV A DICLOFENAC SODICO,DICLOFENACO DIETILAMINA 
ROSUVASTATINA CALCICA USP EQUIV A ROSUVASTATINA,ROSUVASTATINA 
ROSUVASTATINA CALCICA USP EQ. A ROSUVASTATINA,MACVASTIN 
ROSUVASTATINA CALCICA USP EQUIV A ROSUVASTATINA,ROSUVASTATINA 
ROSUVASTATINA CALCICA USP EQ. A ROSUVASTATINA,MACVASTIN 
MESNA,LEDROX® 200 
MESNA,LEDROX® 400 
ETORICOXIB,OMNIDOL 120
SITAGLIPTIN,SIAGLIX BALIARDA 100
MERCAPTOPURINA BP, MERCAPTOPURINA
KETOROLACO TROMETAMINA, KETOROLACO TROMETAMINA 30 MG/ML 
VER AL DORSO,KERALGIL 
ESCITALOPRAM,EUTIPRAM 5
ÁCIDO DIETILENTRIAMINOPENTAACÉTICO,NEFRO-TEC
AZACITIDINA,AZACITE
VER AL DORSO,DOLO-NERVIOVITAL N
VER AL DORSO,DOLO-NERVIOVITAL XR
SUGAMMADEX SÓDICO EQUIVALENTE A SUGAMMADEX,SUGAMMADEX NORMON 
USTEKINUMAB,USTEKINUMAB
USTEKINUMAB,USTEKINUMAB
SAFINAMIDA (COMO MESILATO),DOMISON 100
CANDESARTÁN CILEXETILO + HIDROCLOROTIAZIDA,ARAST H 32/12.5
CANDESARTÁN CILEXETILO + AMLODIPINA BESILATO,ARAST A 32/10
CANDESARTÁN CILEXETILO + AMLODIPINA BESILATO,ARAST A 32/10
DEXAMETASONA FOSFATO SODICA,DEXAMETASONA
VER AL DORSO,DEXAMETASONA FOSFATO DE SODIO
VER AL DORSO,DEXAMETASONA 
MULTICOMPOSICION,KARY - VIT COMPLEX 
COLECALCIFEROL USP,RADIVIT-D
GLIMEPIRIDA,GLIMEPICOL 2
GLIMEPIRIDA,GLIMEPICOL 4
OMEPRAZOL SODICO BP,OMEPRAZOL -RONAK
NEPAFENACO,NEPAFENACO 
CARVEDILOL,CARVEDILOL 3.125 MG
CARVEDILOL,BLOCCANTE 3.125
VER AL DORSO,ONDANSETRON - RONAK 8 mg / 4 mL
VER AL DORSO,CEFALEXINA 
EMPAGLIFLOZINA,EMPAGLIFLOZINA 
VER AL DORSO,DEXAMETASONA FOSFATO SODICO 
ADALIMUMAB,PAMERA 40 
ROSUVASTATINA CÁLCICA.,MENELIP 10MG
AMOXICILINA,AMOXICILINA
CEFALEXINA ANHIDRA,CEFALEXINA
VER AL DORSO,LONDAR 15 MG
CLONIDINA HCL,TENSODIN® 0.100 
LOSARTÁN POTÁSICO,LOSARTÁN
VER AL DORSO,TRIVENZ®
DICLOFENAC POTASICO,CATACLOFEN K-50
MIGALASTAT (COMO CLORHIDRATO),RELIDAS
N-ACETILCISTEINA,BALTOX®
ESTOLATO DE ERITROMICINA,ERITROMICINA
CAPTOPRIL,CAPTOPRIL
CAPTOPRIL,CAPTOPRIL
AMPICILINA TRIHIDRATO,AMPICILINA
PARACETAMOL,TEMPERAL®  500 
MULTICOMPOSICION,DOLOBENEURAL 
SAFINAMIDA (COMO MESILATO),TURPIAL 50
SAFINAMIDA (COMO MESILATO),TURPIAL 100
PACLITAXEL,PACLITAXEL 
PARACETAMOL/CODEÍNA FOSFATO HEMIHIDRATO,ALIDOL FORTE
FORMOTEROL FUMARATO DIHIDRATO Y BUDESONIDA,FORMOTEROL FUMARATO Y BUDESONIDA 6 & 400 MCG 
FORMOTEROL FUMARATO DIHIDRATO Y BUDESONIDA,FORMOSIDE 6 MCG / 400 MCG
FORMOTEROL FUMARATO DIHIDRATO Y BUDESONIDA,FORMOTEROL FUMARATO Y BUDESONIDA 6 & 200 MCG
FORMOTEROL FUMARATO DIHIDRATO Y BUDESONIDA,FORMOSIDE 6 MCG / 200 MCG 
ROSUVASTATINA CALCICA / ACIDO FENOFIBRICO,TRIOSTATIN PLUS
CODEÍNA FOSFATO / PARACETAMOL,BICODEX
CLOPIDOGREL,CLOPIDOGREL 
AZACITIDINA,AZATIREL
VER AL DORSO,SITANOR MET  NORMON
ROSUVASTATINA (ROSUVASTATINA CÁLCICA),ROSUVASTATINA 20 MG
VER AL DORSO,FLANADOL 
AMOXICILINA Y CLAVULANATO DE POTASIO,AMOXICILINA Y CLAVULANATO DE POTASIO 
AMOXICILINA Y CLAVULANATO DE POTASIO,CLAVUROL 457 MG / 5 ML
AMOXICILINA TRIHIDRATO / ACIDO CLAVULÁNICO,AMOXICILINA Y CLAVULANATO DE POTASIO 1G
AMOXICILINA TRIHIDRATO / ACIDO CLAVULÁNICO,CLAVUROL 
OLAPARIB,OLAPATER
OLAPARIB,OLAPATER
SACUBITRILO + VALSARTÁN,VALSCARD-S 100
SAFINAMIDA (COMO MESILATO),DOMISON 50
ROSUVASTATINA,ROXAR® 40
EMPAGLIFLOZINA + METFORMINA HCL,EMPAGLUCOL®  MET 12.5/1000
EMPAGLIFLOZINA + METFORMINA HCL,EMPAGLIFLOZINA + METFORMINA LAM® 12.5/850 
CAPTOPRIL BP,CAPTOPRIL 
BETAMETASONA + LORATADINA,BERDEXA-L
ATENOLOL + NITRENDIPINA + CLORTALIDONA,GUNITREN
ATENOLOL+NITRENDIPINA+CLORTALIDONA,GUNITREN
PANTOPRAZOL MAGNESICO DIHIDRATO,SECREPAN M 40
METILPREDNISOLONA SUCCINATO DE SODIO,METILPREDNISOLONA SUCCINATO DE SODIO
BISOPROLOL FUMARATO/AMLODIPINO,EUROCOR-AM 5/10
SIMETICONA,PROFLAT
VER AL DORSO,DOLOVIAN 
TADALAFIL,TEMPESTAD 20 MG / 15 ML
CITRATO DE SILDENAFIL,AMOLER LER
IBUPROFEN BP,IBUPROFEN 
BUPIVACAINA CLORHIDRATO + DEXTROSA ANHIDRA,BUPIVACAINA  CLORHIDRATO EN DEXTROSA
SITAGLIPTINA FOSFATO EQUIVALENTE A SITAGLIPTINA,SIPTAGOLD-50
ACETAMINOFENO USP,ACETAMINOFEN 
OLANZAPINA,OROLANZA
CANDESARTÁN CILEXETILO + HIDROCLOROTIAZIDA,ESLOCARD H-16
VER AL DORSO,CYRAMZA 
RAMUCIRUMAB,CYRAMZA
VER AL DORSO,CYRAMZA 
RAMUCIRUMAB,CYRAMZA
CARVEDILOL BP,CARVEDILOL 
CARVEDILOL BP,CARVEDILOL 
DESVENLAFAXINA,DESVENLIFAX 100
ACETONIDO DE TRIAMCINOLONA,TRIAMCINOLONA RICHET
EMPAGLIFLOZINA,EMLIF
PREDNISOLONA,CORTIFAST
PREDNISOLONA,CORTIFLASH
PREDNISOLONA,INFLAGESIC
EMPAGLIFLOZINA,EMLIF
CLONAZEPAM,CROBIO 2
VER AL DORSO,SANORAL
METOPROLOL TARTRATO,METOPROLOL 50
METOPROLOL TARTRATO,CARDPROL 50   
METOPROLOL TARTRATO,METOPROLOL 100
METOPROLOL TARTRATO,CARDPROL 100
TELMISARTÁN,TELMIVITAE
CANDESARTÁN CILEXETIL - AMLODIPINA - HIDROCLOROTIAZIDA,CALMEX® - AH 32/10/25
QUINFAMIDA-ALBENDAZOL,MEBAFAR® PLUS
MOMETASONA FUROATO,MOMETASONA IL CREMA 0.1% INTRALAB
VER AL DORSO,CLOTRIMAZOL +GENTAMICINA+BETAMETASONA 
MOMETASONA FUROATO,MOMETASONA FUROATO
ENALAPRIL MALEATO,ENALAPRIL  MALEATO 
FLUCONAZOL,FLUCONAZOL
CLONAZEPAM,COQUAN
CLORHIDRATO DE XILOMETAZOLINA + DEXPANTENOL,NAXYLOM
MOXIFLOXACINA HCL, MOXIFLOXACINA  400 MG
CANDESARTÁN CILEXETILO + HIDROCLOROTIAZIDA,CANDERARIA-H 16/12.5
CANDESARTÁN CILEXETILO + HIDROCLOROTIAZIDA,CANDERARIA-H 32/12.5
EMPAGLIFLOZINA,EMADIAN® 10
VER AL DORSO,CLINDAMYL 
ERLOTINIB CLORHIDRATO EQ. A ERLOTINIB,ERLOTINIB 150 AG PHARMA
ERLOTINIB CLORHIDRATO EQ. A ERLOTINIB,ERLOTINIB 100 AG PHARMA
VER AL DORSO,PANTOPRAZOL 40 AG PHARMA
VER AL DORSO,BEEPLEX FORTE
DEXAMETASONA + TOBRAMICINA.,CITOL DEXA + TOBRA
BROMFENAC SÓDICO SESQUIHIDRATO,ALGILEM 
NAPROXENO BP,NAPROXENO 
ROSUVASTATINA CALCICA USP EQUIV A ROSUVASTATINA,ROSUVASTATINA 
ROSUVASTATINA CALCICA USP EQ. A ROSUVASTATINA,MACVASTIN 
AMLODIPINA,AMLODIPINA 
CLOTRIMAZOL,CLOTRIMAZOL 
VER AL DORSO,IBUPROFEN 
VER AL DORSO,KLOSSIL
VER AL DORSO,KLOSSIL-PLUS
CLOPIDOGREL,LISPLAG
CLOPIDOGREL,CLOPIDOGREL MF
PARACETAMOL,ACETAMINOFEN
ARIPIPRAZOL,ARIPRID
BISOPROLOL FUMARATO + HIDROCLOROTIAZIDA, LINOVO D MAX  10
BISOPROLOL FUMARATO + HIDROCLOROTIAZIDA,LINOVO D MAX 5
SIMETICONA,PROFLAT
ROSUVASTATINA CÁLCICA + EZETIMIBE,ROSUDCORADIA EZ 20/10
ROSUVASTATINA CÁLCICA,ROSUDCORADIA-40
ROSUVASTATINA CÁLCICA,ROSUDCORADIA-20
PREGABALINA + CLORHIDRATO DE TRAMADOL,LOBUXAL® 
CLORHIDRATO DE TRAMADOL + PREGABALINA,LOBUXAL® 
SUNITINIB MALATO,"UNITIOB 12,5 MG"
AXITINIB,IXAFNIB 5 MG
CARBINOXAMINA MALEATO + FENILEFRINA HCL,IBERCOX-F JARABE 
CLONAZEPAM,COQUAN
ESOMEPRAZOL SODICO,ESONOR NORMON 40 MG
SUCCINATO DE SOLIFENACINA + TAMSULOSINA CLORHIDRATO,VEJICALM PLUS
CLORHIDRATO DE TRAMADOL,NEOLNESS
DEXKETOPROFENO TROMETAMOL,NEO-DEXK
ROSUVASTATINA CÁLCICA + EZETIMIBE,ASTRUVAS EZ 20/10
CLOPIDOGREL BISULFATO,ASTUGREL
BISOPROLOL FUMARATO + HIDROCLOROTIAZIDA,BETAST H 10
BISOPROLOL FUMARATO + HIDROCLOROTIAZIDA,BETAST H 5
BISOPROLOL FUMARATO,BETAST 10
BISOPROLOL FUMARATO,BETAST 5
VER AL DORSO,ARAST PLUS 32
VER AL DORSO,ARAST PLUS 16
ROSUVASTATINA CÁLCICA,ASTRUVAS 40
ROSUVASTATINA CÁLCICA,ASTRUVAS 20
FENOL,NORAVER GARGANTA SOLUCIÓN BUCAL SABOR MENTA
FENOL,NORAVER GARGANTA SOLUCIÓN BUCAL SABOR CEREZA
SUNITINIB MALATO,UNITIOB 50 MG
SUNITINIB MALATO,UNITIOB 25 MG
OLMESARTÁN MEDOXOMILO / AMLODIPINO BESILATO,OLMENOR AMLO NORMON
OLMESARTÁN MEDOXOMILO/ AMLODIPINO BESILATO,OLMENOR AMLO NORMON  
OLMESARTÁN MEDOXOMILO/HIDROCLOROTIAZIDA,OLMENOR HCTZ NORMON 
FLUCONAZOL + SECNIDAZOL,FLUCONAZOL + SECNIDAZOL 
AMPICILINA TRIHIDRATO,AMPIKART
ROSUVASTATINA CALCICA,ROSUVASTATINA 
CEFOTAXIMA SÓDICA EQUIVALENTE A CEFOTAXIMA,BACCEFEL ®1 G 
PREGABALINA 75 MG,PREGABALINA 75 MG
MOMETASONA FUROATO USP,MOMETASONA FUROATO 
OMEPRAZOL,OMEPRAKART-20
NISTATINA BP,NISTATINA 
FÁRMACO BNT162B2 ÓMICRON (LP.8.1),COMIRNATY VACUNA ARNM (VER AL DORSO)
FÁRMACO BNT162B2 ÓMICRON (LP.8.1),COMIRNATY VACUNA ARNM (VER AL DORSO)
HIDROXICINA HCL,HYDERAX 25 MG
SILDENAFIL,SILDENAFIL 
SILDENAFIL,SILDENAFIL
ACETATO DE ABIRATERONA,ARABITRO 500MG
ENOXAPARINA SÓDICA USP,ENOXAPARINA 
ENOXAPARINA SÓDICA USP,ENOXAPARINA SÓDICA 
ENOXAPARINA SÓDICA,LOMORIN
AMPICILINA TRIHIDRATO,AMPIKART
OMEPRAZOL,OMESEC 
VER AL DORSO,ROXETIL® 
IBUPROFENO BP,IBUPROFEN
VER AL DORSO,MATERFOLI
ETORICOXIB,ETORICOXIB
ETORICOXIB,ETORICOXIB
OXITOCINA,OXITOCINA
VER AL DORSO,PRECOR D 5 / 12.5MG
ETORICOXIB,ETORICOXIB
VONOPRAZAN FUMARATO,VOZAMA ® 10
VONOPRAZAN FUMARATO,VOZAMA ®   20
NALTREXONA CLORHIDRATO USP,NORET 50 MG
VER AL DORSO,AMOXICILINA / CLAVULANATO POTASICO 
SULFATO DE ATROPINA USP 1 MG/ML,ACIAROP 
CLORHIDRATO DE DEXMEDETOMIDINA,DEKSTOMID 
AMOXICILINA TRIHIDRATO + ACIDO CLAVULÁNICO,MOPEN PLUS
AMOXICILINA + ÁCIDO CLAVULÁNICO,MOPEN PLUS
ADENOSINA USP,ADENOSINA
CLORHIDRATO DE DOBUTAMINA USP EQ. A DOBUTAMINA,DOBUTAMINA
GLUCONATO DE CALCIO,GLUCONATO DE CALCIO 
METOTREXATO,METOTREXATO 
LENALIDOMIDA,NAT-LENALIDOMIDA 10
LENALIDOMIDA,NAT-LENALIDOMIDA 25
LEVETIRACETAM USP,LEVETIRACETAM TABLETA USP 500 MG
CAPTOPRIL BP,CAPTOPRIL 
ESCITALOPRAM,EUTIPRAM 10
MOXIFLOXACINA HCL.,CITOL MOXIFLOXACINA 
SUCCINATO SÓDICO DE METILPREDNISOLONA,METILPREDNISOLONA -RONAK
AMOXICILINA SÓDICA / CLAVULANATO DE POTASIO,AMOXICILINA & ÁCIDO CLAVULÁNICO
PANTOPRAZOL SÓDICO,PANTOPRAZOL 
DEXKETOPROFENO TROMETAMOL,DEXKETOPROFENO 25 MG MK® TABLETAS RECUBIERTAS 
CARBOXIMALTOSA FÉRRICA,FERRESUED
SUGAMMADEX SÓDICO,SUGAMMADEX
VER AL DORSO,DEXATOBRIMIN
COLECALCIFEROL (VITAMINA D3) BP,COLECALCIFEROL
COLECALCIFEROL (VITAMINA D3) BP,COLECALCIFEROL
HIALURONATO DE SODIO BP,HIALURONATO DE SODIO
DICLOFENAC SODICO,DICLOFENAC RHYDBURG
OLOPATADINA CLORHIDRATO,OLOPATADINA
CIPROFLOXACINA (COMO CLORHIDRATO MONOHIDRATO),CIPROFLOXACINA
CLORHIDRATO DE PALONOSETRÓN EQUIVALENTE A PALONOSETRÓN,PALONOSETRÓN 
VER AL DORSO,HIERRO SACAROSA
RANITIDINA HCL,RANITIDINA
PARACETAMOL BP,PARACETAMOL
KETOROLACO TROMETAMINA,KETOROLACO TROMETAMINA 
HIOSCINA BUTILBROMURO,HIOSCINA 
SULFATO DE ZINC,NOR-CREZINC ®
TRIMETAZIDINA CLORHIDRATO,TRIMECOL XR
PREDNISOLONA,CORTIFLASH
NIFEDIPINA,NIDIPICOL XR 30
BENCILPENICILINA BENZATINA,PENICILINA G BENZATINICA 
CLORHIDRATO DE CETIRIZINA,CETIRIZINA 5MG/5ML
LEVOCETIRIZINA HCL,LEVONAPRED 
PIPERACILINA SODICA Y TAZOBACTAM SODIO,PIPERACILINA Y TAZOBACTAM -RONAK
CETIRIZINA DICLORHIDRATO,CETIRIZINA DROTAFARMA
LEVOCETIRIZINA DICLORHIDRATO,LEVOCIT 2.5 MG/5 ML
VIGABATRINA,VIGABATRINA
DETROMETORFANO BROMHIDRATO + GUAFENESINA,TUSSIS OM EXPECTORANTE
DEXTROMETORFANO BROMHIDRATO,TUSSIS OM
CANDESARTAN CILEXETILO,CANDESARTAN 8 MG
CANDESARTAN CILEXITLO,CANDESARTAN 16 MG
BENCIDAMINA CLORHIDRATO + FLUORURO DE SODIO,BENCIDAMINA + FLUORURO DE SODIO
ETORICOXIB,ETORICOXIB 90 MG PARABIEN
ETORICOXIB,ETORICOXIB 120 MG PARABIEN
CLORHIDRATO DE METFORMINA,MET-CORE 500 XR/ CLORHIDRATO DE METFORMINA
CLORHIDRATO DE METFORMINA,MET-CORE 750 XR/ CLORHIDRATO DE METFORMINA
VER AL DORSO,KETOTIFENO 1 MG GENERIFAR/ KETOTIFENO 
NISTATINA + METRONIDAZOL,MENITAX PLUS
METRONIDAZOL BENZOATO EQUIVALENTE A METRONIDAZOL BASE,INTRANIDAZOL 
VER AL DORSO,CLOREXIN 
ONDANSETRON HCL DIHIDRATADO EQUIVALENTE A ONDANSETRON,ONDANSETRON ALFA 
LEVONORGESTREL + ETINILESTRADIOL,NICOLLE®
VER AL DORSO,BRONCETIL PLUS 
ACETAMINOFEN USP,ACETAMINOFEN 
ACIDO TRANEXAMICO,ACIDO TRANEXAMICO 
RIVAROXABÁN MICRONIZADO,RIVAROXABÁN CALOX
RIVAROXABÁN MICRONIZADO,RIVAROXABÁN CALOX
RIVAROXABÁN,ROTHROM
RIVAROXABÁN,ROTHROM
RIVAROXABÁN,ROTHROM
NIFEDIPINA,NIFEDIPINA 
CLOXACILINA SÓDICA EQUIVALENTE A CLOXACILINA,CLOXACILINA SÓDICA
RIVAROXABAN,RISPLAR-10
NIFEDIPINA BP,NIFEDIPINA 
RIVAROXABAN,RISPLAR-15
RIVAROXABAN,RISPLAR-20
ATENOLOL BP,ATENOLOL 
AMPICILINA SODICA EQUIV A AMPICILINA,AMPICILINA 
DESLORATADINA,DESTACURE
VER AL DORSO,CEFTRIAXONA
VER AL DORSO,AMPICILINA
ENOXAPARINA SODICA,MAREPARIN
ENOXAPARINA SODICA,MAREPARIN
LORATADINA USP,LORATADINA 
ACETAMINOFEN,ACETAMINOFEN 
MEROPENEM USP,EUPEN
BUDESONIDA + FORMOTEROL FUMARATO DIHIDRATO,BUDESONIDA + FORMOTEROL FUMARATO DIHIDRATO
BUDESONIDA + FORMOTEROL FUMARATO DIHIDRATO,BUDATO
CLARITROMICINA,CLARITROMICINA 250 mg/5 mL
LORATADINA + DEXAMETASONA SODIO FOSFATO,LORATADINA 5 MG + DEXAMETASONA 1 MG / 5 ML
TRIHIDRATO DE MEROPENEM,MEROPENEM -RONAK
ACETAMINOFÉN,ADOREM 1G
SIMVASTATINA BP,SIMVASTATINA 
VER AL DORSO,SUEDGLIPTIN M
VER AL DORSO,SUEDGLIPTIN M
ACETAMINOFEN,ACETAMINOGER
ITRACONAZOL,GUZITROL  
DIDROGESTERONA BP,DIDROGESTERONA
DESVENLAFAXINA,DESVENLIFAX 50
DEFLAZACORT,DEFLAZACORT 30 MG GENERIFAR / DEFLAZACORT
EMPAGLIFLOZINA + CLORHIDRATO DE METFORMINA,GLIDAME DUO 12.5 / 850 MG 
EMPAGLIFLOZINA + CLORHIDRATO DE METFORMINA,GLIDAME DUO 12.5 / 1000 MG 
HIALURONATO DE SODIO,OFTALDAY
VER AL DORSO,LISINOPRIL + AMLODIPINA (VER AL DORSO) 
CANDESARTÁN CILEXETILO,CANDESARTÁN 32 MG GENERIFAR
ASPARTATO DE ARGININA,PLUSARGIN F®  5G / 10 ML
FOSFATO DE CLINDAMICINA,CLINDAMICINA
VER AL DORSO,DOLO NEUROTROPAS GARY 
FUROSEMIDA,FUROSEMIDA
SIMETICONA,BURMICIN SUSPENSIÓN 
ACETAMINOFEN + FOSFATO DE CODEINA HEMIHIDRATO,CODETAMOL
DASATINIB,TYKOSAT
OMEPRAZOL SÓDICO,OMEPRAZOL SÓDICO 
ROSUVASTATINA CÁLCICA + EZETIMIBE,ASTRUVAS EZ 40/10
ROSUVASTATINA CÁLCICA + EZETIMIBE,ROSUDCORADIA EZ 40/10
VER AL DORSO, DEXA NEUROTROPAS GARY        
RIVAROXABAN,HEMOLISIN 15
METFORMINA HCL,GLURA-850 
METFORMINA HCL,GLURA-1000
NIFEDIPINA,SUDIPIN 20
NIFEDIPINA,SUDIPIN 30
NIFEDIPINA,SUDIPIN 60
MONTELUKAST SODICA (EQUIVALENTE A MONTELUKAST),ALERMONT 5 
SERTRALINA HCL,SERTRALINA 100
SERTRALINA HCL,SERTONIN 100
SERTRALINA HCL,SERTRALINA 50
SERTRALINA HCL,SERTONIN 50
ANTÍGENOS DE SUPERFICIE INACTIVADOS,INFLUVAC 
RIVAROXABAN,RIVAROXABAN
RIVAROXABAN,RESVAG
CLOZAPINA,LEPONEX
CLOZAPINA,LEPONEX
LEVETIRACETAM USP,LEVETIRACETAM 
GRISEOFULVINA BP,GRISEOFULVINA
PROGESTERONA BP,PROGIDEX 
PROGESTERONA BP,PROGIDEX 
ACETAMINOFEN,ISAFEN
DIOSMINA + HESPERIDINA,DIOSMINA 450MG + HESPERIDINA 50MG IF
ENZALUTAMIDA,KREVEDA 
DIOSMINA + HESPERIDINA,DIOSMINA 900MG + HESPERIDINA 100MG IF
AMBROXOL CLORHIDRATO BP,AMBROXOL  CLORHIDRATO 
MIRTAZAPINA,MIRTAZAPINA
TRAZODONA,ZOREX 
BROMFENAC (COMO BROMFENACO SODICO SESQUIHIDRATO),OFTABEL 
RIVAROXABAN,HEMOLISIN 20
RIVAROXABAN,HEMOLISIN 10
PREDNISOLONA,CORTIFAST 
LEVODOPA Y CARBIDOPA MONOHIDRATO,DESDOPA-C 250 / 25
OLMESARTÁN MEDOXOMILO (D.C.I.), OLMENOR NORMON  
OLMESARTÁN MEDOXOMILO (D.C.I.),OLMENOR NORMON 
OLMESARTÁN MEDOXOMILO/ AMLODIPINO BESILATO,OLMENOR AMLO NORMON  
FUROSEMIDA USP,FUROSEMIDA 
ATORVASTATINA CALCICA,ATORVASTATINA  
OMEPRAZOL,OMEPRAZOL 
HIDROCLOROTIAZIDA,HIDROCLOROTIAZIDA 
LOSARTÁN POTASIO,LOSARTÁN  
RIVAROXABAN,RIVACRIST  
RIVAROXABAN,RIVACRIST  
RIVAROXABAN,RIVACRIST 
NISTATINA USP,NISTATINA 
ÁCIDO ZOLEDRÓNICO,DENSIS 
LISINOPRIL DIHIDRATO + HIDROCLOROTIAZIDA,ZESTORETIC 
LISINOPRIL DIHIDRATO,ZESTRIL 
AMLODIPINA BESILATO,AMLODIPINA RHYDBURG
CLORHIDRATO DE METFORMINA,METFORMINA RHYDBURG 
DAPAGLIFLOZINA,PAZIGLIP 5 MG  
DAPAGLIFLOZINA,PAZIGLIP 10 MG  
CITRATO DE CAFEÍNA,SITAFEIN
VER AL DORSO,VICK GRIP-10
CLORHIDRATO DE AMIODARONA,CORDARONE 
VER AL DORSO,VELIAN-B®
ÁCIDO ASCÓRBICO,ACIDO ASCORBICO RHYDBURG
"DICLOFENACO SÓDICO, PARACETAMOL",DICLOFENACO SÓDICO + PARACETAMOL RHYDBURG
OMEPRAZOL,OMEPRAZOL RHYDBURG
ENALAPRIL MALEATO,ENALAPRIL 20 MG MK TABLETAS
DICLOFENAC SODICO BP,DICLOFENAC  SODICO 
CENTELLA ASIATICA,CENTELLA ASIATICA
ACETATO DE ABIRATERONA,ABIRAND
CLONIDINA HCL,TENSODIN® 0.150
RIVAROXABAN,RIVAROXABAN 10 mg
RIVAROXABAN,RIVAROXABAN 20 mg
IBUPROFEN,IBUPROFEN 
REMIFENTANIL CLORHIDRATO,REMIFENTANIL CLORHIDRATO
CANDESARTÁN CILEXETILO + HIDROCLOROTIAZIDA,CANDERCURE H 16
CANDESARTÁN CILEXETILO + HIDROCLOROTIAZIDA,CANDERCURE H 32
LENALIDOMIDA,LIDOXIM
LORATADINA,ISALOR
DULOXETINA CLORHIDRATO,DULOXETINA 30MG
SITAGLIPTINA/METFORMINA CLORHIDRATO,DIABELINA M 50/850
OCRELIZUMAB,OCREVUS 
SIMETICONA,BURMICIN GOTAS 
AMOXICILINA TRIHIDRATO,AMOXICILINA 500 MG MK  
CEFADROXIL,BACTERAM-1000
ENZALUTAMIDA, ENZALUXANE
AMLODIPINA BESILATO,PREMINA 10
AMLODIPINA BESILATO,PREMINA 5
DIHIDROXIPROGESTERONA ACETOFENIDO + ESTRADIOL ENANTATO,CLINOMIN 
"ENANTATO DE NORETISTERONA, VALERATO DE ESTRADIOL",MESQUIL
DIVALPROEX SODICO,DIVALPROEX SODICO 500
DIVALPROEX SODICO,DIVALPROEX SODICO 250
VITAMINA E,VITAMINA  E 
LORAZEPAM,LORAZEPAM
LORAZEPAM,LOXMEL
CLORHIDRATO DE ONDANSETRON DIHIDRATO,ONDANSETRON
CITICOLINA SODICA,CITICOLINA
ÁCIDO ASCÓRBICO,ÁCIDO ASCÓRBICO 
VORICONAZOL,VORICONAZOL
KETOCONAZOL,KETOCONAZOL
VER AL DORSO,COMARA-A/D 16/5/12.5 
CANDESARTÁN CILEXETILO + HIDROCLOROTIAZIDA,COMARA-D 
BISOPROLOL FUMARATO,FARIBIS-5
BISOPROLOL FUMARATO + HIDROCLOROTIAZIDA,FARIBIS-D
FULVESTRANT,FULVITAS
BISOPROLOL FUMARATO,SOLOL 5
BISOPROLOL FUMARATO,SOLOL 2.5
LISINOPRIL DIHIDRATO,LOWPRIL 20
FUROSEMIDA,HID 40
CARVEDILOL,CARVREM 12.5
CARVEDILOL,CARVREM 6.25
AMLODIPINA BESILATO,AMPRES 10
AMLODIPINA BESILATO,AMPRES 5
DROSPIRENONA / ETINILESTRADIOL,FEMMED
RIVAROXABÁN,RIVOXVITAE
LISINOPRIL DIHIDRATO,LOWPRIL 10
RIVAROXABAN,RIVAROXABAN 20 MG
RIVAROXABAN,RIVAROXABAN 15 MG
LOSARTÁN POTÁSICO,LOSARTÁN POTÁSICO 50 MG
VER AL DORSO,CARBOXIMETILCELULOSA
ADEMETIONINA,HEPTRAL
TERBINAFINA CLORHIDRATO,FARBICIL
KETOCONAZOL,KETOCONAZOL
DEFLAZACORT,DEFLAZACORT 6 MG GENERIFAR 
CROMOGLICATO SODICO BP,CROMOGLICATO SODICO 
CLORHIDRATO DE XILOMETAZOLINA + DEXPANTENOL,NAXYLOM PEDIATRICO
PROGESTERONA,CYCLOGEST 400 MG 
ADALIMUMAB,HYRIMOZ 40 MG / 0.4 ML
ADALIMUMAB,HYRIMOZ 80 MG / 0.8 ML
HIDROCORTISONA BASE,ADRENOCORT VP 10 MG
HIDROCORTISONA BASE,ADRENOCORT VP 20 MG
MULTICOMPOSICION,DEXTREVIT
BISOPROLOL FUMARATO,P-LARAPRES 
BISOPROLOL FUMARATO,P­-LARAPRES
BISOPROLOL FUMARATO,P-­LARAPRES
VER AL DORSO,ZOPICLONA
VALSARTAN + AMLODIPINA + HIDROCLOROTIAZIDA,VALSARTEC AH 160/5/12.5
VALSARTAN + AMLODIPINA + HIDROCLOROTIAZIDA,VALSARTEC AH 160/10/25
CITRATO DE SILDENAFIL,SILDENAFIL RHYDBURG
PARACETAMOL,PARACETAMOL RHYDBURG
HALOPERIDOL,FUNZIONA
HALOPERIDOL,FUNZIONA
SILDENAFIL CITRATO,SILDENAFIL 100 MG PARABIEN
BISOPROLOL FUMARATO,BETAST 2.5
DICLOFENAC POTÁSICO + CLORZOXAZONA + ACETAMINOFÉN,ALIVIONAC R
ICOSAPENTO DE ETILO,ICOPEN 1
ACETAMINOFÉN,KONTRA-DF
ICOSAPENTO DE ETILO,ICOPEN 0.5
BUSPIRONA CLORHIDRATO,RELAX
BUSPIRONA CLORHIDRATO,BUSPAR
BUSPIRONA CLORHIDRATO,BUSPAR
LEVONORGESTREL + ETINILESTRADIOL,MARGARITA 
LEVONORGESTREL + ETINILESTRADIOL,MARGARITA
GLICOPIRROLATO USP,GLICOPIRROLATO
GLICOPIRRONIO +INDACATEROL,GLYCATEROL
RIVAROXABAN,RIVAROXABAN 10 MG
ESMOLOL CLORHIDRATO INYECCIÓN,ESMOLOL CLORHIDRATO
VALSARTAN + HIDROCLOROTIAZIDA,FRACTAL-H 160/12.5
METOCLOPRAMIDA CLORHIDRATO,METOCLOPRAMIDA
MONTELUKAST,LUMONT 10
FLUCONAZOL,FLUCONAZOL 2MG/ML 
LORATADINA,ALER-KA 
QUETIAPINA,QUETIAPINA 25 MG
LOSARTAN POTASICO,LOSARTAN POTASICO RHYDBURG
RISPERIDONA,ALREDIL
RIVAROXABÁN,RIVATHROMB
RIVAROXABÁN,RIVATHROMB
RIVAROXABÁN,RIVATHROMB
MIDAZOLAM,DEBONAL
ROXITROMICINA,ROLIXINA 300 MG
ACETILCISTEINA BP,BRONQUIOLIN
METILFENIDATO HIDROCLORURO,ATEXAM 18 MG
METILFENIDATO HIDROCLORURO,ATEXAM 27 MG
METILPREDNISOLONA SUCCINATO DE SODIO,METILPREDNISOLONA SUCCINATO DE SODIO
METILPREDNISOLONA SUCCINATO DE SODIO,METILPREDNISOLONA SUCCINATO DE SODIO
METILFENIDATO HIDROCLORURO,ATEXAM 36MG
METILFENIDATO HIDROCLORURO,ATEXAM 54MG
ESOMEPRAZOL SODICO,NEXIUM 40MG
ESOMEPRAZOL SODICO,NEXIUM 40 MG
KETOROLACO TROMETAMINA,KETOROLACO 30 MG
KETOROLACO TROMETAMINA,KETOROLACO 60 MG
LISINOPRIL DIHIDRATO,FARIPRIL-10
LISINOPRIL DIHIDRATO + HIDROCLOROTIAZIDA,FARIPRIL-D 
LORATADINA,LORATADINA 
ADENOSINA,ADENOSINA 
LEVOCETIRIZINA DICLORHIDRATO,ALGIUS
AMPICILINA TRIHIDRATO,AMPICILINA
"BETAMETASONA, GENTAMICINA, MICONAZOL",BETAGENZOL
BISOPROLOL FUMARATO,BISOPROLOL  FUMARATO 
BISOPROLOL FUMARATO USP,BISOPROLOL  FUMARATO 
BISOPROLOL FUMARATO USP,BISOPROMAC 
BISOPROLOL FUMARATO USP,BISOPROLOL  FUMARATO 
BISOPROLOL FUMARATO USP,BISOPROMAC 
BISOPROLOL FUMARATO USP,BISOPROLOL  FUMARATO 
BISOPROLOL FUMARATO USP,BISOPROMAC 
AMLODIPINA BESILATO,BLOCDIPIN 10 
AMLODIPINA BESILATO,BLOCDIPIN 5
VER AL DORSO,CASEN ENEMA
DICLORHIDRATO DE CETIRIZINA,CETIRIZINA
CETIRIZINA,CETIRIZINA 
CETIRIZINA + PSEUDOEFEDRINA,CETIRIZINA 5MG + PSEUDOEFEDRINA 60MG IF  
FUROATO DE MOMETASONA,CLARINEX®
EMPAGLIFLOZINA,EMADIAN® 25
MALEATO DE ENALAPRIL,ENALAPRIL
ISOFLURANO USP,ISOFLURANO
KETOCONAZOL,KETOCONAZOL 2% MK
LEVOFLOXACINA,LEVOFLOXACINA
LOSARTAN POTASICO,LOSARTAN MK 50MG
VER AL DORSO,MEMOVITAL MAGNESIADO 
PARACETAMOL BP,PARACETAMOL
RIVAROXABAN,RANTILLA 10
RIVAROXABAN,RANTILLA 15
RIVAROXABAN,RANTILLA 20
SUNITINIB,SUNITINIB 25 MG
SUNITINIB,SUNITINIB 50 MG
TACROLIMUS,TACROLIMUS USP 0.5 MG
LATANOPROST + TIMOLOL MALEATO,TANOLAPROST PLUS NF
VER AL DORSO,UNIGRIP  FORTE 
INMUNOGLOBULINA NORMAL (HUMANA),INMUNOGLOBULINA NORMAL (HUMANA)
WARFARINA SODICA,WARFARINA
ESOMEPRAZOL MAGNÉSICO,ESOMEPRAZOL 
METFORMINA CLORHIDRATO,METFORMINA CLORHIDRATO 
DEXKETOPROFENO TROMETAMOL,DEXKETOPROFENO
VER AL DORSO,SANIDRIL
LINEZOLID,LINEZOLID
PROGESTERONA,PROGESTERONA
VER AL DORSO,ANDIZOL COMBI
METRONIDAZOL,METRONIDAZOL RHYDBURG
VILDAGLIPTINA,VILACRET 
PALMITATO DE PALIPERIDONA,VEGAPAL
PALMITATO DE PALIPERIDONA,VEGAPAL 
PALMITATO DE PALIPERIDONA,VEGAPAL 
PALMITATO DE PALIPERIDONA,VEGAPAL 
TALAZOPARIB,TALZENNA 0.1 MG CÁPSULAS DURAS
DEFERASIROX,FERASIRO FCT
DEFERASIROX,FERASIRO FCT
PARACETAMOL DC 90,PARACETAMOL-750 WEMED 
PREGABALINA,PREGABALINA 
CITICOLINA SÓDICA,CITICOLINA
SILDENAFIL,SILDENAFIL 
LEVONORGESTREL Y ETINILESTRADIOL,LEVONORGESTREL Y ETINILESTRADIOL 
LEVONORGESTREL Y ETINILESTRADIOL,ELLA-28
VER AL DORSO,MENALGIL® NEUROTROPAS  10.000
VER AL DORSO,MENALGIL® NEUROTROPAS  25.000
"ACIDO 2,3 DIMERCAPTOSUCCÍNICO",KIDNEY-TEC
ARTICAINA CLORHIDRATO AL 4% CON EPINEFRINA 1:100:000,ARTICAINA CLORHIDRATO AL 4% CON EPINEFRINA 1:100:000
ALFUZOSINA CLORHIDRATO,ALFUZOSINA CLORHIDRATO 
LINEZOLID,BACTIFULL®
TINIDAZOL,TINIDAZOL
CARFILZOMIB,ZELEV
ENZALUTAMIDA,ENZAVITAE
CEFADROXILO MONOHIDRATO EQUIVALENTE A CEFADROXILO BASE,KARYBROX
GABAPENTINA 300 MG,GABATRON
DROSPIRENONA + ETINILESTRADIOL,UMMA® MD
CANDESARTÁN CILEXETILO,COMARA-16 
CANDESARTÁN CILEXETILO,COMARA-32
DROSPIRENONA + ETINILESTRADIOL,UMMA®
ALBENDAZOL,ALBENDAZOL 
RIVAROXABÁN,RIVOXVITAE
OMEPRAZOL BP (COMO GRÁNULOS ENTERICOS RECUBIERTOS),OMEPRAZOL DROTAFARMA
SILDENAFIL CITRATO EQUIV. A SILDENAFIL,RI-CHARG-100
OLANZAPINA,OLANZAPINA ROSPAW
MENOTROFINA,MERAPUR 75 UI
TACROLIMUS,TACROLIMUS USP 1 MG
ENALAPRILATO USP,ENALAPRILATO INYECTABLE 1.25
PREDNISOLONA,CORTIFAST 
PREDNISOLONA,CORTIFLASH
VER AL DORSO,BETAXIL®  
RIVAROXABÁN,RIVARBAN 10
SUCCINATO SODICO DE METILPREDNISOLONA TAMPONADA,METILPREDNISOLONA- VEM 
VER AL DORSO,METICURE
SUNITINIB,SUNITINIB 12.5 MG
VER AL DORSO,KETOFLAX CLIN
ESOMEPRAZOL SÓDICO,ESOMEPRAZOL
ACIDO ASCORBICO ANHIDRO,VITAMINA C 1000 MG
IBUPROFEN BP,NEXAFENO 
VER AL DORSO,NEXACLAV  PLUS
LIRAGLUTIDA (ORIGEN R-ADN),LIRIA
CLOBETASOL PROPIONATO,CLOBETACOL 
DABIGATRAN ETEXILATO,DABIFIB 150
ROSUVASTATINA CALCICA,LIPONOR 40 
DEXKETOPROFENO TROMETAMOL,DEXKETOPROFENO 25 MG
N-ACETILCISTEÍNA,FLEMAXIN
LISINOPRIL DIHIDRATO,FARIPRIL-20
AMLODIPINA BESILATO,ANTAPRESS-5
AMLODIPINA BESILATO,ANTAPRESS-10
AMLODIPINA BESILATO + LISINOPRIL DIHIDRATO,ANTAPRESS-L
AMLODIPINA BESILATO + HIDROCLOROTIAZIDA,ANTAPRESS-D
ROSUVASTATINA BASE,ROSNET 20
CARIPRAZINA CLORHIDRATO,PRAZINAL ® 6
AMLODIPINA + LOSARTAN + HIDROCLOROTIAZIDA,CARDICOL ARA D 5-100-12.5
LORATADINA USP,LORATADINA 
KETOROLACO TROMETAMINA,KETOROLACO  -RONAK
METRONIDAZOL BP,METRONIDAZOL 
BUDESONIDA (MICRONIZADA),BUDESONIDA
VER AL DORSO,POEN XEGREX LC
ETANERCEPT,NEPEXTO
ETANERCEPT,NEPEXTO
ETANERCEPT,NEPEXTO
ETANERCEPT,NEPEXTO
LANSOPRAZOL,LANSOPRAZOL 30 MG MK
BISOPROLOL FUMARATO,FARIBIS-10
METFORMINA,EUROMET-XR 
BISOPROLOL FUMARATO,APRENOL 5
CLONIDINA HCL,CLONIPRESS
ÁCIDO FÓLICO,ÁCIDO FÓLICO ETHICAL
RIVAROXABAN,EUROFARMA RIBEX 10 mg
RIVAROXABAN,EUROFARMA RIBEX 15 mg
AMLODIPINA BESILATO,AMLODIPINA -  DROTAFARMA
AZACITIDINA,AZADUAL
BISOPROLOL FUMARATO,BISOPROL FUMARATO 
PROPINOXATO CLORHIDRATO - CLONIXINATO DE LISINA,CALMADIAX®
CARIPRAZINA CLORHIDRATO,PRAZINAL ® 1.5
CARIPRAZINA CLORHIDRATO,PRAZINAL ® 3 
CARIPRAZINA CLORHIDRATO,PRAZINAL ® 4.5 
METFORMINA HCL,GLURA-500 
METFORMINA,HIPOGLUCEM-XR 
SACUBITRILO + VALSARTÁN,VALSCARD-S 200
RIVAROXABÁN,RIVARBAN 15
RIVAROXABÁN,RIVARBAN 20
AMPICILINA TRIHIDRATO,AMPICILINA DROTAFARMA
AMOXICILINA TRIHIDRATO,AMOXICILINA DROTAFARMA
BETAHISTINA DICLORHIDRATO,BETAHISTINA 24 MG
BETAHISTINA DICLORHIDRATO,BETIFIN 24 MG 
CIPROFLOXACINA CLORHIDRATO,CITOL ETICOS
MULTICOMPOSICION,HEPALIVE ADVANCE      
CIPROFLOXACINA,CIPROFLOXACINA
ONDANSETRÓN HCL DIHIDRATADO EQUIVALENTE A ONDANSETRÓN,TERFAZ® 
CLOPIDOGREL BISULFATO,CLOPIMIT 75
RIVAROXABAN,RIVOXVITAE
RIVAROXABAN,RIVAROXABAN 15 mg
CIPROFLOXACINA HCL EQ. CIPROFLOXACINA,CIPROFLOXACINA 
IBUPROFENO,IBUPROFENO 
OMEPRAZOL,OMEPRAZOL 
CARBOXIMALTOSA FÉRRICA EQUIVALENTE A HIERRO ELEMENTAL,CARBOXIMALTOSA FÉRRICA
CARBOXIMALTOSA FÉRRICA EQUIVALENTE A HIERRO ELEMENTAL,SUED ENCICARB & FARGESA
DEFLAZACORT,DEFLAZACORT 30 MG MK
DEFERASIROX,FERASIRO FCT
AGUA ESTERILIZADA PARA INYECCIÓN BP,AGUA ESTERIL
KETOCONAZOL BP,KETOCONAZOL 
PREGABALINA,PREGAMET-150
ENOXAPARINA SÓDICA USP,ENOXAPARINA SÓDICA
ENOXAPARINA SÓDICA USP,ENOXAPARINA SÓDICA
METRONIDAZOL + SULFATO DE NEOMICINA + NISTATINA,GYNOMETRAL
DEXKETOPROFEN TROMETAMOL,GUTOFEN
METRONIDAZOL,METRONIDAZOL 
VALSARTAN + AMLODIPINA + HIDROCLOROTIAZIDA,VALSARTEC AH 320/10/25
EMPAGLIFOZINA + METFORMINA CLORHIDRATO,EMPAGLIZ M 
SULFATO DE NEOMICINA,NEOMICINA
EMPAGLIFOZINA + METFORMINA CLORHIDRATO,EMPAGLIZ M 
EMPAGLIFOZINA + METFORMINA CLORHIDRATO,EMPAGLIZ M 
CEFALEXINA MONOHIDRATO,CEFALEXINA 250 MG / 5 ML MK
PREDNISOLONA,INFLAGESIC
EMPAGLIFLOZINA,ETIPAGLIF 
EMPAGLIFLOZINA,ETIPAGLIF 
BUSPIRONA CLORHIDRATO,BUSPIRAN
BUSPIRONA CLORHIDRATO,BUSPIRAN
ACETAMINOFÉN,ACETAMINOFÉN
ENOXAPARINA SÓDICA USP,ENOXAPARINA SÓDICA
RIVAROXABÁN,RIVAROXABÁN LAM®  10 MG
VER AL DORSO,LEVOTIROXINA 100 AG PHARMA
VER AL DORSO,DULTEGRA ET
"EMPAGLIFLOZINA, LINAGLIPTINA",LEMERIX-PLUS 25/5
DIOSMINA/ HESPERIDINA,NADLOC 500
ALBENDAZOLE,ALBENDAZOLE 400 MG
CIPROFLOXACIN,CIPROFLOXACIN 500 MG
PARACETAMOL BP,PARACETAMOL  ( ACETAMINOFÉN)
VER AL DORSO,NEXACLAV 
VER AL DORSO,TAZAROL® NEURO
QUETIAPINA,QUETIAVIAN® 100 MG
ETORICOXIB,ETORICOXIB
MANITOL,MANITOL 20%
ETORICOXIB,ETORICOXIB
GEMCITABINA (COMO CLORHIDRATO),GEBINA®
OXALIPLATINO,KEBIR®
OXALIPLATINO,KEBIR®
ÁCIDO MEFENÁMICO,ÁCIDO MEFENÁMICO
DABIGATRAN ETEXILATO,DABITRIN 
LETROZOL,LETROZOL MICROSULES 
ÁCIDO TRANEXÁMICO,HEMODETEN
ÁCIDO TRANEXÁMICO,HEMODETEN
ATENOLOL,ATENOLOL 50 MG
BEVACIZUMAB,BEVACIZUMAB 100MG/4ML
LEVETIRACETAM,VEMEPILEM
ROSUVASTATINA,ROSUMIT 20
PARACETAMOL BP,PARACETAMOL 
SITAGLIPTINA + METFORMINA,GLIPTAN M 50-500
SITAGLIPTINA + METFORMINA,GLIPTAN M 50-1000
LACOSAMIDA,NEULAC 100
"CLOBETASOL 17 - PROPIONATO 0,05 G",EXANIA
VER AL DORSO,DEX-LITOS ZERO PEDIATRICO SABOR CEREZA
VER AL DORSO,DEX-LITOS ZERO PEDIATRICO SABOR COCO
VER AL DORSO,ROSALTA 10 
VER AL DORSO,ROSALTA 20
VER AL DORSO,ROSALTA 40
METFORMINA HCL,BIGUAMINA
SERTRALINA HCL (EQUIVALENTE A SERTRALINA),CALMASER 100
SULFATO DE SALBUTAMOL EQUIVALENTE A SALBUTAMOL,SALBUTAMOL ALFA
VER AL DORSO,ASLEX
VER AL DORSO,DEX-LITOS ZERO PEDIATRICO SABOR FRESA
VER AL DORSO,DEX-LITOS ZERO PEDIATRICO SABOR UVA
VER AL DORSO,DOLO-NEUROALFA XR 
LEVONORGESTREL + ETINILESTRADIOL,NORGESTREL PLUS®
CARBOXIMETILCELULOSA SÓDICA USP,CARBOXIMETILCELULOSA
DIMENHIDRINATO USP,DIMENHIDRINATO
NAPROXENO SODICO EQUIVALENTE A NAPROXENO,DICLOXIN 500
CLOTRIMAZOL + SULFATO DE NEOMICINA + DIPROPIONATO DE BETAMETASONA,TRIDIUVO
LOPERAMIDA,CONTROL D
CLINDAMICINA (FOSFATO) & ADAPALENO,CLINDAMICINA & ADAPALENO
L-ASPARAGINASA,PROPARGIN
KETOROLAC TROMETHAMINE,KETOLTRIN
DEXKETOPROFENO TROMETAMOL,DEXFEN 
DIENOGEST / ETINILESTRADIOL,DIENOGEST 2 MG / ETINILESTRADIOL 0.02 MG  ASTA
DIENOGEST / ETINILESTRADIOL,KELZY
ABIRATERONA,ABIRATERONA 500 MG
QUETIAPINA,QUETIAVIAN® 25 MG
QUETIAPINA,QUETIAPINA 100 MG
CLARITROMICINA/CLORHIDRATO DE AMBROXOL,REZPLEN
METFORMINA,EUROMET-XR 
IRBESARTÁN + AMLODIPINA BESILATO + HIDROCLOROTIAZIDA,IRBESCARD PLUS 300/5/25
IRBESARTÁN + AMLODIPINA BESILATO + HIDROCLOROTIAZIDA,IRBESCARD PLUS 300/10/25
EMPAGLIFLOZINA,GLICEMIN 10
EMPAGLIFLOZINA,GLICEMIN 25
DICLOFENAC SODICO,DICLOFENAC 
METFORMINA,METFORMINA 
TIMOLOL MALEATE BP, TIMOLOL 
LORATADINA USP,LORATADINA 
APIXABAN,APIXABAN
CLORURO DE SODIO,CLORURO DE SODIO 0.9%
NUSINERSEN,LIGONUX
EMPAGLIFOZINA + METFORMINA CLORHIDRATO,EMPAGLIZ M 
EMPAGLIFOZINA + METFORMINA CLORHIDRATO,EMPAGLIZ M 
EMPAGLIFOZINA + METFORMINA CLORHIDRATO,EMPAGLIZ M 
EMPAGLIFOZINA + METFORMINA CLORHIDRATO,EMPAGLIZ M 
EMPAGLIFOZINA + METFORMINA CLORHIDRATO,EMPAGLIZ M 
EMPAGLIFOZINA + METFORMINA CLORHIDRATO,EMPAGLIZ M 
EMPAGLIFOZINA + METFORMINA CLORHIDRATO,EMPAGLIZ M 
LEVOSULPIRIDE,LEVOTROID 25
METFORMINA,HIPOGLUCEM-XR 
NIMODIPINA,NIMOVAR  
BROMAZEPAM,OTEDRAM®
FENOFIBRATO,FENOFIBRAN 160 XR 
VER AL DORSO,SPIRIVA RESPIMAT
PREGABALINA,NERVIUM® 75 
PREGABALINA,NERVIUM® 150 
BILASTINA (D.C.I.),BILASNOR NORMON
RIVAROXABÁN,RIXATYL 10
PREGABALINA,NERVIUM® 300
LEVETIRACETAM,ANORUEN
ROSUVASTATINA + EZETIMIBA,CRAVID EZE
ROSUVASTATINA + EZETIMIBA,CRAVID EZE
SULFATO DE GENTAMICINA,GENTAMICINA
EMPAGLIFLOZINA,EUROPAGLIF 
EMPAGLIFLOZINA,EUROPAGLIF 
LIDOCAÍNA CLORHIDRATO USP,LIDOCAÍNA
ACETATO DE HIDROCORTISONA,HIDROCORTISONA ACETATO 
/CILOSTAZOL (CONTENIDO COMO MICROGRÁNULOS*),CILOSTAL XR 
CILOSTAZOL (CONTENIDO COMO MICROGRÁNULOS*),CILOSTAL XR 
BEVACIZUMAB (ORIGEN R-DNA).,VERSAVO 100
ACIDO TRANEXAMICO,ACIDO TRANEXAMICO
DEXKETOPROFENO,MEDIGRAY MEGALIVIA
METRONIDAZOL BENZOATO BP EQUIVALENTE A METRONIDAZOL,METRONIDAZOL 
BOSUTINIB,BOSUTINIB 500 MG
BOSUTINIB,BOSUTINIB 400 MG
BOSUTINIB,BOSUTINIB 100 MG
GENTAMICINA SULFATO EQUIVALENTE A GENTAMICINA BASE,GENTAMICINA ALFA
AMPICILINA,AMPICILINA 
TRINITRATO DE GLICEROL,TRINITROGLICERINA FABRA
VER AL DORSO,IZABAN DUO
TELMISARTÁN + HIDROCLOROTIAZIDA,TELMISARTÁN + HIDROCLOROTIAZIDA
TELMISARTÁN,TELMISARTÁN
TELMISARTÁN,TELMISARTÁN
LACOSAMIDA,NEULAC 50
INMUNOGLOBULINA HUMANA,INMUNOGLOBULINA HUMANA (PH 4) 
USTEKINUMAB,USTEKINUMAB 90 MG
CLONAZEPAM,KRIADEX®
PROGESTERONA BP ( NATURAL MICRONIZADA ),PROTEGEST
OLANZAPINA,TILGEX
APIXABAN,ELEQUIMAC 
HIDROCLOROTIAZIDA BP,HIDROCLOROTIAZIDA
BISOPROLOL FUMARATO + HIDROCLOROTIAZIDA,CARDIOPROL H 5/12.5
BISOPROLOL FUMARATO + HIDROCLOROTIAZIDA,BISOCURE 5 HCT
ATORVASTATINA CÁLCICA TRIHIDRATO,ATORVASTATINA 
ATORVASTATINA CÁLCICA TRIHIDRATO,TORVALIP
ATORVASTATINA CÁLCICA TRIHIDRATO,ATORVASTATINA 
ATORVASTATINA CÁLCICA TRIHIDRATO,TORVALIP  
DAPAGLIFLOZINA PROPANODIOL MONOHIDRATO,MARVAL
METFORMINA HCI + GLIMEPIRIDA,UDOTIL DUO
ROSUVASTATINA 10 MG,SKAR®10
ROSUVASTATINA 20 MG,SKAR®20
CLORHIDRATO DE AMITRIPTILINA,IBERBITRIL 25
VER AL DORSO,COMPLEJO B + ASPARTATO DE ARGININA ALFA 
NITROFURAZONA,NITROFURAZONA
TRIFLURIDINA / TIPIRACILO,TRIFLURIDINA 20 MG / TIPIRACILO 8.19 MG 
MULTICOMPOSICION,ALIVRUB MK ®
GENTAMICINA,GENTAMICINA 160 MG / 2 ML MK
TAMSULOSINA + TADALAFIL,TAMSUL-T
OMEPRAZOL,OMEPRAZOL 
OMEPRAZOL,OMEPRAKART-40
ACICLOVIR,OXISTERIL® 
ACICLOVIR,ACICLOVIR ALFA 800MG
METFORMINA HCI + GLIMEPIRIDA,UDOTIL DUO
ATORVASTATINA CÁLCICA TRIHIDRATO,ATORVASTATINA 
ATORVASTATINA CÁLCICA TRIHIDRATO,TORVALIP
EMPAGLIFLOZINA,EMPAGLIFLOZINA
METFORMINA HCI + GLIMEPIRIDA,UDOTIL DUO
EBASTINA,MEDIGRAY RINIFIN
GLIMEPIRIDA,BARUTEX
BISIPROLOL FUMARATO,VODREX
EMPAGLIFLOZINA,EMPAGLIFLOZINA
METFORMINA HCI + GLIBENCLAMIDA,UDOTIL PLUS
Clorhidrato de METFORMINA + GLIMEPIRIDA,UDOTIL DUO
TELMISARTÁN + AMLODIPINA BESILATO,TELMISARTÁN + AMLODIPINA
TELMISARTÁN + HIDROCLOROTIAZIDA,TELMISARTÁN + HIDROCLOROTIAZIDA
TELMISARTÁN + HIDROCLOROTIAZIDA,TELMISARTÁN + HIDROCLOROTIAZIDA
TELMISARTÁN + AMLODIPINA BESILATO,TELMISARTÁN + AMLODIPINA
TELMISARTÁN + AMLODIPINA BESILATO,TELMISARTÁN + AMLODIPINA
TELMISARTÁN + AMLODIPINA BESILATO,TELMISARTÁN + AMLODIPINA
METFORMINA HCL + GLIMEPIRIDA,BIGUAMINA-GM
LEVOSULPIRIDE,LEVOTROID
CLONAZEPAM,KRIADEX®
CLONAZEPAM,CLONAZEM®
QUETIAPINA,KETIBER 25
RIVAROXABÁN MICRONIZADO,RIVAROXABÁN CALOX
"SITAGLIPTINA FOSFATO, METFORMINA CLORHIDRATO",SIPTAGOLD-M 
DENOSUMAB,DENOSUREL
GENTAMICINA SULFATO USP EQUIV A GENTAMICINA,GENTAMICINA  SULFATO 
IBUPROFENO + PARACETAMOL,IBULITE®
LEVOFLOXACINA,LEVOSPEY
TICAGRELOR,TIALINEX 90
APIXABAN,APITHROMB
APIXABAN,APITHROMB
DAPAGLIFLOZINA,DAPAONE
ACETILCISTEÍNA + VITAMINA C,ACETILCISTEÍNA 600 MG + VITAMINA C 250 MG IF
ALPRAZOLAM,ALZAM
CLORHIDRATO DE MOXIFLOXACINO,DROXPAN
ESOMEPRAZOL MAGNÉSICO TRIHIDRATO,ESOPRAX® 20
BISOPROLOL FUMARATO,BISKREM 2.5
BISOPROLOL FUMARATO,BISKREM 5
AFATINIB,AFATINIB 40MG
AFATINIB,AFATINIB 30MG
HIDROCORTISONA BASE,ADRENOCORT  VP
METFORMINA,EUROMET-XR 
METFORMINA,HIPOGLUCEM-XR 
DICLOFENAC POTÁSICO,DICLOFENAC
VER AL DORSO,CALCIFOLIC D
EPINEFRINA,ADRENALINA  (EPINEFRINA) 
AMOXICILINA + ACIDO CLAVULANICO,AMOXICILINA + ACIDO CLAVULANICO (VER AL DORSO)
CLINDAMICINA FOSFATO + KETOCONAZOL,CRESAXINA 
VER AL DORSO,IPRATROPIO BROMURO / SULFATO SALBUTAMOL
VER AL DORSO,SALBUTAMOL 2.5  MG + BROMURO DE IPRATROPIO 0.5 MG ALFA 
BROMURO DE IPRATROPIO,BROMURO DE IPRATROPIO ALFA 
LEVONORGESTREL + ETINILESTRADIOL,SAFE PILL ACTIVE
"BETAMETASONA,GENTAMICINA,NITRATO DE MICONAZOL",BETAMETASONA-GENTAMICINA-NITRATO....(VER AL DORSO)
CLOXACILINA SODICA USP EQUIVALENTE A CLOXACILINA,CLOXACILINA  SODICA 
ANFOTERICINA B,ANFOTERICINA B
VER AL DORSO,DEX-LITOS ZERO PEDIATRICO SABOR PIÑA
EMPAGLIFLOZINA + LINAGLIPTINA,EMPAZIN-L 25/5
PROGESTERONA,UTROGESTAN
SIMETICONA,CEROFLAT
BROMURO DE IPRATROPIO + SALBUTAMOL,COMBINEB
FUROSEMIDA,FUROSEMIDA
CLORHIDRATO DE METILFENIDATO,TRADEA    
DEXAMETASONA + CIANOCOBALAMINA + TIAMINA + PIRIDOXINA,DEXA NEUROTROPAS GARY
VER AL DORSO,CARVEPLEX 25
VER AL DORSO,CARVEPLEX 12.5
VER AL DORSO,DEXMEDET 
CIPROFLOXACINA HIDROCLORURO,FLOXINAN
CARBINOXAMINA MALEATO + Fenilefrina Clorhidrato,IBERCOX-F GOTAS 
CLORURO DE SODIO,CLORURO DE SODIO 0.9% ALFA 
VER AL DORSO,NEUMONIL® FORTE
AMOXICILINA TRIHIDRATO BP EQUIVALENTE A AMOXICILINA,AMOXICILINA 
AMOXICILINA + ÁCIDO CLAVULANICO,AMOXICILINA 600 MG + ÁCIDO CLAVULANICO 42.9 MG -5 ML MK 
ITOPRIDE CLORHIDRATO,PRIDOT
EMPAGLIFLOZINA + LINAGLIPTINA,EMPAGLIFLOZINA 25 MG + LINAGLIPTINA 5 MG IF
IBUPROFENO/N-BUTILBROMURO DE HIOSCINA,IBUFAR FEM
OMEPRAZOL BP / USP & BICARBONATO DE SODIO,OMEPRAZOL  & BICARBONATO  DE SODIO 
CITRATO DE TAMOXIFENO BP,TAMOXIFENO  
LEVOFLOXACINA HEMIHIDRATO,LEVOFLOXACINA 
MONTELUKAST + DICLORHIDRATO DE LEVOCETIRIZINA,VER AL DORSO
BISOPROLOR FUMARATO/AMLODIPINO,EUROCOR-AM 5/5
VER AL DORSO,ALFA PRAZE
VITAMINA C ACIDO ASCORBICO USP,C-ZEST 
VER AL DORSO,VITAMINA B COMPLEJO 
TRIAMCINOLONA ACETÓNIDO,TRIAMCINOLONA ACETÓNIDO
QUETIAPINA,CEDALOR 25
EMPAGLIFLOZINA,EMPAGLIZ 10
EMPAGLIFLOZINA,EMPAGLIZ 25
PREGABALINA,PREGASAFE ER 82.5
PREGABALINA,PREGASAFE ER 165
USTEKINUMAB,USTEKINUMAB 45 MG
VILDAGLIPTINA + METFORMINA CLORHIDRATO,NULIA-MET 500
VILDAGLIPTINA + METFORMINA CLORHIDRATO,DAVIRAX 50-500
VILDAGLIPTINA + METFORMINA CLORHIDRATO,VITX IQI 
VILDAGLIPTINA + METFORMINA CLORHIDRATO,DAVIRAX 50-1000
VILDAGLIPTINA + METFORMINA CLORHIDRATO,VITX IQI 50-1000
CLORURO DE SODIO,CLORURO DE SODIO
METRONIDAZOL,METRONIDAZOL 
NILOTINIB CLORHIDRATO MONOHIDRATO,HENILOT IMA 
NILOTINIB CLORHIDRATO MONOHIDRATO,HENILOT IMA
HIOSCINA BUTILBROMURO,HIOSCINA BUTILBROMURO 
AMLODIPINO BESILATO + LISINOPRIL DIHIDRATO,CAVAS-L 5/20
VILDAGLIPTINA,SIPTUS 50
ROSUVASTATINA CALCICA,ROSUVASTATINA 
AZITROMICINA ANHIDRA,AZITROMICINA 
LOSARTÁN POTASIO,LOSARTAN 
LINEZOLID,LINEZOLID 
ADALIMUMAB,AMGEVITA ®   
VER AL DORSO,DEX-LITOS ZERO PEDIATRICO SABOR MANZANA
ATORVASTATINA + EZETIMIBA,ATORFAR-E 20/10
ALOPURINOL,ALOPURINOL 
CANDESARTÁN CILEXETILO,ESLOCARD 16
CANDESARTÁN CILEXETILO,ESLOCARD 32
CANDESARTÁN CILEXETILO + HIDROCLOROTIAZIDA,ESLOCARD H-32 
VER AL DORSO,ESLOCARD AH 32/25/10 
BISOPROLOL FUMARATO,ESLOBLOQ 10
BISOPROLOL FUMARATO + HIDROCLOROTIAZIDA,ESLOBLOQ 5/12.5
PREGABALINA,PREGASAFE ER 330
ATORVASTATINA,ATORFAR-20
ATORVASTATINA,ATORFAR-40
ATORVASTATINA,ATORFAR-80
ATORVASTATINA + EZETIMIBE,ATORFAR-E 10/10
NITROPRUSIATO DE SODIO DIHIDRATO,NITROPRUSIATO DE SODIO RICHET
ACETAMINOFEN,ALIDOL
VER AL DORSO,CODEFENAC 
FLUOXETINA HCL,FLUOXCARD 40 
LACTATO DE CIPROFLOXACINA,CIPROFLOXACINA
VER AL DORSO,WELLGO
APIXABAN,ELEQUIMAC 
VER AL DORSO,NEUROTROPAS 25000
GLUCONATO DE CALCIO,GLUCONATO DE CALCIO
MEPOLIZUMAB,NUCALA
PROPOFOL,PROPOFOL 
DOCETAXEL ANHIDRO,DOCETAXEL
PROPIONATO DE CLOBETASOL,CREDAVATE
PARACETAMOL + DICLOFENACO SODICO,PARDIFEN
SIDELNAFILO,SINOLVAS
EMPAGLIFOZINA + METFORMINA CLORHIDRATO,EMPAGLIZ M 
NISTATINA,NISTATINA 
GLUCONATO DE ZINC,GLUCONATO DE ZINC
ENZALUTAMIDA,ENZA
PIRFENIDONA, PIRFONE
FUROSEMIDA,FUROCHEM
VER AL DORSO,ACETAMINOPLEX FORTE
IMIPENEM + CILASTATINA,IMIPENEM Y CILASTATINA 
RIVAROXABÁN,RIXATYL 20
AMOXICILINA TRIHIDRATO + CLAVULÁNICO DEPOTASIO,GIDACLAV-FORTE 45
LACTULOSA (COMO CONCENTRADO DE LACTULOSA USP 70%),BOWLACT
VER AL DORSO,PANDA MULTIVITAMINICO 
OMEPRAZOL,OMEPRAZOL RHYDBURG
CLONIDINA,CLONEDIX 0.2
LEVETIRACETAM,BENLIV 500 MG
LEVETIRACETAM,BENLIV 750 MG
CLOTRIMAZOL 2 G + METRONIDAZOL MICRONIZADO 10 G,GYNOFLOR®
ESOMEPRAZOL MAGNÉSICO TRIHIDRATO,ESOPRAX® 40
FLUOXETINA HCL,FUDEXCURE 20 
FLUOXETINA HCL,FUDEXCURE 40 
BISOPROLOL FUMARATO / AMLODIPINA BESILATO,BIVOL AGLF A 10/10
VER AL DORSO,BONDRONAT 6MG/6ML
ENANTATO DE FLUFENAZINA,FLUFENAN DEPOT
VER AL DORSO,AGARTI 
NITRATO DE MICONAZOL,MICONAZOL
METFORMINA HCL,GLIFORT SR 750 MG
QUETIAPINA,QUETIAPINA 25MG IF 
CLOPIDOGREL BISULFATO,LIQUOFLEX
DROPROPIZINA / AMBROXOL,TROFERIT-FLOW
CEFADROXILO,CEFADROXILO 500 MG MK 
AMOXICILINA TRIHIDRATO,AMOXICILINA 125 MG / 5ML MK
AMOXICILINA,AMOXICILINA 250 MG / 5 ML MK 
CLONIDINA HCL,PRECODINA 0.100
VER AL DORSO,CEFOPEM ® 
SILDENAFIL CITRATO,SILDENAFIL -  DROTAFARMA
TADALAFIL,TADALAFIL  -  DROTAFARMA
TADALAFIL,TADALAFIL  -  DROTAFARMA
DEXAMETASONA,KRISHPAR D-CORT PLUS
CLINDAMICINA HIDROCLORURO,CLINDAMICINA DROTAFARMA
GLIBENCLAMIDA,GLIBENCLAMIDA DROTAFARMA
PREGABALINA,PREGABALINA DROTAFARMA
PREGABALINA,PRECURE 75
PREGABALINA,PREGABALINA DROTAFARMA
PREGABALINA,PRECURE 150
CELECOXIB,CELECOXIB -  DROTAFARMA
CELECOXIB,MOVICURE
FLUCONAZOL USP,FLUCONAZOL 
VALSARTAN + AMLODIPINA BESILATO,GUSALTAN A 160/5
MEROPENEM TRIHIDRATO,MEROPENEM -VEM 
MEROPENEM TRIHIDRATO,PENEREM
VER AL DORSO,DIFNAC FORTE
BISOPROLOL FUMARATO / AMLODIPINA BESILATO,BIVOL AGLF A 2.5/5 
BISOPROLOL FUMARATO / AMLODIPINA BESILATO,BIVOL AGLF A 5/5 
CLORHIDRATO DE DULOXETINA,DULOXETINA 60 MG
"PARACETAMOL, DICLOFENAC SÓDICO Y CAFEÍNA (ANHIDRA)",DICLAC-H
CLONIXINATO DE LISINA + PROPINOXATO CLORHIDRATO,DORCOL FORTE ®
MULTICOMPOSICIÓN,AMINOÁCIDOS 7 % 
ALPRAZOLAM,ALPRANOR  NORMON
ACETILCISTEÍNA,ACEFLUX 200
ÁCIDO URSODESOXICÓLICO,ÁCIDO URSODESOXICÓLICO RHYDBURG
TINIDAZOL BP,TINIDAZOL 
HIOSCINA BUTILBROMURO DE BP,HIOSCINA BUTILBROMURO
MULTICOMPOSICION,DOLORCLAN
OLANZAPINA,ONLAGAR
OLANZAPINA,ONLAGAR 
SERTRALINA HCL,DOBLEGAR 
ANFOTERICINA B COMPLEJO LIPÍDICO,ANFOTERICINA B COMPLEJO LIPÍDICO
CARVEDILOL BP,CARVEDILOL
CARVEDILOL BP, CARVEDILOL
BISOPROLOL FUMARATO,ESLOBLOQ 5
LEVOFLOXACINA HEMIHIDRATO,ESLOBIOT 750
FLUOROMETOLONA USP,FLUOROMETOLONA
BRIMONIDINA DE TARTRATO,BRIMOPRESS LC 
LACTULOSA,MICROLAX
DOBUTAMINA (COMO CLORHIDRATO),DOBUTAMINA RICHET
LEVOFLOXACINA,LEVOFLOXACINA
VER AL DORSO,PAGLIXIN M 10/1000 XR 
AMLODIPINA BESILATO + LISINOPRIL DIHIDRATO,CRUZET-L 5/20
VER AL DORSO,PAGLIXIN M 5/1000 XR 
PREDNISOLONA,INFLAVIR
CETIRIZINA CLORHIDRATO,CETIRIZINA -  DROTAFARMA
VER AL DORSO,METBOLINA PLUS 
ADENOSINA,ADENOSINA-VEM
DONEPEZILO,CAMIPEZIL
DONEPEZILO,CAMIPEZIL 
RIVASTIGMINA,RIVAMINA 
LEVETIRACETAM,LETRACEM
VER AL DORSO,CEFALEXINA 
SULFATO DE NEOMICINA + SULFATO DE POLIMIXINA B + NISTATINA,POLYGYNAX
DICLOFENAC POTÁSICO + AMOXICILINA TRIHIDRATO,DICLOPLEX BIOTICO 
"DICLOFENAC SODICO, + CLORZOXAZONA + ACETAMINOFÉN",DICLOPLEX RELAX 
CARBOXIMETILCELULOSA SÓDICA + GLICERINA,LAGRIMIS 
DABIGATRAN ETEXILATO,DABIFIB 110
ESOMEPRASOL MAGNESIO,ESOMEPRAZOL 40
DAPAGLIFLOZINA,DAPAONE
METRONIDAZOL,METRONIDAZOL
ACIDO VALPROICO,VALPROATE
LENVATINIB MESYLATO,LENVATINIB 10 PROMECAN
LEVATINIB,LENVATINIB 4 PROMECAN
CLORHIDRATO DE OLOPATADINA,ALLEREYES
IBRUTINIB,RUTIX
PARACETAMOL, PARACETAFEM
VER AL DORSO,COMARA-A/D 32/10/25 
PREDNISOLONA,INFLAVIR
ACETAMINOFÉN,ALIDOL
PARACETAMOL,PARACETAMOL
MIRTAZAPINA,MIRTAPIN® 30
FUROSEMIDA,FUROSEMIDA 40 MG MK
CIPROTERONA ACETATO + ETINILESTRADIOL,LIRIO 35
RIVAROXABÁN,RIXABAN®  10 
APIXABAN,APIXABAN
VER AL DORSO,LEVOFLOXACINA 
BROMHEXINA CLORHIDRATO BP,BROMHEXINA CLORHIDRATO 
MEPOLIZUMAB,NUCALA
CASPOFUNGINA,CASPOFUNGINA
CASPOFUNGINA,CASPOFUNGINA
CABOZANTINIB,DABATROX ASOFARMA ® 
CABOZANTINIB,DABATROX ASOFARMA ® 
CABOZANTINIB,DABATROX ASOFARMA ® 
RIVAROXABÁN,RIVADIL® 10
VER AL DORSO,ROSALTA PLUS 20 
VER AL DORSO,ROSALTA PLUS 10
SULFATO DE ATROPINA,SULFATO DE ATROPINA
OXCARBAZEPINA,TRILEPTAL 300
CLOPIDOGREL BISULFATO,LENNER 75
LABETALOL,PRELABET 200
DOSTARLIMAB,JEMPERLI
DIMETILFUMARATO,DIMETILFUMARATO
DESLORATADINA,DESLORATADINA  LAM® 
PREGABALINA,PRELUDYO ®
CANDESARTÁN CILEXETILO + AMLODIPINA BESILATO,ESLOCARD A 16/5 
KETOROLACO TROMETAMINA USP,KETOROLACO TROMETAMINA 
DEXMEDETOMIDINA,DEXMEDETOMIDINA
AZITROMICINA DIHIDRATO,ROMINAZIT
OMEPRAZOL,DEXLAZOL
CLORHIDRATO DE LABETALOL,SWITALOL
CLORHIDRATO DE LABETALOL,SWITALOL-20 ML
CLORHIDRATO DE VANCOMICINA,SWICOMYCIN-1G 
ARIPIPRAZOL,ARITERO 
CLORHIDRATO DE VANCOMICINA, VANCOMICINA
CLORHIDRATO DE MIDAZOLAM,DORMIRE
ADALIMUMAB,YUFLYMA
PROPINOXATO HCL,CORLISCAL 10
NIFEDIPINA,ESLONIFED 30 RETARD  
NIFEDIPINA,ESLONIFED 60 RETARD 
LOSARTÁN POTÁSICO + AMLODIPINA BESILATO,HIPERLOS A 100/10
RIVASTIGMINA,RIVAMINA
IMATINIB MESILATO EQ. A IMATINIB,IMATINIB 400 AG PHARMA
DEXAMETASONA FOSFATO SÓDICO,DEXAMETASONA
DEXAMETASONA FOSFATO SÓDICO,DEXAMETASONA 
TACROLIMUS USP,TACROLIMUS
DEXAMETASONA (COMO FOSFATO SÓDICO),DEXAMETASONA
DEXAMETASONA FOSFATO,DEXAMETASONA FOSFATO
DOCETAXEL ANHIDRO,DOCETAXEL 
DOMPERIDONA,DRAMATEK
PARACETAMOL,PARACETAMOL
PARACETAMOL,PARACETAMOL 750 MG
VILDAGLIPTINA,VILDAGLIPTINA SUED
DAPAGLIFLOZINA + METFORMINA CLORHIDRATO,GLINACE 5 PLUS
DAPAGLIFLOZINA + METFORMINA CLORHIDRATO,GLINACE PLUS 5 / 1000
DAPAGLIFLOZINA + METFORMINA CLORHIDRATO,GLINACE 10 PLUS
DAPAGLIFLOZINA + METFORMINA CLORHIDRATO,GLINACE PLUS 10/1000
CANDESARTÁN CILEXETILO + HIDROCLOROTIAZIDA,ESLOCARD H-16 
ACICLOVIR,ACICLOVIR LAM® 800 MG 
ACICLOVIR,VIRADEN® 800
VER AL DORSO,LETROZOL 
KETEROLACO TROMETAMINE,KETEROLACO 
DOLUTEGRAVIR,MYLTEGA DT 
VER AL DORSO, DIOSMINA + HESPERIDINA 
PREGABALINA + METILCOBALAMINA,IMPLEXIN M 75 / 750 
DEXKETOPROFENO TROMETAMOL,DEXKETOPROFENO 25 MG
CLOSTEBOL ACETATO + NEOMICINA SULFATO,PLASKINE
RISPERIDONA,RISPERIDONA 1 MG
APIXABAN,APIXABAN 5 MG
APIXABAN,CARAFATE
LEVOFLOXACINA,LEVOFLOXACINA INFUSION
QUETIAPINA,QUETIAPINA 25 MG
QUETIAPINA,QUETIAPINA 100 MG
AGUA ESTERIL,AGUA ESTERIL PARA INHALACION ALFA 
BISOPROLOL,BISOPROLOL 10 MG
CELECOXIB,CELECOXIB 400 MG
TADALAFIL,TADALAFIL 
CANDESARTAN CILEXETILO,CANDESARTAN 8 MG
CANDESARTAN CILEXETILO,CANDESARTAN 16 MG
CANDESARTAN CILEXETILO,CANDESARTAN 32 MG
CEFIXIMA TRIHIDRATADA EQUIVALENTE A: CEFIXIMA,BIOMICS
DASATINIB,TYKOSAT
RIVAROXABÁN,RIVATHROMB 
POMALIDOMIDA,MYPOMA
POMALIDOMIDA,MYPOMA
POMALIDOMIDA,MYPOMA
DAPAGLIFLOZINA + METFORMINA CLORHIDRATO,DUNIXI 5 PLUS  
DAPAGLIFLOZINA + METFORMINA CLORHIDRATO,DUNIXI PLUS 5/1000
NILOTINIB,NILOTINIB
ACETAMINOFEN + FENILEFRINA + DEXTROMETORFANO HBR,CORTAX DIA 
DICLORHIDRATO DE TRIMETAZIDINA,DICLORHIDRATO DE TRIMETAZIDINA
UREA,TOPIQUA® 20
VER AL DORSO,POEN XEGREX LC 
MINOXIDIL,MINOXIDIL LAM®  5%
CITICOLINA SÓDICA,THOR
DICLOFENAC POTASICO,DIC - 100
DAPOXETINA HCL+TADALAFIL,PARADAR PLUS 
DAPOXETINA HCL+TADALAFIL,FAVIVENT
PROGESTERONA BP ( NATURAL MICRONIZADA),PROTEGEST 
DONEPEZILO,DONEPEN® 
DONEPEZILO,DONEPEN® 
AMOXICILINA + ACIDO CLAVULANICO,AMOXICILINA + ACIDO CLAVULANICO (VER AL DORSO)
PARACETAMOL,PARATILEX FORTE 
DEFLAZACORT,CORTFLADEX
SERTRALINA HCL,SERSEDAN 50
SERTRALINA HCL.,SERSEDAN 100
VER AL DORSO,SOLUCIÓN SALINA BALANCEADA ALFA 
MIRTAZAPINA,MIRTAZAPINA 30 MG
VER AL DORSO,ATORVASTATINA  ECONOFARMA 20 MG  
N-ACETIL-L-CISTEINA,REVACETIL
GADOBUTROL,GADOBUTROL
GLIMEPIRIDA - METFORMINA HCL,PIGLIFAR® M 2/500
ALBENDAZOL,ALBENDAZOL TABLETAS 400 MG
ROSUVASTATINA - EZETIMIBE,ROXAR® EZ 20/10
LINAGLIPTINA / METFORMINA CLORHIDRATO,LINAGLIPTINA + METFORMINA 
DAPAGLIFLOZINA,FARGLIP® 5
LINAGLIPTINA / METFORMINA CLORHIDRATO,LINAGLIPTINA + METFORMINA
CLORHIDRATO DE AMITRIPTILINA,IBERBITRIL 10
RIVAROXABÁN,RIXABAN®  15 
RIVAROXABÁN,RIXABAN®  20 
LOSARTAN+AMLODIPINA BESILATO+HIDROCLOROTIAZIDA,CARDICOL ARA D 10-100-12.5
RIVAROXABÁN,RIVADIL®  15 
RIVAROXABÁN,RIVADIL®  20
FLUOXETINA HCL,FLUOXETINA 20 
FLUOXETINA HCL,FLUOXCARD 20 
TRIMEBUTINA MALEATO +SIMETICONA,DEBRIUM PLUS
IVERMECTINA,QUANOX®
LEVETIRACETAM,LEVANEXT 1000
LEVETIRACETAM,LEVANEXT 500
LEVOCETIRIZINA CLORHIDRATO,L CET KRISHPAR
ACIDO VALPROICO,VALPROATE
OMEPRAZOL,OMELUVAL
OXALIPLATINO,OXALIPLATINO 
DEXTROMETORFANO HBR,DEXTROMETORFANO
PIRFENIDONA,FIXPUL 267 MG
EMPAGLIFOZINA + METFORMINA CLORHIDRATO,EMPAGLIZ M 
CARBIDOPA ANHIDRA USP+ LEVODOPA USP,CARBIDOPA + LEVODOPA
NORADRENALINA,NORADRENALINA 
TAPINAROF,QENCY
VER AL DORSO,GLAUCOTENSIL T LC
VER AL DORSO,TREOZOL
VER AL DORSO,TREOZOL 
BISOPROLOL FUMARATO + HIDROCLOROTIAZIDA,BIVOL AGLF H 5/12.5
BISOPROLOL FUMARATO + HIDROCLOROTIAZIDA,BIVOL AGLF H 10/12.5
BISOPROLOL FUMARATO + HIDROCLOROTIAZIDA,BIVOL AGLF H 10/25
HIALURONATO SODICO,HIALURONATO 
GOLIMUMAB,GOLIMUMAB 100 MG
GOLIMUMAB ,GOLIMUREL 100 MG
VER AL DORSO,ACIFAR® FRESA
LEVETIRACETAM,EVETIRAM® 1000
GLICERINA,SUPOSITORIOS DE GLICERINA ADULTOS
IRBESARTAN - HIDROCLOROTIAZIDA,IBERPRES® - H 300/25
ETORICOXIB,ACADIA
VER AL DORSO,COMARA-A/D 32/5/25 
IBUPROFENO,XIBOPRES 
ACETAMINOFEN,LILLECALM
PIRFENIDONA,FIXPUL 801MG
RUPATADINA FUMARATO,RULOXAN
DAPAGLIFLOZINA + METFORMINA CLORHIDRATO,DUNIXI 10 PLUS
DAPAGLIFLOZINA + METFORMINA CLORHIDRATO,DUNIXI PLUS 10/1000
APIXABAN,APAXEN® 2.5
APIXABAN,APAXEN® 5
ROSUVASTATINA CÁLCICA,LIPONOR 10
ROSUVASTATINA CÁLCICA,LIPONOR 20
GONADOTROPINA CORIÓNICA,HUCOG  
INMUNOGLOBULINA ANTI-HEPATITIS B,INMUNOGLOBULINA ANTI-HEPATITIS B 100 UI
BRIMONIDINA + TIMOLOL+ DORZOLAMIDA.,TIDOBRI 
PRAMIPEXOL DICLOHIDRATO MONOHIDRATO,MIRAXOL
PRAMIPEXOL DICLOHIDRATO MONOHIDRATO,MIRAXOL
NALBUFINA CLORHIDRATO,BUFIN
LABETALOL HIDROCLORURO,LABETALOL AG PHARMA
DEXAMETASONA BP,DEXAMETASONA 
ACETILCISTEINA,PULMOFLU
FUROSEMIDA,FUROSEMIDA 40
KETAMINA CLORHIDRATO,KETAMINA 
CLORHIDRATO DE GEMCITABINA,GEMCIT 200 MG
VILDAGLIPTINA + METFORMINA CLORHIDRATO,NULIA-MET 1000
VER AL DORSO,DEXAMETASONA FOSFATO SÓDICO + (VER AL DORSO)
XILOMETAZOLINA CLORHIDRATO,RESPIRABEN
RIVAROXABÁN,RIVAROXABÁN LAM®  20 MG
MAGALDRATO + SIMETICONA,BURMICIN-DUO
ETANERCEPT,EXADIA
VER AL DORSO,NOXPIRIN® DÍA
VER AL DORSO,OBLAX XR
ETORICOXIB,ACADIA
DIOSMINA HESPERIDINA,DIVENIS         
ESPIRONOLACTONA,ESPIRONOLACTONA
RIVAROXABÁN,RIVAROXABÁN LAM® 15 MG
VER AL DORSO,LEVOFLOXACINA 
VORICONAZOL,VORICONAZOL 200 MG VIAL
BORTEZOMIB,BORTEZOMIB
BORTEZOMIB,LEUCEMIB
TRAZODONA CLORHIDRATO,ZODONE
BISOPROLOL FUMARATO + AMLODIPINA,CILENOL A 5/5
BISOPROLOL FUMARATO + AMLODIPINA,CILENOL A 10/5
BISIPROLOL FUMARATO,VODREX
AMLODIPINO BESILATO + LISINOPRIL DIHIDRATO,CAVAS-L 5/10
LURBINECTEDINA,ZEPZELCA ®
BISIPROLOL FUMARATO,VODREX
VER AL DORSO,DROXPAN DX
LACTULOSA,LAXANTIL 
BOSENTAN,BOSENTAN 
CEFADROXIL,BACTERAM-500
COLECALCIFEROL (VITAMINA D3),TITROP D3
SITAGLIPTINA - METFORMINA HCL,EPROLIV MET XR 
DESVENLAFAXINA BENZOATO,DESVENVITAE
DESVENLAFAXINA BENZOATO,DESVENVITAE
BISOPROLOL FUMARATO,CILENOL 2.5
BISOPROLOL FUMARATO,CILENOL 5
BISOPROLOL FUMARATO,CILENOL 10
CLONIDINA HCL,CLONIPRESS 0.200
POLIETILENGLICOL,CONTUMAX ®
MINOXIDIL,MINOXIDIL MAMEY®  5%
NAPROXENO SÓDICO,NOLAPLEX
QUETIAPINA FUMARATO,KETIFAR 
CELECOXIB,CELECOXIB ECONOFARMA 200 MG
SULFADIAZINA DE PLATA,SULFAMAX
FOSFOMICINA CÁLCICA,VIOXAN
BISIPROLOL FUMARATO + HIDROCLOROTIAZIDA,VODREX-H
RIVAROXABAN,TROXAR 10
RIVAROXABAN,TROXAR 20
ORLISTAT, ORLISTAT
AMLODIPINA BESILATO,AMLODIPINA
ATORVASTATINA CALCICA,ATORVASTATINA
NIFUROXAZIDA,NIFUROXAZIDA
PREGABALINA + MECOBALAMINA,MEGAVAL
TRAVOPROST USP,TRAVOPROST 
LATANOPROST,TANOLAPROST NF
METOTREXATO,METOTREXATO
PALBOCICLIB,PALBOCICLIB
CLORHIDRATO DE METFORMINA,METFORMINA
DICLOFENAC DIETILAMINA,DOLOVIAN
DIPROPIONATO DE BECLOMETASONA,CLOFHIVEN 50
DIPROPINATO DE BECLOMETASONA,CLOFHIVEN 250
RIVAROXABÁN,RIXATYL 15
RIVAROXABÁN,RIXATYL 2.5
VER AL DORSO,METBOLINA PLUS 1000 MG + 4 MG
PALONOSETRÓN HCL EQUIV. A PALONOSETRON,KUMAB® 0.25 MG / 5 ML
LOSARTAN POTASICO,LOSARTAN POTASICO 
NORTRIPTILINA,NORTRILIP®
ROFLUMILAST,ROFLUDERM
ONDASETRON,ONDASETRON
OXALATO DE ESCITALOPRAM,BENUMOR
VER AL DORSO,ESOPRAX® FAST 20
LEVOTIROXINA SÓDICA,PROLEVO 75 MCG
DIMETILFUMARATO,DIMETILFUMARATO
TERIFLUNOMINA,TERIFLUNOMINA
CANDESARTAN + HIDROCLOROTIAZIDA,LOSVAT H 
ETORICOXIB,ETORIFLEX 120
ETORICOXIB,ETORIFLEX  90
ETORICOXIB,ETORIFLEX 60
GOLIMUMAB,GOLIMUMAB 50 MG
GOLIMUMAB,GOLIMUREL 50 MG
AMPICILINA TRIHIDRATO,AMPICILINA
RANITIDÍNA HIDROCLORURO,RANITIDINA
MONTELUKAST SODICO,MONTELUKAST
DEXKETOPROFENO TROMETAMOL,DEXKEDOL ®
TEICOPLANINA,TEICOPLANINA   -POLIFARMA
PARACETAMOL,PARACETAMOL
GABAPENTINA,GABATRON
VER AL DORSO,SALES DE REHIDRATACION ORAL
VER AL DORSO,ÁCIDO IBANDRÓNICO LAFAGE
SUCCINATO DE DOXILAMINA +CLORHIDRATO DE PIRIDOXINA,FESTOMAR
CARVEDILOL,CARVEDILOL
DIMESILATO DE LISDEXANFETAMINA,DIMESILATO DE LISDEXANFETAMINA 30 MG
DIMESILATO DE LISDEXANFETAMINA,DIMESILATO DE LISDEXANFETAMINA 50 MG
DIMESILATO DE LISDEXANFETAMINA,DIMESILATO DE LISDEXANFETAMINA 70 MG 
CARBOPLATINO,CARBOPLATINO 
CANDESARTAN CILEXETILO,CANDEXATIL® 8 MG
CANDESARTAN CILEXETILO,CANDEXATIL® 16 MG
CANDESARTAN CILEXETILO,CANDEXATIL® 32 MG
CANDESARTAN CILEXETILO / HIDROCLOROTIAZIDA,CANDEXATIL® H 
APIXABÁN,ESLOXABAN 2.5 
TRASTUZUMAB,HERMAB 440 MG
EVEROLIMUS,EVEROLIMUS 5 MG
EVEROLIMUS,EVEROLIMUS 10 MG
VILDAGLIPTINA + METFORMINA CLORHIDRATO,VILDAGLIPTINA / METFORMINA CLORHIDRATO
VILDAGLIPTINA / METFORMINA CLORHIDRATO,VIDACTIF M
CENTELLA ASIÁTICA + NEOMICINA SULFATO + HIDROCORTISONA,CIRUSTETIC-NH
SERTRALINA HCL,ALISTEN® 
DEXKETOPROFENO TROMETAMOL,DEXKETOPROFENO 25
SERTRALINA HCL,SERTRALINA LAM® 
HIDROXICINA HCL,HYDERAX
TICAGRELOR,ARDMET 90
ROSUVASTATINA CÁLCICA,ARRIAR 20 
METFORMINA HCL,GLIFORT SR 500
NITROFURAZONA,TERPROPIL
LOPERAMIDA CLORHIDRATO,LOPERAMIDA
SOMATROPINA (HORMONA DE CRECIMIENTO HUMANO),SOMATROPINA 
SEMAGLUTIDA,STARELLE - 0.25 
SEMAGLUTIDA,STARELLE - 0.50
LETROZOL,NAT-LETROZOL 2.5 MG
OMEPRAZOL,OMEPRAZOL
NIFEDIPINA,NIFEDICURE RETARD 30 
NIFEDIPINA,NIFEDICURE RETARD 60
IBUPROFENO,IBUPROFENO 400 MG MK
PROPINOXATO HCL,PROPINOXATO 10 MG IF 
NEOMICINA COMO SULFATO Y POLIMIXINA B COMO SULFATO,BIO-DRESS
APIXABAN,TROMVASC 2.5
BISOPROLOL FUMARATO,CARDIOPROL 10
BUDESONIDA,BUDESONIDA  ALFA 
PARACETAMOL,TEMSTOP
PARACETAMOL,PARACETAMOL
TRAVOPROST,GLAUSOLET
DOMPERIDONA,ANDILIUM 
DORZOLAMIDA CLORHIDRATO + TIMOLOL MALEATO,DORZOLOL PF 
RIVAROXABAN,RIXAREL 20
DEXTROMETORFANO HBR + GUAIFENESINA,DEXTROMETORFANO + GUAIFENESINA
MINOXIDIL 5%,CRECIFLU
LEVONORGESTREL BP,LEVONORGESTREL 
FLUCONAZOL,FLUCONAZOL
METRONIDAZOL,METRONIDAZOL
RIVAROXABAN, REVARDO 10     
RIVAROXABAN,REVARDO 15      
ACETILCISTEÍNA,USQUARE FLUMIX 
RIVAROXABAN,RIXAREL 15
RIVAROXABÁN,RIVARAX®  10
RIVAROXABÁN,RIVARAX®  15 
RIVAROXABÁN,RIVARAX®  20 
ÁCIDO BEMPEDOICO/ EZETIMIBE,COLESTOR® EZ 180/10
ESTREPTOQUINASA,ESTREPTOQUINASA
SILDENAFIL CITRATO,EXOTRON-45
DICLOFENACO SÓDICO + PARACETAMOL,PARADIC
PARACETAMOL,PARACETAMOL
PARACETAMOL,PARACETAMOL
ABIRATERONA ACETATO,ABIRATERONA MICROSULES
SUNITINIB MALATO,SUNITINIB MALATO
EZETIMIBA + SIMVASTATINA,TIAZOMET® S
IODIXANOL,VISIPAQUE
MESILATO DE DOXAZOSINA,DOXAZOSINA 
"CITRATO DE SILDENAFIL, TADALAFIL",X - TIME
DIFENHIDRAMINA CLORHIDRATO BP,DIFENHIDRAMINA  CLORHIDRATO 
SERTRALINA HCL,SERTONIN 25 
VER AL DORSO,TUKOL MAX ACTION CONGESTIÓN Y TOS SEVERA
ACIDO ASCORBICO,ÁCIDO ASCÓRBICO
DAPAGLIFLOZINA+SITAGLIPTINA,SIDAPVIA 10 MG / 100 MG 
"GUAIFENESINA, DEXTROMETORFANO HBR, FENILEFRINA HCL",TUKOL NIÑOS TOS Y CONGESTION 
LEVONORGESTREL BP,LEVONORGESTREL
AZITROMICINA DIHIDRATO USP EQUIV A AZITROMICINA ANHIDRA,AZITROMICINA 
CLORURO DE SUXAMETONIO BP,CLORURO DE SUXAMETONIO
VER AL DORSO,ALFA®-DP CON DEXTROSA AL 2.5% 
VER AL DORSO,ALFA®-DP CON DEXTROSA AL 4.25% 
TRIMEBUTINA MALEATO / SIMETICONA,TRIMEBUTINA  + SIMETICONA 200 MG + 120 MG MK 
IRBESARTAN,SARTACOR 300
CANDESARTAN CILEXETILO- HIDROCLOROTIAZIDA,CANDEXATIL® H 
APIXABÁN,ESLOXABAN 5 
LINEZOLID,REVAZOLID
N-ACETIL L-CISTEÍNA,REVACETIL
DARBEPOETINA ALFA,REPOIT 40
DARBEPOETINA ALFA,REPOIT 25
AMOXICILINA / ÁCIDO CLAVULÁNICO,AMOXICILINA + ÁCIDO CLAVULÁNICO 400 MG + 57 MG / 5 ML 
CEFALEXINA,CEFALEXINA 500 MG
SUNITINIB MALATO,SUNITINIB MALATO 
VER AL DORSO,TUKOL MIEL TOS Y CONGESTION 
LORATADINA,LORATADINA 10 MG
CLORHIDRATO DE VANCOMICINA,SWICOMYCIN-500 
BUPROPION HCL,BUPREGAR
AMOXICILINA TRIHIDRATO BP EQUIVALENTE A AMOXICILINA,AMOXICILINA 
VER AL DORSO,TOFACITINIB 
QUETIAPINA,QUETIAPINA SUED
VER AL DORSO,ALFA®-DP CON DEXTROSA AL 1.5% 
"PIPERACILINA SÓDICA , TAZOBACTAM SÓDICO",SWIPATAZ
ROSUVASTATINA,ROSUVASTATINA SUED
VER AL DORSO,"ALUMINIO, MAGNESIO & SIMETICONA (ANTIACIDO)"
MULTICOMPOSICION,DAY-GRIP PLUS
VER AL DORSO,MABON ICLOS 150
VER AL DORSO,NARENO ICLOS 150
CARVEDILOL BP,CARVEDILOL
QUETIAPINA,QUETIAPINA SUED
CLINDAMICINA CLORHIDRATO EQUIVALENTE A CLINDAMICINA,CLINDAMICINA 
VALSARTAN + HIDROCLOROTIAZIDA + AMLODIPINA,GUSALTAN TRIPLE 320/25/10
ACETAMINOFEN + DIFENHIDRAMINA HCL,CURAFLU PM
ACETAMINOFEN DC90 + CAFEINA ANHIDRA,ZETLAX
FLUTAMIDA USP,FLUTAMIDA
VER AL DORSO,PROXIVEN XL
QUETIAPINA,QUETIAPINA SUED
VER AL DORSO,CANDERCURE PLUS 32-10-25 
IBUPROFENO,XIBOPRES 
VITAMINA E (COMO DL-ALPHA TOCOFERIL ACETATO),MASON NATURAL E 400 IU (180MG)
DEXKETOPROFENO TROMETAMOL,VALGIADEX
ASPARTATO DE ARGININA,SARGINPLUS ®  5G / 10 ML
TOLNAFTATO,HONGO KILLER
VER AL DORSO,CLOPIDOGREL 
VITAMINA C + VITAMINA D3 + ZINC,VITAMINA C INDUFAR TRIPLE INMUNIDAD
ADAPALENO,ADAPALENO
MOMETASONA FUORATO + AZELASTINA HIDROCLORURO,REVANMET AZ
VER AL DORSO,LIDOCAÍNA  
METRONIDAZOL,METRONIDAZOL 500 MG
DIAZEPAM,DIAZEPAM
CANDESARTÁN CILEXETILO,ESLOCARD 8
VER AL DORSO,LACTATO RINGER 
OLAPARIB,OLAPARIB 150 PROMECAN
PALBOCICLIB,PALFIRST
LINAGLIPTINA 5MG,LESSIA
VER AL DORSO,TUKOL MULTISINTOMAS TOS Y CONGESTION 
VALSARTAN / CLORTALIDONA,BRASARTÁN CTDN 
VALSARTAN / CLORTALIDONA,BRASARTAN CTDN
DEXPANTENOL + HIALURONATO DE SODIO,AQUADRAN DROPS ®
OXALATO DE ESCITALOPRAM,ESCITALOPRAM 10MG IF 
CANDESARTAN CILEXETILO - HIDROCLOROTIAZIDA,CANDEXATIL® H 
ENOXAPARINA SODICA,HEPAXANE
ENOXAPARINA SODICA,HEPAXANE
ENOXAPARINA SODICA,HEPAXANE
CEFDINIR, CEFDINIR EUROFARMA 
CEFDINIR, CEFDINIR  EUROFARMA 
DICLOFENAC SÓDICO + LIDOCAÍNA CLORHIDRATO,DICLOFENAC SÓDICO + LIDOCAÍNA CLORHIDRATO
PALBOCICLIB,PALFIRST
VALERATO DE BETAMETASONA + SULFATO DE GENTAMICINA,DEREVIX
LINAGLIPTINA,LIXENTA
NEBIVOLOL,RELNEX 
VER AL DORSO,ESOPRAX® FAST 40
SULFATO DE AMIKACINA (EQUIVALENTE A AMIKACINA),AMIKACINA ALFA 5 MG / 1 ML
LENALIDOMIDA,TRONARIN
LENALIDOMIDA,TRONARIN
ROFLUMILAST,ROFLUDERM
APIXABAN,TROMVASC 5
LOSARTAN POTASICO,LOSARTAN POTASICO
LOSARTAN POTASICO,LOSARTAN POTASICO
RIVAROXABAN,EUROFARMA RIBEX 20 mg
TRASTUZUMAB,HERMAB 150MG
Olanzapina (Forma-I) )§,OLANTERO 10 MG 
VER AL DORSO,PINAVIX DUO
VALSARTAN + AMLODIPINA BESILATO, FRACTAL-A 160/5
CLADRIBINA,CLEUDRIT®
RIVAROXABAN,XAROBAN®
HIDROCORTIZONA ACETATO,HIDROCORTISONA  
METILPREDNISOLONA,METILPREDNISOLONA 
FINGOLIMOD CLORHIDRATO,VESLIMOD
BETAMETASONA SODIO FOSFATO,BETAMETASONA
MICOFENOLATO MOFETILO,MICOFENOLATO MOFETILO 500 MG
"PIPERACILINA SODICA, TAZOBACTAM SODICO",PIPERACILINA & TAZOBACTAM
RIBAVIRINA,VIRAZIDE
OSIMERTINIB MESYLATO,OSIMERTINIB 80 PROMECAN
CELECOXIB,CELECOXIB CAPSULAS BP 100 MG
CANDESARTAN CILEXETILO + HIDROCLOROTIAZIDA,CANDESARTAN + HIDROCLOROTIAZIDA (VER AL DORSO)
CELECOXIB,CELECOXIB CAPSULAS BP 200 MG
PREDNISOLONA ACETATO,PROXTEN PLUS 
DAPAGLIFLOZINA,DEPSTIR 10
OXALATO DE ESCITALOPRAM,DISMEA 10
CETIRIZINA CLORHIDRATO BP,CETIRIZINA 10 
MENTOL CRISTAL / ÁCIDO BÓRICO / ALCANFOR,DESGRIPAL
OMEPRAZOL,OMEPRAZOL 40 MG 
VER AL DORSO,GLICOFIR PLUS
BUDESONIDA,BUDESONIDA 
TACROLIMUS USP,TACROLIMUS 
CLORPROMAZINA CLORHIDRATO BP,CLORPROMAZINA
ACIDO ASCORBICO USP,C-ZEST 
VER AL DORSO,MIXACOF 
CLONIDINA HCL,CLONIDINA HCL 0.200
CLONIDINA HCL,DINACURE 0.100
CLORHIDRATO DE VANCOMICINA,VANCOMICINA
VER AL DORSO,NAZIL PIXEL
CITRATO DE CAFEÍNA,CITRATO DE CAFEÍNA
VER AL DORSO,TOSERYL  JARABE
CABOZANTINIB,TUTEUR ZANTERIB
CABOZANTINIB,TUTEUR ZANTERIB
ACICLOVIR,ACICLOVIR FELTREX
CIPROFLOXACINA,CIPROFLOXACINA FELTREX
AMOXICILINA,AMOXICILINA FELTREX
AMOXICILINA+ACIDO CLAVULANICO,CLAMOXFEL
VONOPRAZAN (COMO FUMARATO),V-PRAN-20
VONOPRAZAN (COMO FUMARATO),V-PRAN-10
BISOPROLOL FUMARATO / HIDROCLOROTIAZIDA,BIPROCARDIO® D
BISOPROLOL FUMARATO / HIDROCLOROTIAZIDA,BIPROCARDIO® D
BISOPROLOL FUMARATO,BIPROCARDIO® 
QUETIAPINA FUMARATO,QUETIAPINA 300MG IF 
AMOXICILINA+ACIDO CLAVULANICO,CLAMOXFEL
VER AL DORSO,DICLOFENAC FTX
VER AL DORSO,FELDOXYL
CIPROFLOXACINA,CIPROFEL
AMOXICILINA+ACIDO CLAVULANICO, CLAMOXFEL
ALBÚMINA HUMANA,ALBÚMINA HUMANA
ÁCIDO ACETILSALICÍLICO,AHSPIRONO 
LACTULOSA,LACTULOSA 
CLORHIDRATO DE NALOXONA,CLORHIDRATO DE NALOXONA
VER AL DORSO,NEXACLAV 
ACETAMINOFEN USP,ACETAMINOFEN 
FULVESTRANT, FURETRANT 250 MG
SALMETEROL / FLUTICASONA,ULFHINLAS-AIR
SITAGLIPTINA,SITAGLIPTINA    
ETANERCEPT,EXADIA
LEVOTIROXINA SODICA,PROLEVO 100 MCG
DAPAGLIFLOZINA / METFORMINA CLORHIDRATO,DAPAONE M
SILDENAFIL,VIAGRA
SILDENAFIL,VIAGRA
ACICLOVIR,ACICLOVIR ECONOFARMA 800 MG
METRONIDAZOL BASE,METRONIDAZOL ECONOFARMA 500 MG
OMEPRAZOL PELLETS EQUIVALENTE A OMEPRAZOL,OMEPRAZOL ECONOFARMA 40 MG
IBUPROFENO,IBUPROFENO ECONOFARMA 600 MG
IRBESARTAN,SARTACOR 150
LEVETIRACETAM,LEVTICARD-500 
ÁCIDO BEMPEDOICO/ EZETIMIBE,BEMPECOR® EZ 180/10
VALSARTAN + HIDROCLOROTIAZIDA,FRACTAL-H
METFORMINA HCL,GLIFORT SR 1000 
CLONIDINA HCL,ESLOCLON 0.2
VILDAGLIPTINA/METFORMINA HCL,SIPTUS M 50/1000
TENECTEPLASA,TENECTEREL 30 MG
VONOPRAZAN (COMO FUMARATO),ZVOPRAN 20
VONOPRAZAN (COMO FUMARATO),ZVOPRAN 10
VER AL DORSO,OFLOXACINA - 200 
RIVAROXABÁN,RIVAROXABÁN
VER AL DORSO,"HIDROBROMURO DE DEXTROMETORFANO, (VER AL DORSO)"
IBUPROFENO,NITIDOL
ACETAMINOFEN,ACETAMINOFEN 
AMBROXOL,AMBROXOL 15 MG / 5 ML MK
CEFADROXILO ANHIDRO,CEFADROXILO 
ACEITE DE PESCADO OMEGA 3,OMEGA 3   ACEITE DE PESCADO 
OFLOXACINA,OFLOXACINA
VER AL DORSO,LISINOPRIL 
ACICLOVIR USP,ACICLOVIR 
METFORMINA CLORHIDRATO,METFORMINA  ECONOFARMA 1000 MG
HIDROCORTISONA SUCCINATO DE SODIO,HIDROCORTISONA SUCCINATO DE SODIO  
IBUPROFENO,IBUPROFENO-800
DEXKETOPROFENO TROMETAMOL,DEXKETOPROFENO 25
SERTRALINA HCL,SERTRALINA MAMEY® 
QUETIAPINA,KETIBER 300
LEVETIRACETAM,IBEROTIL GOTAS
DAPTOMICINA,DAPTOMICINA RICHET
HIALURONATO DE SODIO,LAGRICEL GEL
FEDRATINIB,BURICAS
TARTRATO DE BRIMONIDINA + TIMOLOL (COMO MALEATO),BRIMOPRESS T LC
ÁCIDO MEFENÁMICO, GELTRA - FEM
SUMATRIPTAN SUCCINATO + NAPROXENO SÓDICO,SUMATRIX
FLUNARIZINA HCL,SIBELINA -5
FLUNARIZINA HCL,SIBELINA -10 
CARBINOXAMINA MALEATO + FENILEFRINA HCL,CARBINOXAMINA 4 MG + FENILEFRINA 5 MG IF
BISOPROLOL FUMARATO,BIPROCARDIO® 
BISOPROLOL FUMARATO,BIPROCARDIO® 
DIFENHIDRAMINA,NYQUILZZZ
LEVOTIROXINA SODICA,TIGOFAR® 112
NINTEDANIB 100MG,MABON ICLOS 100 
NINTEDANIB 100MG,NARENO ICLOS 100
CARVEDILOL,CARVEPLEX 6.25
BISOPROLOL FUMARATO,BISOPROLOL 10 MG
OMEPRAZOL SODICO, OMEPRAZOL
DAPAGLIFLOZINA / METFORMINA CLORHIDRATO,DAPAONE M
CARVEDILOL,CARVEDILOL
IBUPROFENO,IBUPROFENO-600
DICLOFENAC SODICO,DICLOFENAC
DESLORATADINA,DESLORATADINA  MAMEY® 
"VILDAGLIPTINA, CLORHIDRATO DE METFORMINA",VILDAGLIPTINA Y CLORHIDRATO DE METFORMINA
APIXABAN,APIXABAN
BILASTINA,BLEMED 20 
RIVAROXABÁN,RIVAROXABÁN MAMEY®  15 MG
RIVAROXABÁN,RIVAROXABÁN MAMEY®  20 MG
TACROLIMUS,TAMACRO 1MG 
VALSARTAN + CLORTALIDONA,BRASARTAN CTDN
SUMATRIPTAN SUCCINATO,SUMATRIX S
ROSUVASTATINA CÁLCICA,STOP – TEROL  20
DAPAGLIFLOZINA,DAGLIX 5
CIPROFLOXACINA CLORHIDRATO,FLOXINAN
NORADRENALINA TARTRATO,NORADRENALINA 
BENDAMUSTINA CLORHIDRATO,GENSTINA
VALSARTAN + CLORTALIDONA,BRASARTAN CTDN
VER AL DORSO,MOXIFLOXACINA CON DEXAMETASONA
INMUNOGLOBULINA ANTI-HEPATITIS B,INMUNOGLOBULINA ANTI-HEPATITIS B 200 UI
CARVEDILOL,CARVEDILOL 
PALBOCICLIB,PALFIRST
METRONIDAZOL BP,METRONIDAZOL 
ACETATO DE CETRORELIX,BDTROLIX / ACETATO DE CETRORELIX
OLANZAPINA, ARMONIOR - 10
MELOXICAM,CIACOMAR - 15
CLOPIDOGREL BISULFATO,APECLOX
HORMONA FOLÍCULO ESTIMULANTE HUMANA RECOMBINANTE,HORMONA FOLÍCULO ESTIMULANTE HUMANA RECOMBINANTE 
CLORHIDRATO DE CLORPROMAZINA HCL,DELIRIUM
SILDENAFIL CITRATO,TIKTAN
SILDENAFIL CITRATO,TIKTAN
VER AL DORSO,STOP CRIP
VER AL DORSO,STOP CRIP 
IBUPROFENO,IBUPROFENO ECONOFARMA 800 MG
VER AL DORSO,PAROXETINA ECONOFARMA 20 MG
MELOXICAM,MELOXICOX® 15
EXTRACTO GLICÓLICO DE CENTELLA ASIÁTICA,SOLUDERMIS
OXALIPLATINO,PROXATIN
OXALIPLATINO,PROXATIN
SEMAGLUTIDA,SEMACOR 0.25
SEMAGLUTIDA,SEMACOR 1.7
SEMAGLUTIDA,SEMACOR 0.50
SEMAGLUTIDA,SEMACOR 1.0
SEMAGLUTIDA,SEMACOR 2.4
MINOXIDIL,IBERAXIS 5% 
LINAGLIPTINA MICRONIZADA,LINATAB 
HIDROQUINONA / MOMETASONA FUROATO / TRETINOÍNA,LUCIDEL
VALSARTÁN + HIDROCLOROTIAZIDA + AMLODIPINA BESILATO,FRACTAL PLUS 
PARACETAMOL / VITAMINA C,PARACETAMOL + VITAMINA C
METAMIZOL SÓDICO,METAMIZOL SÓDICO
DICLOFENACO,DICLOFENACO  1% 
CANDESARTAN + HIDROCLOROTIAZIDA 32 MG/12.5 MG,CANDESARTAN + HIDROCLOROTIAZIDA (VER AL DORSO)
CANDESARTAN CILEXETILO + HIDROCLOROTIAZIDA,VER AL DORSO
GUSELKUMAB,TREMFYA 200 MG / 2 ML 
MESILATO DE IMATINIB,IMATINIB 
CETIRIZINA CLORHIDRATO,CETIRIZINA 
CIPROFLOXACINO CLORHIDRATO BP,CIPROFLOXACINA 
AZITROMICINA DIHIDRATO,AZITROMICINA
ÁCIDO FÓLICO,ACIDO FOLICO 
LEVOFLOXACINA HEMIHIDRATO,LEVOFLOXACINA 
DEXKETOPROFENO TROMETAMOL,DEXKETOPROFENO
CLONAZEPAM,CLONAZEPAM ROSPAW 1 MG
SERTRALINA,SERTRALINA ROSPAW 50 MG
VER AL DORSO,"KETOCONAZOL, GENTAMICINA Y FLUOCINOLONA"
GENTAMICINA SULFATO,GENTAMICINA 
TUROCTOCOG ALFA PEGOL,ESPEROCT 500 UI
TUROCTOCOG ALFA PEGOL,ESPEROCT 1000 UI
GUSELKUMAB,TREMFYA 200 MG / 20 ML (10 MG/ML)
MORFINA SULFATO,MORFINA SULFATO 
FENTANILO CITRATO,FENTANILO CITRATO
GLIMEPIRIDA,GLIMEPIRIDA SUED 
OXALATO DE ESCITALOPRAM,DISMEA 20
OXALATO DE ESCITALOPRAM,ESCITALOPRAM 20 MG IF 
MIDAZOLAM,MIDAZOLAM
PICOSULFATO DE SODIO,PICOSULFATO DE SODIO 10 MG
TADALAFIL,TALARTE
GLIMEPIRIDA,GLIMEPIRIDA 2 MG
ACIDO FUSÍDICO + HIDROCORTISONA,LOWEDIN H
CITICOLINA,SOMAZINA
ORFENADRINA CITRATO,RELAFLEX
PARACETAMOL,ACETAMINOFEN 
IRBESARTAN + AMLODIPINA,SARTACOR-A 150 MG / 5
CARBONATO DE LITIO,SADELIT
CABOZANTINIB,CARBOZANIB / CABOZANTINIB
FLUOROMETOLONA,FML®
TADALAFIL,PREX - CUIDAT
CITICOLINA,IBERCOLINA  1000  (SUSPENSIÓN)
VER AL DORSO,BALFRUN MENTOL FUERTE 
ROSUVASTATINA CÁLCICA,ROSUVASTATINA
ROSUVASTATINA CÁLCICA,ROSUVASTATINA
MOMETASONA FUROATO,LOWEMETA
SITAGLIPTINA Y METFORMINA,SITAZIT-M 50 MG / 850 MG 
DEXKETOPROFENO TROMETAMOL,VALGIADEX
DEXKETOPROFENO TROMETAMOL,VALGIADEX
CLOPIDOGREL BISULFATO,CORPIROX 75
DEFERASIROX,DEFERASIROX 
IBUPROFENO,IBUPROFENO RHYDBURG
IBUPROFENO,IBUPROFENO 600 MG MK
SERTRALINA,SERTRALINA ROSPAW 100 MG
ACETAMINOFEN,LILLECALM 
ACIDO FUSÍDICO,LOWEDIN
MULTICOMPOSICION,APEFENAC RELAX
ROSUVASTATINA CALCICA,ARROX 20 MG
ROSUVASTATINA CALCICA,ARROX 10 MG
VER AL DORSO,DIBRON
VER AL DORSO,DIBRON
PREDNISOLONA,PREDNISOLONA 
"PIPERACILINA SODICA, TAZOBACTAM SODICO",PIPERACILINA & TAZOBACTAM
PIPERACILINA Y TAZOBACTAM SÓDICO,PIPERACILINA Y TAZOBACTAM 
VER AL DORSO,ISATOS
ÁCIDO ZOLEDRÓNICO,ZOLDRON
METIMAZOL (TIAMAZOL),TAPAZOL
OMALIZUMAB,XOLAIR
OMALIZUMAB,XOLAIR
IVACAFTOR,IVACAR GADOR
PARACETAMOL BP Y ACECLOFENACO BP,ACECLOFENACO Y PARACETAMOL
BISOPROLOL FUMARATO / HIDROCLOROTIAZIDA,BIPROCARDIO® D
ACIDO FUSÍDICO + BETAMETASONA VALERATO,LOWEDIN B
CANDESARTÁN CILEXETILO,APM CAN-16
CANDESARTÁN CILEXETILO + HIDROCLOROTIAZIDA,APM CAN-H 16/12.5
CANDESARTÁN CILEXETILO + HIDROCLOROTIAZIDA,APM CAN-H 32/25
ESPORAS DE BACILLUS CLAUSII,BACIGERMINA
ESPORAS DE BACILLUS CLAUSII,BACIGERMINA PLUS
SUCCINATO SÓDICO DE HIDROCORTISONA BP,HIDROCORTISONA -RONAK
ACETAMINOFEN,ACETAMINOFEN
ACIDO FUSÍDICO,LOWEDIN
BEVACIZUMAB,ABXEDA 400 MG
OLAPARIB,OLAPARIB 50 PROMECAN 
LOTEPREDNOL ETABONATO,OCUGARD 
LENVATINIB MESILATO,BDFOIE / LENVATINIB MESILATO
PANTOPRAZOL SÓDICO USP,PANTOPRAZOL SÓDICO
HEMIHIDRATO DE LEVOFLOXACINO USP,LEVOFLOXACINO
OLANZAPINA,OLANZAPINA SUED
OLANZAPINA,OLANZAPINA SUED
GLIMEPIRIDA,GLIMEPIRIDA SUED 
ESOMEPRAZOL MAGNÉSICO,CALM-PRAZOLMAR 40
BILASTINA,BILASTINA 10 MG
BILASTINA,BILASTINA 20 MG
HIPURATO DE METENAMINA,HIPREX®
CLONIDINA HCL,IMASTO 0.1
CLONIDINA HCL,IMASTO 0.2
PACLITAXEL,PROCLIXEL  
LEVOCETIRIZINA DICLORHIDRATO, LEVOCETIRIZINA
VER AL DORSO,GIDACLAV - FORTE
DIFENHIDRAMINA CLORHIDRATO,DIFENHIDRAMINA  CLORHIDRATO 
CLORHIDRATO DE METFORMINA,CLORHIDRATO DE METFORMINA
ERITROPOYETINA RECOMBINANTE HUMANA,"EPOGEN 4,000UI / 1 ML"
ERITROPOYETINA RECOMBINANTE HUMANA,"EPOGEN 40,000UI / 1 ML"
MOMETASONA FUROATO,LOWEMETA 
CABOZANTINIB COMO CABOZANTINIB (S)-MALATO,ARKUS 20
CABOZANTINIB COMO CABOZANTINIB (S)-MALATO,ARKUS 40
CABOZANTINIB COMO CABOZANTINIB (S)-MALATO,ARKUS 60
VER AL DORSO,TARTRATO DE BRIMONIDINA Y MALEATO DE TIMOLOL
PERTECNETATO DE SODIO [99MTC],PERTECNETATO DE SODIO [99MTC]
NIFEDIPINA,NIFEDIPINA
DENOSUMAB,CLONOMAB
VER AL DORSO,NEOMICINA SULFATO Y BACITRACINA ZINC
CIPROFLOXACINA,CIPROFLOXACINA
METFORMINA CLORHIDRATO,GLUCODIATIN®-500 
METFORMINA CLORHIDRATO,GLUCODIATIN® -850 
TOBRAMICINA Y DEXAMETASONA,TOBRAVIS-D
EMPAGLIFLOZINA / METFORMINA CLORHIDRATO,EMADIAN MET® 5/850
EMPAGLIFLOZINA / METFORMINA CLORHIDRATO,EMADIAN MET® 5/1000
EMPAGLIFLOZINA / METFORMINA CLORHIDRATO,EMADIAN MET® 12.5 / 500
EMPAGLIFLOZINA / METFORMINA CLORHIDRATO,EMADIAN MET® 12.5 / 850
EMPAGLIFLOZINA / METFORMINA CLORHIDRATO,EMADIAN MET® 12.5 / 1000
DAPAGLIFLOZINA,FARGLIP® 10
TOBRAMICINA Y DEXAMETASONA,TOBRAVIS-D
FLUCONAZOL,FLUCONAZOL RHYDBURG
APIXABAN,APIXABAN
DEXTROSA,DEXTROSA
NIFEDIPINA,DHPINA RETARD 30
NIFEDIPINA,DHPINA RETARD 60
VILDAGLIPTINA Y CLORHIDRATO DE METFORMINA,VISTAVEN- M 50 MG / 850 MG 
PREDNISOLONA,CORTIFAST 
PREDNISOLONA,CORTIFLASH 
PREDNISOLONA,INFLAGESIC
LEVETIRACETAM,LEVETICURE-500
CEFTRIAZONA Y TAZOBACTAM,ASMOCEFT-TB
CEFTRIAXONA SÓDICA BP - SULBACTAM SODICO USP,CEFTRIAXONA Y SULBACTAM
CEFTRIAXONA SÓDICA / SULBACTAM SÓDICO,CEFTRIAXONA Y SULBACTAM
RIVAROXABAN,VAROXACOL 10
RIVAROXABAN,VAROXACOL 15
RIVAROXABAN,VAROXACOL  20
TOLTERODINA TARTRATO SR PELLETS AL 2 %,TOLTEPIN
AMPICILINA SODICA BP,AMPICILINA  SODICA 
CANDESARTAN CILEXETILO,TAYCAND
CANDESARTAN CILEXETILO,TAYCAND
CANDESARTAN CILEXETILO,TAYCAND
NIFEDIPINA,NIDIPICOL XR 20
PIOGLITAZONA,PIOCOL
BICARBONATO DE SODIO,BICARBONATO DE SODIO
ROSUVASTATINA CALCICA,ARROX 15 MG
PIPERACILINA / TAZOBACTAM,PIPERACILINA / TAZOBACTAM
ESOMEPRAZOL TRIHIDRATO DE MAGNESIO,EZOMAXX
PROPOFOL,PENTRALER AGLF
KETOROLACO TROMETAMINA,KETOROLACO FELTREX
LERCANIDIPINO CLORHIDRATO + ENALAPRIL MALEATO,ALTOTAB PLUS
LERCANIDIPINO CLORHIDRATO + ENALAPRIL MALEATO,ALTOTAB PLUS
ACETILCISTEINA,ACETILCISTEINA-YURIA 
CARBAMAZEPINA,CARBAMAZEPINA
ÁCIDO FÓLICO,ÁCIDO FÓLICO
CARVEDILOL,CARVEDILOL
METILPREDNISOLONA SÓDICO SUCCINATO,METILPREDNISOLONA
CARVEDILOL,CARVEDILOL
METAMIZOL SÓDICO MONOHIDRATO,DIRONA 300
ANFOTERICINA B,ANFOTERICINA B
LINEZOLID,LINEZOLID
BETAMETASONA VALERATO,BETAMETASONA VALERATO 
PALBOCICLIB,PALBOCICLIB 75 MG
ACETATO DE FLECAINIDA,TAMBOCOR
COLECALCIFEROL (VITAMINA D3),MAXIMUN® D3 FORTE
FLUCONAZOL,FLUCONAZOL RHYDBURG
MULTICOMPOSICION,COMPLEJO B
CARBAMAZEPINA,CARBAMAZEPINA RHYDBURG
CIPROFLOXACINA,CIPROFLOXACINA RHYDBURG 
DAPAGLIFLOZINA,DAPAGLIFLOZINA RHYDBURG
OLANZAPINA,OLANZAPINA ECONOFARMA 5 MG
FLUCONAZOL BP,FLUCONAZOL 
AMOXICILINA TRIHIDRATO,AMOXICILINA RHYDBURG
LISDEXANFETAMINA DIMESILATO,LUDOXA® 70
LISDEXANFETAMINA DIMESILATO,LUDOXA® 50
LISDEXANFETAMINA DIMESILATO,LUDOXA® 30
INMUNOGLOBULINA HUMANA NORMAL,VITAGLOB
METFORMINA CLORHIDRATO,GLUCODIATIN® -1000 
"PIPERACILINA SODICA , TAZOBACTAM SODICO",PIPERACILINA & TAZOBACTAM
VER AL DORSO,VA-MENGOC-BC
DICLOFENAC POTÁSICO,DICLOFENAC
METFORMINA CLORHIDRATO,METFORMINA 
VER AL DORSO,LIDOCAINA 
VER AL DORSO,LIDOCAINA 
SORAFENIB TOSILATO EQUIV. A SORAFENIB,SORAFENIB 200 MG
FUROSEMIDA,FUR-40
HIDROCLOROTIAZIDA,HIDROCLOROTIAZIDA
TOLNAFTATO,HONGO KILLER
GUAIFENESINA,GUAIFENESINA 100 MG / 5 ML
DICLOFENACO POTÁSICO, DICLOFENACO POTÁSICO 
CANDESARTAN CILEXETILO/AMLODIPINO,BLOX AM 8/5
CANDESARTAN CILEXETILO/AMLODIPINO,BLOX AM 16/5
VER AL DORSO,AZITRONEXT 
TAMSULOSINA,GUROSIN 0.4
ENZALUTAMIDA,ENZALUTAMIDA
IBRUTINIB,IBRUTINIB
PARACETAMOL,INFUSOL
MOXIFLOXACINA,FLOXICLIN
LEVOFLOXACINO,LEVOFLOXACINO
CITRATO DE TOFACITINIB,XELJANZ XR
IBUPROFEN BP,REN-IBU
RANITIDINA,RANITIDINA RHYDBURG
PREGABALINA,PREGORBIS
TADALAFILO,MOMENTIX
VER AL DORSO,VITGO-C FORTE
ACIDO ACETILSALICÍLICO,ASPIREN® 
ACIDO ACETILSALICÍLICO,ACIDO ACETILSALICILICO ALFA 150MG
SERTRALINA CLORHIDRATO,ZOLO DMT®
LIRAGLUTIDA,LOSSIVE
METRONIDAZOL + NISTATINA,DAWRELY M + N  
VER AL DORSO,NOVA B FORTE- K
VER AL DORSO, MENTE MENTOL FUERTE 
ENZALUTAMIDA,ENZALUTAMIDA 40 MG
DICLOFENACO SODICO,DICLOFENACO 75MG/3ML MK
DASATINIB,DASTILA
VER AL DORSO,PꞋ LOPIEE
IODIXANOL,VISIPAQUE
BETAMETASONA - LORATADINA,BEDINA® - LT
VER AL DORSO,VISTAVEN- M 50 MG/ 1000MG 
VER AL DORSO,SALMIPRESS® F 150/5/12.5
VER AL DORSO,SALMIPRESS® F 300/5/12.5
VER AL DORSO,SALMIPRESS® F 300/10/12.5
HIDROCLOROTIAZIDA,HIDROCLOROTIAZIDA 25MG MK 
CLONIXINATO DE LISINA / PROPINOX CLORHIDRATO,DAPRINOL® FORTE
CEFTRIAXONA + AGUA PARA INYECCION,INFEXONE
CEFAZOLINA SÓDICA,CEFAZOLINA
ACIDO ASCORBICO USP,VITAMINA C *  ACIDO ASCORBICO 
GLUCOSA ANHIDRA BP,GLUCOSA
GLUCOSA ANHIDRA BP,GLUCOSA
ACETATO DE CALCIO,LANUM
ESPIRONOLACTONA,ESPIRONOLACTONA 25 MG 
SULFATO DE ZINC,ZINC GENERIFAR 10 MG / 5 ML
CABOZANTINIB,CARBOZANIB / CABOZANTINIB
GENTAMICINA,GENTAMICINA
AMLODIPINA,AMLOSAY 5
AMLODIPINA,AMLOSAY 10
"CANDESARTAN, AMLODIPINA E HIDROCLOROTIAZIDA",KERALA PLUS-32/10/25
AFATINIB,AFATINIB 
DEXTROMETORFANO HBR + GUAIFENESINA,SANITOSS CONTRA LA TOS 
CANDESARTÁN CILEXETILO + AMLODIPINA + HIDROCLOROTIAZIDA,CANDEVEX 3 -16/10/12.5
VER AL DORSO,CANDEVEX 3 -32/5/12.5 
BETAHISTINA DICLORHIDRATO,BETAHISTINA 16 MG
BETAHISTINA DICLORHIDRATO,BETAHISTINA 24 MG
RIVAROXABAN,XARELTO® 
CEFTRIAXONA SODICA,CEFTRIAXONA -RONAK
MINOXIDIL,MINOXIDIL VIÑAS 
CEFTRIAXONA,CEFTRIAXONA 
CEFEPIME,CEFEPIME 
CEFTRIAXONA,CEFTRIAXONA 
ERTAPENEM,ERTAPENEM
CEFTRIAXONA SODICA USP EQUIVALENTE A CEFTRIAXONA,CEFTRIAXONA SODICA 
COLECALCIFEROL (VITAMINA D3),"NURVIT D3 100,000"
CEFTRIAXONA SODICA,RONACEFTRIAL  1G
CEFEPIME CLORHIDRATO USP,CEFEPIME 
MEROPENEM ANHIDRO,MEROPENEM
MEROPENEM ANHIDRO,MEROPENEM 
CEFOTAXIMA SÓDICA,CEFOTAXIMA RHYDBURG
LIDOCAINA CLORHIDRATO,LIDOCAINA CLORHIDRATO 2%
CEFTRIAXONA SÓDICA + CLORHIDRATO DE LIDOCAÍNA,CEFTRIAXONA
CEFTRIAXONA SÓDICA,CEFTRIAXONA RHYDBURG
ERTAPENEM,ERTAPENEM 1 G
MEROPENEM,MEROPENEM INYECTABLE 1000 MG 
DICLOFENACO SÓDICO,DICLO ROJO CAPLIN
OXITOCINA,OXITOCINA
CEFEPIME,CFEPIME
MIDAZOLAM,MIDAZOLAM
PARACETAMOL,PARACETAMOL
PARACETAMOL,PARACETAMOL
LEVETIRACETAM,LETRACEM XR
VER AL DORSO,AMLOSAY AT 5/50
VER AL DORSO,AMLOSAY DIU 10/12.5
VER AL DORSO,AMLOSAY DIU 5/12.5
VER AL DORSO,AMLOSAY Y DIU 5/25
"CANDESARTAN, AMLODIPINA E HIDROCLOROTIAZIDA",KERALA PLUS-16/5/12.5
"CANDESARTAN, AMLODIPINA E HIDROCLOROTIAZIDA",KERALA PLUS-32/5/25
SEMAGLUTIDA,SEMACOR PEN
OMALIZUMAB,OMLYCLO
"ACETAMINOFEN, DICLOFENAC POTASICO, CLORZOXAZONA",CATACLOFEN RELAX 
ANASTROZOL,NAT-ANASTROZOL 1 MG
FOSFOMICINA,FORMICINA 
FUROSEMIDA,FUROSEMIDA RHYDBURG
AMOXICILINA + ÁCIDO CLAVULÁNICO,HINCLAMOX-H
VILDAGLIPTINA/METFORMINA HCL,SIPTUS M 50/850
VORTIOXETINA BROMHIDRATO,VORIZEN 5
VORTIOXETINA BROMHIDRATO,VORIZEN 10
VORTIOXETINA BROMHIDRATO,VORIZEN 15
VORTIOXETINA BROMHIDRATO,VORIZEN 20
CITRAT0 DE SILDENAFIL,SILDENAFIL  
SITAGLIPTINA CLORHIDRATO MONOHIDRATO,TERION 100 MG
SITAGLIPTINA/ METFORMINA,TERION MET 50 MG /1000 MG 
SITAGLIPTINA /METFORMINA,TERION MET 50 MG / 850 MG
BEVACIZUMAB,ABXEDA 100 MG
"PIPERACILINA SÓDICA , TAZOBACTAM SÓDICO",SWIPATAZ
TADALAFIL,TADSEVEN 
IBUPROFENO,IBUPROFENO RHYDBURG
"VILDAGLIPTINA, CLORHIDRATO DE METFORMINA",VILDAGLIPTINA Y CLORHIDRATO DE METFORMINA
TICAGRELOR,TIGRETAS
ACIDO ASCÓRBICO,VITAMINA C
VILDAGLIPTINA + METFORMINA,GUDAGLIP M 50/850
CLORHIDRATO DE DILTIAZEM BP,DILTIAZEM
ONDANSETRÓN (COMO CLORHIDRATO DIHIDRATO),SETRON 8
BUTILBROMURO DE HIOSCINA,BUSCAPINA
COLECALCIFEROL,VITAMINA D3
BISOPROLOL+AMLODIPINO+HIDROCLOROTIAZIDA,CILENOL MAX 5/5/12.5
VER AL DORSO,MUVITON PREP
ORLISTAT,DAWSY - F
VER AL DORSO,DAPOXETINA & SILDENAFIL 
VER AL DORSO,CETIRIZINA 
MEMANTINA,MEMANTINA
MEMANTINA,MEMANTINA
QUETIAPINA,QUETIAPINA SUED
TOFACITINIB,TOFACITINIB 5 MG
CLORHIDRATO DE LIDOCAINA,XYLESTESIN 2%
ELTROMBOPAG OLAMINA,ELTROM 25 MG 
N-ACETILCISTEINA,DINALER®
TOFACITINIB,TOFACITINIB 11 MG
CALCIPOTRIOL MONOHIDRATO,LOWENEX 
VER AL DORSO,VERRUPATCH 
AZITROMICINA,AZITROMICINA FELTREX
GABAPENTINA BP,GABAPENTINA 
BENZOCAINE + GLICERINA,FINAFTA
ACEBROFILINA,MU-KOL
IBUPROFENO,IBUPROFENO RHYDBURG
VILDAGLIPTINA,GUDAGLIP 50
PIRFENIDONA,PIRFONE 
ETORICOXIB,ETORICOXIB 
ETORICOXIB,ETORICOXIB
PARACETAMOL,PARACETAMOL 
MONTELUKAST,REVANALER
CANDESARTAN CILEXETIL,SAFEBUL 
CANDESARTAN CILEXETIL,SAFEBUL
CANDESARTAN CILEXETIL,SAFEBUL
ACIDO ACETILSALICILICO,CARDIORBIS
ARIPIPRAZOL,MERISITINE -10
RIVAROXABÁN,RIVAROCARD 10
IMIPENEM ANIHIDRO Y CILASTATINA SODICA,IMIPENEM Y CILASTATINA  
MALEATO DE ENALAPRIL,MALEATO DE ENALAPRIL
TAMSULOSINA + DUTASTERIDA,GUROSIN DUO 0.4 / 0.5
ARIPIPRAZOL,MERISITINE -5 
ARIPIPRAZOL,MERISITINE -30 
VITAMINA D3 (COLECALCIFEROL),MAXIMUN® D3
BISOPROLOL+AMLODIPINO+HIDROCLOROTIAZIDA,CILENOL MAX 10/10/12.5
RANOLAZINA,RANOLAZINA
MELOXICAM MICRONIZADO/ PRIDINOL MESILATO,REVERSAL® FLEX
APIXABAN 2.5,APIXABAN 2.5 MG
APIXABAN,APIXABAN 5 MG
N-ACETILCISTEINA,LUMACISTIL 
BROMURO DE N-BUTILHIOSCINA,SPASMOVAL
ESPIRONOLACTONA,ESPIRONOLACTONA
EXTRACTO SECO DE CENTELLA ASIÁTICA,TECAMAX 
EXTRACTO SECO DE CENTELLA ASIÁTICA,TECAMAX 
VER AL DORSO,DEXABENEURAL
NIFEDIPINA,INNARCEPIN RETARD - 60
NIFEDIPINA,INNARCEPIN RETARD - 30
MEROPENEM,MEROPENEM
CEFOTAXIMA SODICA,CEFOTAXIMA
ERTAPENEM,ERTAPENEM
PICOSULFATO DE SODIO,PICOSULFATO DE SODIO
ACIDO FENOFÍBRICO + ROSUVASTATINA,CRESADEX PLUS
LOSARTÁN POTÁSICO,LOSARDU
LOSARTÁN POTÁSICO,LOSARDU
SOLUCION LACTATO RINGER,COMPUESTO LACTATO DE SODICO
DEFLAZACORT,CORTFLADEX
CABOZANTINIB,CARBOZANIB 20
LINEZOLID,LINEZOLID 2 MG/ML 
VER AL DORSO,"ULTRA-TECHNEKOW FM, 2.15-43.00 GBQ"
ARIPIPRAZOL,MERISITINE -15 
KETOROLACO TROMETAMOL,MEDROLGIN
CLORHIDRATO DE CLORPROMAZINA USP,CLORHIDRATO DE CLORPROMAZINA
LABETALOL CLORHIDRATO BP,LABETALOL  CLORHIDRATO 
ETORICOXIB,ETORICOXIB 
AXITINIB,AXITINIB 5 MG
VER AL DORSO,SANITOSS RESFRIPLUS
BETAMETASONA DIPROPIONATO,CORTTIAGO 
ROSUVASTATINA CALCICA,LIPIGET® 20
PREGABALINA,PREGABALINA 75 MG
CETIRIZINA,CETIRIZINA FTX
ETORICOXIB,ETORICOXIB FELTREX
RUCAPARIB,VONESTREL 200 MG 
PIRFENIDONA,FIXPUL 534 MG
TADALAFIL,TADAFEL
PREGABALINA,PREBIEN DIVIDOSIS 
MENTOL,DRAGON CON ARNICA ALIVIO DEL DOLOR 
"MENTOL, ALCANFOR, SALICILATO DE METILO",DRAGON POTENCIA ULTRA FUERTE
VILDAGLIPTINA + METFORMINA CLORHIDRATO,VILDAGLIPTINA Y METFORMINA HCL (50 MG + 500 MG) 
VILDAGLIPTINA + METFORMINA CLORHIDRATO,VILDAGLIPTINA Y METFORMINA HCL (50 MG + 850 MG)
CIPROFLOXACINA,CIPROFLOXACINA RHYDBURG
ERITROPOYETINA RECOMBINANTE HUMANA,"EPOGEN 30,000 UI/1ML"
DAPAGLIFLOZINA,DAPADALT
VITAMINA A (COMO PALMITATO),VITAMINA A
DONEPEZILO CLORHIDRATO,PLEOBRAD 5 MG
DONEPEZILO CLORHIDRATO,PLEOBRAD 10 MG
GLIBENCLAMIDA BP,GLIBENCLAMIDA
VALPROATO DE SODIO BP,VALPROATO DE SODIO
VILDAGLIPTINA,VIGLA
DESLORATADINA USP,DESLORATADINA 
LEVOFLOXACINA,LEVOFAST
CITRATO DE SILDENAFIL EQUIVALENTE A SILDENAFIL,SILDENAFIL 50 
IMEGLIMINA,NILEMIX 500
IMEGLIMINA,NILEMIX 1000
DEXKETOPROFENO TROMETAMOL,DEXFEN 25
CLORHIDRATO DE DULOXETINA,EUROFARMA NODEP ® 
TADALAFIL,TALDRO FAST
CANDESARTAN CILEXETIL + HIDROCLOROTIAZIDA CLORHIDRATO,CANDESARTAN 16 + HIDROCLOROTIAZIDA 12.5 
CANDESARTAN CILEXETIL + HIDROCLOROTIAZIDA CLORHIDRATO,CANDESARTAN 32 + HIDROCLOROTIAZIDA 12.5 
SULFATO FERROSO HEPTAHIDRATADO / ACIDO FOLICO / VITAMINA C,MODIBAR® C
TARTRATO DE LEVOSALBUTAMOL,TARTRATO DE LEVOSALBUTAMOL
OXIDO DE ZINC,OXIDO DE ZINC SAMED
CLARITROMICINA,CLARITROMICINA RHYDBURG
CAPTOPRIL BP,CAPTOPRIL 
TOXINA BOTULINICA TIPO A,NEWLUX
ETORICOXIB,DOLOCLIN 90
DROSPIRENONA + ETINILESTRADIOL,AMAPOLA FEM
LURASIDONA CLORHIDRATO,NALURA
DROSPIRENONA + ETINILESTRADIOL,FERMEX
DROSPIRENONA + ESTRADIOL,DIENOFEM
ÁCIDO ACETILSALICÍLICO,ÁCIDO ACETILSALICÍLICO
ATENOLOL,ATENOLOL 
IRBESARTAN + HIDROCLOROTIAZIDA,SARTACOR-H 300/12.5
METFORMINA CLORHIDRATO,METFOR-SUED 850
VER AL DORSO,GLICEMIN M 5 / 850 
INSULINA ASPARTA,INSULINA ASPARTA
MICONAZOL NITRATO,MICONAZOL  NITRATO 
LIDOCAINA (LIGNOCAINA ) CLORHIDRATO BP,LIDOCAINA 
VILDAGLIPTINA,VILDAGLIPTINA SUED
TEMOZOLOMIDA,ZOMUR
TEMOZOLOMIDA,ZOMUR
APREPITANT,APREPITANT 
APIXABÁN,APIXABÁN 
BISOPROLOL FUMARATO/HIDROCLOROTIAZIDA,ETABLOX H 10/12.5
BISOPROLOL FUMARATO/ HIDROCLOROTIAZIDA.,ETABLOX H 5 /12.5
BISOPROLOL FUMARATO/HIDROCLOROTIAZIDA,ETABLOX H 5/6.25
ALOPURINOL BP,ALOPURINOL 300
HIDROCLORURO DE CIPROFLOXACINA,CIPROFLOXACINA -RONAK
IMIPENEM Y CILASTATINA,IMIPENEM Y CILASTATINA
ACETATO DE PREDNISOLONA,PRED FORTE Ⓡ
BACLOFENO, BACLOXEN 
BICARBONATO DE SODIO, BICARBONATO DE SODIO 
DAPAGLIFLOZINA + METFORMINA CLORHIDRATO,DAPAGLIP M 10/1000
ACETAMINOFÉN,AVAMIGRAN EXTRA FORTE 
LEVETIRACETAM,BENLIV 
VITAMINA D3 (COLECALCIFEROL),TRIAMIN® FORTE
FOSFOMICINA,GUBACTER
ROSUVASTATINA CALCICA BP EQUIVALENTE A ROSUVASTATINA,ROSUVASTATINA  CALCICA 
VER AL DORSO,BORTRAC
LINAGLIPTINA / METFORMINA CLORHIDRATO,"LIXENTA PLUS 2,5/1000"
LINAGLIPTINA / METFORMINA CLORHIDRATO,"LESSIA PLUS 2,5/ 850"
LINAGLIPTINA / METFORMINA CLORHIDRATO,"LESSIA PLUS 2,5/1000"
CIPROTERONA ACETATO + ETINILESTRADIOL,DIXI 35
CARIPRAZINA CLORHIDRATO (EQUIVALENTE A CARIPRAZINA),WELLNESS 1.5
CARIPRAZINA CLORHIDRATO (EQUIVALENTE A CARIPRAZINA),WELLNESS 3
CARIPRAZINA CLORHIDRATO (EQUIVALENTE A CARIPRAZINA),WELLNESS 4.5
CARIPRAZINA CLORHIDRATO (EQUIVALENTE A CARIPRAZINA),WELLNESS 6
CLINDAMICINA (COMO FOSFATO) / CLOTRIMAZOL,VAGIL C DUO
CETIRIZINA DICLORHIDRATO,CETRIORBIS
LEVOCETIRIZINA DICLORHIDRATO,ZIVAL
VER AL DORSO,FLOXICLIN-DEX
LINEZOLID,LINEZOLID
VANCOMICINA CLORHIDRATO,VANCOMICINA CLORHIDRATO
PARACETAMOL - CLORZOXAZONA,DOLO-PARNAX RELAX
OMEPRAZOL SODICO,OMEPRAZOL
BNT162B2 OMICRON (LP.8.1),"COMIRNATY 30 ΜG/0,3 ML (VER AL DORSO)"
IBUPROFEN USP,REN-IBU 600
IBUPROFEN BP,REN-IBU 800
CARBOPLATINO,CARBOPLATINO
CARBOPLATINO,CARBOPLATINO
TRAMADOL CLORHIDRATO,TRAMADOL CLORHIDRATO
CLONAZEPAM,CLONAZEPAM ROSPAW 0.5 MG
CLONAZEPAM,CLONAZEPAM ROSPAW 2 MG
PALBOCICLIB,PALBOCICLIB 100 MG
OLANZAPINA,OLANZAPINA ROSPAW 5 MG
ROSUVASTATINA,DISLIPID
ROSUVASTATINA,DISLIPID
ROSUVASTATINA,DISLIPID
VER AL DORSO,GLICEMIN M 12.5 / 850
VER AL DORSO,GLICEMIN M 12.5 / 1000 
AGUA ESTERIL,AGUA ESTERIL
SILDENAFILO CITRATO,SILDENAFILO
ACETATO DE DEGARELIX,DEGALIX 120
ACECLOFENACO,ACECLOFENACO RHYDBURG
MIRTAZAPINA,MIRTAZAPINA
CLORANFENICOL,CLORANFENICOL
DOCETAXEL,TAXEWELL
METAMIZOL SÓDICO,METAMIZOL SODICO 500 MG GENERIFAR
VITAMINA D3,TRIAMIN
RANOLAZINA,RANOLAZINA
RANOLAZINA,RANOLAZINA 
VITAMINA D3 (COLECALCIEFEROL),MAXIMUN® D3
VITAMINA D3 (COLECALCIFEROL),MAXIMUN® D3
LEVOCETIRIZINA DICLORHIDRATO – BETAMETASONA,SUPRALER® CORT
LINAGLIPTINA / METFORMINA CLORHIDRATO,"LIXENTA PLUS 2,5/500"
LINAGLIPTINA / METFORMINA CLORHIDRATO,"LIXENTA PLUS 2,5/850"
ACETAMINOFÉN + DICLOFENAC POTÁSICO,NATRAFEN FLEX-100 
LINAGLIPTINA,LINAGLIPTINA
VER AL DORSO,XILOMETAZOLINA CLORHIDRATO 
DIOSMINA HESPERIDINA,DIVENIS
ETILO DE ICOSAPENTO,POZARIL® PLUS
VER AL DORSO,COLPOBEN® 3D
CLINDAMICINA/ KETOCONAZOL/ TINIDAZOL,COLPOBEN® PLUS
MAGALDRATO / DOMPERIDONA,MEDIBUTIN
MAGALDRATO / DOMPERIDONA,MEDIBUTIN
NOMEGESTROL ACETATO + ESTRADIOL HEMIHIDRATO,GESTROMEX
TRIMETOPRIMA + SULFAMETOXAZOL,TRIMESUL®
DENOSUMAB,ASUMLEA 60 MG 
TREPROSTINIL,TRESUVI
TREPROSTINIL,TRESUVI
TREPROSTINIL,TRESUVI
PREGABALINA,PREGABALINA 
FILGRASTIM,FIPRIMA
DURVALUMAB,IMFINZI 50 MG/ML
SOMATROPINA,OMNITROPE
MALEATO DE ENALAPRIL,ENALAPRIL
BROMHIDRATO DE VORTIOXETINA,BROMHIDRATO DE VORTIOXETINA 
"VIT B1, VIT B2, VIT B6, NIACINAMIDA",VITAMINA B COMPLEX 
TADALAFIL BP,TADALAFIL 
VER AL DORSO,LISIN PRENATAL
ACETATO DE DEGARELIX,DEGALIX 80
VER AL DORSO,DICLOXACILINA SODICA
VILDAGLIPTINA Y METFORMINA CLORHIDRATO,VILDAGLIPTINA Y METFORMINA CLORHIDRATO
PREGABALINA,ROIPREGA 
BETAMETASONA DIPROPIONATO + CALCIPOTRIOL HIDRATO,LOWEBET
CALCIPOTRIOL HIDRATO,LOWENEX
EMPAGLIFLOZINA / METFORMINA CLORHIDRATO,EMPAGLIZ M 5/850
EMPAGLIFLOZINA / METFORMINA CLORHIDRATO,EMPAGLIZ M 12.5/850
EMPAGLIFLOZINA / METFORMINA CLORHIDRATO,EMPAGLIZ M 12.5/1000
ACETATO DE ABIRATERONA,ACETATO DE ABIRATERONA
DICLOFENACO POTÁSICO + SALICILATO DE METILO,MENTO-DOL GEL EXTRA FORTE
ACIDO ASCORBICO BP,ACIDO  ASCORBICO  
SOMATROPINA,OMNITROPE
VER AL DORSO,DEX-LITOS X ZERO AZÚCAR SABOR NARANJA
VER AL DORSO,DEX-LITOS X ZERO AZÚCAR SABOR COCO
CETIRIZINA DICLORHIDRATO,CETIRIZINA
CETIRIZINA DICLORHIDRATO.,CETIRIZINA
SERTRALINA,SERTRALINA 50 MG 
CANDESARTAN + AMLODIPINA,CORPREXIA – A 32-10
BISOPROLOL + HIDROCLOROTIAZIDA,LINOVO D PLUS 
PREDNISONA,PREDNISONA 50 MG PARABIEN
ETINILESTRADIOL + DIENOGEST,ABBY GUTIS 
NIFEDIPINA, NIFEDIPINA DROTAFARMA
CLOPIDOGREL BISULFATO,CLOPIDOGREL DROTAFARMA
BILASTINA,BILASTINA
CANDESARTAN + AMLODIPINA,CORPREXIA – A 32-5
VER AL DORSO,DEX-LITOS X ZERO AZÚCAR SABOR LIMÓN
VER AL DORSO,DEX-LITOS X ZERO AZÚCAR SABOR MANDARINA
VER AL DORSO,DEX-LITOS X ZERO AZÚCAR SABOR PIÑA
SACUBITRIL / VALSARTÁN,NEARB 24/26
SACUBITRIL / VALSARTÁN,NEARB 49/51
SACUBITRIL / VALSARTÁN,NEARB 97/103
DENOSUMAB,RESYNIV
DENOSUMAB,DNOCLAST 
COLECALCIFEROL (VITAMINA D3),"NURVIT D3 50,000"
ACETATO DE ABIRATERONA,ACETATO DE ABIRATERONA 500 MG 
OMEPRAZOL,OMELUVAL
OMEPRAZOL SODICO,OMELUVAL
ACEBROFILINA,PULMIRON
SUNITINIB MALEATO,SUNITINIB 
RIVAROXABÁN,RIVAROCARD 20
CANDESARTAN CILEXETIL + HIDROCLOROTIAZIDA CLORHIDRATO,BRÛLER-H
BUTILBROMURO DE HIOSCINA /KETOROLACO TROMETAMINA,ENCONTROPINA 
NITROFURAZONA USP, NITROFURAZONA 
ACIDO ASCORBICO,C-ZEST
PANCREATINA,CREON
CITRATO DE SILDENAFIL,SILDENAFIL
AZATIOPRINA,AZAPLEX 
METFORMINA CLORHIDRATO,METFORMINA
RANOLAZINA,KOLNACOR 500 MG
VORTIOXETINA,ZUVOR
ROSUVASTATINA - EZETIMIBE,ROXAR® EZ 10/10
LORATADINA,LORATADINA 
CITICOLINA SÓDICA,COLIHENZ
BICARBONATO DE SODIO,NACOLIT 
MELATONINA,FOREVERVITAL MELATONINA
ZINC,FOREVERVITAL ZINC
COLECALCIFEROL,VITAMINA D3
COLECALCIFEROL,VITAMINA D3
SALBUTAMOL,SALBUTAMOL  
CANDESARTAN + AMLODIPINO,KERALA A-8/5
CLOTRIMAZOL + ALUMBRE.,JABÓN CLOTRIMAZOL Y ALUMBRE ROLDÁN.
CANDESARTAN + AMLODIPINO,KERALA A-32/10
VORTIOXETINA,ZUVOR 10
MENTOL + ALCANFOR,VICK VAPORUB INHALADOR
BOSUTINIB,BOSUTINIB 100 MG
BOSUTINIB,BOSUTINIB 500 MG
MENOTROPINA,HUMOG 75 
"BROMURO DE IPRATROPIO,SULFATO DE SALBUTAMOL", BROMURO DE IPRATROPIO Y SULFATO DE SALBUTAMOL
IBRUTINIB,IBRUTINIB 140 MG
CARFILZOMIB,PLIFOSIR
POLIETILENGLICOL 3350,SULAX SUED
CETIRIZINA DICLORHIDRATO,CETIRIZINA 10 MG MK
VER AL DORSO,BEFRILAX
PANTOPRAZOL,ZOLIC
LEVODOPA + CARBIDOPA MONOHIDRATADA,PARDOPA
BETAMETASONA DIPROPIONATO + CALCIPOTRIOL HIDRATO,LOWEBET
PACLITAXEL,PACLITAXEL GLENMARK 30 MG
PACLITAXEL,PACLITAXEL GLENMARK 300 MG
RIVAROXABAN,ROTHROM 2.5 MG
VER AL DORSO,ZENTAVION
SULFADIAZINA DE PLATA USP,SULFADIAZINA DE PLATA 
LEVONORGESTREL,ESQUIVAR 1.5
BISOPROLOL,BLOPADOR
PALBOCICLIB,PALBOCICLIB 125 MG
MIDAZOLAM,MIDAZOLAM
GLUCOSA ANHIDRA + CLORURO DE SODIO,DEXTROSA AL 5% + CLORURO DE SODIO AL 0.9%
VER AL DORSO,DEX-LITOS X ZERO AZÚCAR SABOR MANZANA
VER AL DORSO,DEX-LITOS X ZERO AZÚCAR SABOR TUTTI FRUTTI
VER AL DORSO,DEX-LITOS X ZERO AZÚCAR SABOR UVA
VER AL DORSO,DEX-LITOS X ZERO AZÚCAR SABOR CEREZA
SUNITINIB MALATO,SUNITINIB 
PIRFENIDONA,PIRFETON 267
VER AL DORSO,FEIBA  
PIPERACILINA / TAZOBACTAM,"SULDIAZAN 4,5"
DROSPIRENONA + ETINILESTRADIOL,ORQUIDEA-FEM
AMBROXOL CLORHIDRATO,AMBROXOL  CLORHIDRATO 
BROMHIDRATO DE VORTIOXETINA,BROMHIDRATO DE VORTIOXETINA
BROMHIDRATO DE VORTIOXETINA,BROMHIDRATO DE VORTIOXETINA
METILFENIDATO HIDROCLORURO,ATEXAM 45 MG
MEMANTINA CLORHIDRATO,MEMALOR 10 
CELECOXIB,CELECOXIB 200 MG
SEMAGLUTIDA,WEGOVY 0.25 MG
SEMAGLUTIDA,WEGOVY 1 MG
SEMAGLUTIDA,WEGOVY 1.7 MG
SEMAGLUTIDA,WEGOVY 2.4 MG
METFORMINA HCL,GLUCOLOW® 850 MG
CANDESARTAN CILEXETILO,TENSOCAND ® 16
CLOPIDOGREL BISULFATO,BENEGREL® 75 MG
MALEATO DE CLORFENIRAMINA,CLORRELIEF 
VER AL DORSO,TOPSAN-D
CANDESARTAN CILEXETILO - HIDROCLOROTIAZIDA,TENSOCAND® H 16/12.5 MG
CANDESARTAN CILEXETILO - HIDROCLOROTIAZIDA,TENSOCAND® H 32/12.5 MG
BROMHEXINA HCL + CLORFENIRAMINA MALEATO,SANITOSS EXPECTORANTE 
LEVOFLOXACINA HEMIHIDRATO,LEVOFLOXACINA
DASATANIB,DASATINIB KEMEX 20 MG
DASATINIB,DASATINIB KEMEX 50MG
DASATINIB,DASATINIB KEMEX 70 MG
DASATINIB,DASATINIB KEMEX 100 MG
VITAMINA C ( ACIDO ASCORBICO),CECITRO EFERVESCENTE 
GLUCONATO DE CLORHEXIDINA, GLUCONATO DE CLORHEXIDINA AL  5%
PACLITAXEL,PACLITAXEL GLENMARK 150MG
PACLITAXEL,PACLITAXEL GLENMARK 100 MG
AMLODIPINA BESILATO,AMLODIPINA BESILATO RHYDBURG
FOSFATO SODICO DE DEXAMETASONA,DEXAMETASONA
DICLOFENAC POTÁSICO,DOLO-HABION
LINAGLIPTINA / METFORMINA CLORHIDRATO,"LESSIA PLUS 2,5/500"
CIPROFLOXACINA,CIPROFEL
VER AL DORSO,  GENCLOBEN-CAPLIN FORTE 
ACIDO TRANEXAMICO,ACIDO TRANEXAMICO 
FUROSEMIDA,FUROSEMIDA INYECCION  10 MG / ML
FOSFATO SODICO DE DEXAMETASONA INYECCION,FOSFATO SODICO DE DEXAMETASONA INYECCION  4 MG/ML
LEVANTINIB MESILATO,BDFOIE 
CICLOFOSFAMIDA,BDCYCLO 
NIRSEVIMAB,BEYFORTUS®
NIRSEVIMAB,BEYFORTUS®
CLORHIDRATO DE TIAMINA (VITAMINA B1),TIAMINA ALFA 100 MG / ML
ACETAMINOFÉN / CAFEÍNA,MEFLOX® ULTRA
BETAMETASONA + LORATADINA,LOBRAXOL 
ENANTATO DE TESTOSTERONA,PRIMOTESTON® DEPOT 
RIVAROXABAN,REVARDO 20      
MEROPENEM,MEROPENEM
RIFAMPICINA,RIFAMPICINA RICHET 600 MG
NIRSEVIMAB,BEYFORTUS®
NIRSEVIMAB,BEYFORTUS®
LORATADINA,LORATADINA
ACIDO ASCÓRBICO,ACIDO ASCÓRBICO ALFA 150 MG / ML
RIVAROXABÁN,RIVAROCARD 15
METILFENIDATO HCL,FENIRA® XR 54
METILFENIDATO HCL,METILFENIDATO MAMEY® 54 XR
PICOSULFATO DE SODIO,LAXADOL® 5
PICOSULFATO DE SODIO,PICOLAX® 5
PROPOFOL (CON MCT LCT),PROPOFOL 1 %
CANDESARTAN + AMLODIPINO,KERALA A-16/5
CANDESARTAN + AMLODIPINO,KERALA A-16/10
PREDNISOLONA,INFLAGESIC
HIALURONATO DE SODIO,LAGRIFRES SC 
TAMSULOSINA + TADALAFIL,TAVEN-T
CLORHIDRATO DE AMITRIPTILINA,AMITRIPTILINA 25MG IF 
CARBONATO DE LITIO,PLENUR 
CLINDAMICINA+CLOTRIMAZOL,VATRICLIN C
CLORHIDRATO DE FEXUPRAZÁN,ABCITO 
BUPROPION CLORHIDRATO,PROXIVEN XL
FORMOTEROL FUMARATO + BUDESONIDA,BUDATO
FORMOTEROL FUMARATO + BUDESONIDA,BUDATO
BETAMETASONA - LORATADINA,BEDINA® - LT 
SEMAGLUTIDA,WEGOVY 0.50 MG
VER AL DORSO,MULTIVITAMINICO
DICLOFENACO DIETILAMINA,DICLOFENAC
LEVETIRACETAM,LEVETIRACETAM
BUPIVACAINA CLORHIDRATO,BUPIVACAINA CLORHIDRATO    
VITAMINA D3 (COLECALCIFEROL),TRIAMIN®
ABIRATERONA ACETATO,ABIRATERONA ACETATO
IBUPROFEN,IBUFECOL
FEBUXOSTAT,FEBUXOCOL 40
FEBUXOSTAT,FEBUXOCOL 80
ESPIRONOLACTONA,IBERLACTONA 25 
SEMAGLUTIDA,WEGOVY 0.50 MG
FLUOROURACILO,EFUDIX
FLUCONAZOL,FLUCONAZOL 
DICLORHIDRATO DE FLUNARIZINA BP,FLURIMAX 
MINOXIDIL,MINOXIDIL-2%
ALPRAZOLAM,ALPRAZOLAM ROSPAW 2 MG
ALPRAZOLAM,ALPRAZOLAM ROSPAW 0.5 MG
BISOPROLOL FUMARATO,BISOBET® 5 MG
CLORHIDRATO DE CLONIDINA,ICLOTAN 0.200
VER AL DORSO,SALES DE REHIDRATACION ORAL  
CLORHIDRATO DE AMITRIPTILINA USP,TRIMAR
EMPAGLIFOZINA Y METFORMINA CLORHIDRATO,EMPAGLIFOZINA Y METFORMINA CLORHIDRATO
VILDAGLIPTINA Y METFORMINA CLORHIDRATO,VILDAGLIPTINA Y METFORMINA CLORHIDRATO
UNDECANOATO DE TESTOSTERONA,NEBIDO
NAPROXENO BP,NAPROXENO
CELECOXIB,DOLCOX 200
EMPAGLIFLOZINA + LINAGLIPTINA,XINOPAR PLUS 10/5
LAPATINIB DITOSILATO MONOHIDRATO,NOTISTIR
VER AL DORSO,KARY - VIT FE 
VER AL DORSO,ESOMEPRAZOL
FEBUXOSTAT,FEBULAX
CARBOXIMETILCELULOSA SÓDICA,LUBRILONG 
VER AL DORSO,DICLOFENAC 
CLOTRIMAZOL BP,CLOTRIMAZOL
CLOTRIMAZOL BP,CLOTRIMAZOL 
EMPAGLIFOZINA Y METFORMINA CLORHIDRATO,EMPAGLIFOZINA Y METFORMINA
ALBENDAZOL,ALBENDAZOL RHYDBURG 
CLONIDINA HCL,PRECODINA 0.200
NITAZOXANIDA (MICRONIZADA), NITAZOXANIDA 
MENOTROPINA,HUMOG 150 
CARBOXIMETILCELULOSA SÓDICA,FRESHVISION
TARTRATO DE BRIMONIDINA Y MALEATO DE TIMOLOL,GLAUCOVIS-T
NILOTINIB,NILOVITAE
NILOTINIB,NILOVITAE
MIRTAZAPINA,MIRTAZAPINA - 30
PREDNISONA,PREDNISONA 5 MG PARABIEN
CALAMINA,MAGIA  DAS MAES 
FENITOÍNA,FENITOÍNA 
VER AL DORSO,METREX PLUS
METRONIDAZOL BASE + DIYODOHIDROXIQUINOLEINA,METREX PLUS
METRONIDAZOL (COMO BENZOATO DE METRONIDAZOL),METREX 250
METRONIDAZOL,METREX 500
ACETAMINOFÉN + IBUPROFEN,NATRAFEN PLUS  
LEVOFLOXACINA HEMIHIDRATO,KEVOL
DAPAGLIFLOZINA+ METFORMINA HCL,DAVIRAX-D 
DAPAGLIFLOZINA+ METFORMINA HCL,DAVIRAX-­D
DAPAGLIFLOZINA+ METFORMINA HCL,DAVIRAX-­D
DAPAGLIFLOZINA+ METFORMINA,DAVIRAX­-D
DIENOGEST + ETINILESTRADIOL,DIENOGEST 2 MG + ETINILESTRADIOL 0.03 MG
VER AL DORSO,FOMSINA 50/500 
VER AL DORSO,FOMSINA 50/850
VER AL DORSO,FOMSINA 50/1000
EMPAGLIFLOZINA + CLORHIDRATO DE METFORMINA,ENDEA 5/1000
EMPAGLIFLOZINA + CLORHIDRATO DE METFORMINA,ENDEA 10/1000
EMPAGLIFLOZINA + CLORHIDRATO DE METFORMINA,ENDEA 12.5/500
IMATINIB,AGACEL TUTEUR
IMATINIB,AGACEL TUTEUR
EMPAGLIFLOZINA,ENDEA 
EMPAGLIFLOZINA,ENDEA
EMPAGLIFLOZINA + CLORHIDRATO DE METFORMINA,ENDEA 10/500
EMPAGLIFLOZINA + CLORHIDRATO DE METFORMINA,ENDEA 10/850 
DAPAGLIFLOZINA+ METFORMINA HCL,DAVIRAX-D 
DAPAGLIFLOZINA+ METFORMINA HCL,DAVIRAX-­D
FOSFATO DE SITAGLIPTINA MONOHIDRATO,FOMSINA-50
FOSFATO DE SITAGLIPTINA MONOHIDRATO,FOMSINA-100
ETORICOXIB,TORIVAK 120
ETORICOXIB,TORIVAK 90
ERITROPOYETINA HUMANA RECOMBINANTE,EPOMAX
ACICLOVIR,ACICLOVIR 
VITAMINA E (COMO ACETATO DE DL-ALFA TOCOFERIL),VITAMINA E ALFA 400 UI 
VITAMINA E (COMO ACETATO DE DL-ALFA TOCOFERIL),VITAMINA E ALFA 1000 UI
VONOPRAZAN FUMARATO,SUPRAMON
ERITROPOYETINA HUMANA RECOMBINANTE,EPOMAX
ENOXAPARINA SODICA 40MG/ 0.4ML,ENOXAPARINA SODICA  40MG/ 0.4ML
ENOXAPARINA SODICA 60 MG/0.6 ML,ENOXAPARINA SODICA 60 MG/0.6 ML
ACIDO TRANEXANICO,ANTIFIBRIN 
ACIDO TRANEXÁMICO,BIOTRANEX 
MAGALDRATO+SIMETICONA,DIGERELIEF
DOCETAXEL,TAXEWELL
CEFIXIMA TRIHIDRATO USO EQUIVALENTE A CEFIXIMA ANHIDRA,CEFIXIMA
NITAZOXANIDA,NITAZOXANIDA 500
MULTICOMPOSICION,SOLUCION RINGER LACTATO 
ARIPIPRAZOL,ARIPMAC
NILOTINIB,TASICAP 200 MG 
PANTOPRAZOL, PANTOPRAZOL 20 MG MK
TADALAFIL,TADALAFIL 5 MG
TADALAFIL,TADALAFIL 20 MG
DUTASTERIDE,DUTASIN JOMAG 
PALBOCICLIB,VETRANO
PALBOCICLIB,VETRANO
FULVESTRANT,DIMERE
BENDAMUSTINA,BENZIMIR
SULFADIAZINA DE PLATA (ARGÉNTICA) + VITAMINA A + LIDOCAÍNA,DERMOPLATA-L
CANDESARTÁN CILEXETILO + AMLODIPINA,ACERTA-A
LINAGLIPTINA+EMPAGLIFLOZINA,GLIFOZAL PLUS 5/10
CEFIXIMA TRIHIDRATO EQUIVALENTE A CEFIXIMA,BIOMICS
MULTICOMPOSICION,MULTIVITAMINICO + HIERRO DISFARIQ
CLORURO DE SODIO,CLORURO DE SODIO 0.9% 
GLUCOSA ANHIDRA,DEXTROSA 5% 
MULTICOMPOSICIÓN,VAXIGRIP
PIPERACILINA + TAZOBACTAM,PIPERACILINA + TAZOBACTAM RHYDBURG
ÁCIDO ACETILSALICÍLICO,ÁCIDO ACETILSALICÍLICO
QUETIAPINA FUMARATO,QUETIAPINA ROSPAW 25 MG
QUETIAPINA FUMARATO,QUETIAPINA ROSPAW 100 MG
QUETIAPINA FUMARATO,QUETIAPINA ROSPAW 200 MG
ATORVASTATINA CÁLCICA + FENOFIBRATO,LIPIVAS PLUS 
VER AL DORSO,CRYOPENEM
VER AL DORSO,CORTAX 
VER AL DORSO,CEFTRIAXONA  SODICA  +  AGUA INYECTABLE 10ML 
VITAMINA D3,MAXIMUN® D3
CANDESARTAN + AMLODIPINO,KERALA A-32/5
MINOXIDIL,MINOXIDIL-5%
CAPTOPRIL BP,CAPTOPRIL 
SUCRALFATO,ULCEFAN
TOFACITINIB,MODISMUNE
OLMESARTAN MEDOXOMIL, OLMESARTAN MEDOXOMIL 40 MG MK
SERTRALINA,SERTRALINA 100 MG 
MULTICOMPOSICION,DEX-LITOS X ZERO AZÚCAR SABOR FRESA
LOSARTAN POTASICO,LOSARTAN 100 MG MK
PREDNISOLONA,KAMELOX
MULTICOMPOSICION,CORTAX NOCHE 
LINEZOLID,LINEZOLID RICHET
SUERO ANTIRRÁBICO - EQUINO,EQUIRAB BSV
ACETATO DE ABIRATERONA,ACETATO DE ABIRATERONA 250 MG GLENMARK 
HIDROCORTISONA BP, HIDROCORTISONA 1%
ENAVOGLIFLOZINA,ENVLO
VER AL DORSO,"DICLOFENACO DIETILAMINA ,.....(VER AL DORSO)"
DEXKETOPROFENO TROMETAMOL + PARACETAMOL,DEXFEN PLUS
SACUBITRIL / VALSARTÁN,SACUBITRIL / VALSARTÁN 49 MG / 51 MG
CLORHIDRATO DE PRASUGREL,PRASUGREL  10 MG
CLORHIDRATO DE ONDANSETRONA,NAUSEDRON  
CENTELLA ASIÁTICA,CIRUSTETIC
CLOZAPINA,CLOZAPINA ROSPAW 100 MG
BENDAMUSTINA,BENZIMIR
PARACETAMOL,PARADOL®  750
EMPAGLIFLOZINA,ANTIDIA 25
EMPAGLIFLOZINA / LINAGLIPTINA MICRONIZADA,EMPAGLIZ L 10/5
EMPAGLIFLOZINA / LINAGLIPTINA MICRONIZADA,EMPAGLIZ L 25/5
MALEATO DE CLORFENIRAMINA,CLORRELIEF KIDS 
LINAGLIPTINA / METFORMINA CLORHIDRATO, LINANEXT M 2.5/1000
LINAGLIPTINA / METFORMINA CLORHIDRATO,LINANEXT M 2.5/500
SACUBITRIL Y VALSARTÁN,VALSARBRIT SAC-50 
SACUBITRIL Y VALSARTÁN,VALSARBRIT SAC-100 
METFORMINA CLORHIDRATO + EMPAGLIFLOZINA,GLUTABRIT 850/12.5  
MELATONINA,MASON NATURAL MELATONIN 5 MG
SULFATO FERROSO,SULFATO FERROSO 
CLORHIDRATO DE TERBINAFINA,SILKA PARA EL PIE DE ATLETA
PACLITAXEL,APEXELSIN 
ACETAMINOFÉN,ACETAMINOFÉN 160 MG 
EMPAGLIFLOZINA / METFORMINA CLORHIDRATO,IZABAN DUO
VER AL DORSO,VITOFERRUM N 
ACETAMINOFÉN + DICLOFENAC POTÁSICO,NATRAFEN FLEX-50 
ÁCIDO TRANEXÁMICO, ÁCIDO  TRANEXÁMICO
LATANOPROST,PROST PF
CABOZANTINIB,CEBACTAM 40 MG
ABIRATERONA,KESTAVA
CITICOLINA,SOMAZINA
RIVAROXABÁN,RIVAROXABÁN MAMEY®  10 MG
CLONIDINA HCL,CLONIFAR® 0.2
MINOXIDIL,MINOXIDIL-2%
VER AL DORSO,DICLOFENAC POTÁSICO (VER AL DORSO)
RISDIPLAM,EVRYSDI 
EMPAGLIFLOZINA + METFORMINA CLORHIDRATO,EMLIF M
ACETAMINOFEN + NAPROXENO SODICO,DOLOXENO
LEVETIRACETAM,IBEROTIL XR 500
CARBINOXAMINA MALEATO + FENILEFRINA HCL,CARBINOXAMINA 2MG + FENILEFRINA  2.5MG IF
ROSUVASTATINA + EZETIMIBE,DISLIPID-EZ
DESVENLAFAXINA SUCCINATO MONOHIDRATO,DESVENPIN 50
DESVENLAFAXINA SUCCINATO MONOHIDRATO,DESVENPIN 100
PALBOCICLIB,VETRANO 
CLORURO DE SODIO,CLORURO DE SODIO 3% ALFA 
ESOMEPRAZOL,ESOMEPRAZOL RHYDBURG
VITAMINA D3 (COLECALCIFEROL),TRIAMIN®
CLONAZEPAM,CLOPAX® 
CLONAZEPAM,CLOPAX® 2
CLONAZEPAM,CLOPAX® 1
FOSFOMICINA CALCICA MONOHIDRATADA,FOSFOMICINA LAM® 750 MG
CLOZAPINA,CLOXIL® 25
CLOZAPINA,CLOXIL® 100
ACIDO FOLICO,ACIDO FOLICO 
MULTICOMPOSICION,MULTIFER IQI
VER AL DORSO,CURAPLEX FORTE
AMBROXOL HCL + CLENBUTEROL HCL,CLEMBUTEX 
NISTATINA + OXIDO DE ZINC,BOMEL 
CIPROFLOXACINA,CIPROFLOXACINA
ROSUVASTATINA CALCICA USP,ROSUVASTATINA 
RUCAPARIB CAMSILATO,RUCAPARIB 300
DEXKETOPROFENO TROMETAMOL + PARACETAMOL,DEXFEN PLUS
IBUPROFENO,IBUPROFENO
IBUPROFENO,IBUPROFENO
MEROPENEM,MEROPENEM
MEROPENEM,MEROPENEM RHYDBURG
INDAPAMIDA,INDAPAMIDA RHYDBURG
SITAGLIPTINA + METFORMINA,SUEDGLIPTIN M
BRIVARACETAM,BIQUITA 50
DENOSUMAB,STOBOCLO
PERMETRINA,NULFAR
BETAMETASONA + LORATADINA,BETAMETASONA 0.25MG + LORATADINA 5MG IF  
EVEROLIMUS,EVEROLIMUS
EVEROLIMUS,EVEROLIMUS
CLONAZEPAM,CLOPAX® OD 2
FOSFOMICINA CALCICA MONOHIDRATADA,FOSFOMICINA MAMEY® 750 MG
ARIPIPRAZOL,ARIPMAC
TELMISARTAN / BESILATO DE AMLODIPINA,RENANGIO AM
VITAMINA D3 (COLECALCIFEROL),TRIAMIN®
PROPILENGLICOL,SYSTANE COMPLETE
FUROSEMIDA,FUROSEMIDA
CLINDAMICINA + KETOCONAZOL,FEMISAN 3D
ÁCIDO TRANEXÁMICO,ÁCIDO TRANEXÁMICO SUED 500 MG
LENALIDOMIDA,LIMIDE 5 
ESPIRONOLACTONA,ESPIRONOLACTONA 25 MG IF
EMPAGLIFLOZINA,DIFOGLIX 10
CLONAZEPAM,CLONAXIL® 
CLONAZEPAM,CLONAXIL® 1
CLONAZEPAM,CLONAXIL® 2
VER AL DORSO,DAPAGLIFLOZINA Y METFORMINA CLORHIDRATO 
PREDNISONA,PREDNISONA 20 MG PARABIEN
GLIBENCLAMIDA,GLIBENCLAMIDA 5 MG PARABIEN
SUMATRIPTÁN + NAPROXENO SÓDICO,DOPIL FORTE
DIMENHIDRINATO,FIRESDAL
BENDAMUSTINA,BENDAWEL
PREGABALINA,PREAXON 75
VER AL DORSO,TRIMETOSE ANTIGRIPAL
BETAMETASONA + LORATADINA,BETAMETASONA 0.25MG + LORATADINA 5MG IF
BENCILPENICILINA BENZATÍNICA,BENCILPENICILINA
BENCILPENICILINA BENZATÍNICA,BENCILPENICILINA
BENCILPENICILINA BENZATÍNICA,BENCILPENICILINA
VER AL DORSO,BETAUNO PLUS 10/5/12.5
MIRTAZAPINA,TARPINA® 
LEVETIRACETAM,CONVULTIN 1000 XR
VER AL DORSO,ATORVASTIN EZ 20/10 
CELECOXIB,DOLECO® 400
CLONAZEPAM,CLONAXIL® OD 2
ESOMEPRAZOL SODICO,ESOMEPRAZOL 
VITAMINA E,FOREVERVITAL VITAMINA E
OXALATO DE ESCITALOPRAM,ELAPRAM
BISOPROLOL FUMARATO - HIDROCLOROTIAZIDA,CORANPROL® H 5/12.5 
CLORURO DE SODIO,CLORURO DE SODIO 0.9% 1000 ML
HIALURONATO SODICO,VISIOLUB Ⓡ
VER AL DORSO,ONTOL B
APALUTAMIDA,ERLAMIDA TUTEUR
DEXKETOPROFENO,ENANGESIC-XR
DEXKETOPROFENO,FLEXIGESIC-XR
AZELASTINA CLORHIDRATO / FLUTICASONA PROPIONATO,FOXILAS MEFASA FARMA 
DEXKETOPROFENO,DEXKETOPROFENO SUED
PALBOCICLIB,PALBOCICLIB 100MG
PALBOCICLIB,PALBOCICLIB 125MG
CLINDAMICINA FOSFATO + CLOTRIMAZOL,CRESAXINA  - DUO
CLINDAMICINA FOSFATO + KETOCONAZOL,CRESAXINA
EMPAGLIFLOZINA,ANTIDIA 10
PARACETAMOL BASE,ACETAFER
VER AL DORSO,VITALY IQI NATAL
VER AL DORSO,TOPSAN MUCOLITICO
VER AL DORSO,CURAFLU
ERTAPENEM,ERTAPENEM 1G 
"DROSPIRENONA, ESTETROL",DESTELLE
CITRATO DE SODIO FERROSO,FERROCYTE 
RISPERIDONA,RISPERIDONA 2 MG MK
CLORURO DE SÓDIO,CLORURO DE SÓDIO 0.9%  SOLUCIÓN NASAL SPRAY 
MULTICOMPOSICION,NEOMICINA + POLIMIXINA (VER AL DORSO)
OXACILINA SÓDICA MONOHIDRATO EQUIVALENTE A OXACILINA,OXACILINA ALFA
CEFEPIMA CLORHIDRATO EQUIVALENTE A CEFEPIMA,CEFEPIMA ALFA
CEFTRIAXONA SÓDICA EQUIVALENTE A CEFTRIAXONA,CEFTRIAXONA ALFA
CEFOTAXIMA SÓDICA EQUIVALENTE A CEFOTAXIMA,CEFOTAXIMA ALFA
VER AL DORSO,PIPERACILINA 4.0 G + TAZOBACTAM 0.5 G ALFA
PIRFENIDONA,PIRFENIDONA
PARACETAMOL,PARACETAMOL 
VER AL DORSO,NATUREPLEX HEMORROIDAL
OLANZAPINA,PLENPINA-7.5 
OLANZAPINA,PLENPINA-10 
AMBROXOL HCI,AMBROXOL LABOCONT
ACETAMINOFEN EN POLVO,MEGANOFEN
POLIDOCANOL,"AET 0,5%"
POLIDOCANOL,AET 1 %
POLIDOCANOL,AET 3 %
NIFEDIPINA,NIFEDIPINA 
NIFEDIPINA,NIFEDIPINA 
CLARITROMICINA IP,CLARITROMICINA
DICLOFENAC SODICO BP,DICLOFENAC SODICO
MEROPENEM,MEROPENEM
ROSUVASTATINA CALCICA,DISMIGRAS 10
ROSUVASTATINA CALCICA,DISMIGRAS 40
ROSUVASTATINA,DISMIGRAS  20
VER AL DORSO,ACIDO TRANEXAMICO -LAVITA
VER AL DORSO,LABETALOL-LAVITA
OLANZAPINA USP,OLANZAPINA 
GENTAMICINA SULFATO,GENTAMICINA
LENVATINIB,DILAVAS 10 MG 
HIERRO SACAROSA,HIERRO SACAROSA
NALOXONA CLORHIDRATO,NALXO
IBUPROFENO,IBUPROFENO 200 MG 
LABETALOL CLORHIDRATO,LOLABETAL 
LORATADINA,LORATADINA 
APIXABAN,BAGAXAN 2.5mg
VITAMINA A Y D3 + ÁCIDO ASCÓRBICO (VITAMINA C),ITA VIT-SOL
BENCILPENICILINA SÓDICA,BENCILPENICILINA
BENCILPENICILINA SÓDICA,BENCILPENICILINA
BISOPROLOL FUMARATO,BISOPRORBIS
BISOPROLOL FUMARATO,BISOPRORBIS
BISOPROLOL FUMARATO,BISOPRORBIS
IBUPROFENO,IBUPROFENO 600 MG 
IBUPROFENO,IBUPROFENO 800 MG 
VER AL DORSO,NUCLEX
VER AL DORSO,BLOSAR PLUS 100/10/25
VER AL DORSO,VALSCARD PLUS 320/10/25
SULFATO DE ALBUTEROL,SULFATO DE ALBUTEROL
BACLOFENO,BACLOXEN
LOSARTAN POTASICO,LOSARTAN POTASICO 
PEMBROLIZUMAB,PAZAMBRO
IRBESARTAN + AMLODIPINA,SARTACOR-A 300/10
ACIDO TRANEXAMICO,ACIDO TRANEXAMICO
ACETILCISTEINA,ASIBROX
IBUPROFEN,IBUPROFEN 800MG
HORMONA FOLÍCULO ESTIMULANTE HUMANA RECOMBINANTE,HORMONA FOLÍCULO ESTIMULANTE HUMANA RECOMBINANTE 
AMANTADINA HCL,AMANTIX 
VER AL DORSO,BECLOMETASONA DIPROPIONATO....(VER AL DORSO)
ESCITALOPRAM,ELAPRAM
VER AL DORSO,"PARACETAMOL , CLORHIDRATO DE FENILEFRINA (VER AL DORSO)"
OLANZAPINA,PLENPINA-20 
ISOTRETINOÍNA,ISOTRETINOÍNA 20 MG 
"LEVONORGESTREL, ETINILESTRADIOL, FUMARATO FERROSO.",NORFEM
AMINOÁCIDOS (10% P/V),CELEMIN INFANT
ARIPIPRAZOL,MERISITINE -20
LABETALOL CLORHIDRATO,DANALOL-200 
VALSARTAN,GUSALTAN
VER AL DORSO,GUSALTAN TRIPLE 160 /12.5 /10
VER AL DORSO,GUSALTAN TRIPLE 160 /25 /5
VER AL DORSO,GUSALTAN TRIPLE 160 /25 /10
VER AL DORSO,GUSALTAN TRIPLE 320 /12.5 /5
VALSARTAN + HIDROCLOROTIAZIDA + AMLODIPINA,GUSALTAN TRIPLE 320 /25/5
VER AL DORSO,OMEPRAZOL + AGUA  ESTERIL 
BETAMETASONA VALERATO,BETAMETASONA VALERATO CREMA 1.0 MG
VER AL DORSO,OTICERUM
METRONIDAZOL,MAREDAZOL
MOXIFLOXACINO CLORHIDRATO,FLOXSAFE 400
AZTREONAM BETA + AVIBACTAM SÓDICO,EMBLAVEO
TERBINAFINA HCI,NAFIN
ETORICOXIB,ETORICOXIB 90 MG MK
FLUNARIZINA,FLUNARIZINA 10 MG MK
VILDAGLIPTINA / METFORMINA CLORHIDRATO,VIDACTIF-M 50/500
IVABRADINA,IFALOC 5
IVABRADINA,IFALOC 7.5
NILOTINIB,TYKONIL 200
NILOTINIB,TYKONIL 150
MEROPENEM,MEROPENEM 
VER AL DORSO,RELAXSLIM
GLUCOSA ANHIDRA + CLORURO DE SODIO,GLUCOSA Y CLORURO DE SODIO
ERITROMICINA ESTOLATO USP EQUIV A ERITROMICINA,ERITROMICINA ESTOLATO 
NICARDIPINA CLORHIDRATO,SWICARDIPINE 
CLOZAPINA,ZACLOFINA 100
PACLITAXEL,TAXATU 
EMPAGLIFLOZINA + METFORMINA CLORHIDRATO,EMLIF M
EMPAGLIFLOZINA + METFORMINA CLORHIDRATO,EMLIF M
SIMETICONA,ANAFLAT® GOTAS
AZATIOPRINA,AZATIOPRINA
VER AL DORSO,ALCET-PLUS 
FLUTICASONA - UMECLIDINIO - VILANTEROL,TRELEGY ELLIPTA 100 MCG-62.5 MCG-25 MCG
LOSARTÁN POTÁSICO,OLSARTÁN
FLUTICASONA - UMECLIDINIO - VILANTEROL,TRELEGY ELLIPTA 200 MCG-62.5 MCG-25 MCG
VER AL DORSO,VITACD 2
"FOSFATO DE CLINDAMICINA BP , CLOTRIMAZOL BP",CLINDAMICINA FOSFATO Y  CLOTRIMAZOL 
ETORICOXIB,ARTOCIB 60
ETORICOXIB,ARTOCIB 90
ETORICOXIB,ARTOCIB 120
MEROPENEM USP,MEROPENEM
FUMARATO DE QUETIAPINA,ELAPINA
ETORICOXIB,COXMAC 
CANDESARTAN CILEXETILO,TENSOCAND
BISOPROLOL FUMARATO,BISOBET
EMPAGLIFLOZINA + LINAGLIPTINA,XINOPAR PLUS 25/5
RIBORAXABÁN,RESVAG
CLORANFENICOL,CLORANFENICOL 
PROPRANOLOL CLORHIDRATO,PROPRANOLOL CLORHIDRATO
PARACETAMOL,TEMDOL 
ÁCIDO BEMPEDÓICO,LAFAGE MEDRIX®
ACIDO ASCÓRBICO,VITGO-C
SACUBITRIL/ VALSARTÁN,SACUVITAE PLUS
SACUBITRIL/ VALSARTÁN,SACUVITAE PLUS
OXITOCINA,OXITOCINA
DEXAMETASONA,DEXAMETASONA 
HEPARINA SODICA,HEPAGEL®
VER AL DORSO,DOLOK – N JOMAG
CARBOXIMETILCELULOSA SODICA + GLICERINA,CRISTALTEARS  PLUS LC
NIFEDIPINO,NIFE-PAR® 5 MG/ML
CLORHIDRATO DE MEMANTINA,MEMALOR 20 
LENALIDOMIDA,LIMIDE 10
ESCITALOPRAM OXALATO,DELOPRAM
IVABRADINA,IVATAB 7.5
MIRTAZAPINA,MIPRITAR 30 
ÁCIDO BÓRICO,PROVAG
DEXTROMETORFANO BROMHIDRATO,GARGANTINAS R.F. 
VALSARTÁN,GUSALTAN
DAPAGLIFLOZINA PROPANODIOL (EQUIVALENTE A DAPAGLIFLOZINA),DAPAGLIP 5
DAPAGLIFLOZINA PROPANODIOL (EQUIVALENTE A DAPAGLIFLOZINA),DAPAGLIP 10
VER AL DORSO,MULTIVITAMINA &  MINERALES 
CLORURO DE SODIO,"CLORURO DE SODIO 0,9G/100ML"
VILDAGLIPTINA,VIDACTIF 50
VER AL DORSO,DOPERINA 500
IVABRADINA,IVATAB 5 
VILDAGLIPTINA / METFORMINA CLORHIDRATO,VIDACTIF­-M 50/850
LEVETIRACETAM,MELDIBAN® XR
SACUBITRILO + VALSARTÁN,VALSCARD-S 25
ACIDO ZOLEDRONICO,ZOLEDRO DENK
VER AL DORSO,DEXAMETASONA FOSFATO  SODICO
SUCRALFATO,SUCRALTIP
ATORVASTATINA CÁLCICA + EZETIMIBA,LIPIVAS EZ 
CLORHIDRATO DE MOXIFLOXACINA,MOXIFLOXACINA 
SALBUTAMOL (COMO SULFATO DE SALBUTAMOL),ZENSALBU 
CLORHIDRATO DE CLINDAMICINA USP,CLORHIDRATO DE CLINDAMICINA 
ÁCIDO FUSÍDICO BP,ÁCIDO FUSIDICO
VER AL DORSO,AZITROMICINA
LOSARTÁN POTÁSICO,OLSARTÁN 
SIMETICONA,SIMETICONA 40MG IF 
SIMETICONA,SIMETICONA 200 MG IF  
VER AL DORSO,CLORURO DE SODIO 0.2% + DEXTROSA 10% ALFA 
OXCARBAZEPINA,PINOXCAR 300
LENALIDOMIDA (FORMA-H1),LIMIDE 15
FUMARATO DE BISOPROLOL,BISOPROLOL 5 MG
LINAGLIPTINA,GLIFOZAL 5
METFORMINA HCL / GLIMEPIRIDA,MEGLIT 1000/4
COLECALCIFEROL (VITAMINA D3),TRIAMIN
AZITROMICINA (COMO DIHIDRATO),CLETSIN 200
CLORURO DE SODIO,CLORURO  DE SODIO 
SACUBITRIL/ VALSARTÁN,SACUVITAE PLUS
SITAGLIPTINA + METFORMINA,SUEDGLIPTIN M
MIRABEGRON,HIPERBEGRON
CANDESARTÁN CILEXETILO,TENSINEX 8MG
CARBETOXIN,CLORBAXID
CLOZAPINA,ZACLOFINA 25
EMPAGLIFLOZINA + METFORMINA CLORHIDRATO,EMLIF M
BISOPROLOL FUMARATO,BISOVITAE
SULFATO DE AMIKACINA,AMIKACINA
MALEATO DE TIMOLOL EQ. A TIMOLOL,VISOLENS
ESPIRONOLACTONA,ESPIROMIT 25
ACIDO SALICILICO,ACICOL 
CITICOLINA,SOMAZINA
ACETAMINOFÉN + IBUPROFENO,DUALMENS 
ATORVASTATINA CALCICA TRIHIDRATO,ATORVASTATINA 10
ATORVASTATINA CALCICA TRIHIDRATO,ATORVASTATINA 20
ATORVASTATINA CALCICA TRIHIDRATO,ATORVASTATINA 40
ATORVASTATINA CALCICA TRIHIDRATO,ATORVASTATINA 80
VER AL DORSO,ROCKLATAN
IVERMECTINA,IVERCT 
ABIRATERONA ACETATO,BDRON
CLORHIDRATO DE LABETALOL,DANADOL-100 
TICAGRELOR,CIRCULEST-90
SACUBITRIL / VALSARTÁN,SACUBITRIL / VALSARTÁN  24MG / 26MG
AZITROMICINA DIHIDRATO,BARRE-ITIS 
VALSARTAN + SACUBITRILO,ZERENTO SAC 50
VALSARTAN + SACUBITRILO,ZERENTO SAC 100
VALSARTAN + SACUBITRILO,ZERENTO SAC 200
DAPAGLIFLOZINA PROPADIONOL MONOHIDRATO,DAPAGLIFLOZINA 5MG IF 
VER AL DORSO,BETAUNO PLUS 5/5/12.5
VER AL DORSO,DAPIBUS
DAPAGLIFLOZINA,DAPAGLIFLOZINA 10MG IF
CLORHIDRATO DE CLONIDINA,CLONIDINA 0.200MG IF 
MULTICOMPOSICION,VITZENA 
DASATINIB,DAPIBUS 
EMPAGLIFLOZINA + METFORMINA HCL,XINOPAR M 12.5/850
NILOTINIB,NILOTINIB
USTEKINUMAB,UZTOK
CABOZANTINIB,CEBACTAM 20 MG 
CABOZANTINIB,CEBACTAM 60 MG 
RUCAPARIB CAMSILATO,RUCAPARIB 200
HIDROCORTISONA,NATUREPLEX HIDROCORTISONA
ENOXAPARINA SODICA,ENOXAPARINA SODICA 20 MG / 0.2 ML
ENOXAPARINA SODICA,ENOXAPARINA SODICA 40 MG/ 0.4ML 
ENOXAPARINA SODICA,ENOXAPARINA SODICA 60 MG
ENOXAPARINA SODICA,ENOXAPARINA SODICA 80 MG
RIVAROXABÁN,XAVAMAG 10
RIVAROXABÁN,XAVAMAG 15
LEVETIRACETAM,CONVULTIN 500 XR
VER AL DORSO,CARDIAS PLUS-32/5/25
VER AL DORSO,CARDIAS PLUS-32/10/25
VER AL DORSO,CARDIAS PLUS-16/5/12.5 
VER AL DORSO,CORTAX TÉ 
ALBENDAZOL,ALBENDAZOL 400 MG / 10 ML MK
CITICOLINA,CITICOLINA 1000 MG IF 
LEVOFLOXACINA HEMIHIDRATO,FLOXAKAN® 750
VER AL DORSO,BECLOMETASONA DIPROPIONATO (VER AL DORSO)
BISOPROLOL,BISOPROLOL 5MG
VER AL DORSO,"XINOPAR M 12,5/1000 "
ÁCIDO BEMPEDOICO,BENESTA 
OLANZAPINA,OLAPREXA
TERBINAFINA HCI,NAFIN
TADALAFIL,TESAR 20
CANDESARTÁN CILEXETILO,CARDIAS - 8
CANDESARTÁN CILEXETILO,CARDIAS - 16
CANDESARTÁN CILEXETILO,CARDIAS - 32
CANDESARTÁN CILEXETILO + HIDROCLOROTIAZIDA,CARDIAS H - 16/12.5
CANDESARTÁN CILEXETILO + HIDROCLOROTIAZIDA,CARDIAS H - 32/12.5  
CANDESARTÁN CILEXETILO + AMLODIPINA BESILATO,CARDIAS A - 16/5 
CANDESARTÁN CILEXETILO + AMLODIPINA BESILATO,CARDIAS A - 32/10 
LEVETIRACETAM,CONVULTIN 750 XR
IBRUTINIB,IBRUTINIB KEMEX
PRAMIPEXOLE DICLORHIDRATO MONOHIDRATO,PEXOLE 1.50 XR
TADALAFIL,TESAR 5
CLORHIDRATO DE TRAMADOL,CLORHIDRATO DE TRAMADOL
SOTATERCEPT,WINREVAIR®
SOTATERCEPT,WINREVAIR®
LIDOCAINA CLORHIDRATO,LIDOCAINA 
IBUPROFENO,DORIVAL® FORTE 
HIALORUNATO SODICO,HIALTEARS LP
IBUPROFENO,IBUPROFENO CALOX
VITAMINA A COMO PALMITATO / COLECALCIFEROL VITAMINA D3,VITAMINA A & VITAMINA D
EMPAGLIFLOZINA,DIFOGLIX 25
CLORURO DE DECUALINIO,CLORURO DE DECUALINIO
OSELTAMIVIR,BIONITAX® 
PALBOCICLIB,PALBOCICLIB KEMEX
PRAMIPEXOLE DICLORHIDRATO MONOHIDRATO,PEXOLE 0.75 XR
BISOPROLOL FUMARATO,KARAPAN - 2.5
CLINDAMICINA - KETOCONAZOL - TINIDAZOL,CLIOFAR® - T 
VER AL DORSO,DOLO B IF 
PARACETAMOL,PARACETAMOL 500 MG 
IBUPROFENO / PARACETAMOL,IBUPROFENO 200 MG PARACETAMOL 500 MG
CLINDAMICINA FOSFATO,CLINDAMICINA 
HIOSCINA BUTILBROMURO,HIOSCINA BUTILBROMURO
DEFLAZACORT,DEFLAZACORT 6 MG MK
CANDESARTAN CILEXETIL - AMLODIPINA - HIDROCLOROTIAZIDA,CALMEX - AH 16/5/12.5
CANDESARTÁN CILEXETILO,CANDESARTÁN CILEXETILO 32 MG
ROSUVASTATINA CÁLCICA,ROSUVASTATINA 20 MG
MACITENTÁN,MAXTRAN
DEXKETOPROFENO,FENIDAX
MELFALAN,MELFALAN
BICALUTAMIDA,BICALUTAMIDA
ÁCIDO BEMPEDÓICO/ EZETIMIBE,MEDRIX® DUO
CLONIDINA HCL,CLONIFAR® 0.1
CLORURO DE SODIO,ISG
MEROPENEM,MEROPENEM NORGREEN
EZETIMIBA / SIMVASTATINA,VYTORIN 
EZETIMIBA / SIMVASTATINA,VYTORIN 
CIPROFLOXACINA,CIPROFLOXACINA 750
BISOPROLOL FUMARATO,KARAPAN- 5 
SECNIDAZOL,SECNIDAZOL 
ÁCIDO FUSÍDICO BP,ÁCIDO FUSIDICO 
LEVETIRACETAM,LEVETIRACETAM XR 500MG IF
ÁCIDO TRANEXÁMICO BP,ÁCIDO TRANEXÁMICO 
CLORHIDRATO DE CETIRIZINA BP,CETIRIZINA 
FLAVOXATO HCL,FLAVOCOL
ADAPALENO,ALENOCOL
ADAPALENO + CLINDAMICINA FOSFATO,ALENOCOL-C
CIPROFLOXACINA,MAVIK
MISOPROSTOL,CY PROSTOL
IBUPROFENO / N-BUTILBROMURO DE HIOSCINA,SUPROFÉN FEM
MUPIROCINA CÁLCICA,MUPIROCOL
TOCILIZUMAB,AVTOZMA
TOCILIZUMAB,AVTOZMA
TOCILIZUMAB,AVTOZMA
CLORHIDRATO DE LABETALOL,CLORHIDRATO DE LABETALOL
CEFAZOLINA,CEFAZOLINA
COMPLEJO DE HIERRO SACARATO,POYETIL HS
COMPLEJO DE HIERRO (III) HIDROXIDO POLIMALTOSA,POYETIL
PARACETAMOL,PARACETAMOL
TADALAFIL,LAPOTENTE 20
ACETILCISTEÍNA BP,ACETILCISTEÍNA
CIPROFLOXACINA,CIPROFLOXACINA
CARBOXIMALTOSA FÉRRICA,GUFER
LABETALOL,LINAZETAL
PROGESTERONA,SONORA
VER AL DORSO,TRICLOBET - B
VER AL DORSO,EMULSION FORTY MALT NATURAL
VER AL DORSO,COOLRES 
APIXABÁN,ETIXABAN 
APIXABÁN,ETIXABAN 
PARACETAMOL,PARACETAMOL INFUSION 1 GM/100 ML
HIDROCORTISONA ACETATO,HIDROCORTISONA  ACETATO 
CLORHIDRATO BUPROPIÓN,BUTRIL® XL
CLORHIDRATO DE AMITRIPTILINA,AMITRIPTILINA 10MG IF
MINOXIDIL,MINOXIDIL 5% IF 
DUTASTERIDA,DUTASVITAE
AMITRIPTILINA CLORHIDRATO,TRIMILIN 25
VER AL DORSO,NOGLICEN - SIT 100/50
CLOPIDOGREL BISULFATO,CAHUN 
LOPERAMIDA CLORHIDRATO,LOPERAMIDA CLORHIDRATO 2 MG MK
TAMSULOSINA,TASLOSIN JOMAG
VER AL DORSO,TUSILEXIL NF 
VALSARTÁN + AMLODIPINO + HIDROCLOROTIAZIDA,VARTERAL HCT NF 160/5/12.5 MG 
ACETAMINOFÉN,TYDOL-FLASH
ACETAMINOFÉN,CONFIDOL
CITICOLINA SODICA,IBERCOLINA 1000
IRBESARTAN - AMLODIPINA BESILATO,IBERPRES® - A 150/5 
VER AL DORSO,CEFOPEM® 1G I.M / I.V
TICAGRELOR,CIRCULEST-60 
LEVETIRACETAM,LEVE BRAIN 500MG VIAL
OLANZAPINA,PLENPINA-15 
OLANZAPINA CLORHIDRATO DE FLUOXETINA,PLENPINA –DÚO 
OXIDRONATO SODICO,TECHNESCAN HDP
OXALIPLATINO,XYLOTIN 50MG
IBRUTINIB,IBRULEU
ELTROMBOPAG,ORNATE
LEFLUNOMIDA,LEFLUVITAE
PANTOPRAZOL SÓDICO EQUIVALENTE A PANTOPRAZOL,KD-PANZOL
CLINDAMICINA,CLINDAMICINA RHYDBURG
CLORANFENICOL,CLORANFENICOL 
BISOPROLOL,BRADIMED 5 MG
ALFAEPOETINA,ERITROMAX
DAPTOMICINA,DANUBE
COLECALCIFEROL,VITA VIGOR VITAMINA D3
COLECALCIFEROL,VITA VIGOR VITAMINA D3
LEVOSULPIRIDA,DISLEP 25
DOBUTAMINA,DOBUTAMINA
SERTRALINA,CONCERNE 50
SERTRALINA,CONCERNE 100
OLANZAPINA,POSTRAS 5 MG
OLANZAPINA,POSTRAS 10 MG
BISOPROLOL FUMARATO,BISOPROLOL FUMARATO 2.5 MG
LENVATINIB,DILAVAS 4 MG 
PANCREATINA PELLETS + SIMETICONA + LEVOSULPIRIDA,CYNETIC PRO
CLORURO DE SÓDIO,CLORURO DE SÓDIO  
DESVENLAFAXINA (COMO SUCCINATO MONOHIDRATO),D-SESAREN XR 100
AMBROXOL HCL + LORATADINA,BROCORAL-L
BISOPROLOL FUMARATO,BISOPROLOL FUMARATO 5 MG
MIRABEGRON (LE) + SUCCINATO DE SOLIFENACINA,ULTRAM PLUS
RUCAPARIB,VONESTREL 300 MG
ELTROMBOPAG,ORNATE
PARACETAMOL,PYRAFEN
TELMISARTAN,TELMISARTAN 
TELMISARTAN,TELMISARTAN
CENTELLA ASIÁTICA,CIRUSTETIC
ESPIRONOLACTONA,ESPIRONOLACTONA
HIDROCORTISONA+CIPROFLOXACINA HCL,CIPROAX
VER AL DORSO,AMOXICILINA &  CLAVULANATO DE POTASICO 
VER AL DORSO,AMOXICILINA & CLAVULANATO DE POTASICO
ONDANSETRÓN,MODIFICAL
PROPOFOL BP,PROPOFOL
VER AL DORSO,BRONCETIL PLUS
VER AL DORSO,CLOPIDIA 75
VER AL DORSO,ITA FERRUM 
VER AL DORSO,VASTUS CR
VILDAGLIPTINA Y METFORMINA CLORHIDRATO,VILDAGLIPTINA Y METFORMINA CLORHIDRATO
APIXABÁN,APIXABÁN 
CITICOLINA SODICA,CITICOLINA-LAVITA
CETRORELIX,CLIXOCEL
PANTOPRAZOL SODICO,AMPOZOL
CETIRIZINA CLORHIDRATO EQUIV A CETIRIZINA DIHICLORHIDRATO,CETIRIZINA 
HIDROBROMURO DE VORTIOXETINA,VORTISANT
DIFENHIDRAMINA HCI,DIFENHIDRAMINA LABOCONT
LINEZOLID,MAREZOLIDE
ISOTRETINOINA,DERCUTANE
RIVAROXABÁN,XARIBO 10 MG
ROSUVASTATINA + AMLODIPINA,ROVASCOL A 10 / 5
PROPOFOL,PROPOFOL
DESVENLAFAXINA (COMO SUCCINATO MONOHIDRATO),D-SESAREN XR 50 
BROMURO DE IPRATROPIO,BROMURO DE IPRATROPIO 
FUMARATO DE BISOPROLOL,BISOPROLOL  2.5 MG
AZALEICO ACIDO,ZELIDERM
MOXIFLOXACINA,MOXIFLOXACINA 400 MG MK
SULFATO DE NEOMICINA / RETINOL (PALMITATO DE VITAMINA A),VITACILINA
VER AL DORSO,METFOR SR 1000
VER AL DORSO,NUTRIME
PIRACETAM,SUTROPIL 1200
BETAMETASONA + LORATADINA,BETAMINA 
VER AL DORSO,DEXAFLU
TELMISARTAN / BESILATO DE AMLODIPINA,RENANGIO AM
TRAVOPROST,XETIVA
NITROFURAZONA,TERPROPIL
PARACETAMOL,PARACETAMOL  1000 MG / 100 ML 
APIXABÁN,DEVESIS 2.5 MG
APIXABÁN,DEVESIS 5 MG
ROSUVASTATINA+ ACIDO FENOFIBRICO,LUSTATIN F 10/135
CLORURO DE SUXAMETONIO,CLORURO DE SUXAMETONIO 
OLMESARTAN MEDOXOMILO,OLMECOR®  40 
ONDASETRON,ONDASETRON
PREGABALINA,DOXMEN  25 MG
PREGABALINA,DOXMEN 75 MG
ÁCIDO BEMPEDOICO/ EZETIMIBE,REDUCOL® EZ 180/10
PREGABALINA,DOXMEN 150 MG
PREGABALINA,DOXMEN 300 MG
ÁCIDO BEMPEDOICO,REDUCOL® 180
FOSFOMICINA CALCICA MONOHIDRATADA,FOSFOLAM® 750
METFORMINA CLORHIDRATO,METFORMINA 850 MG
"DIMETICONA , ACETATO DE VITAMINA E",DIMETICONA + ACETATO DE VITAMINA E 
RAMIPRIL,RAMIPRIL
ROSUVASTATINA,ETISTATIN
ROSUVASTATINA,ETISTATIN
VER AL DORSO,AMINOTER® FERRUM
VER AL DORSO,ELONGAL®
MELFALÁN BP,MELFALÁN
ETODOLACO,ETODOLACO 
ROSUVASTATINA CÁLCICA + EZETIMIBE,ROSUVASTATINA  40MG + EZETIMIBE 10MG IF
BROMURO DE IPRATROPIO,BROMURO DE IPRATROPIO
VER AL DORSO,GYNOFLOR®
CETIRIZINA CLORHIDRATO,CETIRIZINA
APIXABÁN,APIXABÁN
APIXABÁN,APIXABÁN
OLMESARTAN MEDOXOMILO/ HIDROCLOROTIZIDA,OLMECOR® D 20/12.5
CLINDAMICINA,CLINDABIOTIC® 300
OLMESARTAN MEDOXOMILO / HIDROCLOROTIZIDA,OLMESARTAN + HIDOCLOROTIAZIDA LAM® 20/12.5
PANTOPRAZOL,PANTOPRAZOL
FLUTICASONA PROPIONATO / AZELASTINA CLORHIDRATO,FLUTISONA SUED AZ
ROSUVASTATINA,ETISTATIN
ROSUVASTATINA + EZETIMIBE,ETISTATIN-EZ
BISOPROLOL FUMARATO,ETABLOX 5
BISOPROLOL FUMARATO/HIDROCLOROTIAZIDA,ETABLOX H 10/6.25
VER AL DORSO,METAMIZOL 
OMEPRAZOL SODICO ESTERIL EQUIVALENTE A OMEPRAZOL,OMEPRAZOL 40 MG
CLORHIDRATO DE TRAZODONA,SOGNARE
ACETAMINOFEN,ACETAMINOFEN 
VER AL DORSO,ITA VIT-FLUOR 
ATORVASTATINA CALCICA EQUIVALENTE A ATORVASTATINA,ATORVASTATINA   CALCICA  
N-ACETILCISTEINA,N-ACETILCISTEINA 200MG/ML VIJOSA 
AMFOTERICINA B LIPOSOMAL,AMFOTERICINA B LIPOSOMAL 50 MG VIAL 
ATORVASTATINA CÁLCICA,LIPIVAS 40 
ROSUVASTATINA + AMLODIPINA,ROVASCOL A 20/10
ACETAMINOFEN - CAFEINA,AVAMIGRAN ULTRA
AZITROMICINA DIHIDRATO,AZITROMICINA 
TRIHIDRATO DE CLORHIDRATO DE VARDENAFIL,VARDENAFIL
CLORHIDRATO DE CLINDAMICINA,CLINDAMICINA
SUCCINATO SÓDICO DE HIDROCORTISONA,SWICOTISONE
METFORMINA CLORHIDRATO,METFORVITAE XR
SUCCINATO SÓDICO DE HIDROCORTISONA,SWICOTISONE
METFORMINA CLORHIDRATO,METFORVITAE XR
EMPAGLIFOZINA,EFFLUSSO
EMPAGLIFOZINA,EFFLUSSO
DAPAGLIFLOZINA,DAPAGLIFLOZINA
VER AL DORSO,VIO NATAL GESTA HIERRO-C
CLORHIDRATO DE BROMHEXINA,BROMHEXINA
OXCARBAZEPINA,PINOXCAR 600
FAMOTIDINA,FAMROT 40
VONOPRAZAN,NOVANTA 
VONOPRAZAN,NOVANTA 
DICLOFENAC POTASICO,DICLOFENAC
DICLOFENAC POTASICO,DICLOFENAC 
DIFENHIDRAMINA CLORHIDRATO,DIFENHIDRAMINA 
HIDROBROMURO DE VORTIOXETINA,VORTISANT
HIDROBROMURO DE VORTIOXETINA,VORTISANT 
PROPOFOL,PROPOFOL BP 10MG/ML (1.0% P/V) 
METAMIZOL SODICO,METAMIZOL  SODICO 
SIMETICONA, BURMICIN LIQUID GEL
CLINDAMICINA,CLINDAMICINA LAM® 300 MG
CLINDAMICINA,CLINDAMICINA MAMEY® 300 MG
METILDOPA,LADOPA ® 250
ALFAEPOETINA,ERITROMAX
LOXOPROFENO,REACTIX
ROSUVASTATINA CÁLCICA,ROSUVASTATINA 40 MG 
DAPAGLIFLOZINA PROPANEDIOL,DAGLICOL 5
DAPAGLIFLOZINA PROPANEDIOL,DAGLICOL 10
VER AL DORSO,ITA VIT 
TELMISARTAN / BESILATO DE AMLODIPINA,RENANGIO AM
TELMISARTAN / BESILATO DE AMLODIPINA,RENANGIO AM
CAPECITABINA,CAPECITABINA
AMLODIPINO,CALDIMED 5 MG
BILASTINA,BILARELIEF
FUROSEMIDA,FUROSEMIDA
KETOROLACO TROMETAMINA,KETOROLACO 
ETORICOXIB,ELECOX - 90 
ETORICOXIB,ELECOX -120
VER AL DORSO,POST NATAL LACTA HIERRO-C
METRONIDAZOL,METRONIDAZOL 
METILPREDNISOLONA,METILPREDNISOLONA  80 MG 
CLORHIDRATO DE VANCOMICINA,VANCOMICINA
PREGABALINA + METILCOBALAMINA,FIBROMETIL 
DESKETOPROFENO,DESKETOPROFENO 25 MG 
PARACETAMOL,MARETAMOL
LEVOSULPIRIDE,AINAX
SEMAGLUTIDA,RYBEGLIX
OSELTAMIVIR FOSFATO,OSELTAM
ACETILCISTEÍNA,CAPLINBRONTIX
ACETILCISTEÍNA,CAPLINBRONTIX
BICALUTAMIDA,BICALUTAMIDA
TRIMETOPRIMA + SULFAMETOXAZOL,TRIMETOPRIMA 160 MG + SULFAMETOXAZOL 800MG
FLUCONAZOL,FLUCONAZOL
VER AL DORSO,METRONIDAZOL LABOCONT
AMPICILINA,AMPICILINA FELTREX
VER AL DORSO,AMIDINA
SITAGLIPTINA FOSFATO,SITAGLIPIN 
TADALAFIL,DURON -20
CEFUROXIMA,ZINNAT 
LEVODOPA + CARBIDOPA MONOHIDRATO,DOPANOL® 125/12.5
MULTICOMPOSICION,METONE
CLORHIDRATO DE DAPOXETINA,DAPOXETINA 60 MG 
LINAGLIPTINA,MEDARIL
CEFUROXIMA,ZINNAT
CEFUROXIMA,ZINNAT
CLOPIDOGREL BISULFATO,CLOPIRED 75
SEMAGLUTIDA,RYBEGLIX
LORATADINA 5 MG + DEXAMETASONA 1 MG,ANDI-LER
FOSFOMICINA TROMETAMOL,GAYTAN 
IRBESARTÁN + HIDROCLOROTIAZIDA,TENSIBER HCT 300 MG + 25 MG 
VER AL DORSO,NOGLICEN - SIT 1000/100
LURASIDONA CLORHIDRATO,LURAZIC
LURASIDONA CLORHIDRATO,LURAZIC
BISOPROLOL FUMARATO,ETABLOX 10
CLORHIDRATO DE ARTICAÍNA Y BÍTARTRATO DE ADRENALINA,ORABLOC 
CLORHIDRATO DE ARTICAÍNA Y BÍTARTRATO DE ADRENALINA,ORABLOC
ACIDO TRANEXÁMICO,TXA
OMEPRAZOL,OMEPRAZOL
IBUPROFENO,IBUPROFENO 400 MG 
PANTOPRAZOL SODICO /CLORURO DE SODIO,PANTOPRAZOL + CLORURO DE SODIO
CARMELOSA SODICA,CARMELLOSE SODIUM / CARMELOSA SODICA
PIPERACILINA Y TAZOBACTAM,PIPERACILINA Y TAZOBACTAM 
OLMESARTAN MEDOXOMILO / HIDROCLOROTIZIDA,OLMESARTAN + HIDOCLOROTIAZIDA MAMEY® 20/12.5
SITAGLIPTINA FOSFATO MONOHIDRATADA + METFORMINA HCL,SIGDINA®   MET 50/1000
AMIODARONA CLORHIDRATO,EURYTHMIC
SITAGLIPTINA,SIACRET 50
SITAGLIPTINA,SIACRET 100
ACETAMINOFÉN+DEXKETOPROFENO TROMETAMOL,DENCODEX-DUO 325/25
DEXKETOPROFENO TROMETAMOL,DENCODEX 25
BETAMETASONA + CLOTRIMAZOL + GENTAMICINA,CLOBEGEN
BILASTINA,BILASTINA 
AZITROMICINA DIHIDRATO,ZITRORED
OLMESARTAN MEDOXOMILO - AMLODIPINA,OLFAR® - A 40/5
LURASIDONA CLORHIDRATO,LURAZIC
LURASIDONA CLORHIDRATO,LURAZIC
OLANZAPINA USP,OLANZAPINA 
NORADRENALINA,NEVRON
VER AL DORSO,SITALEX®  MET 50/1000
VER AL DORSO,SITAGLIPTINA + METFORMINA MAMEY® 50/1000
VER AL DORSO,OLMERYL® D 20/12.5
KETOROLACO TROMETAMINA,MARELAC
KETOROLACO TROMETAMINA,MARELAC 
DEXKETOPROFENO,DEXKETOPROFENO
SERPLULIMAB,OLIZU®
VER AL DORSO,DOLO BEDOYECTA
CITICOLINA SODICA,CITICOLINA 1000 MG IF 
BRIVARACETAM,BIQUITA 25
BRIVARACETAM,BIQUITA 100
SUCCINATO DE SODIO DE METILPREDNISOLONA,SWIPREDNI
METILDOPA,METILDOPA LAM ® 250 MG 
METILDOPA,METILDOPA MAMEY® 250 MG 
OLMESARTAN MEDOXOMILO,OLMERYL®  40 
VER AL DORSO,SITAGLIPTINA + METFORMINA LAM ®  50/1000 
METILFENIDATO HCL,METILFENIDATO LAM ® 54 XR
OLMESARTAN MEDOXOMILO,OLMESARTAN LAM ® 40 MG
INSULINA GLARGINA DE ORIGEN ADN-R,UNIGLAR 
VER AL DORSO,SERTRALIVE 25
OLANZAPINA,MARPINA
CLORURO DE SODIO I.P,CLORURO DE SODIO 
PREGABALINA + METILCOBALAMINA,PREAXON-M 
AZITROMICINA,AZICURE-1000
VANCOMICINA HCL,VANCOMICINA 
ACIDO ASCORBICO (VITAMINA C),VITAMINA C
GLUCOSA & CLORURO DE SODIO,GLUCOSA  &  CLORURO DE SODIO 
DEXKETOPROFENO,ANTIDOL
LEVOSALBUTAMOL + AMBROXOL + GUAIFENESINA,ASCORIL LS 
CLOPIDOGREL,PLAMED 75 MG
VALSARTAN,BRAMED 320 MG
"EMPAGLIFLOZINA, LINAGLIPTINA",GLIDAME PLUS 10/5
"EMPAGLIFLOZINA, LINAGLIPTINA",GLIDAME PLUS 25/ 5 
IBUPROFENO + TIOCOLCHICÓSIDO,DOLO RELAFLEX T
ACETATO DE METILPREDNISOLONA,METILPREDNISOLONA
IRBESARTAN,TENSIBER 300 MG
IRBESARTAN,TENSIBER 150 MG
CANDESARTAN + HIDROCLOROTIAZIDA,CANDERCAM H
VALERATO DE BETAMETASONA BP,VALERATO DE BETAMETASONA 
VALERATO DE BETAMETASONA BP,VALERATO DE BETAMETASONA
ÁCIDO TRANEXÁMICO,TRANEXAL
CIPROHEPTADINA CLORHIDRATO,PERIACTIN®
METILPREDNISOLONA SUCCINATO SÓDICO,METILPREDNISOLONA SUCCINATO SÓDICO
CETIRIZINA HCL - PSEUDOEFEDRINA HCL,ALERG - ANT D
METILDOPA,TRADOPA® 250
SITAGLIPTINA FOSFATO MONOHIDRATADA + METFORMINA HCL,SITAGLUCOL®  MET 50/1000
NAPROXENO + ESOMEPRAZOL,DOLOPENTOL
CANDESARTÁN CILEXETILO + AMLODIPINA BESILATO,CARDIAS A - 32/5  
METILSULFATO DE NEOSTIGMINA,NEOSTIGMINA
TETRACICLINA CLORHIDRATO,TETRACICLINA  CLORHIDRATO 
TAPENTADOL CLORHIDRATO,TAPENTALGIN
OLMESARTAN MEDOXOMIL,OLMESARTAN MEDOXOMIL 20 MG MK
ACETATO DE DESMOPRESINA,DESMOPRESINA
DICLORHIDRATO DE BETAHISTINA,SELINA 16 
DICLORHIDRATO DE BETAHISTINA,SELINA 24 
PALONOSETRON CLORHIDRATO,PALTAZO 
AZITROMICINA DIHIDRATO,AZITROMICINA 500 MG MK
CANDESARTÁN CILEXETILO,PRESCAND 16 
CANDESARTÁN CILEXETILO,PRESCAND 32 
ROSUVASTATINA CÁLCICA,VASLIP 20 
CANDESARTÁN CILEXETILO + HIDROCLOROTIAZIDA,CANDESARTÁN CILEXETILO 16 MG + ...(VER AL DORSO)
PIRACETAM,PIRAMAR 800
HIDROCLOROTIAZIDA,HIDROCLOROTIAZIDA
SERTRALINA HCL,RANLOSERT 50 MG
OLANZAPINA,ONEIRO 10 MG 
FUMARATO DE QUETIAPINA,IREMIA 25 MG
ESCITALOPRAM OXALATO,RANLOPRAM 10 MG
PREGABALINA,FARIBALINA 75
ACICLOVIR,ACICLOVIR 
NITRATO DE MICONAZOL,MICONAZOL
ENALAPRIL MALEATO,ENALAPRIL ECONOFARMA 10 MG
OXALATO DE ESCITALOPRAM (EQUIVALENTE A ESCITALOPRAM),ESCITALOPRAM ECONOFARMA 10 MG
LISINOPRIL DIHIDRATADO EQUIVALENTE A LISINOPRIL BASE,LISINOPRIL ECONOFARMA 10 MG
VER AL DORSO,VITAMINA  COMPLEJO  B 
SULFATO DE GENTAMICINA BP,GENTAMICINA
ACIDO TRANEXAMICO,ACIDO TRANEXAMICO
DIOSMINA + HESPERIDINA,DIOSMINA + HESPERIDINA 450 MG + 50 MG MK
ASPARAGINASA,SPECTRILA
BUPIVACAINA,BUPITROY 0.5%
BISOPROLOL FUMARATO,PRESBLOQ 5
BISOPROLOL FUMARATO,PRESBLOQ 10
TERIFLUNOMIDA,TERIFLUNOMIDA 14 MG SANDOZ
ESOMEPRAZOL SODICO,ESOMEPRAZOL SODICO 40 MG
CAPTOPRIL,CAPTOPRIL 25 MG
CAPTOPRIL,CAPTOPRIL 50 MG
CLORHIDRATO DE ONDANSETRÓN,ONDANSETRÓN
VER AL DORSO,VITAMINA COMPLEJO B
SUCCINATO DE SODIO DE METILPREDNISOLONA,SWIPREDNI  
SUCCINATO DE SODIO DE METILPREDNISOLONA,SWIPREDNI  
TOBRAMICINA + DEXAMETASONA,TOBRAMENS PLUS
EMPAGLIFLOZINA + LINAGLIPTINA,IZABAN DPP
EMPAGLIFLOZINA + LINAGLIPTINA,IZABAN DPP
CANDESARTAN CILEXETILO,CANDESARTAN ECONOFARMA 32 MG
VER AL DORSO,PANTOPRAZOL ECONOFARMA  40 MG
DICLOFENACO SÓDICO,DICLOFENACO SÓDICO
OXIDO DE ZINC,HEMORRODIL®
IRBESARTÁN / HIDROCLOROTIAZIDA,COAPROVEL
CLOPIDOGREL BISULFATO,CLOPIDOGREL 75 MG
CLORURO DE POTASIO,CORPOTASIN LP
PANTOPRAZOL SÓDICO (LIOFILIZADO),SWIPRAZOLE 
SULFATO DE SALBUTAMOL EQ. A SALBUTAMOL,SALBUTAMOL 
VITAMINA D3,FOREVERVITAL VITAMINA D3
AZITROMICINA,AZITROMICINA 
ACETATO DE ABIRATERONA,ACETATO DE ABIRATERONA
ACETILCISTEÍNA,ACEMUK 200
ACETILCISTEÍNA,ACEMUK 600
VER AL DORSO,DEXTROMETORFANO CLASC SAMED
ACETAMINOFÉN + DIFENHIDRAMINA CITRATO,DOLAREN EXTRAFUERTE PM
ALFACALCIDOL, ALFACALCIDOL
VITAMINA E,VTAMINA  E
VER AL DORSO,DENCLAV 1000
VER AL DORSO,DENCLAV 625
RAMIPRIL,RAMIPRIL ECONOFARMA 10 MG 
OLMESARTAN MEDOXOMILO,OLMESARTAN MAMEY®  40 MG 
GLIMEPIRIDA,GLIMEPIRIDA ECONOFARMA 2 MG 
VER AL DORSO,CEFIXIMA
VITAMINA C (ACIDO ASCÓRBICO),CETAB
SEMAGLUTIDA,SEMAGLUTIDA ALFA 1.34 MG / ML
SEMAGLUTIDA,SEMAGLUTIDA ALFA 1.34 MG / ML
VER AL DORSO,STAMICIS
OLMESARTAN MEDOXOMILO - AMLODIPINA,OLFAR® - A 20/5
ACETAMINOFEN,ACETAMINOFEN ECONOFARMA 500 MG 
OLANZAPINA,MARPINA
PROPOFOL,ALCLAB GABOFOL 
LINEZOLID,BACTIFULL ®
HIDROCLOROTIAZIDA,HIDROCLOROTIAZIDA ECONOFARMA 50 MG 
SEMAGLUTIDA,STARELLE - 1 
SEMAGLUTIDA,STARELLE - 1.7
SEMAGLUTIDA,STARELLE - 2.4
COLCHICINA,COLCHICINA ECONOFARMA 1MG 
GLOFITAMAB,COLUMVI 
GLOFITAMAB,COLUMVI 
VONOPRAZAN FUMARATO,NOPRAZAN® 20
VONOPRAZAN FUMARATO,NOPRAZAN® 10 
TADALAFILO,FILTAL 
CLORHIDRATO DE CIPROFLOXACINA BP / DEXAMETASONA BP,COLCIP-D
